y,pd_danet
0,0.001718695624731481
0,0.2138815075159073
0,0.10565751045942307
1,0.3593440055847168
0,0.20526884496212006
0,0.21259437501430511
0,0.09771527349948883
1,0.9982805252075195
0,0.11576523631811142
0,0.2843092978000641
0,0.002091401955112815
0,0.2514581084251404
0,0.02029602788388729
1,0.198335662484169
1,0.17763568460941315
1,0.1594921201467514
0,0.02895737811923027
0,0.039792947471141815
1,0.3679269254207611
0,0.2161155641078949
0,0.0001113118341891095
0,0.14009134471416473
1,0.9986565113067627
0,0.21525226533412933
0,0.0041535706259310246
0,0.13167236745357513
1,0.3090672791004181
0,0.051223594695329666
0,0.19670481979846954
0,0.30119553208351135
1,0.9920788407325745
0,0.03109905682504177
0,0.006354041397571564
0,0.010275156237185001
0,0.1768111288547516
1,0.22029048204421997
0,0.06775858998298645
0,0.005363075062632561
0,0.24278229475021362
1,0.1365199089050293
0,0.041776467114686966
0,0.14811372756958008
0,1.3204979040892795e-05
0,0.06816331297159195
0,0.20040839910507202
0,0.34382957220077515
0,0.18883368372917175
0,1.7310039766016416e-05
0,0.22893168032169342
0,0.029957406222820282
0,0.3127017319202423
0,0.043833114206790924
0,0.01621273159980774
0,0.2732194662094116
1,0.22874757647514343
0,0.17137877643108368
0,0.25443318486213684
0,0.10806185752153397
0,0.0009913292014971375
0,0.17759208381175995
0,0.0002742346841841936
0,0.12713639438152313
0,0.04862981662154198
0,0.016628539189696312
0,0.12515635788440704
0,0.13973389565944672
0,0.156882181763649
0,0.25400128960609436
0,0.00013216819206718355
0,0.01235035341233015
0,0.01174005214124918
0,0.24198439717292786
1,0.9892504215240479
1,0.8220082521438599
1,0.9997701048851013
0,0.04984943941235542
0,0.006819024682044983
0,0.2264024317264557
0,0.1675477921962738
0,0.15989765524864197
1,0.12420279532670975
0,1e-06
0,0.01934216357767582
0,0.26688551902770996
1,0.2711053788661957
0,0.013246073387563229
0,0.014704786241054535
0,0.17063076794147491
0,1e-06
0,0.18955665826797485
0,0.012817750684916973
0,0.019453927874565125
0,0.21204259991645813
0,0.2156669795513153
0,0.06958010047674179
0,0.15302954614162445
1,0.3564411401748657
0,0.15246108174324036
0,0.02017643302679062
0,0.3725220859050751
0,0.17286847531795502
1,0.4095074236392975
0,0.2582685649394989
1,0.9943517446517944
0,0.07181774079799652
1,0.4293496310710907
0,0.21817728877067566
0,0.007670681923627853
0,0.0010998427169397473
0,0.210428386926651
0,0.2541691064834595
0,0.11536553502082825
0,0.35432568192481995
0,0.16507788002490997
0,0.13661451637744904
0,0.0760829821228981
0,0.20933037996292114
0,0.18863315880298615
1,0.999225378036499
0,0.19094997644424438
0,0.010889619588851929
1,0.9994935989379883
0,0.2779732346534729
0,0.0876508355140686
0,0.34727948904037476
0,0.1058417335152626
0,0.02241338975727558
0,9.814826626097783e-06
1,0.16337832808494568
0,0.09510011225938797
0,0.13569359481334686
0,0.02452738955616951
0,0.09737396240234375
0,0.1946520358324051
1,0.3138399124145508
0,0.038770634680986404
0,0.07456764578819275
0,0.041823431849479675
0,0.3135024905204773
0,0.0046315426006913185
0,0.14995484054088593
0,0.016846012324094772
0,0.1997935175895691
0,0.0010308395139873028
0,0.00048508530016988516
1,0.9996495246887207
0,0.11345651000738144
0,0.09911742806434631
0,0.2785358726978302
0,0.1283189356327057
0,0.18081539869308472
0,0.002807741053402424
0,0.26052793860435486
1,0.3623030483722687
0,0.03493841737508774
0,0.3230730891227722
0,0.0418701209127903
1,0.4166834056377411
0,0.2168039232492447
1,0.9998694658279419
0,0.2421949803829193
0,0.24693885445594788
1,0.9998364448547363
0,0.2287619411945343
0,0.1547023355960846
0,0.16115622222423553
0,0.0802057534456253
0,0.023865466937422752
0,0.1327352225780487
0,0.011353404261171818
1,0.9985364675521851
0,5.438943117042072e-05
0,0.20582439005374908
0,0.27067992091178894
1,0.19524738192558289
0,0.21428191661834717
1,0.3452352285385132
0,0.017414093017578125
0,0.27413859963417053
0,0.18003123998641968
0,0.13925357162952423
0,0.1529170721769333
0,0.19804160296916962
0,0.005291920620948076
0,0.16599279642105103
0,0.18028201162815094
0,0.31605371832847595
0,0.3052838444709778
0,1e-06
0,0.0008067121962085366
0,0.0003636687761172652
0,0.04761940985918045
0,0.05133875086903572
0,0.000514178245794028
0,1e-06
0,0.00030082708690315485
0,0.28279754519462585
0,0.3342048227787018
0,0.001813938724808395
0,0.29561352729797363
0,0.03580640256404877
1,0.2302350103855133
0,0.0004839056055061519
0,0.0004023358633276075
0,0.02720666490495205
0,0.16184203326702118
0,2.5030290089489426e-06
0,0.00013300743012223393
0,0.005239542108029127
0,1.3348127140488941e-05
0,0.30780187249183655
1,0.99946528673172
1,0.3989006578922272
1,0.3251670300960541
0,0.14701801538467407
0,0.19036418199539185
0,0.206936776638031
1,0.9995428323745728
0,0.06118191406130791
1,0.9989783763885498
0,0.17646242678165436
0,0.18024975061416626
0,0.0428127758204937
0,0.0017046486027538776
0,0.12066204100847244
0,6.941809715499403e-06
1,0.19152484834194183
0,0.005110590718686581
0,0.07632371038198471
0,0.0006764891440980136
0,0.18552559614181519
0,0.28831860423088074
0,0.18514703214168549
0,1.6374551705666818e-05
0,0.14758120477199554
0,0.2124934047460556
0,0.2660035490989685
0,0.11516115814447403
1,0.14710642397403717
0,0.01626172475516796
0,0.11708982288837433
0,0.1411912888288498
0,0.12702569365501404
0,0.18169070780277252
0,0.03953726962208748
0,0.23267173767089844
0,0.019170796498656273
0,0.2614181637763977
0,0.0016668408643454313
0,0.45183759927749634
0,0.013981902040541172
1,0.21725356578826904
0,0.18390971422195435
1,0.9932385683059692
0,0.23452019691467285
0,0.1357237696647644
1,0.23947764933109283
0,0.08709291368722916
0,0.2589443027973175
0,0.03117181546986103
0,0.05338327959179878
1,0.9997162222862244
0,1e-06
0,0.17417161166667938
0,0.003382693277671933
0,0.2090979814529419
0,0.2808440923690796
0,0.2699356973171234
0,0.21122917532920837
0,0.32874512672424316
0,0.31657180190086365
0,0.010624474845826626
0,0.03280864655971527
1,0.1723002791404724
1,0.9988338351249695
0,0.0018148956587538123
1,0.9868042469024658
1,0.2896946370601654
1,0.26977843046188354
0,0.4120880961418152
0,1e-06
0,0.3120560348033905
1,0.7683375477790833
0,0.2368079423904419
0,0.008567232638597488
0,0.2902677655220032
0,0.2988569736480713
0,1e-06
0,0.2769869267940521
0,0.16567352414131165
0,0.02908032201230526
0,0.18476895987987518
0,0.0009843891020864248
0,0.16710172593593597
1,0.17622436583042145
0,0.799085795879364
0,0.02373405545949936
0,0.18557822704315186
1,0.9981923699378967
1,0.9986134767532349
0,0.19284966588020325
0,0.23470374941825867
1,0.2540079355239868
0,0.32663100957870483
0,0.11329468339681625
1,0.2109866738319397
0,0.1344292163848877
0,0.23305179178714752
0,0.12042440474033356
0,0.17953063547611237
1,0.9996721744537354
0,0.19931741058826447
0,0.0005784676759503782
1,0.07577556371688843
1,0.8630567789077759
0,0.0022202981635928154
1,0.5606124401092529
0,2.296144339197781e-05
0,0.00012083085312042385
1,0.9968963861465454
0,0.09868556261062622
1,0.3282281160354614
1,0.9945870637893677
0,0.3692884147167206
0,0.2906975746154785
0,0.005716852378100157
0,0.11358614265918732
0,0.11491154879331589
1,0.9988892674446106
0,0.22913677990436554
0,0.14182059466838837
1,0.06054658442735672
0,0.2635361850261688
0,0.3989867568016052
0,0.19378776848316193
0,0.2556784152984619
1,0.061252836138010025
1,0.9997180104255676
0,0.11056704074144363
0,0.04893120750784874
0,0.13712671399116516
0,0.12319926917552948
0,0.11059296876192093
0,0.1669367551803589
0,0.25845107436180115
0,0.000317195343086496
0,0.09890726953744888
1,0.2343587875366211
0,0.074224092066288
1,0.1998877227306366
0,0.031540047377347946
0,5.8777786762220785e-05
0,0.21689656376838684
0,0.2108447551727295
0,0.13599762320518494
0,0.036697883158922195
0,1e-06
0,0.00014608263154514134
0,0.0013644015416502953
0,0.06185592710971832
0,0.33095622062683105
0,0.02242591232061386
0,0.01159641146659851
0,0.00022614786576014012
0,0.18094082176685333
0,0.190247043967247
0,0.2679344117641449
0,0.11764293164014816
1,0.3831508159637451
0,0.007076622918248177
0,0.05018710345029831
0,0.21423883736133575
1,0.9978577494621277
0,0.15939787030220032
0,0.005498948507010937
0,0.20359547436237335
0,0.1168290451169014
0,0.27607718110084534
0,0.30137184262275696
0,0.00012677002814598382
1,0.10308331251144409
0,0.04700486734509468
1,0.33739349246025085
1,0.9995645880699158
0,0.01063262764364481
1,0.999438464641571
0,0.33704912662506104
1,0.23427222669124603
0,0.26377633213996887
0,0.14156095683574677
1,0.9991994500160217
0,1.2592634448083118e-05
1,0.9997532963752747
0,0.03583088144659996
0,0.1075243353843689
0,0.22041872143745422
0,0.1417180746793747
1,0.013490594923496246
0,2.3281270841835067e-05
0,0.22148549556732178
0,0.12507963180541992
1,0.9971262812614441
0,0.004983678460121155
0,0.030012071132659912
0,0.1433785855770111
1,0.9969502091407776
0,0.09993991255760193
1,0.999510645866394
0,0.026959745213389397
0,0.00010197232040809467
0,0.14320385456085205
0,0.2922796308994293
1,0.22507016360759735
1,0.9988289475440979
0,0.044871989637613297
0,0.12608027458190918
1,0.9976423382759094
1,0.24383670091629028
0,0.0006418252014555037
0,0.2507103681564331
1,0.9924198985099792
0,0.2872658371925354
1,0.2054486870765686
0,0.30829498171806335
0,0.270235538482666
0,0.017537197098135948
0,0.04693843796849251
0,0.320346474647522
0,0.18563328683376312
0,0.2954332232475281
0,0.15608379244804382
1,0.23941436409950256
0,0.0994241014122963
0,0.0002715537848416716
0,0.06135937571525574
0,0.010038948617875576
0,0.0001499822101322934
1,0.1451803296804428
0,1.831001827667933e-05
0,0.19108057022094727
0,0.25270235538482666
0,0.07778512686491013
0,0.2514071762561798
0,0.0017126520397141576
0,0.0001695550454314798
0,0.06617026776075363
0,0.06291691958904266
0,0.1003805473446846
0,0.1798831969499588
0,0.29133424162864685
0,0.2615310847759247
0,0.04550928249955177
0,0.28471213579177856
0,0.004917645361274481
0,0.0025006518699228764
0,0.03026016242802143
1,0.32558614015579224
0,0.23546268045902252
0,0.1953607201576233
0,0.09588175266981125
0,0.0004698244156315923
0,0.38966259360313416
0,0.20512080192565918
0,0.16715264320373535
1,0.9987528324127197
0,0.39250436425209045
0,0.26155567169189453
0,0.052849382162094116
0,0.3773634135723114
0,0.09327172487974167
0,0.16945037245750427
1,0.991208553314209
0,1.464262095396407e-05
0,0.022145148366689682
0,0.0421164408326149
0,0.12843424081802368
0,0.18150214850902557
1,0.9998193383216858
1,0.9993330836296082
1,0.07757045328617096
0,0.28338566422462463
0,0.05063086003065109
0,0.09860574454069138
0,0.05042096599936485
0,0.2347130924463272
0,0.019394071772694588
0,0.0309272613376379
1,0.35429227352142334
0,0.07391604036092758
1,0.2207668423652649
0,0.23239460587501526
1,0.9116954207420349
1,0.17700612545013428
0,0.39287203550338745
0,8.52525481604971e-05
1,0.999767005443573
1,0.9997057318687439
0,0.19233353435993195
0,0.5691419839859009
0,0.02203553356230259
0,0.1093456819653511
0,0.1435822695493698
1,0.9993104934692383
0,0.1531434953212738
0,0.037636566907167435
0,0.1293994039297104
0,0.256146103143692
1,0.03185286372900009
0,0.08042542636394501
1,0.9990106821060181
1,0.9985062479972839
1,0.9997273087501526
0,0.3264058828353882
0,0.16129490733146667
0,0.21266677975654602
0,0.07688941061496735
0,0.023759713396430016
0,0.4281841218471527
0,0.3722623288631439
0,0.027345698326826096
0,0.2599447965621948
1,0.9999253749847412
0,0.12238990515470505
0,0.12859614193439484
0,0.00013228393800090998
0,0.2546353042125702
0,0.07028140872716904
1,0.20479938387870789
0,0.08360849320888519
1,0.8114216327667236
0,0.23844613134860992
0,0.25606533885002136
0,0.22898587584495544
0,0.11349312961101532
0,0.17138774693012238
0,0.0034427435602992773
1,0.9992530941963196
0,0.013757427223026752
0,0.2328643798828125
0,0.20186755061149597
1,0.9998716115951538
0,0.0008668841910548508
0,0.10193676501512527
1,0.32567086815834045
1,0.9968230724334717
0,0.007756376639008522
0,0.1367352157831192
0,0.12029650807380676
1,0.9948306679725647
0,0.16146007180213928
0,0.1871921718120575
0,0.2596774399280548
0,0.003749951720237732
0,0.3658548593521118
1,0.9996916055679321
0,0.03734710067510605
0,0.01192606333643198
0,0.292632132768631
0,0.35684266686439514
0,0.003182506188750267
0,0.1710263192653656
0,0.06886983662843704
0,0.007370924111455679
1,0.09706033766269684
0,0.07516702264547348
0,0.11098673939704895
0,0.1527504324913025
0,0.26197609305381775
0,0.042277347296476364
0,0.13548190891742706
0,0.002416908275336027
0,0.06691932678222656
1,0.9998965263366699
0,0.002687043510377407
0,0.1550489068031311
0,0.10256942361593246
0,0.07595079392194748
0,0.2172406166791916
0,0.15614533424377441
0,0.2271299958229065
0,0.2002197653055191
0,0.016190283000469208
0,0.0798405334353447
0,0.16578206419944763
0,0.06441576778888702
0,0.20183007419109344
0,8.014912600629032e-05
0,0.3102160692214966
1,0.9997584223747253
0,0.1001756563782692
0,0.05543326213955879
0,0.15678711235523224
0,0.08991159498691559
0,0.0011684653582051396
0,0.2321603149175644
0,0.35613614320755005
0,0.0003861407458316535
1,0.15871182084083557
0,0.00011346427345415577
0,0.018543491140007973
0,0.16986984014511108
1,0.9988730549812317
0,0.05841527506709099
0,0.25287097692489624
1,0.28714826703071594
0,0.18898184597492218
0,0.20903711020946503
0,0.0942356213927269
1,0.22166714072227478
0,0.14470534026622772
0,0.1343606859445572
0,0.30059516429901123
1,0.9999854564666748
1,0.5715932250022888
0,0.15394484996795654
0,0.17780984938144684
0,0.27554407715797424
0,0.2478429079055786
1,0.9999690055847168
0,0.2841319143772125
0,0.10245160758495331
0,0.17871208488941193
1,0.9903229475021362
0,1e-06
0,0.1940908581018448
1,0.229975163936615
0,0.3403299152851105
1,0.2553456127643585
0,0.005318646784871817
0,0.320346862077713
1,0.9998881816864014
0,0.08665768802165985
0,0.15057158470153809
0,0.06963305175304413
0,0.2149878889322281
0,0.2545131742954254
0,0.04034465178847313
0,0.2722989022731781
0,0.04479796811938286
0,0.040674321353435516
0,0.2767166495323181
0,0.07802899181842804
0,0.000482059404021129
0,0.025934576988220215
0,0.4114324152469635
1,0.16912774741649628
0,0.03242931514978409
1,0.1398315727710724
0,0.07284943014383316
0,0.20932254195213318
0,0.07417723536491394
0,0.3032870590686798
0,0.25972408056259155
1,0.18010452389717102
0,0.16606411337852478
0,0.040857020765542984
0,0.002645913977175951
1,0.9993128776550293
0,0.0011079289251938462
1,0.17125630378723145
0,1e-06
0,0.0606546550989151
0,0.24539601802825928
0,0.2233433723449707
0,0.0060646976344287395
0,0.05164940282702446
1,0.3502621054649353
0,0.14581343531608582
0,0.0019239691318944097
1,0.9996590614318848
0,0.17389924824237823
1,0.37552306056022644
1,0.19166739284992218
0,0.09721875935792923
0,0.010210287757217884
0,0.0014270873507484794
0,0.33011049032211304
0,0.016617121174931526
0,0.10944166034460068
0,0.0027528663631528616
0,0.1992185264825821
1,0.149977445602417
0,0.019375059753656387
0,0.037258367985486984
0,0.041224405169487
0,3.4247116218466545e-06
0,0.1868748813867569
1,0.2797868847846985
0,0.23809926211833954
1,0.39431032538414
0,0.25746968388557434
1,0.999678373336792
0,0.0007561109960079193
0,0.2167348861694336
0,0.03181332349777222
0,0.18244992196559906
0,0.22545789182186127
0,0.3101854622364044
0,0.17040285468101501
0,0.10325910151004791
0,0.08936228603124619
1,0.17358441650867462
0,0.26844751834869385
0,0.1848006546497345
0,1.8601051124278456e-05
1,0.9988189339637756
0,0.08232647180557251
0,0.0002723552752286196
0,0.08827731013298035
0,0.267263799905777
1,0.9993269443511963
0,0.11796792596578598
0,0.1367635875940323
0,0.26219072937965393
0,0.02638121508061886
0,0.22572873532772064
1,0.9996788501739502
0,0.12773174047470093
0,0.17710979282855988
0,0.308139443397522
0,0.2563936710357666
1,0.23115099966526031
0,7.161672692745924e-05
0,0.11136966943740845
1,0.7118332386016846
0,0.3821500837802887
0,9.161622438114136e-05
0,0.006244694348424673
1,0.9996755123138428
0,0.1309548318386078
0,0.15843409299850464
0,0.23622924089431763
0,0.23620635271072388
0,0.13925045728683472
0,0.20423008501529694
1,0.4478180408477783
0,0.20999298989772797
0,0.0009376996895298362
0,0.24315522611141205
0,0.19874104857444763
0,0.09677053987979889
0,0.36449629068374634
0,0.2481255680322647
0,0.11603635549545288
0,0.03800007328391075
0,0.11389485746622086
0,0.03735542669892311
0,0.07388907670974731
0,7.365529745584354e-05
1,0.2626149654388428
0,0.2739913761615753
0,0.12603750824928284
1,0.2684282958507538
0,0.06507927924394608
0,0.0032646101899445057
0,0.02979562245309353
0,0.241889089345932
0,0.16388942301273346
0,0.038457781076431274
0,0.06732667982578278
0,0.23202000558376312
1,0.19224661588668823
0,0.11232314258813858
0,0.15992997586727142
0,0.24535511434078217
0,0.13920152187347412
0,0.010476567782461643
0,0.08338391780853271
0,0.0004218510875944048
0,0.00011300246842438355
0,0.026173768565058708
0,0.16843457520008087
0,0.05144156515598297
1,0.9964678287506104
0,6.057404334569583e-06
0,0.002306149573996663
0,4.392404662212357e-05
1,0.9929924011230469
0,0.00019425204664003104
0,0.00018353153427597135
1,0.9996637105941772
0,0.005520684644579887
0,0.22395369410514832
0,0.17244970798492432
0,0.1763656586408615
0,6.238167406991124e-05
0,0.07024066150188446
1,0.9957991242408752
1,0.9743875861167908
1,0.997991681098938
0,0.11444995552301407
0,0.5327613949775696
1,0.9968228340148926
0,0.29616281390190125
0,0.03647485747933388
0,0.37515079975128174
0,0.18087813258171082
1,0.31837713718414307
0,0.25525811314582825
0,0.04491240158677101
0,0.1935415118932724
0,0.052229709923267365
1,0.9999375343322754
0,0.20918987691402435
0,0.21362610161304474
0,0.011625018902122974
0,0.007976410910487175
0,0.0742747038602829
0,0.14087726175785065
0,0.10629823058843613
1,0.39403751492500305
0,0.3477613031864166
0,0.15522198379039764
0,0.04981004446744919
1,0.2233458310365677
0,0.21555641293525696
0,0.012447326444089413
0,0.17084327340126038
0,0.18281348049640656
0,0.24151061475276947
0,0.289363831281662
0,0.028189944103360176
0,0.0015698724891990423
0,0.008118769153952599
1,0.2340831607580185
0,0.3302439749240875
1,0.18863891065120697
0,0.08106972277164459
0,3.2218933483818546e-05
0,0.0981820821762085
1,0.35176923871040344
0,0.2719634771347046
0,0.11805067211389542
0,0.15480902791023254
0,0.3474210202693939
0,0.22251558303833008
0,0.13463114202022552
0,0.010149934329092503
0,0.09909816086292267
1,0.35416272282600403
0,0.19338621199131012
0,0.1903167963027954
0,0.2164679318666458
0,0.15761788189411163
0,0.12379590421915054
0,0.14710484445095062
0,2.0301911717979237e-05
0,0.27984142303466797
0,0.002173752523958683
1,0.9948567152023315
0,0.11987649649381638
0,0.14633424580097198
0,0.008009198121726513
0,0.0867018848657608
1,0.2693313956260681
0,0.006452319677919149
0,0.23568066954612732
1,0.035864587873220444
0,0.12922726571559906
0,0.15235251188278198
0,0.0020162188448011875
0,0.14835728704929352
1,0.29940199851989746
0,0.19085878133773804
0,0.3412163555622101
1,0.10789115726947784
0,0.05277097225189209
0,0.01369446236640215
0,0.16600672900676727
0,0.12901845574378967
0,1.525256175227696e-05
0,0.22328725457191467
0,0.30939191579818726
0,0.006607637740671635
0,0.10193604975938797
0,0.020971540361642838
1,0.4428333640098572
0,0.15001040697097778
0,0.057379357516765594
0,1.1756452522604377e-06
0,0.09510472416877747
0,0.13911399245262146
0,0.01401044987142086
1,0.2155883014202118
0,0.1363537758588791
0,0.0018539008451625705
0,0.020587382838129997
0,0.0012560513569042087
0,0.0264970101416111
1,0.26787590980529785
0,0.019324028864502907
0,0.2181110978126526
0,0.03237425535917282
1,0.9995859265327454
0,0.004696136340498924
0,0.0002270810364279896
1,0.14393840730190277
0,0.15314172208309174
0,0.058743879199028015
0,0.21150550246238708
0,0.12674225866794586
0,0.10861138254404068
0,0.024905817583203316
1,0.348540723323822
1,0.30205854773521423
0,0.12484408169984818
0,0.3336128890514374
0,0.05661389231681824
1,0.6061869859695435
0,0.08581946790218353
0,0.19637776911258698
0,0.000998703995719552
0,2.389854307693895e-05
0,0.13137538731098175
0,0.15213961899280548
1,0.1843172311782837
1,0.9998996257781982
0,0.24022875726222992
0,1e-06
0,0.13982723653316498
0,0.4511951804161072
0,0.2997070550918579
1,0.9987988471984863
0,0.3722732365131378
0,0.19413292407989502
1,0.999626636505127
0,0.14198696613311768
0,0.23280546069145203
0,0.005876476410776377
0,0.00858305860310793
0,0.11822209507226944
0,0.2354632019996643
1,0.9981352090835571
0,0.3267943561077118
1,0.010194147936999798
1,0.24444489181041718
0,0.0002006657887250185
0,0.0003490082744974643
0,0.029741499572992325
0,0.173088937997818
0,0.13526682555675507
0,0.1788812279701233
1,0.5818148255348206
1,0.9952050447463989
0,0.04924038052558899
0,0.30896061658859253
1,0.9994064569473267
0,0.004470616113394499
0,0.15247945487499237
0,0.2673666477203369
0,0.0056525543332099915
0,0.37459468841552734
0,0.07890978455543518
1,0.2933531701564789
0,0.33893686532974243
0,0.01529546920210123
0,0.014921536669135094
0,0.22496674954891205
0,0.13041244447231293
0,0.11382707208395004
0,0.06478360295295715
0,0.0892307385802269
1,0.9511069059371948
0,0.014279613271355629
0,0.042921531945466995
1,0.18542777001857758
0,0.036647576838731766
1,0.9994551539421082
0,0.2616882920265198
0,0.16801175475120544
0,0.14577224850654602
0,0.0070119379088282585
0,0.013018786907196045
0,0.2829563319683075
0,0.25515690445899963
0,0.3081797957420349
0,0.0006380398408509791
0,0.0047654155641794205
0,0.2953410744667053
0,0.11959131807088852
0,0.18939192593097687
0,0.23494689166545868
0,0.00032409330015070736
0,5.674203930539079e-05
0,0.001703346730209887
0,0.0007329656509682536
0,0.28650787472724915
1,0.9996223449707031
0,0.02433425560593605
1,0.14618004858493805
0,0.005377700086683035
0,0.31574389338493347
1,0.9994922876358032
1,0.9976422190666199
1,0.11694510281085968
1,0.9995013475418091
0,0.20072337985038757
0,0.18298226594924927
0,0.10955335944890976
0,0.23206987977027893
1,0.9998819828033447
0,0.21096110343933105
0,0.03324481099843979
1,0.2638179659843445
0,0.053576380014419556
0,0.10466641187667847
1,0.2519940137863159
0,0.16010214388370514
0,0.1418958455324173
0,0.15712057054042816
0,0.14501777291297913
0,0.4038598835468292
0,0.22946472465991974
1,0.999229907989502
0,0.3303925096988678
0,0.0875515341758728
0,0.0748661607503891
0,0.20999003946781158
0,0.06538756191730499
0,0.11429817229509354
0,0.07067782431840897
0,0.15157979726791382
1,0.10886480659246445
0,0.2498927265405655
0,0.32090237736701965
0,0.0003572351415641606
0,0.11219190061092377
0,0.02172141708433628
1,0.9991633892059326
0,2.0450816009542905e-05
0,0.24422819912433624
0,0.21539856493473053
0,0.052982840687036514
0,0.09091322124004364
1,0.19524379074573517
0,0.21634440124034882
0,0.03561747446656227
0,0.2883058488368988
0,0.02834993228316307
1,0.09816797822713852
1,0.3241555392742157
0,0.004906481131911278
1,0.32239142060279846
0,0.14404229819774628
0,0.20082154870033264
0,0.06345351040363312
0,0.12181290239095688
0,0.014654121361672878
0,0.02187088504433632
0,0.14157044887542725
0,0.09532918781042099
1,0.30903518199920654
0,0.14303718507289886
0,0.06707185506820679
0,0.0003280712408013642
0,0.09509259462356567
0,0.18653735518455505
0,0.018306907266378403
1,0.13095401227474213
0,0.3396010100841522
0,0.0006291526951827109
1,0.9997852444648743
1,0.2963464856147766
0,0.16550517082214355
0,0.022293752059340477
0,0.14162352681159973
0,0.03042193129658699
0,0.0489862859249115
0,0.04415997117757797
1,0.2493186593055725
0,6.139336164778797e-06
0,0.16341765224933624
0,0.0002079992846120149
0,0.23536790907382965
0,0.21783661842346191
0,0.20769920945167542
0,0.2294207662343979
1,0.26377829909324646
1,0.07159300148487091
0,0.1198781430721283
0,0.02164684794843197
0,0.1547931581735611
1,0.7802382111549377
1,0.9980181455612183
0,0.18437394499778748
1,0.9992727637290955
0,1e-06
0,0.3218635618686676
0,0.08525711297988892
0,0.012017911300063133
1,0.10587747395038605
0,0.1324983537197113
1,0.9978675842285156
0,0.08661416918039322
0,1e-06
1,0.9999487400054932
0,0.2619340121746063
1,0.29983803629875183
0,0.18625687062740326
0,0.08679362386465073
0,0.14239053428173065
0,0.07874379307031631
1,0.25931233167648315
0,0.29521504044532776
0,0.18060730397701263
1,0.9996097683906555
0,0.032815929502248764
0,0.21976518630981445
0,0.04333745688199997
0,0.2428516000509262
0,0.31952589750289917
1,0.09270645678043365
1,0.17540951073169708
0,0.20455698668956757
0,0.07066009193658829
0,0.15107318758964539
0,0.09332934767007828
0,0.3022414445877075
0,0.1288134902715683
0,0.055576905608177185
0,0.016482412815093994
0,0.015085702762007713
0,0.19357305765151978
0,0.30747583508491516
0,0.15920919179916382
0,0.036686718463897705
0,0.03624063730239868
0,0.07355684041976929
1,0.1881399005651474
0,0.015890270471572876
0,0.26088976860046387
0,0.21145905554294586
0,0.2597028911113739
1,0.3125631511211395
0,0.012569942511618137
0,0.1717580109834671
0,0.12698504328727722
0,0.043688513338565826
0,0.19416223466396332
1,0.24066853523254395
0,0.005277450196444988
0,0.04976163059473038
0,0.10401442646980286
0,0.0343063622713089
1,0.1635172814130783
0,0.09323881566524506
0,0.012867376208305359
0,0.19643573462963104
0,0.09970638900995255
0,0.0015666948165744543
0,0.2021418809890747
1,0.9917362332344055
0,0.030257301405072212
0,0.058157652616500854
0,0.0037853100802749395
0,0.004665052052587271
1,0.25753673911094666
0,0.2626432776451111
1,0.21796007454395294
0,0.001854176283814013
0,0.18842600286006927
0,0.035586096346378326
0,0.21310487389564514
0,0.2263132929801941
1,0.9998416900634766
1,0.21578864753246307
0,0.29037222266197205
0,0.10929156094789505
0,0.21262595057487488
1,0.2949299216270447
0,0.04738534614443779
0,0.22194764018058777
0,0.004004874732345343
1,0.3348217010498047
0,0.07966666668653488
0,0.12366148084402084
1,0.13329802453517914
0,0.257900595664978
1,0.19163663685321808
1,0.991450846195221
0,1.980348679353483e-05
0,0.06164555251598358
0,0.31236281991004944
0,0.003931161016225815
1,0.19070908427238464
1,0.25629958510398865
0,0.12861432135105133
0,0.09958060085773468
0,0.5312099456787109
0,0.23104411363601685
0,0.648480236530304
1,0.18714472651481628
0,0.16499170660972595
0,0.20567461848258972
1,0.3356621563434601
1,0.49891600012779236
1,0.38505223393440247
0,2.7411137125454843e-05
0,0.16777117550373077
0,1.9998147763544694e-05
1,0.29712975025177
0,0.1950177252292633
0,0.3038754463195801
0,0.2331538200378418
1,0.21058110892772675
1,0.3198801577091217
0,0.055268485099077225
0,0.0025797211565077305
0,0.303733766078949
0,0.17612224817276
0,0.11410439759492874
0,9.22498384170467e-06
0,0.005683713126927614
0,0.0036714377347379923
0,0.13093625009059906
0,0.0015077772550284863
0,0.00020229275105521083
0,0.23517601191997528
0,0.08219870924949646
0,0.15011771023273468
0,0.20706020295619965
0,0.17335791885852814
0,0.26374974846839905
0,0.1702488660812378
0,0.0007622986449860036
1,0.17086145281791687
0,0.22981201112270355
0,0.14106085896492004
0,0.08946617692708969
0,0.14344628155231476
0,0.4233491122722626
1,0.2838548719882965
0,0.011936250142753124
1,0.9984739422798157
1,0.20653550326824188
0,0.0004072028386872262
0,0.0012142960913479328
0,0.07864923030138016
0,0.19448019564151764
0,0.019221605733036995
0,0.07400905340909958
0,0.08866153657436371
0,0.00018744963745120913
0,0.24939417839050293
0,0.2630783021450043
0,0.2374057024717331
1,0.22557015717029572
0,0.00046277756337076426
0,0.0006145592778921127
0,0.29504290223121643
0,0.2747029960155487
0,0.2857142686843872
0,0.1949445605278015
0,0.24705921113491058
0,0.07708073407411575
1,0.9956215023994446
0,0.36229464411735535
0,0.18141622841358185
0,0.08342716842889786
0,0.2844488024711609
1,0.9998157620429993
1,0.198306143283844
0,0.25320708751678467
1,0.9998385906219482
0,0.05554980784654617
0,0.04537254571914673
0,0.17451269924640656
0,0.23923495411872864
0,0.07379956543445587
0,0.3005562722682953
0,0.2631361186504364
0,0.05376572161912918
0,0.16518615186214447
0,0.013974975794553757
0,2.1543501134146936e-05
0,0.015570099465548992
1,0.9996683597564697
0,0.215129554271698
0,0.06343717873096466
0,0.26848646998405457
0,0.05312357470393181
0,0.043903056532144547
0,0.026017090305685997
0,0.00021204481890890747
1,0.27529895305633545
0,0.06120610237121582
1,0.3537636995315552
1,0.999439537525177
0,0.17646664381027222
0,0.015369252301752567
1,0.9994193315505981
0,0.22958949208259583
0,0.12065599858760834
0,0.04643122851848602
1,0.9996864795684814
0,0.16952745616436005
1,0.24988599121570587
0,0.03230515122413635
1,0.9991611242294312
0,0.061812229454517365
1,0.9967378973960876
0,0.00029983208514750004
0,0.10149693489074707
0,0.22165538370609283
0,0.00409456854686141
1,0.36948081851005554
0,0.29145699739456177
1,0.18500098586082458
0,0.2269710898399353
0,3.3114781672338722e-06
0,0.009675039909780025
0,0.020039835944771767
0,0.16733650863170624
0,0.39823034405708313
1,0.3801329731941223
0,0.02496318891644478
1,0.012007327750325203
0,0.1912745237350464
0,0.30300432443618774
0,0.23434914648532867
0,0.24570384621620178
0,0.015146831050515175
1,0.9988085031509399
0,0.07969425618648529
0,0.08942411839962006
0,0.14045576751232147
0,0.00041819806210696697
0,0.22831495106220245
0,0.001920644543133676
0,0.0012801594566553831
1,0.9999086856842041
0,0.005394006613641977
0,0.05128536373376846
0,0.27637410163879395
0,0.02590448409318924
0,0.2010282278060913
0,0.22714932262897491
1,0.40678566694259644
1,0.9993289709091187
0,0.21850106120109558
1,0.9997416138648987
1,0.9987910389900208
0,0.009783492423593998
0,0.34353402256965637
0,0.0495682954788208
0,0.11044037342071533
0,0.06455377489328384
0,0.13820965588092804
0,0.0835900753736496
0,0.11659761518239975
0,0.0006729121087118983
0,0.0005890327738597989
0,0.06797311455011368
0,0.0004349875380285084
0,0.0003394845698494464
0,0.010082550346851349
0,0.1432892084121704
0,0.12677471339702606
1,0.3458447754383087
0,0.25316035747528076
1,0.2374366819858551
0,0.29184553027153015
0,0.0013265995075926185
1,0.485311359167099
1,0.9758057594299316
1,0.29116326570510864
0,0.0822656899690628
0,2.7981253879261203e-05
0,0.06777385622262955
0,0.27118682861328125
1,0.2768245041370392
0,0.16940611600875854
0,0.009511145763099194
0,0.24409013986587524
0,0.23170550167560577
0,0.12069451808929443
1,0.9986153841018677
0,0.02037382684648037
0,0.006955611985176802
0,0.061195146292448044
0,0.08970073610544205
0,0.20142912864685059
0,0.18798711895942688
0,0.007572667207568884
0,0.3037137985229492
0,0.3256953954696655
0,0.0004649901238735765
0,0.2048037201166153
1,0.9996756315231323
0,0.018848445266485214
0,0.002433034358546138
1,0.9999599456787109
0,0.048890430480241776
0,0.3977454602718353
1,0.3285767734050751
0,0.0893799439072609
0,0.31041419506073
0,0.28880053758621216
1,0.9982826709747314
1,0.24314652383327484
0,0.3049168288707733
0,0.3114936053752899
0,1e-06
0,0.04343573376536369
0,0.13299936056137085
0,0.1027093306183815
0,0.02479330636560917
0,0.16703090071678162
0,0.13685211539268494
0,0.0616784505546093
0,0.021434269845485687
0,0.21185402572155
0,0.051206763833761215
0,0.14321467280387878
1,0.9906197786331177
0,0.02288256771862507
1,0.999914288520813
0,0.22617702186107635
0,0.005078514106571674
0,0.001960829831659794
0,6.519724411191419e-05
0,0.31753721833229065
1,0.1890496164560318
0,0.019724395126104355
0,0.13433237373828888
0,0.0412602536380291
0,0.061603937298059464
1,0.445125937461853
0,0.0010923980735242367
0,0.007463228423148394
0,0.21844929456710815
0,0.008430849760770798
0,0.13247013092041016
0,0.057702358812093735
1,0.7773410677909851
0,0.20323653519153595
0,0.10062377899885178
0,0.21418507397174835
0,0.12138085812330246
1,0.25354844331741333
0,0.4379329979419708
0,0.0038506672717630863
0,0.1108798012137413
0,0.15569758415222168
0,0.0005678103771060705
1,0.12092913687229156
0,0.15934334695339203
1,0.23151832818984985
0,0.07570028305053711
1,0.31626659631729126
0,0.16374142467975616
0,0.006971360184252262
0,0.09610821306705475
0,0.24081119894981384
0,0.08996249735355377
0,0.10858414322137833
0,0.33279186487197876
0,0.22511085867881775
0,0.35764700174331665
0,0.0007258131518028677
0,0.1977282464504242
0,0.13608120381832123
0,0.0014973673969507217
0,0.0003755155485123396
0,0.019194548949599266
1,0.3235407769680023
0,0.33931300044059753
0,0.10670020431280136
0,0.3275853395462036
0,0.009906245395541191
0,0.03872313350439072
0,0.1259954869747162
1,0.9999722242355347
0,0.09886163473129272
0,0.011675465852022171
0,0.04268285259604454
0,6.402690632967278e-05
1,0.2592267692089081
0,0.21344982087612152
0,0.007418239954859018
0,0.1519279181957245
1,0.22599326074123383
0,0.000736864807549864
0,0.17765416204929352
0,0.21213014423847198
0,0.23655971884727478
0,0.26144134998321533
1,0.19854635000228882
1,0.9986042380332947
1,0.6575086712837219
0,0.05509907752275467
1,0.25220608711242676
0,0.24439369142055511
0,0.18310336768627167
1,0.3724956810474396
0,0.22313518822193146
0,0.12304101884365082
0,0.008496265858411789
0,0.029807336628437042
0,0.01838717795908451
1,0.8995577096939087
0,0.007057500537484884
0,0.02841421216726303
1,0.20389477908611298
0,0.12435833364725113
0,0.19024337828159332
0,0.024260548874735832
0,0.9158042669296265
0,0.0192718505859375
0,0.18945929408073425
0,0.0003326892328914255
0,0.3250640332698822
0,0.17158478498458862
0,0.13750682771205902
0,0.06475448608398438
0,0.2083718180656433
0,0.03848010301589966
0,0.05615830793976784
1,0.9919465184211731
1,0.998077392578125
1,0.19052912294864655
0,0.16193710267543793
0,0.13684959709644318
0,0.0793304592370987
0,0.07076827436685562
1,0.1779749095439911
0,0.09510774165391922
0,0.2252051830291748
0,0.30872052907943726
0,3.3277923648711294e-05
0,0.006315034814178944
0,0.2606731057167053
0,0.18931452929973602
0,0.09176022559404373
1,0.16403557360172272
0,0.18416175246238708
0,0.09618674963712692
0,3.426993134780787e-05
0,0.4162002503871918
0,0.0001426355738658458
0,0.12721268832683563
0,0.0005860664532519877
0,0.1888694167137146
0,0.2928674817085266
0,0.24535949528217316
0,0.02239242009818554
0,0.2790040671825409
0,0.009154649451375008
0,0.227793350815773
1,0.9997828602790833
0,0.13052642345428467
0,0.10288786888122559
0,0.2440338432788849
1,0.9988330006599426
0,0.23077788949012756
0,0.22670359909534454
0,0.21233169734477997
0,0.11651866883039474
0,0.023753758519887924
0,0.2406601905822754
0,0.2893342971801758
0,0.05882445350289345
1,0.9999490976333618
1,0.2788642942905426
0,0.3044136166572571
0,8.49013522383757e-05
0,0.04367976635694504
0,0.06278073042631149
0,0.006535780616104603
0,0.2759741544723511
1,0.4015721082687378
0,0.24818342924118042
0,0.048204898834228516
0,0.08716139942407608
0,0.043645430356264114
0,0.004839935805648565
0,0.1779884696006775
0,0.22885030508041382
0,0.10622891783714294
0,0.12835504114627838
0,0.05992414802312851
0,0.3596135079860687
0,0.15734948217868805
0,0.00047712313244119287
0,0.0014393273741006851
0,0.02772432565689087
1,0.9999344348907471
0,0.00017764110816642642
0,0.032237108796834946
0,0.11723922938108444
1,0.21704816818237305
1,0.12205690890550613
0,0.21877411007881165
0,0.02078060247004032
0,0.198248952627182
0,0.10981491208076477
0,0.3866032361984253
0,2.6788711693370715e-06
0,0.17625953257083893
1,0.9994775652885437
1,0.9998039603233337
0,0.00020435174519661814
0,0.1278105229139328
0,0.08470116555690765
0,0.2737506031990051
0,0.05948624759912491
0,0.017497560009360313
0,0.049740102142095566
0,0.006617702543735504
0,0.04571260139346123
0,0.13163088262081146
0,0.1531442403793335
1,0.9971411228179932
0,0.0443786159157753
0,0.24568744003772736
0,0.1922537088394165
0,0.2057865709066391
1,0.15881621837615967
0,0.002446322003379464
0,0.10206124186515808
0,0.3085223138332367
0,0.0025939433835446835
1,0.6069950461387634
0,0.021890772506594658
0,0.1427265703678131
0,0.0001481285726185888
1,0.27123579382896423
0,0.454757958650589
0,0.2687939703464508
0,0.18207335472106934
0,0.03121713548898697
1,0.24685733020305634
0,0.0066713979467749596
0,0.16497692465782166
0,0.30426037311553955
0,0.03170027956366539
0,0.00010224855213891715
0,0.13177235424518585
0,0.13206930458545685
0,0.16033989191055298
0,0.20305956900119781
0,0.20873484015464783
0,0.21405570209026337
0,0.36283543705940247
0,0.25994157791137695
0,0.09453125298023224
0,0.1502666026353836
0,0.027168480679392815
1,0.19738692045211792
0,0.025609634816646576
0,0.1506924033164978
0,0.003550242632627487
0,0.0038022049702703953
0,0.007020403165370226
0,0.1533549278974533
0,0.21823498606681824
0,0.20556004345417023
0,0.19082635641098022
1,0.2949557900428772
0,0.06490906327962875
0,6.85886789142387e-06
0,3.123603164567612e-05
0,0.10484658926725388
0,0.10705898702144623
0,0.042255699634552
0,0.24910733103752136
0,0.2585082948207855
0,0.20448432862758636
0,0.20261795818805695
0,0.05093890801072121
0,0.36849769949913025
1,0.2559431791305542
0,6.482910248450935e-05
0,0.1873638927936554
1,0.9340786337852478
0,0.20664769411087036
0,1e-06
0,0.05556889623403549
0,0.32251840829849243
1,0.09629080444574356
0,0.14981578290462494
0,0.13148632645606995
0,0.13983988761901855
0,0.0010946763213723898
0,1.8355738575337455e-05
0,0.18155919015407562
1,0.7055647373199463
0,0.14269354939460754
0,0.08727248758077621
0,0.002704678801819682
0,0.34449419379234314
0,0.1725642830133438
1,0.9969973564147949
1,0.17509926855564117
0,0.11559376865625381
1,0.3715350031852722
1,0.5404804348945618
0,0.0622604563832283
0,0.19761855900287628
0,0.13798588514328003
0,0.011829525232315063
0,0.0851941630244255
0,0.31670135259628296
1,0.24437642097473145
1,0.15932422876358032
0,0.13064932823181152
0,0.161339670419693
0,0.16298341751098633
0,0.08300834149122238
0,0.1768227219581604
1,0.1562037169933319
0,0.01628827676177025
0,0.0861455649137497
1,0.997688889503479
0,0.08413423597812653
0,0.327978253364563
0,0.2334783524274826
0,0.011830718256533146
0,0.21044713258743286
1,0.3414808213710785
0,0.11212015151977539
0,0.2958885729312897
0,0.31887683272361755
0,0.0022614765912294388
0,0.23994635045528412
0,0.22807371616363525
0,0.18061740696430206
1,0.9996601343154907
0,0.13861513137817383
0,0.0003040182637050748
0,0.10757037997245789
0,0.012356695719063282
0,0.22131846845149994
0,0.3457499146461487
0,0.09052928537130356
0,0.0868457779288292
0,0.28642040491104126
0,0.07211041450500488
0,0.15550163388252258
0,0.4314817488193512
0,0.22172947227954865
1,0.3000369071960449
1,0.9997178912162781
0,0.1699267029762268
0,0.0012481813319027424
0,0.3476736843585968
0,0.016342030838131905
0,0.0017631708178669214
0,0.03860173746943474
0,0.4150489568710327
1,0.4419041872024536
1,0.9943217039108276
0,0.021190844476222992
0,0.04817993938922882
0,0.026915976777672768
0,0.2198304533958435
0,7.895058661233634e-05
0,0.3476092517375946
0,0.30789002776145935
0,0.24251386523246765
1,0.9963333606719971
0,0.2824946641921997
0,6.952151306904852e-05
0,0.22151489555835724
0,0.03722016513347626
1,0.95090252161026
0,0.15865835547447205
1,0.9972010850906372
0,0.19936154782772064
0,0.24242347478866577
0,0.011079504154622555
0,8.523157885065302e-05
0,0.34447231888771057
1,0.999016523361206
1,0.2009562999010086
0,0.03841317072510719
0,0.0038681416772305965
0,0.03915063291788101
1,0.1986171007156372
1,0.2873542904853821
0,0.187613382935524
1,0.3288521468639374
0,0.03054925613105297
0,0.35600200295448303
0,0.19575612246990204
1,0.28728753328323364
1,0.1347699761390686
0,0.015493739396333694
1,0.11945299804210663
1,0.9979932308197021
1,0.3795066773891449
0,0.007470112759619951
0,0.099701426923275
0,0.0016674624057486653
1,0.05560648813843727
0,0.18380263447761536
1,0.9748455286026001
0,0.12042687833309174
0,0.014016430824995041
0,0.2329714447259903
0,0.016962315887212753
0,3.245775224058889e-05
0,0.16265162825584412
0,0.12472236901521683
0,0.011854857206344604
0,0.3130093812942505
0,0.3804702162742615
0,0.0022993730381131172
0,0.1389627307653427
0,0.12954983115196228
0,0.14775687456130981
0,0.08175727725028992
0,1e-06
0,0.0061927842907607555
1,0.9994370341300964
0,0.03075442835688591
1,0.19703932106494904
0,0.11395935714244843
1,0.17445099353790283
0,0.2078985720872879
0,0.17025278508663177
0,0.21407443284988403
0,0.03780948743224144
1,0.12944559752941132
0,1e-06
0,0.1848193258047104
1,0.15114207565784454
0,0.16321519017219543
1,0.17331324517726898
1,0.9996019005775452
0,0.0317700132727623
0,0.04539917781949043
1,0.9994091987609863
0,0.04047703370451927
0,0.21138402819633484
1,0.9991397857666016
0,0.04880146682262421
1,0.9920558333396912
0,0.2464330792427063
0,0.011562999337911606
0,7.858058233978227e-05
0,0.1642373651266098
0,1.0500441931071691e-05
0,0.010300282388925552
0,0.32495594024658203
0,0.20342281460762024
0,0.0770958662033081
0,0.004567310679703951
0,0.14189375936985016
0,0.05872601643204689
0,0.2526205778121948
0,0.06115281954407692
0,0.003177660284563899
0,0.3443034887313843
0,0.031203053891658783
0,0.1116090714931488
0,0.062336862087249756
1,0.9996671676635742
0,0.2739379405975342
0,6.241192750167102e-06
0,0.042136915028095245
0,0.2676955759525299
0,0.0027536768466234207
0,0.007847278378903866
0,2.1272386220516637e-05
0,0.23776866495609283
0,0.16035357117652893
0,0.1920587122440338
0,0.07057923823595047
0,0.1640203893184662
0,0.19998863339424133
0,0.32606592774391174
1,0.9935008883476257
1,0.2184125781059265
0,0.1672428548336029
0,0.15295088291168213
0,0.286409467458725
0,0.2568376362323761
0,0.00012009374040644616
0,0.22234079241752625
1,0.40076977014541626
0,0.041151706129312515
0,0.001950085279531777
1,0.2400704324245453
0,0.13343004882335663
1,0.9999676942825317
0,0.07950415462255478
0,0.3900323808193207
0,0.2750959098339081
0,0.0935143306851387
0,0.004209123086184263
0,0.4153038263320923
0,0.2542969584465027
0,0.19786657392978668
1,0.4969997704029083
1,0.08833351731300354
0,0.13807091116905212
0,0.00033381744287908077
0,0.2287929505109787
1,0.21505491435527802
0,0.10049843043088913
0,0.3004354238510132
0,0.052496831864118576
0,0.17317967116832733
1,0.14014339447021484
0,0.054571837186813354
1,0.9998795986175537
0,0.006325435824692249
0,0.09336379170417786
1,0.9967737793922424
1,0.23442769050598145
0,0.2864921987056732
0,0.13377021253108978
0,0.06770594418048859
0,0.1776082068681717
0,0.36425846815109253
0,0.2641974985599518
1,0.5206557512283325
0,0.18352451920509338
0,0.19042393565177917
1,0.3210012912750244
0,0.31128624081611633
1,0.22886082530021667
0,0.07729093730449677
0,0.1378469467163086
0,0.023405058309435844
1,0.9991021156311035
1,0.11024442315101624
0,0.3523910641670227
0,0.09820156544446945
0,0.16657868027687073
0,0.027447286993265152
0,0.05678020417690277
0,0.17073173820972443
0,0.19518481194972992
0,0.17043325304985046
0,0.036434948444366455
0,0.0015096283750608563
0,0.16707809269428253
0,0.4126063585281372
0,0.12174961715936661
0,0.017271729186177254
0,0.15649887919425964
0,0.14610520005226135
1,0.9996705055236816
0,0.3023146390914917
0,0.20809738337993622
0,0.20195193588733673
0,0.0679900050163269
0,0.0934896171092987
0,0.03597409278154373
0,0.08061929047107697
0,0.18200354278087616
0,0.13245829939842224
0,0.01763610914349556
0,0.13330362737178802
1,0.9995473027229309
0,0.07896089553833008
1,0.18708331882953644
1,0.09316741675138474
0,0.08528641611337662
0,0.09183072298765182
1,0.9982129335403442
0,0.1264733225107193
0,0.21037697792053223
0,0.2818129360675812
1,0.9981520771980286
0,0.23603765666484833
1,0.15467774868011475
0,0.3312397301197052
0,0.2351924479007721
1,0.9993840456008911
0,0.37545254826545715
0,0.05687430128455162
1,0.30576780438423157
0,0.2697945535182953
1,0.27449771761894226
0,0.1708727478981018
0,0.025661323219537735
0,0.285785049200058
0,0.196184903383255
1,0.09217608720064163
0,0.12129975855350494
0,0.001517666969448328
0,0.09465796500444412
0,0.3120800852775574
0,0.2856225371360779
0,0.08381638675928116
0,0.17542222142219543
0,0.0995195209980011
0,0.0005841544480063021
0,0.10727012157440186
0,0.21890859305858612
0,0.170475035905838
0,0.03479796275496483
0,0.2139699012041092
0,0.06570710241794586
0,0.3124596178531647
0,0.01768457517027855
0,0.4192758798599243
1,0.109830841422081
0,0.37397530674934387
0,0.19377538561820984
0,0.21857419610023499
0,0.1378459930419922
0,0.006895163562148809
1,0.16048769652843475
0,0.0005770592833869159
0,0.010587937198579311
0,0.11633362621068954
0,0.010244695469737053
0,0.016726775094866753
0,0.18336910009384155
0,0.2721636891365051
0,0.16515418887138367
0,0.2687044143676758
0,0.05919409915804863
0,0.18583612143993378
0,0.029579490423202515
1,0.18122175335884094
0,0.2771369516849518
0,0.04638786241412163
1,0.9996097683906555
0,0.2804238200187683
0,0.013998517766594887
0,0.005814811214804649
0,0.003167873015627265
0,0.1756133884191513
0,0.008688700385391712
0,0.10582269728183746
0,0.1882791519165039
0,0.20127378404140472
0,0.20958644151687622
0,0.14172272384166718
0,0.04324241355061531
1,0.9996052384376526
0,0.09798947721719742
0,0.25629711151123047
0,0.21766674518585205
0,0.3621302545070648
1,0.48667314648628235
1,0.15982875227928162
1,0.9995355606079102
1,0.23084041476249695
0,0.2166445404291153
1,0.20202720165252686
1,0.9907516241073608
0,0.08162328600883484
0,9.38391804083949e-06
0,1e-06
0,0.40198612213134766
1,0.9998509883880615
0,0.023204945027828217
0,0.11276911199092865
0,0.09174966812133789
0,0.09498102962970734
0,0.005370234604924917
1,0.9883425831794739
0,0.2158837765455246
0,0.19887784123420715
0,0.0005547524197027087
0,0.13774290680885315
0,0.31579089164733887
1,0.999749481678009
0,0.04162763059139252
0,0.23230677843093872
0,0.20323947072029114
1,0.9909278750419617
0,0.06723827868700027
0,3.944755007978529e-05
0,0.011734172701835632
0,0.026897773146629333
0,0.05734408646821976
0,0.29734039306640625
0,0.15141437947750092
0,0.0014958796091377735
0,0.000958317774347961
0,0.1254483163356781
0,0.0020713056437671185
0,0.1027265340089798
0,0.05600379407405853
0,0.17196303606033325
0,0.4896189570426941
1,0.9988589286804199
0,0.11935688555240631
0,2.759736162261106e-05
0,0.23892450332641602
1,0.7029523849487305
0,0.019839683547616005
0,0.07969838380813599
0,0.007304192055016756
0,0.4212912321090698
0,0.015594324097037315
0,0.25545570254325867
0,0.06331301480531693
0,0.44556549191474915
0,0.10064540058374405
0,0.21451744437217712
0,0.236276775598526
0,0.3573541045188904
0,0.10241761058568954
0,0.1830023229122162
0,0.2525140345096588
1,0.997126042842865
0,0.01960563287138939
1,0.9984431862831116
0,0.011708647012710571
0,0.11246128380298615
0,0.21482938528060913
1,0.8158623576164246
0,0.047797270119190216
0,0.3140501081943512
1,0.296786367893219
0,0.11286241561174393
0,0.0045462846755981445
0,0.23727595806121826
0,0.30290648341178894
0,0.00017369844135828316
1,0.9978658556938171
0,0.08199087530374527
0,0.4256547689437866
0,0.31609398126602173
0,0.17697788774967194
0,0.06028929725289345
1,0.9993187189102173
0,0.06950630247592926
0,0.5471087694168091
0,0.0014869216829538345
0,0.14263330399990082
0,6.051073069102131e-05
1,0.9998689889907837
0,1e-06
0,0.23072399199008942
0,0.28013935685157776
0,0.13774405419826508
0,0.32695338129997253
0,0.1280190795660019
0,0.3109740912914276
0,0.32073843479156494
0,0.20681582391262054
0,0.22667227685451508
0,0.049580711871385574
0,0.23191465437412262
0,0.0076344311237335205
0,0.10978449881076813
0,0.21609242260456085
0,0.06562893092632294
0,0.029351649805903435
1,0.17261476814746857
0,0.020910460501909256
1,0.8587935566902161
0,0.01818172261118889
0,6.881442823214456e-05
0,1.0218362831437844e-06
0,0.008059299550950527
0,0.022641712799668312
0,0.20391280949115753
0,0.06759621202945709
0,0.19849132001399994
0,0.005789029877632856
1,0.06707122176885605
1,0.8521794080734253
0,0.16112157702445984
0,0.22599384188652039
0,6.77039788570255e-05
0,0.27593812346458435
0,0.2587589919567108
1,0.4984203279018402
1,0.049685828387737274
0,0.10915669798851013
0,0.20072080194950104
0,0.08648326247930527
1,0.005488995928317308
0,0.13732148706912994
1,0.7674604058265686
0,0.12300711125135422
0,0.059574294835329056
0,0.004119063727557659
1,0.9919589757919312
1,0.24697887897491455
0,1.9930406779167242e-05
0,0.10301469266414642
0,0.17983929812908173
1,0.4420798718929291
0,0.0005572238005697727
0,0.29836753010749817
0,0.008058096282184124
0,0.25871217250823975
1,0.9328146576881409
0,0.310100793838501
0,0.0312863290309906
0,0.04701551795005798
0,1e-06
0,5.084675285615958e-05
0,0.10114622861146927
0,0.2505813539028168
0,0.17906931042671204
0,1e-06
0,1e-06
1,0.6935300230979919
1,0.9906097054481506
0,0.0643015056848526
1,0.994499683380127
0,0.27803534269332886
1,0.17353515326976776
0,0.16128049790859222
0,0.0037134785670787096
1,0.2866324782371521
0,0.2561075985431671
0,0.26139721274375916
0,1.8762713807518594e-05
1,0.9997299313545227
1,0.13244099915027618
0,0.004145361483097076
0,0.04398200288414955
0,0.012120569124817848
0,0.07708663493394852
0,0.16546040773391724
0,0.04490536078810692
0,0.0027056823018938303
0,0.23395802080631256
0,0.0073393271304667
1,0.40619465708732605
0,0.14240503311157227
0,0.13951660692691803
0,0.34197714924812317
0,0.15399892628192902
0,0.30352944135665894
0,0.20542369782924652
0,0.007428580429404974
1,0.9986916184425354
0,0.28938916325569153
0,0.2236795425415039
0,0.09626275300979614
1,0.1878649890422821
1,0.2853507399559021
1,0.013255837373435497
0,0.2565363943576813
0,0.25301486253738403
0,0.07287433743476868
0,0.22213299572467804
0,0.2333173155784607
0,0.10385222733020782
0,0.07506164163351059
0,0.11652632802724838
1,0.3572106957435608
0,0.0016921405913308263
0,0.288268119096756
0,0.19924861192703247
0,0.06813012808561325
0,0.28485772013664246
0,0.17739644646644592
1,0.31418290734291077
0,0.20916509628295898
0,0.001325545134022832
0,0.056083794683218
0,0.08305204659700394
0,0.018175195902585983
0,0.08580856025218964
0,0.008192991837859154
0,0.048899807035923004
0,0.12687496840953827
0,0.004060529172420502
1,0.9996028542518616
0,0.10431715846061707
1,0.9806698560714722
0,0.02285938523709774
0,0.1614549458026886
0,0.28735148906707764
0,0.4330020844936371
1,0.3902783691883087
0,0.4279421865940094
0,0.16917555034160614
0,0.2468169927597046
0,0.26561853289604187
0,0.04265187308192253
0,0.11618708819150925
0,0.04632573574781418
0,0.010322460904717445
0,0.2362397313117981
0,3.305361678940244e-05
0,0.29468870162963867
0,0.014462696388363838
1,0.996383786201477
0,0.01280195266008377
0,0.25020602345466614
1,0.19415166974067688
0,0.40391263365745544
0,0.024600153788924217
0,0.0059770881198346615
1,0.24030478298664093
1,0.9973164200782776
0,0.30642104148864746
0,0.16627423465251923
0,0.2522735297679901
0,0.0003509186499286443
0,0.006150933913886547
0,0.2107449322938919
0,0.0034795086830854416
0,0.013257583603262901
1,0.1293620467185974
0,0.05417156592011452
0,0.1399572491645813
0,0.1875254362821579
1,0.2132541835308075
0,0.19850891828536987
0,0.39915210008621216
1,0.6104657053947449
0,0.10471741110086441
0,0.3219190835952759
0,0.01620461232960224
0,0.28848546743392944
0,0.020922798663377762
0,0.25831130146980286
0,0.14161816239356995
1,0.2581847310066223
0,0.2658059895038605
0,0.20342960953712463
0,0.1428634524345398
0,0.44885334372520447
0,0.13506090641021729
0,0.00028910793480463326
0,0.199424147605896
0,0.030584651976823807
0,0.20269374549388885
1,0.06179598718881607
0,0.2726261615753174
1,0.06121877580881119
1,0.35904499888420105
1,0.24370749294757843
0,0.02592611126601696
0,0.00024311438028234988
1,0.24928449094295502
0,0.00016628658340778202
1,0.12490707635879517
0,0.1930694878101349
0,0.30141350626945496
1,0.17025460302829742
0,0.19131945073604584
1,0.138483464717865
0,0.024407729506492615
0,0.36633771657943726
1,0.9989769458770752
0,0.04543694853782654
0,0.0761621966958046
0,0.08597390353679657
0,0.013562633655965328
0,0.05591671168804169
0,0.2632284164428711
0,0.014654266647994518
0,0.2414247840642929
0,0.3253505527973175
0,0.16305577754974365
0,0.000319463899359107
0,0.006947459187358618
1,0.3420197665691376
0,0.015916328877210617
0,0.1176547184586525
0,0.13871115446090698
0,0.16698963940143585
0,0.39511361718177795
0,0.10262026637792587
1,0.16757537424564362
0,0.22028082609176636
0,0.2219482958316803
0,0.24861323833465576
0,0.00048712664283812046
0,0.2542654275894165
1,0.20711322128772736
0,0.184872567653656
0,1e-06
0,0.25629013776779175
1,0.9997575879096985
0,0.08027346432209015
0,0.018433546647429466
0,0.2503530979156494
0,0.32920944690704346
0,0.3341310918331146
0,0.18902331590652466
0,0.1994144469499588
0,0.014985335059463978
0,0.002905688714236021
1,0.12729665637016296
0,0.15150979161262512
0,0.6595549583435059
0,0.05525887757539749
0,0.11574646085500717
0,0.20411324501037598
1,0.9943627119064331
0,6.194023626449052e-06
1,0.24794773757457733
0,0.08625919371843338
0,0.034314364194869995
0,0.2783365845680237
0,0.33099186420440674
1,0.17925120890140533
0,0.06521902978420258
0,0.2851220965385437
1,0.9994656443595886
0,0.0036353180184960365
0,0.31243452429771423
0,0.056971631944179535
1,0.9841235280036926
0,0.15283311903476715
0,0.31244957447052
0,0.2106509506702423
0,0.4157874584197998
0,0.002661632839590311
0,0.09049756079912186
1,0.11413391679525375
1,0.9930934906005859
0,0.018070204183459282
1,0.9997727274894714
0,0.18860939145088196
0,0.04557526111602783
0,0.01681574434041977
0,0.29786217212677
1,0.4146546721458435
0,0.10223035514354706
0,0.2304733246564865
0,0.08628585934638977
1,0.9996912479400635
0,0.17588016390800476
0,0.017494209110736847
0,0.30684319138526917
0,0.24874548614025116
0,0.007305758539587259
0,0.13167688250541687
0,0.12158602476119995
0,0.24185670912265778
0,0.03687751665711403
0,0.014053918421268463
0,0.03662702441215515
0,0.03460661694407463
0,0.1602715104818344
0,0.023218050599098206
1,0.9994074106216431
0,0.07949647307395935
0,0.19781911373138428
0,0.000929667497985065
1,0.28308120369911194
0,0.188265860080719
0,0.2992769479751587
0,0.08539754897356033
0,0.005291459150612354
0,0.28603366017341614
1,0.49970901012420654
1,0.9997790455818176
0,0.004977515898644924
0,0.07576445490121841
0,0.07862614840269089
0,0.00688165845349431
0,0.14178015291690826
1,0.9993731379508972
0,0.29084300994873047
0,0.0008861484238877892
0,0.2161443680524826
0,0.16650818288326263
0,0.154400035738945
1,0.11516035348176956
1,0.9999164342880249
0,0.3460773825645447
0,0.32843393087387085
0,0.19059652090072632
0,0.08048135042190552
0,0.3448048233985901
0,0.019908174872398376
0,0.13304397463798523
1,0.32368436455726624
0,0.29172635078430176
1,0.5581201910972595
0,0.30569106340408325
0,0.12665435671806335
0,0.3816410303115845
0,0.03228871151804924
0,0.00031336568645201623
0,0.04821804538369179
0,0.18913860619068146
0,0.0001776219578459859
0,0.3025661110877991
0,0.20938371121883392
1,0.9987363219261169
0,0.13251051306724548
0,0.21742385625839233
1,0.99906986951828
0,0.3882419764995575
0,0.1246122419834137
1,0.31696394085884094
0,0.2903810441493988
0,0.08301707357168198
1,0.056534294039011
0,0.006592737976461649
1,0.029926223680377007
0,0.00036734569584950805
0,0.10259488224983215
0,0.18844088912010193
0,0.20543479919433594
0,0.20240280032157898
1,0.08264154195785522
0,0.2405468225479126
0,0.07203824818134308
0,0.15016643702983856
0,0.02724149078130722
0,0.2717805504798889
0,0.0002902731648646295
0,0.05241543427109718
0,0.34958615899086
1,0.15476267039775848
0,0.1338208168745041
0,0.12892499566078186
0,0.23627956211566925
1,0.35755684971809387
0,0.2619773745536804
1,0.999448835849762
0,1e-06
0,0.14399977028369904
0,0.08240842074155807
0,0.003739224746823311
0,1e-06
1,0.3226015269756317
0,0.00964642595499754
1,0.15284693241119385
0,0.00010864921205211431
0,0.0995887815952301
0,0.0003461733867879957
0,0.013266933150589466
1,0.2349323183298111
0,0.03514644876122475
0,0.12933194637298584
0,0.1543215662240982
1,0.14263512194156647
0,0.10506193339824677
1,0.39100760221481323
0,0.37448152899742126
0,0.001771223614923656
0,0.3942590653896332
0,0.09116742014884949
0,0.01690002903342247
1,0.10088973492383957
0,0.091421939432621
0,0.0020412432495504618
0,0.1940721869468689
0,0.2135538011789322
1,0.38358134031295776
0,0.2267439216375351
1,0.9529585242271423
0,0.0002218570007244125
1,0.18432767689228058
0,0.02545315772294998
0,0.13746507465839386
0,0.03440810367465019
0,0.2754836082458496
0,0.002132577123120427
0,0.20131084322929382
0,0.2736230790615082
0,0.31979039311408997
0,0.00010644987196428701
0,0.051446497440338135
0,0.23249122500419617
1,0.9999728202819824
0,0.36212390661239624
0,0.025954511016607285
0,0.05923132225871086
0,0.17190885543823242
0,0.15990139544010162
1,0.9664901494979858
0,0.00013216491788625717
0,0.4882045388221741
1,0.258549302816391
0,0.11158357560634613
0,0.001951355952769518
1,0.999875545501709
0,0.2884657084941864
0,0.009534474462270737
0,0.1179249957203865
0,0.1728438138961792
0,0.002046387642621994
0,0.42554914951324463
0,0.006089594680815935
0,0.0014093185309320688
1,0.9999047517776489
0,0.26050350069999695
0,0.08575709909200668
0,0.08569586277008057
1,0.11846963316202164
0,0.09037820994853973
1,0.38100913166999817
1,0.11917690932750702
0,0.05535908415913582
0,0.000641742255538702
0,0.07356284558773041
1,0.999819815158844
1,0.999669075012207
0,0.00011091979831689969
0,0.2559922933578491
0,0.05840915068984032
0,0.003033924149349332
0,0.04826069250702858
1,0.23761333525180817
0,0.0031080611515790224
0,1e-06
1,0.25583669543266296
1,0.14977997541427612
1,0.9996769428253174
0,0.14766362309455872
1,0.9979603290557861
1,0.139906108379364
0,0.2244151383638382
0,0.01250308658927679
0,0.00024543641484342515
1,0.9967212080955505
0,0.025663230568170547
0,0.13115276396274567
1,0.9997517466545105
0,0.2630560100078583
0,0.000683426798786968
1,0.21540553867816925
0,0.03237215057015419
0,0.08030015975236893
0,0.07657106220722198
0,0.2210252732038498
0,0.12172501534223557
0,0.05028413608670235
0,0.011564132757484913
1,0.9999220371246338
0,0.15501612424850464
0,1.590928695804905e-05
1,0.9989226460456848
0,0.11937379091978073
0,0.012830391526222229
0,0.0665297880768776
0,0.084005206823349
0,0.0067628067918121815
0,0.11406762897968292
0,0.18178188800811768
0,1e-06
1,0.2364189475774765
0,0.011039222590625286
0,0.3632628619670868
0,0.13811874389648438
0,0.20907434821128845
0,0.0070187184028327465
0,0.25641068816185
0,0.27162712812423706
0,0.13710424304008484
1,0.9998058676719666
0,0.007479706779122353
0,0.06669066101312637
1,0.9988111257553101
0,0.033585526049137115
0,0.10039645433425903
1,0.4213826060295105
0,0.13464830815792084
0,0.20634064078330994
0,0.049497783184051514
0,0.029663514345884323
0,0.00020957454398740083
1,0.11668018996715546
0,0.219850093126297
0,0.03918725252151489
0,0.08043991774320602
1,0.20058263838291168
0,0.25347331166267395
0,0.04866711050271988
0,0.28817474842071533
0,0.25844505429267883
1,0.9983246922492981
0,0.2579900026321411
0,0.12007453292608261
1,0.3007897734642029
1,0.316914826631546
0,1e-06
0,0.0024437983520329
0,0.301302433013916
1,0.23536361753940582
0,0.06693971902132034
0,0.2838228642940521
0,0.31438738107681274
0,0.0342581644654274
0,0.16512860357761383
0,0.13033244013786316
0,0.1718917042016983
0,0.07075086981058121
0,2.255173967569135e-06
0,0.006732102483510971
0,0.05099605396389961
0,0.15131422877311707
0,0.2353806346654892
1,0.9996857643127441
0,0.22614096105098724
0,0.0690271183848381
0,0.0009589548571966588
0,0.22983475029468536
1,0.3947395980358124
0,0.10929331183433533
0,0.020204486325383186
0,3.8737754948670045e-05
0,0.29716944694519043
0,4.805940079677384e-06
0,0.2503162622451782
0,0.12794923782348633
0,0.003015180118381977
0,0.40563371777534485
1,0.9983503818511963
1,0.13001501560211182
0,0.0644092708826065
0,0.006571859586983919
0,0.20615459978580475
0,0.00010983791435137391
0,0.1742105334997177
0,0.05415677651762962
0,7.3736891863518395e-06
1,0.3632974922657013
0,0.37402021884918213
1,0.25511816143989563
1,0.9997819066047668
0,0.27637043595314026
0,0.00031102713546715677
0,0.30776363611221313
1,0.9995457530021667
1,0.9975538849830627
0,0.11138568073511124
1,0.9957838654518127
0,0.1490950584411621
0,0.08536553382873535
1,0.22107775509357452
0,0.0884547159075737
0,0.10139112174510956
0,0.18497197329998016
0,0.17343655228614807
0,0.12306027114391327
0,0.237169548869133
0,0.22233515977859497
1,0.9935094714164734
1,0.97944575548172
0,0.21608027815818787
0,0.1522601693868637
0,0.1849454641342163
0,0.23215846717357635
0,0.1893305778503418
0,0.19149211049079895
1,0.559313178062439
1,0.9995259046554565
0,0.15265393257141113
0,0.2142782360315323
1,0.10012590885162354
0,0.032418783754110336
0,0.2579526901245117
0,0.3136962950229645
0,0.32043370604515076
0,0.2772044539451599
1,0.9556776881217957
0,0.31949031352996826
1,0.2223651111125946
0,0.09641367197036743
0,0.12429977208375931
1,0.15953271090984344
0,0.21992017328739166
0,0.18054336309432983
0,0.15965431928634644
0,0.2629227340221405
1,0.14304190874099731
1,0.9973164200782776
1,0.21124309301376343
0,0.07017403095960617
0,0.004263555631041527
0,0.06641629338264465
0,0.11675085127353668
0,0.1035773828625679
0,0.30331453680992126
0,1e-06
0,0.047672148793935776
0,0.2972789704799652
0,0.2362133115530014
0,0.0037521878257393837
0,0.22555357217788696
0,0.03503694757819176
0,0.01593070477247238
0,1.5901005099294707e-05
0,0.32537516951560974
0,0.050854600965976715
0,0.46756237745285034
1,0.9892396926879883
0,0.26404744386672974
0,0.15079361200332642
0,0.224872425198555
0,0.18915021419525146
0,0.2409295290708542
0,0.008779391646385193
1,0.1738717406988144
0,0.010732974857091904
0,0.10253573954105377
0,0.2464074045419693
0,0.0005599999567493796
0,0.12583895027637482
0,0.23511162400245667
0,0.1378275603055954
1,0.09684404730796814
0,0.24253423511981964
0,0.0007589021697640419
0,0.28001669049263
0,0.23951059579849243
0,0.3546770215034485
0,0.005417852662503719
0,0.2889823019504547
1,0.9951423406600952
0,0.441119521856308
0,0.05771202966570854
0,0.08919402211904526
0,0.10114288330078125
0,0.07044294476509094
0,0.206105038523674
0,0.3446318507194519
0,0.25405153632164
0,0.00010484596714377403
1,0.9990313053131104
1,0.9999831914901733
0,0.005972172133624554
1,0.31068429350852966
1,0.19649475812911987
0,3.6689366424980108e-06
0,0.09185422956943512
0,0.14167608320713043
0,0.010598703287541866
0,0.23033075034618378
0,0.23208528757095337
0,0.18421058356761932
1,0.3257632851600647
0,0.28994637727737427
0,0.013178447261452675
0,0.06521369516849518
0,0.20398066937923431
1,0.9942858815193176
0,0.03885235637426376
0,0.11794792115688324
0,0.1664821356534958
0,0.14821027219295502
0,0.2244853526353836
0,0.02491689845919609
0,0.2498621940612793
0,0.21119537949562073
1,0.31290021538734436
1,0.9944803714752197
1,0.305748850107193
1,0.19265460968017578
0,0.1418689489364624
1,0.33266496658325195
0,0.08675835281610489
0,0.24870076775550842
0,0.15214529633522034
0,0.11378316581249237
0,0.05953850597143173
1,0.25481927394866943
0,0.11287347227334976
0,0.24501122534275055
0,0.0012496283743530512
0,0.142028346657753
0,0.18457376956939697
0,8.6223277321551e-05
0,0.04145326465368271
0,0.12475206702947617
0,0.00920383632183075
0,0.1422046273946762
0,1e-06
0,0.12891122698783875
0,0.22930492460727692
0,0.0054920995607972145
0,0.0006871435325592756
0,0.2258121818304062
0,0.0008010948658920825
0,0.23057067394256592
0,0.031033936887979507
0,0.010506675578653812
0,0.12607353925704956
0,0.16477903723716736
1,0.9981468915939331
0,0.07444407790899277
0,0.0006444715545512736
0,0.07316256314516068
0,0.11763828247785568
0,0.3026169240474701
0,0.0011708149686455727
0,0.009457769803702831
1,0.024134475737810135
1,0.2989466190338135
0,0.15399286150932312
0,0.03328382596373558
0,0.12268891930580139
0,0.24070419371128082
0,0.007185214664787054
0,0.025306934490799904
0,0.0009518465958535671
0,0.0571129284799099
0,0.14135487377643585
0,0.09773917496204376
0,0.007450050674378872
1,0.4551127254962921
1,0.20515866577625275
0,0.3450208306312561
1,0.18238136172294617
0,0.18751715123653412
0,0.05763544142246246
0,0.0005435232887975872
1,0.9835475087165833
0,0.20364625751972198
0,0.1472831815481186
0,6.458570624090498e-06
1,0.9994263648986816
0,1.855243681347929e-06
0,9.03163745533675e-05
0,0.00317813316360116
1,0.16915418207645416
0,0.05605009198188782
0,0.15859608352184296
0,0.28324615955352783
0,0.25270357728004456
0,0.1424996256828308
0,0.17391268908977509
1,0.022551825270056725
0,0.046342767775058746
0,0.15298333764076233
0,0.18829286098480225
0,0.37168195843696594
0,0.1494320183992386
0,0.24068182706832886
1,0.2604903280735016
0,0.15207213163375854
1,0.3679259121417999
0,0.13322092592716217
0,0.037904541939496994
0,0.0033424017019569874
0,0.022597433999180794
0,0.05244370922446251
0,0.20288848876953125
0,1e-06
0,0.21770191192626953
0,0.0040384745225310326
0,0.10070657730102539
0,0.14341501891613007
0,0.10196896642446518
0,0.27557194232940674
1,0.1060534417629242
1,0.1449374258518219
0,0.15385083854198456
1,0.9996644258499146
0,0.23306389153003693
0,0.21352475881576538
1,0.2556653320789337
0,0.003401008900254965
0,0.10862154513597488
0,0.08802588284015656
1,0.4822695255279541
0,0.2039193958044052
0,0.05433567613363266
0,0.15751250088214874
1,0.9997020363807678
0,0.22637952864170074
0,0.003048162441700697
0,0.09344151616096497
0,0.007326762191951275
1,0.9983614087104797
0,0.16746248304843903
0,0.19385716319084167
0,0.0027420565020292997
0,0.1496247798204422
0,0.318060040473938
0,0.16624554991722107
0,0.2697327733039856
0,0.24911680817604065
0,0.2356254607439041
0,0.08088253438472748
1,0.10180973261594772
0,0.24196229875087738
0,0.04471837729215622
0,0.007896981202065945
0,0.22718274593353271
0,0.037596140056848526
0,0.14369414746761322
0,7.920222742541227e-06
1,0.8159164190292358
1,0.9999710321426392
0,0.02819685824215412
0,0.10771360248327255
1,0.9994379878044128
0,0.008028519339859486
0,0.2126123011112213
0,0.0032041717786341906
0,0.22762607038021088
0,0.3292427062988281
1,0.9035645127296448
0,6.245417898753658e-05
0,0.0004474156303331256
0,0.12122491002082825
0,0.11826124042272568
0,0.01224311999976635
0,0.3044184148311615
0,0.03755909204483032
0,0.1543022096157074
0,0.22664786875247955
1,0.3033788800239563
0,0.2640569508075714
0,0.1184200793504715
0,0.23260924220085144
1,0.9836106300354004
0,0.0021211577113717794
1,0.21040280163288116
0,0.03531503677368164
0,0.160204216837883
0,0.1788340061903
1,0.9991297125816345
0,0.1050570085644722
0,0.08331062644720078
0,2.0451145701372297e-06
0,0.0012063552858307958
0,0.04865654930472374
0,0.0011675095884129405
0,0.010170708410441875
0,0.04438911750912666
0,0.11991017311811447
0,0.21913212537765503
0,0.010022665373980999
0,0.3532441258430481
0,0.2055436372756958
0,0.23243248462677002
0,0.037385497242212296
1,0.29317888617515564
0,0.37395623326301575
1,0.953403651714325
0,0.19121381640434265
0,0.05441847816109657
1,0.9991772770881653
0,0.0026805188972502947
0,0.1891079545021057
1,0.9996721744537354
1,0.2863806188106537
0,0.00962422601878643
1,0.3342849612236023
0,0.01654878444969654
0,0.005375713109970093
0,0.38505247235298157
0,0.1571820080280304
0,0.07915136218070984
0,0.14152728021144867
0,0.1409977525472641
0,0.1975264996290207
0,0.0007714322418905795
1,0.9992696642875671
0,0.10519639402627945
0,0.27202218770980835
0,0.06017277389764786
0,0.1591309756040573
0,0.0033924290910363197
0,0.19520005583763123
0,0.16911332309246063
0,0.048873379826545715
0,0.27782538533210754
0,0.2907278537750244
1,0.2788829505443573
1,0.9952012300491333
1,0.15076971054077148
0,0.0001166927904705517
0,0.21861010789871216
0,0.13246595859527588
0,0.33955878019332886
0,0.09770885854959488
0,0.13611723482608795
0,0.3062117099761963
0,0.1133819967508316
0,0.010377800092101097
0,0.25228655338287354
0,0.16222435235977173
0,0.007637192495167255
0,0.008767361752688885
0,0.28741466999053955
0,0.16473416984081268
0,0.1899755597114563
0,0.0016896509332582355
0,0.3087249994277954
0,0.33347758650779724
1,0.4355989992618561
1,0.15833702683448792
0,0.1171409860253334
0,0.36112868785858154
0,0.2829057276248932
0,0.03917698562145233
1,0.28410911560058594
0,0.1258118748664856
0,0.004045475274324417
0,0.017071159556508064
1,0.9993982315063477
0,0.052336521446704865
0,0.04202922061085701
0,0.07813657075166702
0,0.10221108049154282
0,0.08056187629699707
0,0.1610429733991623
0,0.1366099715232849
1,0.9305983185768127
0,0.13043507933616638
0,0.12434393912553787
0,0.2166116088628769
0,0.001122021465562284
0,0.021437201648950577
0,0.19248341023921967
0,0.2715907394886017
1,0.17530557513237
0,0.4712962210178375
1,0.16240626573562622
0,0.060971494764089584
0,0.20284675061702728
0,0.03324845805764198
0,0.2110941857099533
0,0.10752792656421661
0,0.0005212464020587504
0,0.1835288256406784
0,0.26586195826530457
1,0.31972405314445496
0,0.21629451215267181
0,0.010267065837979317
0,0.08105822652578354
1,0.6939442157745361
0,0.13362984359264374
0,0.0017094974173232913
0,0.27992814779281616
0,0.432606041431427
0,0.05641348287463188
0,0.032706137746572495
1,0.11421269178390503
0,0.20027847588062286
0,0.00028192787431180477
1,0.2918516993522644
0,0.41028860211372375
0,7.598601951031014e-05
0,0.17520789802074432
0,0.32154110074043274
0,0.007208140101283789
0,0.09661510586738586
0,0.022231819108128548
0,0.029673097655177116
0,0.1615777164697647
0,0.005751923192292452
1,0.5022815465927124
1,0.9960247278213501
0,0.19422724843025208
0,0.06877004355192184
1,0.9995079040527344
1,0.11669322103261948
0,0.3529200255870819
1,0.29049423336982727
0,0.12577544152736664
0,0.02214302122592926
0,0.3353298306465149
0,0.22757668793201447
0,0.2561037242412567
1,0.9996623992919922
0,0.007217686157673597
0,0.26803600788116455
0,0.010453813709318638
0,0.25587886571884155
0,0.03433246165513992
0,0.2076367735862732
1,0.9997679591178894
0,0.1038372665643692
0,0.2653657793998718
0,0.006268931087106466
0,0.11775559931993484
0,0.002059162827208638
1,0.15038670599460602
0,0.13144269585609436
0,0.005121114198118448
0,0.24767127633094788
1,0.021016154438257217
0,0.0028592953458428383
0,2.078727266052738e-05
0,0.003582184435799718
0,0.14866653084754944
0,0.06362368911504745
1,0.1240684986114502
0,0.25609642267227173
0,0.1849856674671173
1,0.36729705333709717
0,0.007540418766438961
0,0.1651155650615692
1,0.9984849095344543
0,1e-06
0,0.017243722453713417
0,0.061534684151411057
0,0.023475203663110733
0,0.1775733381509781
0,0.3096030056476593
0,0.026306964457035065
1,0.020225174725055695
0,0.07972308248281479
0,0.27988919615745544
0,0.00012323430564720184
0,0.24214965105056763
0,0.3288768231868744
0,0.22308611869812012
0,0.10367168486118317
0,0.313800185918808
0,0.00012526605860330164
0,0.2098839282989502
0,0.05376501753926277
0,0.00029486941639333963
0,1.6382717831220361e-06
0,0.1681203842163086
0,0.14173734188079834
0,0.003352465108036995
1,0.37912246584892273
0,0.068585105240345
0,0.2849467098712921
0,0.1384582221508026
0,0.2561640739440918
1,0.9993175268173218
0,0.22724314033985138
0,0.16909067332744598
0,0.48386749625205994
0,1e-06
0,0.1350363940000534
0,0.08410463482141495
1,0.9994533658027649
0,0.18028293550014496
0,0.1133778914809227
0,0.03119185008108616
0,0.30048298835754395
0,0.2367325872182846
0,0.19493713974952698
0,0.18057356774806976
0,0.03614912927150726
0,0.27682381868362427
0,0.05569414794445038
0,0.0015695638721808791
0,0.05378875508904457
0,9.985335054807365e-05
0,0.17623798549175262
0,0.003889879211783409
0,0.05382625013589859
0,0.00031272106571123004
0,1.619422073417809e-05
0,0.14841094613075256
0,0.08099440485239029
0,0.29138240218162537
1,0.9568074345588684
0,0.06242121011018753
0,0.03746766224503517
0,0.1504402756690979
0,0.001294681685976684
0,0.23107968270778656
1,0.01721024326980114
0,0.13643397390842438
0,0.33660179376602173
1,0.9997058510780334
0,0.07031867653131485
0,0.07684849202632904
1,0.17526647448539734
0,0.020292874425649643
0,0.04862486943602562
0,0.2081647664308548
0,0.005936252884566784
1,0.998478353023529
0,0.23499701917171478
1,0.26846981048583984
0,0.1342521458864212
0,0.23957237601280212
0,0.235177144408226
0,0.005352699663490057
1,0.28086405992507935
0,0.3159237504005432
0,0.220895916223526
1,0.999769389629364
0,0.12418346852064133
0,0.06624627113342285
0,0.07608116418123245
0,0.236002579331398
0,0.18951310217380524
1,0.9993616938591003
0,0.0026232032105326653
0,0.28077432513237
0,0.28436100482940674
0,0.0074020083993673325
1,0.016354942694306374
0,0.2873276472091675
0,0.2148260623216629
0,0.22547750174999237
0,0.15833573043346405
0,0.2021181434392929
0,0.2761324346065521
0,0.15912245213985443
0,0.051211751997470856
1,0.9998675584793091
0,1e-06
0,0.0004408915410749614
0,0.12317337095737457
0,0.03828800842165947
0,0.014428460039198399
0,0.1858767718076706
0,0.26075854897499084
0,0.010415811091661453
1,0.10887077450752258
0,0.18698303401470184
0,0.5592864155769348
0,0.11706605553627014
0,0.08438068628311157
0,0.14835456013679504
0,0.14637815952301025
0,0.1443757712841034
0,0.2669619619846344
0,0.21441924571990967
0,0.00025861692847684026
0,0.17087803781032562
0,0.12975360453128815
0,0.18366213142871857
0,0.270967572927475
0,0.021265694871544838
0,0.002138948068022728
0,0.15052366256713867
0,0.1651802808046341
1,0.7090709805488586
0,0.06910210102796555
0,0.2229640632867813
0,0.29125073552131653
0,0.18440477550029755
0,0.04120796173810959
0,0.05995047837495804
0,0.21971264481544495
1,0.3350891172885895
0,0.17068906128406525
0,0.005327117163687944
0,0.0028029733803123236
0,0.2532652020454407
0,0.0016647364245727658
0,0.15075553953647614
0,0.38210850954055786
1,0.9996905326843262
0,0.015475993044674397
1,0.23147299885749817
0,0.24767015874385834
0,0.019355392083525658
0,0.048036713153123856
0,0.009587738662958145
0,0.24777725338935852
0,0.011285604909062386
0,0.00035291051608510315
1,0.42083948850631714
0,0.031105028465390205
0,1e-06
1,0.10592514276504517
1,0.5151327848434448
0,0.20353175699710846
0,0.011959598399698734
0,0.056359924376010895
0,0.05811762809753418
0,0.2109210342168808
0,0.1287873238325119
0,0.2618856430053711
0,0.09282559901475906
1,0.2623664438724518
0,0.037204109132289886
0,0.3919540047645569
1,0.9065553545951843
0,0.25272104144096375
0,0.04796929284930229
0,0.12044210731983185
0,0.5986955165863037
0,0.4549671411514282
0,0.2110143005847931
1,0.9980012774467468
0,0.00033017064561136067
0,0.007218117360025644
0,0.28094300627708435
0,0.14996206760406494
1,0.9984728693962097
0,0.13150346279144287
0,0.0001186012159450911
0,0.05832374468445778
0,0.3185402452945709
0,0.1505652219057083
0,0.028641827404499054
0,0.23784057796001434
0,0.037437375634908676
0,0.06604127585887909
0,8.500747208017856e-05
0,0.12820535898208618
0,0.3531228303909302
0,0.016403570771217346
0,0.26265794038772583
1,0.17563536763191223
0,0.17258517444133759
0,0.237964928150177
0,0.22736001014709473
0,0.03451540321111679
0,0.16631267964839935
1,0.9924617409706116
0,0.1832587718963623
1,0.27108627557754517
0,0.0029697460122406483
0,0.333301305770874
0,0.13391351699829102
1,0.12191861867904663
0,0.20362447202205658
0,0.0004176532384008169
0,0.14580021798610687
0,0.05964193865656853
0,0.08900927007198334
0,0.07956846803426743
0,0.10603992640972137
0,2.3642272935830988e-05
0,0.08852728456258774
0,0.004860629327595234
0,0.024105435237288475
0,0.08386889845132828
0,0.013525212183594704
0,0.11476913839578629
1,0.10832903534173965
0,0.0035678886342793703
0,6.495639536296949e-05
1,0.36890658736228943
0,0.21713072061538696
0,0.3528378903865814
1,0.3994477689266205
1,0.14237594604492188
0,0.16683782637119293
1,0.999510645866394
0,0.013424048200249672
0,0.1750979870557785
1,0.9912075996398926
0,0.04532884806394577
0,0.3335960805416107
0,0.27420181035995483
0,0.2373790293931961
1,0.4776100218296051
0,0.0002707467065192759
0,0.17705297470092773
0,0.10258457064628601
0,0.010177263990044594
0,0.06723976880311966
0,0.2132447361946106
0,0.20702886581420898
0,0.0021250005811452866
0,0.11460920423269272
0,0.11841167509555817
1,0.26018786430358887
0,0.11446287482976913
0,0.039643947035074234
0,0.12186194211244583
0,0.1348733901977539
0,0.409818172454834
1,0.16672834753990173
0,0.005968758836388588
1,0.9886998534202576
0,0.002482305048033595
1,0.9990196228027344
0,0.26245832443237305
1,0.2634966969490051
0,0.1856071949005127
1,0.9903658628463745
0,0.043677281588315964
0,0.24575595557689667
1,0.26556187868118286
0,0.0005359394126571715
0,0.24710242450237274
0,0.2800428569316864
0,0.26544398069381714
0,0.016334373503923416
1,0.2485286444425583
1,0.9990317821502686
0,0.17739926278591156
0,0.26178479194641113
0,0.267257958650589
0,0.000782607588917017
0,0.050108686089515686
0,0.0557405985891819
0,0.18061234056949615
0,0.2805972695350647
1,0.3699072301387787
0,0.12116549909114838
0,0.058632925152778625
0,0.12222796678543091
0,0.028647633269429207
0,0.010948223061859608
0,0.44553813338279724
0,0.3196508288383484
0,0.011965466663241386
1,0.9998410940170288
0,0.34787455201148987
0,0.22949619591236115
1,0.2045411318540573
0,0.016961822286248207
0,0.0137685127556324
0,0.12910430133342743
1,0.9998544454574585
1,0.28058651089668274
0,0.11265914142131805
0,1.6040210539358668e-05
0,0.20792730152606964
1,0.9989655017852783
0,0.004866724368184805
0,1e-06
0,0.012567172758281231
0,0.1639789491891861
0,0.37380310893058777
1,0.1960982084274292
0,0.08023884892463684
0,0.15877178311347961
0,0.11190774291753769
0,0.2940663695335388
0,0.12729759514331818
0,0.1918153315782547
0,0.06894803792238235
0,0.06294211745262146
0,0.1475318819284439
0,0.08303364366292953
0,0.08869603276252747
1,0.17846481502056122
0,0.003753829747438431
1,0.20823249220848083
0,1e-06
0,0.10705031454563141
0,0.05550666153430939
0,0.34501269459724426
0,0.15123681724071503
1,0.16319291293621063
0,0.13596491515636444
0,0.13303455710411072
1,0.34971705079078674
0,0.12320521473884583
0,0.1872684210538864
0,0.6446797847747803
1,0.23661862313747406
0,0.020213240757584572
0,0.07382696866989136
0,0.19216564297676086
1,0.9995481371879578
1,0.9996845722198486
0,0.1955568790435791
0,0.20597173273563385
0,0.07523361593484879
0,0.640828013420105
0,0.27616819739341736
0,0.062093596905469894
0,0.008503113873302937
0,0.2311120629310608
1,0.03978104889392853
1,0.9944979548454285
0,3.80154924641829e-05
0,0.13812947273254395
0,0.05402423068881035
0,0.07029565423727036
0,0.31502971053123474
0,0.2361850142478943
0,0.16573867201805115
1,0.15170133113861084
0,0.27003729343414307
1,0.3776876628398895
0,0.10647261142730713
0,0.1831902414560318
1,0.3265822231769562
0,0.2471362054347992
1,0.08562610298395157
0,0.06744563579559326
0,1e-06
0,0.017335573211312294
0,0.031369879841804504
0,0.29189568758010864
0,0.008017263375222683
0,0.014785774983465672
0,0.13831506669521332
0,0.0637533962726593
0,0.018485169857740402
0,0.1634058654308319
1,0.4027843773365021
1,0.4344116151332855
0,0.00988928135484457
0,0.15283936262130737
0,0.27902546525001526
0,0.05129021406173706
0,0.12073232978582382
1,0.9993593096733093
0,0.24285325407981873
0,0.004041480831801891
0,0.016655759885907173
1,0.260250985622406
0,0.245596244931221
0,0.19179993867874146
0,0.21901226043701172
0,0.34486645460128784
0,0.021457897499203682
1,0.27468717098236084
1,0.2623901963233948
0,0.056569766253232956
0,0.0030246726237237453
0,0.0006448393105529249
0,0.2605748772621155
0,0.3039810359477997
0,0.06709729135036469
0,0.20712129771709442
0,0.00032017246121540666
1,0.2553304135799408
0,0.01499657891690731
1,0.2051038146018982
0,0.07858727872371674
0,0.06744424998760223
1,0.3110714852809906
0,0.34076008200645447
0,0.25575146079063416
0,0.17538918554782867
0,0.0065725878812372684
1,0.9989107847213745
0,0.061829350888729095
0,0.26669445633888245
0,0.028156913816928864
1,0.23093022406101227
0,0.028763672336935997
1,0.3088148832321167
0,0.17051707208156586
0,0.34057536721229553
0,0.2452048659324646
1,0.436261385679245
0,0.35498616099357605
1,0.19586089253425598
0,0.5999919176101685
0,0.1788969337940216
0,0.023489363491535187
0,0.00010128357098437846
1,0.3155342936515808
0,0.002104302169755101
0,0.32003575563430786
0,0.0025511151179671288
1,0.3981315791606903
0,0.6552109718322754
0,0.20226441323757172
0,0.16897271573543549
0,0.27611243724823
0,0.02686118893325329
0,0.11702463030815125
1,0.35123828053474426
0,0.2046167254447937
0,0.04663173481822014
0,0.029636099934577942
0,0.25051581859588623
0,0.2148118019104004
0,0.15745478868484497
1,0.2808806598186493
0,0.0036439404357224703
0,0.024923618882894516
0,0.1511223465204239
0,0.20846682786941528
0,0.17557652294635773
0,0.06838372349739075
0,0.16581742465496063
1,0.18040329217910767
0,0.00661587156355381
0,0.14480680227279663
0,0.28109848499298096
0,0.16416867077350616
0,0.466452032327652
0,1e-06
0,0.2894035577774048
0,0.31299200654029846
0,0.46971359848976135
1,0.9999610185623169
0,0.35303181409835815
0,0.37836945056915283
0,0.01543453335762024
0,0.19970791041851044
0,0.17134352028369904
0,0.2442513406276703
0,5.5730528401909396e-05
1,0.9929337501525879
0,0.17529380321502686
0,0.015508634969592094
1,0.3279668092727661
0,0.05497751012444496
0,0.002451643580570817
0,0.09042976796627045
0,0.02891453541815281
0,0.10386565327644348
1,0.3420894742012024
0,0.018989989534020424
0,1e-06
0,0.0008458058000542223
0,0.24129466712474823
0,0.26210927963256836
0,0.015110177919268608
0,0.32079386711120605
0,0.020314116030931473
0,0.23574797809123993
0,0.04089747369289398
0,0.015772512182593346
0,0.08473473787307739
1,0.9975985884666443
0,0.3043123483657837
0,0.07451462745666504
1,0.9980442523956299
0,0.13608239591121674
1,0.9986938834190369
0,0.018889393657445908
1,0.21233204007148743
0,0.08294128626585007
0,0.11310609430074692
0,0.006550085265189409
0,0.056150805205106735
0,0.08963342756032944
0,0.031191017478704453
0,0.16475065052509308
1,0.2679363787174225
0,0.10694809257984161
0,0.0016198809025809169
0,0.09620793908834457
0,0.02982846274971962
0,0.0008031681645661592
1,0.2672666013240814
0,0.1554798185825348
1,0.34627610445022583
0,0.10381361842155457
1,0.014115596190094948
0,0.001118484535254538
1,0.20706427097320557
0,0.17209316790103912
1,0.28047052025794983
0,0.06713436543941498
1,0.993180513381958
1,0.9997038245201111
0,0.2891227602958679
0,0.8928210139274597
0,0.25039318203926086
0,0.06342113763093948
1,0.31533679366111755
0,0.29991450905799866
1,0.998782217502594
0,0.0006652780575677752
0,0.20561116933822632
0,0.2515924572944641
1,0.9997692704200745
1,0.9982491731643677
0,0.017111483961343765
0,0.2222643345594406
0,0.07283169031143188
1,0.2579566240310669
0,0.1748483031988144
0,0.19671063125133514
0,0.17353589832782745
0,0.06452546268701553
0,0.3286938965320587
0,0.2594861388206482
0,0.0423605740070343
1,0.999582827091217
0,0.22910703718662262
0,0.20428046584129333
1,0.9999306201934814
0,0.21797004342079163
0,0.3300936222076416
1,0.9999051094055176
0,0.3293766379356384
0,0.1049211248755455
0,0.062117718160152435
0,0.21123191714286804
0,0.048614252358675
0,0.2325855940580368
1,0.3544745147228241
0,0.08549328148365021
0,0.0002548054326325655
0,0.19584955275058746
0,0.3129449486732483
1,0.999321699142456
0,0.038059208542108536
0,0.15020810067653656
1,0.17078065872192383
0,0.013620913028717041
0,0.18385262787342072
0,0.05449625849723816
0,1e-06
0,0.001538558746688068
0,0.0659196749329567
1,0.23925043642520905
0,0.2654215395450592
1,0.254315584897995
1,0.32562965154647827
0,0.24375733733177185
1,0.21016916632652283
0,0.1562110185623169
0,1.7457799913245253e-05
0,0.21140214800834656
0,0.2348511517047882
1,0.15014846622943878
0,4.5323984522838145e-05
0,0.1911258101463318
0,0.019951101392507553
0,0.034487463533878326
0,0.07371120899915695
0,9.740699897520244e-05
0,1.791991962818429e-05
0,0.10027541220188141
0,0.2653125822544098
0,0.25770893692970276
1,0.3332130014896393
0,0.2515968978404999
0,0.32245710492134094
0,0.09677624702453613
0,0.19486862421035767
1,0.2108565866947174
0,7.233387350424891e-06
0,0.196910098195076
0,0.00226132501848042
1,0.4327212870121002
0,0.22578983008861542
0,0.012717665173113346
0,0.030982207506895065
0,0.14788590371608734
0,0.05145875737071037
0,0.3180912733078003
0,0.19710639119148254
0,0.17557574808597565
0,0.15481214225292206
1,0.04142215475440025
0,0.22892752289772034
0,0.28123384714126587
0,0.1545310616493225
0,0.20248958468437195
0,0.24045632779598236
1,0.9973119497299194
0,0.11796245723962784
0,0.010791966691613197
0,0.15719610452651978
0,0.03273449465632439
0,0.07645858079195023
0,0.011063559912145138
1,0.19180476665496826
0,0.015775194391608238
1,0.32186585664749146
0,0.1287287175655365
0,0.19452187418937683
0,0.021033547818660736
0,0.06575421988964081
0,0.009525122120976448
0,0.22678352892398834
0,0.2882440686225891
0,0.11572033911943436
0,0.22248044610023499
0,0.3438209593296051
0,0.10187208652496338
0,0.20795254409313202
0,0.33616214990615845
0,0.011510632932186127
0,0.014221849851310253
0,0.17779064178466797
0,0.0024863712023943663
0,0.3175707459449768
0,0.1626681238412857
0,0.00513137923553586
0,0.29060083627700806
1,0.331289142370224
0,0.013625288382172585
0,0.23179833590984344
1,0.3755781352519989
0,0.1933688521385193
0,0.23124176263809204
1,0.9997496008872986
0,0.25342151522636414
0,0.00012470828369259834
0,0.10022319853305817
0,0.20490986108779907
0,0.09809579700231552
0,1e-06
1,0.298883318901062
0,0.1144777163863182
0,0.00010898293112404644
0,0.2848915755748749
0,0.03152924403548241
0,0.24688909947872162
0,0.03499209135770798
0,0.2649674713611603
0,0.002652254654094577
0,0.12506720423698425
0,0.09537393599748611
1,0.9986415505409241
0,0.07966279238462448
1,0.9987899661064148
0,0.07047825306653976
0,0.022067151963710785
0,0.15004192292690277
1,0.9998449087142944
0,1e-06
1,0.31545647978782654
0,7.46179557609139e-06
0,0.007776204496622086
1,0.9989632368087769
1,0.9990205764770508
0,0.20079848170280457
0,0.05709223449230194
0,0.07811005413532257
0,0.052345387637615204
0,0.10019758343696594
1,0.16807188093662262
0,0.4424012303352356
0,0.23051036894321442
0,0.07268313318490982
0,0.22181250154972076
0,0.10756561905145645
0,0.09295555204153061
0,0.041332222521305084
0,8.057500963332132e-06
0,6.1656810430577025e-06
1,0.13756416738033295
0,0.0008199579315260053
0,0.0019287916366010904
0,0.026567772030830383
0,0.10273774713277817
0,0.2203354388475418
0,0.009463321417570114
0,0.007573843002319336
0,0.0003857889969367534
0,0.0005600110744126141
1,0.39880290627479553
0,0.25395455956459045
0,7.825708598829806e-05
0,0.462368369102478
1,0.1966695338487625
1,0.18956154584884644
0,0.0329778715968132
0,0.20801541209220886
0,0.028248736634850502
1,0.026009075343608856
1,0.27926716208457947
0,0.14529715478420258
0,0.25918495655059814
0,0.029560524970293045
0,0.17507366836071014
0,0.0049530621618032455
0,0.009292028844356537
0,0.2729363441467285
0,0.010785290040075779
0,0.04869578406214714
1,0.9910997748374939
0,0.1346527338027954
1,0.30617770552635193
0,0.1661127358675003
0,0.018062332645058632
1,0.9999668598175049
1,0.9982522130012512
0,0.021200450137257576
1,0.9995213747024536
0,0.24858692288398743
1,0.8507947325706482
0,0.23264408111572266
0,0.1809825599193573
0,0.06678268313407898
0,0.03343243524432182
0,0.177848219871521
1,0.5619553923606873
0,0.019314073026180267
0,0.09864988178014755
0,0.18172866106033325
0,0.17041060328483582
0,0.20661751925945282
1,0.9857409596443176
0,0.21686622500419617
0,0.028831252828240395
0,0.1850612908601761
1,0.5400669574737549
1,0.12263841927051544
0,0.22985291481018066
0,1e-06
0,0.31307435035705566
0,0.20161627233028412
0,0.005982246249914169
0,0.135776549577713
0,0.0002363513776799664
0,0.1531686931848526
0,0.16603697836399078
0,0.055381231009960175
0,0.21641859412193298
0,0.03611702099442482
0,0.35415783524513245
1,0.09189306199550629
0,0.07029842585325241
0,0.11387939006090164
0,0.25830841064453125
0,0.24088282883167267
0,0.11808771640062332
0,0.03285316005349159
1,0.7206864356994629
0,0.3037959933280945
0,0.06518887728452682
0,0.0018061023438349366
0,0.1944405883550644
0,0.1876775324344635
1,0.27557849884033203
0,0.17216531932353973
1,0.999785840511322
1,0.23238100111484528
0,0.1401088684797287
0,0.15272384881973267
1,0.9988619089126587
1,0.305433452129364
0,0.0025187416467815638
0,0.12669473886489868
0,0.27482911944389343
0,0.005101413000375032
0,0.004218721762299538
0,1e-06
0,0.00033112484379671514
0,0.19375818967819214
0,0.2050909698009491
0,0.07336984574794769
0,0.08464392274618149
0,0.0938272550702095
0,0.2676839530467987
0,0.19269628822803497
0,1e-06
0,0.17392589151859283
0,0.014000256545841694
0,0.025002436712384224
1,0.9999582767486572
0,0.31791725754737854
0,0.1649349182844162
0,0.1235763356089592
0,0.30761682987213135
0,0.006926826201379299
0,0.2563045918941498
0,0.15848718583583832
1,0.9659996032714844
1,0.9981006979942322
0,0.1910189837217331
0,0.39690983295440674
0,1e-06
0,0.2909708023071289
1,0.8093336224555969
0,0.002959165722131729
1,0.1670209765434265
0,0.09118630737066269
0,0.0030491435900330544
0,0.2262050360441208
1,0.1012897714972496
0,0.10299297422170639
0,0.22070421278476715
0,0.19508685171604156
0,0.0982712060213089
0,1e-06
0,0.035068266093730927
0,0.2358160763978958
0,0.037542037665843964
0,0.02847600169479847
0,0.1162843406200409
0,6.86210478306748e-05
1,0.9992761015892029
0,0.3152945041656494
0,8.26525592856342e-06
0,2.8029702662024647e-05
0,0.19451166689395905
0,0.045059990137815475
0,0.0003674033214338124
0,0.07937198877334595
0,0.10447219759225845
0,0.13921990990638733
1,0.9988875985145569
0,0.14188343286514282
0,0.1632274091243744
1,0.9655912518501282
1,0.9972098469734192
0,0.5283758044242859
1,0.09392831474542618
0,0.31022700667381287
0,0.14997577667236328
0,0.047212205827236176
1,0.9989916682243347
0,0.000602975080255419
0,0.12556487321853638
0,0.31397008895874023
0,0.24818962812423706
0,0.19076308608055115
0,0.0028578585479408503
0,0.013768546283245087
0,0.07153898477554321
0,0.0013057247269898653
0,8.235238055931404e-05
1,0.3532334566116333
0,0.2136840969324112
0,0.010388540104031563
1,0.9997978806495667
0,0.2137587070465088
0,0.05741049349308014
0,0.00025152662419714034
0,0.0022152746096253395
0,0.24850356578826904
0,0.3084036111831665
0,0.16922447085380554
0,0.17708516120910645
0,0.15989719331264496
1,0.9999713897705078
1,0.9974502921104431
0,0.2992161214351654
0,0.002316819503903389
0,0.12945911288261414
0,3.2345462386729196e-05
0,0.3626577854156494
0,0.15295065939426422
0,0.331294447183609
0,0.3187636137008667
0,0.094087615609169
0,0.010234178975224495
0,0.22048774361610413
0,0.0023007867857813835
0,0.30745241045951843
0,0.1765107810497284
0,0.034614793956279755
1,0.7979404330253601
0,0.2953290343284607
0,0.28779011964797974
0,0.22652027010917664
0,0.2602618932723999
0,0.29652905464172363
0,0.1430654227733612
0,0.11248157173395157
0,0.19808053970336914
0,0.3266318440437317
1,0.9992138147354126
1,0.27249211072921753
0,0.004574025049805641
0,0.00814860686659813
0,0.01776016503572464
0,0.000855634396430105
1,0.999471127986908
0,0.14673855900764465
0,0.14304032921791077
0,0.23243121802806854
0,0.0741240531206131
0,9.556597797200084e-05
1,0.20490756630897522
0,2.4585740902693942e-05
0,0.02059103175997734
0,0.09263403713703156
0,0.08912129700183868
0,0.0019333517411723733
0,0.022356560453772545
0,0.2362150102853775
0,0.32900699973106384
0,0.09913218021392822
1,0.9997944235801697
0,2.5514136723359115e-06
0,0.4008791148662567
1,0.9924930930137634
0,0.19125854969024658
0,0.18191179633140564
0,0.029785025864839554
0,0.004624905996024609
0,0.174214169383049
0,0.021713752299547195
0,0.00010730903159128502
0,0.00044781077303923666
0,0.005908704828470945
0,0.15910090506076813
0,0.26102080941200256
0,0.1769176423549652
0,0.18761037290096283
0,0.10232295095920563
0,0.009100859984755516
0,0.00021501582523342222
0,0.24153167009353638
0,0.006836997345089912
0,0.24951331317424774
1,0.9991466999053955
0,0.10609965771436691
0,0.25375789403915405
0,0.005043348763138056
0,0.052759021520614624
0,0.020414263010025024
0,0.04511947184801102
1,0.19225674867630005
1,0.9992295503616333
1,0.2556263208389282
0,0.07121401280164719
1,0.1323292851448059
0,0.000281764252576977
0,0.02349402755498886
0,0.26660481095314026
0,0.06790836900472641
0,0.03337675333023071
0,0.16808196902275085
1,0.20314151048660278
1,0.9968568086624146
0,0.0007448969990946352
0,0.1945841908454895
0,0.10291009396314621
0,0.0005196722922846675
0,0.21417228877544403
1,0.13715671002864838
0,0.05484334006905556
0,0.1647830605506897
0,0.04409657046198845
0,0.11649221926927567
0,0.1576601266860962
0,0.11904234439134598
1,0.2762022614479065
0,0.11500319093465805
0,0.007518771570175886
0,0.5378280282020569
0,0.2984490990638733
0,0.18755140900611877
0,0.1886165887117386
1,0.9886518120765686
0,0.14240624010562897
0,0.1535915583372116
0,0.3184490203857422
0,0.175441175699234
0,0.055523041635751724
0,0.12554576992988586
0,0.05917711928486824
0,0.29690051078796387
0,0.08835826814174652
0,0.004411729983985424
0,0.11608587205410004
1,0.23194308578968048
0,0.07887761294841766
0,0.2343769520521164
1,0.2099919319152832
0,0.1453379988670349
0,0.04190482571721077
0,0.058904971927404404
0,0.0004264828166924417
0,0.00036835973151028156
0,0.019499996677041054
1,0.9893710613250732
0,0.0023800362832844257
0,0.1554265320301056
0,0.4904479384422302
1,0.17476217448711395
0,0.08741781115531921
0,0.11903300136327744
0,0.037837084382772446
0,0.282101571559906
1,0.2311130315065384
0,0.08575084060430527
0,0.27045536041259766
0,0.26338574290275574
0,0.47653526067733765
1,0.19942137598991394
0,0.07951326668262482
0,0.12386894971132278
0,0.23334944248199463
0,0.00010505363752599806
0,0.31784334778785706
0,0.11836676299571991
0,0.2042500227689743
0,0.1729581654071808
0,0.06716008484363556
0,0.17177140712738037
0,0.08121063560247421
0,0.005445376504212618
0,0.020378880202770233
1,0.20760658383369446
0,0.07230634242296219
0,0.024846671149134636
0,0.1953447163105011
0,0.004772508051246405
1,0.2881118953227997
0,0.006949874106794596
0,0.022870173677802086
0,0.2558300793170929
0,0.2111455798149109
1,0.2895580232143402
0,0.0004898461629636586
0,0.42994800209999084
0,0.2960016429424286
0,0.31618788838386536
0,0.02362053096294403
0,0.08345478028059006
0,0.13339291512966156
0,0.2644432485103607
0,0.0897429957985878
0,0.007498946040868759
0,0.009730943478643894
0,0.057110127061605453
1,0.16939038038253784
0,0.03754991292953491
0,0.2301177680492401
0,0.13201099634170532
0,0.00095871597295627
1,0.9997212290763855
0,1.5862657164689153e-05
1,0.9991958737373352
0,0.23957453668117523
0,0.008596707135438919
0,0.03974897786974907
0,0.047719746828079224
1,0.20934392511844635
0,0.1586643010377884
0,0.21566438674926758
1,0.299906462430954
0,0.0001521941740065813
0,0.0047417329624295235
0,1e-06
0,0.22272233664989471
0,1.6758922356530093e-05
1,0.27549585700035095
1,0.3537706732749939
0,0.05946504697203636
0,0.03501969948410988
0,0.020979642868041992
0,0.041813235729932785
1,0.2716054618358612
0,0.0008106522727757692
1,0.2754780948162079
1,0.23926123976707458
1,0.23450016975402832
1,0.9998910427093506
0,0.08960922807455063
1,0.907480001449585
1,0.2937719523906708
1,0.16405203938484192
0,0.21548105776309967
0,0.17927615344524384
1,0.9988614320755005
0,0.0033892791252583265
0,0.1689390242099762
1,0.999841570854187
1,0.2681620419025421
0,0.18462587893009186
0,0.09843157231807709
0,0.07513269037008286
0,6.811169441789389e-05
1,0.997150719165802
1,0.9991307854652405
0,0.08021289110183716
0,0.15681645274162292
0,3.201415529474616e-05
0,0.08489932119846344
0,0.0021241623908281326
0,0.05005078390240669
0,0.05296219512820244
0,0.20727817714214325
0,0.061530888080596924
0,0.14078600704669952
0,0.11955375969409943
1,0.29573023319244385
0,0.012085745111107826
0,0.24789398908615112
0,0.13256724178791046
0,0.33273544907569885
0,0.0004541241214610636
0,0.3035641312599182
1,0.5053848624229431
0,0.1204625815153122
0,0.10082222521305084
0,0.024480536580085754
1,0.997820258140564
0,0.2820167541503906
0,0.049753811210393906
1,0.192978635430336
0,0.05256542190909386
1,0.9971131086349487
0,0.025529246777296066
0,0.0409654825925827
0,0.010697012767195702
1,0.9998980760574341
0,4.42689961346332e-05
0,0.06789977103471756
1,0.2388962060213089
1,0.9997578263282776
0,0.25325992703437805
0,0.0028761099092662334
0,0.8315122127532959
1,0.9976785778999329
0,0.22628897428512573
0,0.15837782621383667
0,0.2848726809024811
0,0.2161353975534439
0,0.08542858809232712
0,0.030332455411553383
0,0.46491891145706177
0,0.09789831191301346
0,0.18213866651058197
0,0.2262158989906311
0,0.17312610149383545
1,0.2517684996128082
1,0.9997929930686951
0,0.2303532063961029
0,0.33429139852523804
0,0.07860466092824936
0,0.14677582681179047
0,0.004912437871098518
0,0.21644701063632965
0,0.19836024940013885
0,0.11235916614532471
1,0.27326440811157227
0,0.36650702357292175
0,0.17745047807693481
0,0.11360719799995422
0,0.1915377676486969
0,0.0859711617231369
0,0.0007247255998663604
0,0.47442740201950073
0,0.3444380462169647
0,0.2020965963602066
0,0.18650922179222107
0,0.2496718019247055
0,0.19405300915241241
0,0.17376099526882172
0,0.022094622254371643
0,0.00029770118999294937
1,0.9890763759613037
0,0.07898126542568207
0,0.18624669313430786
0,0.23612257838249207
1,0.9996352195739746
0,0.34224551916122437
0,0.0177482757717371
0,0.15175974369049072
0,0.2897057831287384
0,0.2336001992225647
0,0.1398812234401703
0,0.02082827314734459
1,0.18222330510616302
0,0.2857576608657837
0,0.02596965804696083
1,0.9836732149124146
0,0.030218156054615974
0,0.08732637017965317
1,0.9991412162780762
0,0.36683839559555054
1,0.999953031539917
0,0.09647049754858017
0,0.10450945049524307
0,0.0006326226284727454
1,0.1821453869342804
0,0.06852153688669205
0,0.37622013688087463
0,0.2517334818840027
0,0.08530330657958984
0,0.018278947100043297
1,0.2744893729686737
0,0.0001392993435729295
0,0.0653049573302269
0,0.17139799892902374
0,0.2226269692182541
1,0.057408712804317474
0,0.07955756038427353
1,0.9995396137237549
0,0.0019511646823957562
0,0.10496963560581207
1,0.1161930188536644
1,0.9997538924217224
0,0.29858940839767456
0,0.15830683708190918
0,0.162385493516922
0,0.18876922130584717
0,0.0658399686217308
0,0.11431612819433212
0,0.09903590381145477
0,0.0008526552119292319
0,0.27829447388648987
0,0.003376012435182929
0,0.33960801362991333
1,0.20720018446445465
0,0.1120857447385788
0,0.11104382574558258
0,0.08507633209228516
0,0.16741178929805756
0,0.03312957286834717
0,0.16292820870876312
0,0.1443822979927063
0,0.2116868942975998
0,0.0003221860679332167
0,4.5217006118036807e-05
0,3.888365608872846e-05
0,0.000585899455472827
0,0.005317060276865959
0,0.2016158252954483
0,0.18300528824329376
1,0.15112097561359406
1,0.2102307379245758
0,0.0032407932449132204
0,0.05339127779006958
0,0.1519518494606018
0,0.000808642478659749
1,0.26484858989715576
0,0.13568684458732605
0,0.3942486643791199
0,1e-06
0,0.21174947917461395
0,0.031499262899160385
0,0.07679618149995804
0,0.11410780251026154
1,0.8214332461357117
0,0.16721005737781525
0,0.1643620878458023
0,0.1192089170217514
0,0.2725440561771393
0,0.33138975501060486
0,0.0025025131180882454
1,0.2982756793498993
0,0.09980914741754532
0,0.21549905836582184
0,0.03711201995611191
0,0.1564561128616333
0,0.039514705538749695
0,0.07878533005714417
0,0.37232354283332825
1,0.498174250125885
0,8.170735964085907e-05
0,5.841516667715041e-06
1,0.171380415558815
0,0.023672889918088913
0,0.10745993256568909
0,1e-06
0,0.00039848574670031667
0,0.1440366506576538
1,0.16871675848960876
0,0.21372289955615997
0,0.18734954297542572
1,0.3112843632698059
0,0.11445280909538269
1,0.9972513318061829
0,0.04739973694086075
1,0.3664410412311554
1,0.3430194556713104
1,0.9641029834747314
0,0.18533499538898468
0,0.0011331764981150627
0,0.00019614616758190095
0,0.2958662807941437
0,0.12446179986000061
1,0.9974096417427063
0,0.13348372280597687
1,0.08987920731306076
0,0.13500791788101196
0,0.16234122216701508
1,0.06387324631214142
0,0.25215470790863037
0,0.0068647656589746475
0,0.2831173241138458
0,0.05924747511744499
1,0.9976512789726257
0,0.0531148836016655
0,0.04724136367440224
0,0.30877283215522766
0,0.26745763421058655
0,0.3397408425807953
0,0.2528199553489685
0,0.13482877612113953
1,0.1861872673034668
0,0.17067967355251312
0,0.05019933357834816
0,0.19054846465587616
0,0.062464967370033264
0,0.02183990180492401
0,0.0016876221634447575
0,0.01586819253861904
0,0.00032461376395076513
0,1e-06
1,0.9979490637779236
0,0.2346518188714981
0,0.023431895300745964
0,0.06845555454492569
1,0.11767338216304779
0,0.00012531517131719738
0,0.10343050956726074
0,0.00020035340276081115
0,0.0005763387307524681
0,0.010040721856057644
0,0.34004834294319153
0,0.0022174709010869265
0,0.13324332237243652
0,0.0009959132876247168
0,0.029786650091409683
0,0.17953120172023773
0,0.08646821230649948
0,0.18116308748722076
0,0.02326570264995098
0,0.008603175170719624
0,0.24009326100349426
0,0.16403594613075256
1,0.22771187126636505
0,9.729589692142326e-06
0,0.1904972642660141
0,0.0031752961222082376
0,0.05718593671917915
0,0.006011329125612974
0,0.28410714864730835
1,0.2151690572500229
1,0.9975302815437317
0,0.036801669746637344
0,0.001038851565681398
0,0.004990706220269203
0,0.005858341231942177
0,0.2825082838535309
0,0.06658206135034561
1,0.9997796416282654
0,0.16519971191883087
1,0.7262919545173645
0,0.009928475134074688
0,2.6586551484797383e-06
0,0.1803472936153412
0,0.08909160643815994
0,0.009186932817101479
0,0.20351675152778625
0,0.18391835689544678
1,0.9993069171905518
0,0.2108684778213501
0,0.5116222500801086
1,0.13511143624782562
0,0.3172121047973633
0,0.10471490770578384
0,0.200066477060318
0,0.18680782616138458
1,0.5125393867492676
0,0.03601318970322609
1,0.9994139671325684
0,0.07747635245323181
0,0.27070823311805725
0,0.18628738820552826
0,0.011554185301065445
0,0.20917268097400665
1,0.9979222416877747
0,0.1600915640592575
0,7.723252201685682e-05
1,0.44266217947006226
1,0.9986724853515625
0,0.003947729244828224
0,0.2483186274766922
1,0.33512213826179504
0,0.01842532679438591
0,0.012485072948038578
1,0.2354532927274704
0,0.09393540024757385
0,1.584875121807272e-06
0,0.0010074812453240156
0,0.02109670080244541
1,0.9996312856674194
0,0.07488561421632767
0,0.13876236975193024
0,8.133113624353427e-06
0,0.08405554294586182
0,0.11244077980518341
0,0.008292934857308865
0,0.0061595244333148
0,0.0466572530567646
1,0.9996917247772217
0,0.21266518533229828
0,0.17819827795028687
1,0.08697576820850372
0,0.17549918591976166
0,0.34128743410110474
1,0.5127654075622559
0,0.09805592149496078
1,0.3293597102165222
0,0.08014217764139175
1,0.1566169559955597
0,0.34552377462387085
0,0.0980384349822998
0,0.17788533866405487
0,0.2706199288368225
0,0.03457668051123619
0,0.15743310749530792
0,0.13943497836589813
0,0.17133724689483643
0,0.07116060703992844
0,0.010121664963662624
0,2.8075071895727888e-05
1,0.9992350339889526
0,0.004845828283578157
0,0.10877888649702072
0,0.39151090383529663
0,0.020324209704995155
0,0.04386734217405319
0,0.42190736532211304
0,0.009613310918211937
0,0.0594584159553051
0,0.29024991393089294
1,0.21440860629081726
0,1.3265033885545563e-05
1,0.056616611778736115
0,0.2475091964006424
0,0.15846771001815796
0,0.0558246485888958
0,0.04147649183869362
1,0.21498245000839233
0,0.05595497786998749
0,0.22460071742534637
0,0.1925293654203415
0,5.082799179945141e-05
0,0.0001677304389886558
0,0.07096747308969498
0,0.0012572603300213814
0,0.19227421283721924
0,0.08842996507883072
0,6.056953679944854e-06
1,0.9958957433700562
0,0.003851463319733739
0,7.149465091060847e-05
1,0.9958414435386658
0,0.46603286266326904
1,0.2628391981124878
0,0.18590301275253296
1,0.5979688167572021
0,0.2746351659297943
0,0.2212505340576172
0,0.32549288868904114
0,0.21603865921497345
1,0.49984151124954224
0,0.021927377209067345
0,0.10963025689125061
0,0.07280714064836502
0,0.0005142446025274694
1,0.2901003956794739
0,0.23281577229499817
0,0.008421104401350021
0,0.3155539035797119
0,0.16893291473388672
0,0.03582308813929558
1,0.9998248219490051
1,0.9883759021759033
1,0.9980255365371704
0,0.011485951952636242
0,0.024027034640312195
0,0.0733489841222763
0,0.09448815882205963
0,0.049894560128450394
0,0.2989387512207031
0,0.17515894770622253
0,0.11800000071525574
0,0.02115274965763092
1,0.998572587966919
0,0.023101696744561195
1,0.40062054991722107
0,0.3059500753879547
0,0.3437955379486084
0,0.04640651121735573
0,0.00037044251803308725
0,0.13580678403377533
0,0.21735608577728271
0,1e-06
0,5.48627031093929e-06
0,0.06957783550024033
0,0.3031695485115051
1,0.49572843313217163
1,0.34036365151405334
0,0.29735252261161804
0,0.23184457421302795
0,0.35552462935447693
0,0.2405266910791397
0,0.35929247736930847
0,0.09091123193502426
0,0.07138211280107498
0,0.0993034765124321
1,0.9985812902450562
0,0.15224723517894745
1,0.9990092515945435
0,1e-06
0,0.01324125099927187
0,0.26366740465164185
0,0.008943727239966393
0,0.07665643095970154
0,0.16737514734268188
0,1e-06
0,0.1447947919368744
1,0.29444122314453125
0,0.002473041880875826
0,0.0008408136782236397
0,0.13009624183177948
0,0.17134883999824524
0,0.08138971775770187
0,0.21744613349437714
0,0.11422750353813171
1,0.9987408518791199
1,0.08849585056304932
0,0.33072274923324585
0,0.08276710659265518
0,0.17671668529510498
0,0.3690670430660248
0,0.10847698152065277
0,0.05396101251244545
0,0.14574140310287476
0,0.10576099902391434
0,0.01447262242436409
0,0.07952211797237396
0,0.2997856140136719
0,0.0007409665849991143
1,0.998375415802002
0,0.138999342918396
0,0.18816985189914703
1,0.15939930081367493
0,0.25120821595191956
0,0.1987047642469406
0,0.07486037909984589
1,0.9943102598190308
0,0.09234572947025299
0,0.257716566324234
0,0.04386156424880028
0,0.2810506522655487
0,0.17936891317367554
0,0.11949022114276886
0,0.030240735039114952
0,0.2455134093761444
0,0.1625988930463791
0,0.09978194534778595
0,0.047244034707546234
0,0.21500493586063385
0,0.12754641473293304
0,0.26634007692337036
0,0.24933937191963196
0,0.2452717274427414
0,0.021157588809728622
1,0.9998036026954651
0,0.1483973115682602
0,0.17260867357254028
0,0.035942818969488144
1,0.34719234704971313
0,0.06673039495944977
1,0.9757038354873657
0,0.11003454029560089
1,0.9956679344177246
0,0.004924043081700802
0,0.1764640063047409
0,0.013918697834014893
0,0.0391414575278759
1,0.9994794726371765
0,0.014939531683921814
0,0.14082880318164825
0,0.002814849838614464
0,0.1624518483877182
1,0.170102059841156
0,0.12401236593723297
0,0.1580514907836914
1,0.9985590577125549
1,0.9995566010475159
0,0.0013387779472395778
0,0.0014963498106226325
0,0.03219690918922424
0,0.14027968049049377
0,0.16656289994716644
0,0.10997635126113892
0,0.0033092203084379435
0,0.08234934508800507
0,9.713485633255914e-05
0,0.3147161304950714
0,0.1500001847743988
0,0.037360887974500656
1,0.9998456239700317
0,0.21100090444087982
0,0.22120119631290436
0,0.1172560304403305
0,0.17514055967330933
1,0.9776237607002258
0,0.01916465163230896
0,0.1605927050113678
0,0.1217927485704422
0,0.10691576451063156
0,0.22551411390304565
0,4.93263105454389e-05
0,0.0008896776125766337
0,0.10017020255327225
0,0.24357670545578003
0,0.021305840462446213
1,0.9996687173843384
0,0.3168375790119171
0,0.19428126513957977
0,0.01456031296402216
0,0.18865558505058289
0,0.26645582914352417
0,0.15711599588394165
1,0.9989783763885498
0,0.05979479104280472
0,5.863525439053774e-05
0,2.9218908821349032e-06
0,0.019132092595100403
1,0.3728136122226715
0,0.0019976890180259943
0,0.320727676153183
0,0.29355013370513916
0,0.3019952178001404
1,0.9845587611198425
1,0.3688669800758362
1,0.21850888431072235
0,0.1674240380525589
0,0.00020450768352020532
0,0.23533272743225098
0,0.23770858347415924
0,0.24938218295574188
0,0.19004476070404053
0,0.25938886404037476
1,0.028667550534009933
0,0.1589401662349701
0,0.2544429302215576
0,0.1619582176208496
0,0.007195395417511463
0,0.12422498315572739
0,0.12879443168640137
0,0.14613142609596252
0,0.3926985561847687
1,0.30936548113822937
1,0.09792378544807434
0,0.013690495863556862
0,0.006531276740133762
0,0.19152194261550903
1,0.9997977614402771
0,0.16360722482204437
0,0.28036466240882874
0,0.1985788345336914
0,0.06387720257043839
0,0.0007443881477229297
0,0.19819016754627228
0,0.33722054958343506
0,0.07387088984251022
0,0.16094017028808594
1,0.24150201678276062
0,6.250696606002748e-05
0,0.1843782663345337
0,0.0004931791336275637
0,0.0011811557924374938
0,0.011841504834592342
1,0.998379111289978
0,0.14987553656101227
0,1e-06
0,0.23689408600330353
0,0.23105157911777496
0,0.5534553527832031
0,0.22879460453987122
0,0.15213216841220856
0,0.0018241283250972629
0,0.08296595513820648
0,0.13304662704467773
1,0.9994390606880188
0,0.024986354634165764
0,0.19591107964515686
0,0.0007824707427062094
0,0.08393778651952744
0,0.0010494295274838805
0,0.004099341109395027
0,0.09571720659732819
1,0.5027026534080505
0,0.19607697427272797
0,0.3061944842338562
1,0.9988632202148438
1,0.563447892665863
0,0.2288893759250641
0,0.5897056460380554
0,0.046268075704574585
0,0.11204127222299576
0,0.22159001231193542
0,0.00018741605163086206
1,0.9965808987617493
0,0.00028411377570591867
0,0.21571850776672363
0,0.24873992800712585
1,0.309322327375412
0,0.37916383147239685
0,0.17597262561321259
0,0.03423250839114189
1,0.05587979033589363
0,0.2544277012348175
0,5.264887022349285e-06
0,0.22870513796806335
0,0.24033042788505554
0,0.23136551678180695
0,0.010639091022312641
0,0.2793457508087158
0,0.2635404169559479
1,0.9998584985733032
1,0.9963086247444153
0,0.0034890102688223124
0,0.004541750531643629
1,0.9997151494026184
0,0.12789565324783325
1,0.28659456968307495
0,0.2934650778770447
0,0.23082274198532104
0,0.2558687925338745
0,0.11598464101552963
0,0.1463415026664734
0,0.16788960993289948
0,0.12427403777837753
0,0.09936803579330444
1,0.9991682767868042
0,0.010951170697808266
0,0.07790829986333847
0,0.0014277982991188765
0,0.3161163628101349
0,5.7208155340049416e-05
0,0.167903333902359
1,0.2976279854774475
0,0.008798208087682724
0,0.1003260612487793
0,0.060665108263492584
0,0.06856109946966171
0,5.223313928581774e-05
0,0.009527326561510563
0,0.22419437766075134
0,0.3082466125488281
1,0.2246207743883133
0,0.00015367254673037678
1,0.9999479055404663
0,0.009728668257594109
0,0.21392546594142914
1,0.18524490296840668
0,0.00136132154148072
1,0.17876535654067993
0,0.02318618632853031
1,0.9998596906661987
0,0.19836808741092682
0,0.010049636475741863
0,0.055908046662807465
1,0.2421818971633911
0,0.2079896777868271
1,0.05568677932024002
0,0.2923297584056854
0,0.25562286376953125
0,0.10302107781171799
1,0.373320996761322
0,0.30013325810432434
0,0.02818882279098034
0,0.0033030754420906305
1,0.38035690784454346
0,0.0027854484505951405
0,0.22170601785182953
0,0.011863574385643005
1,0.040160760283470154
0,0.07993793487548828
0,0.0003327298618387431
0,0.05284086614847183
1,0.9783430695533752
0,0.12863825261592865
0,0.27323105931282043
0,0.29072272777557373
0,0.010793712921440601
0,0.2316247671842575
0,0.11032658815383911
0,0.007312667556107044
0,0.17287655174732208
0,0.045502740889787674
0,0.5309644937515259
1,0.9988756775856018
0,0.004758419468998909
0,0.10599463433027267
0,0.1485535204410553
0,0.1771334409713745
0,0.038841161876916885
0,0.16730503737926483
0,0.0011079320684075356
0,0.0024494146928191185
0,0.05132429301738739
0,0.21490688621997833
0,0.08811737596988678
0,0.33069971203804016
0,0.23119612038135529
1,0.3098374307155609
0,0.16948620975017548
1,0.9996874332427979
0,0.04121018201112747
0,0.22559484839439392
0,3.398875560378656e-05
0,0.0008960450068116188
0,1e-06
0,0.24765677750110626
0,0.13571034371852875
0,0.09996829181909561
0,0.4586988091468811
0,0.008884294889867306
0,0.043186575174331665
0,0.024715900421142578
1,0.18841594457626343
0,0.18096356093883514
0,0.004637592006474733
0,0.17607645690441132
0,0.15272553265094757
0,0.3020630180835724
1,0.3284946382045746
1,0.3408566117286682
1,0.2931556701660156
0,0.05173046886920929
0,1.9389943190617487e-05
0,0.05476447194814682
0,0.20259258151054382
0,0.3110170066356659
0,0.0010122677776962519
0,0.27589040994644165
0,0.0797555148601532
0,0.0373699925839901
0,0.30083009600639343
0,0.00407767528668046
1,0.19676464796066284
1,0.37046679854393005
0,0.3486277163028717
0,0.02572905644774437
0,0.2414320558309555
0,0.16234613955020905
0,0.2108144611120224
1,0.08215177804231644
0,0.00012676954793278128
0,0.1900586634874344
0,0.08438562601804733
0,0.15656308829784393
0,0.23254157602787018
1,0.9972819089889526
0,0.10259471088647842
0,0.06665629893541336
1,0.1782352775335312
0,0.0032974944915622473
1,0.14773161709308624
0,0.002515420550480485
1,0.2119581699371338
0,0.2333778291940689
1,0.9997852444648743
0,0.1363067626953125
0,0.0908869206905365
0,0.1729964315891266
1,0.24799533188343048
0,0.33462271094322205
0,0.1398683786392212
0,0.011481307446956635
0,0.21589595079421997
0,0.43578842282295227
0,0.00013460202899295837
0,0.3694627285003662
0,0.22355186939239502
0,2.02119645109633e-05
0,0.35724443197250366
0,0.023216521367430687
0,0.1997857391834259
0,0.16952252388000488
0,0.0008163910824805498
0,0.22307667136192322
1,0.211806982755661
0,0.07722162455320358
0,0.23908622562885284
1,0.23780663311481476
0,0.06566022336483002
0,1e-06
0,0.17828209698200226
0,0.2608259320259094
0,0.28419819474220276
1,0.04636384919285774
0,0.20333221554756165
0,0.01947573944926262
0,0.13753372430801392
0,0.12470691651105881
1,0.15422765910625458
0,0.08425774425268173
0,0.1451258808374405
1,0.22273488342761993
0,1.0159741577808745e-05
1,0.998741090297699
0,0.17363440990447998
0,0.04425395652651787
0,0.20675316452980042
0,0.20124322175979614
1,0.9097371697425842
0,0.00018738942162599415
0,0.21801719069480896
0,0.28941166400909424
0,0.2612791955471039
1,0.9943622350692749
0,0.22157160937786102
1,0.1881624460220337
1,0.9815014004707336
0,0.1428665965795517
0,0.06529466807842255
1,0.5056998133659363
0,0.40453389286994934
0,0.2840847074985504
0,0.16645583510398865
1,0.17186671495437622
1,0.09520170837640762
0,0.0020750644616782665
1,0.30636289715766907
1,0.32581230998039246
1,0.19456979632377625
0,0.24034416675567627
1,0.43183502554893494
0,0.02170451544225216
0,0.0693201869726181
0,0.1326950490474701
1,0.023444341495633125
1,0.1052686795592308
0,0.20346106588840485
0,0.07407303154468536
0,0.026818834245204926
1,0.9987323880195618
0,0.14195269346237183
0,1.4811110304435715e-05
1,0.1566629558801651
0,0.02661372907459736
0,0.30833885073661804
0,5.2700499509228393e-05
1,0.2955337464809418
0,0.0846538245677948
0,0.005661346949636936
0,0.18189261853694916
1,0.10679198056459427
0,0.14441967010498047
0,0.027439890429377556
0,0.10880894958972931
1,0.24634280800819397
0,0.08776897937059402
0,0.046677786856889725
0,0.00982680730521679
0,0.1888549029827118
0,0.229927659034729
0,0.13026145100593567
0,0.31334617733955383
1,0.29991233348846436
0,0.04060468077659607
0,0.0065288301557302475
0,0.4498049020767212
0,0.017525363713502884
1,0.9999743700027466
0,0.1851189136505127
1,0.21699056029319763
0,0.0009625197271816432
0,0.17642877995967865
0,0.002700408222153783
0,0.003804035484790802
0,0.20691676437854767
0,0.1287975311279297
0,0.26573771238327026
1,0.9113140106201172
0,0.015475411899387836
0,0.08182808756828308
0,0.07876890897750854
0,0.3249202072620392
0,0.04006156697869301
0,0.2894802987575531
0,0.2217874825000763
0,0.24954254925251007
0,0.01089220680296421
0,0.009754649363458157
0,0.001781568629667163
0,0.22350932657718658
0,0.05510781705379486
1,0.20843863487243652
0,0.03162725269794464
0,0.03635257109999657
0,0.01060529612004757
1,0.9993566870689392
0,0.20619748532772064
0,0.12930510938167572
1,0.19056826829910278
0,0.08379724621772766
0,1e-06
1,0.13581550121307373
0,0.548301100730896
1,0.9997889399528503
0,0.022363930940628052
0,9.836327808443457e-05
0,0.11403347551822662
0,0.28342190384864807
0,0.13936324417591095
0,9.28161753108725e-05
0,0.31057772040367126
1,0.9998316764831543
0,0.14013609290122986
1,0.4075339138507843
1,0.28642311692237854
0,0.0021087946370244026
0,0.03703227639198303
0,0.3543674349784851
0,0.10463592410087585
0,0.12738704681396484
0,0.0027840023394674063
0,0.23495841026306152
0,0.022137554362416267
0,0.22105513513088226
0,0.03089127503335476
0,0.0031965114176273346
0,0.005566632375121117
0,0.024934811517596245
0,9.608684194972739e-06
0,0.2325904667377472
0,0.060084715485572815
0,0.14596933126449585
0,0.0007141740061342716
0,0.06303529441356659
0,0.0859956443309784
0,0.0489065945148468
0,0.2804010212421417
1,0.9999536275863647
0,0.23468483984470367
0,0.004449228756129742
0,0.007584800943732262
0,0.15183904767036438
1,0.21585290133953094
0,0.1161750927567482
0,0.08144575357437134
0,0.018037352710962296
0,0.4495510458946228
0,0.0017371707363054156
0,0.01734345406293869
0,0.08418170362710953
0,0.1481223702430725
0,0.0001448415277991444
0,0.05461699888110161
0,0.16770966351032257
0,0.12208742648363113
0,0.3420619070529938
0,0.17089949548244476
0,0.09057263284921646
1,0.33192208409309387
0,0.1584770679473877
0,0.1895311176776886
1,0.11113885045051575
0,0.1298264116048813
0,0.197859987616539
0,0.3071386218070984
1,0.9966134428977966
0,0.07984716445207596
0,0.014638494700193405
1,0.459695428609848
1,0.27302154898643494
0,1.2891467122244649e-05
0,0.19492018222808838
0,0.169719398021698
0,3.588733306969516e-05
1,0.9987010955810547
0,0.15851978957653046
0,0.24175624549388885
1,0.5480239391326904
0,0.014262224547564983
0,0.00047186409938149154
0,0.09510459750890732
0,0.008850407786667347
0,0.3776213228702545
0,0.2190752923488617
0,0.0043720644898712635
0,0.1500401794910431
0,0.2773941457271576
1,0.9632717967033386
0,0.09844323247671127
0,0.11519668996334076
0,0.09519055485725403
1,0.24331212043762207
0,0.2538367509841919
0,0.15625320374965668
0,0.26428553462028503
0,0.008668000809848309
0,0.0060736811719834805
1,0.9637758731842041
1,0.999204695224762
0,0.026210350915789604
0,0.0283858310431242
0,0.025919562205672264
0,0.01063481718301773
1,0.9998883008956909
0,0.4262355864048004
0,1e-06
0,0.03794567659497261
0,0.00015936576528474689
0,0.03578425198793411
0,0.1819000542163849
0,0.15027283132076263
0,0.0026039716321974993
0,0.1619938611984253
0,0.09699997305870056
0,0.10845285654067993
0,0.16807961463928223
0,0.03602150082588196
0,0.11086414754390717
0,0.0062127020210027695
0,0.01374771073460579
1,0.32460302114486694
0,0.0041515943594276905
0,0.13015875220298767
0,0.2066771537065506
1,0.162098690867424
0,0.27189064025878906
1,0.021035034209489822
0,0.8031072020530701
0,0.18120691180229187
1,0.9991507530212402
0,0.24591422080993652
0,0.3314802944660187
0,0.2896839380264282
0,0.19480788707733154
0,0.15877525508403778
0,0.006497768219560385
0,0.5091316103935242
0,0.2633592188358307
0,0.022255688905715942
0,0.218969464302063
1,0.188654363155365
0,0.025117531418800354
0,0.1547110676765442
0,0.006785810925066471
0,0.05014950409531593
0,0.2235119491815567
0,0.3095627725124359
0,0.022159406915307045
0,0.27396753430366516
0,0.14222274720668793
1,0.9943576455116272
0,0.011493816040456295
0,0.306435763835907
0,0.20166940987110138
0,0.7449016571044922
0,0.052802324295043945
0,0.003586162580177188
0,0.21970197558403015
0,0.054655104875564575
0,0.2995278835296631
0,0.13918009400367737
0,0.296076238155365
1,0.22542384266853333
0,0.005903284996747971
0,0.17316116392612457
0,0.0002005191199714318
0,0.0004430792760103941
1,0.9910584092140198
0,0.001098570297472179
0,0.18293756246566772
0,0.1584155261516571
1,0.9991734623908997
0,0.16279493272304535
0,0.212321937084198
0,0.17947602272033691
0,0.2758214473724365
0,0.26757651567459106
0,0.08049537986516953
0,0.19020935893058777
0,0.11238168179988861
1,0.3643743693828583
0,0.05326804518699646
0,0.04254326596856117
1,0.21292512118816376
0,0.08329569548368454
1,0.9932512640953064
0,0.0825665295124054
0,0.0008765991660766304
0,0.21613778173923492
0,0.19784946739673615
1,0.19819171726703644
1,0.29779744148254395
0,0.12675417959690094
0,0.34918519854545593
0,0.09604928642511368
1,0.15197032690048218
0,0.15479551255702972
1,0.2708311378955841
1,0.9993564486503601
0,0.029047373682260513
0,0.13313116133213043
0,0.2520492970943451
0,0.15714000165462494
0,0.04258022829890251
0,0.037993188947439194
1,0.093242347240448
0,0.04287439212203026
0,0.00907913688570261
1,0.9996490478515625
0,0.0051505062729120255
1,0.18993259966373444
0,0.28348100185394287
0,0.17178982496261597
0,0.04866303876042366
1,0.06460365653038025
0,0.025999845936894417
0,0.33036768436431885
0,0.2563071846961975
0,0.3134518265724182
1,0.9991403818130493
1,0.9998974800109863
0,0.26536715030670166
0,0.0011860602535307407
0,0.010196274146437645
0,0.1766665279865265
0,0.08293722569942474
0,0.3297525942325592
1,0.9997492432594299
1,0.9938228130340576
0,0.02088920772075653
0,0.36351969838142395
1,0.9982696771621704
1,0.6423396468162537
0,0.00015211786376312375
0,0.014842536300420761
0,0.3582168519496918
0,9.438550478080288e-06
1,0.9997541308403015
0,0.0007203693385235965
0,0.15093964338302612
0,1e-06
0,0.10127227753400803
1,0.2502892017364502
0,0.20187103748321533
1,0.9975179433822632
0,0.3219318687915802
0,0.33925530314445496
0,0.2679694890975952
0,0.016200007870793343
0,0.01212910283356905
0,0.22616168856620789
0,0.0915946215391159
0,0.33149412274360657
0,0.2425207942724228
0,0.024014819413423538
1,0.24712517857551575
0,0.23520267009735107
0,0.1999199092388153
0,0.15990939736366272
1,0.9986861348152161
0,0.16888512670993805
1,0.977290689945221
1,0.1587008535861969
0,0.15193691849708557
0,0.12727640569210052
0,0.006196063943207264
0,0.10990092903375626
0,0.13137848675251007
1,0.0944041758775711
0,0.06599236279726028
0,0.0025930749252438545
1,0.9990559220314026
1,0.1775762438774109
0,0.08225145936012268
0,0.000905283959582448
0,0.16174766421318054
0,0.24981437623500824
0,4.037150938529521e-05
0,0.05018885061144829
0,0.13466930389404297
0,0.15661190450191498
0,0.11987617611885071
0,3.169860428897664e-05
0,0.0019587590359151363
0,0.008782213553786278
0,0.0021699899807572365
0,0.0017125322483479977
0,0.09914734214544296
0,0.28922373056411743
0,0.2074042558670044
0,0.009066207334399223
1,0.8120055198669434
0,0.11264446377754211
0,0.18711084127426147
0,0.53132164478302
0,0.001842981087975204
1,0.2311803549528122
0,0.1669977307319641
0,0.4115251898765564
1,0.9997460246086121
1,0.2310507744550705
0,0.15843187272548676
0,0.06623160094022751
0,1e-06
0,0.34770309925079346
0,0.23710079491138458
0,0.024037986993789673
0,0.24921783804893494
0,0.0024363547563552856
0,0.26136770844459534
0,0.0005893691559322178
1,0.20990535616874695
1,0.453151673078537
0,0.0036617228761315346
0,0.015112037770450115
0,0.2768879532814026
0,0.017950527369976044
1,0.9980029463768005
1,0.3198220729827881
0,0.16902948915958405
0,0.02910337783396244
0,0.013152798637747765
1,0.2669465243816376
0,0.04033028334379196
1,0.2376362383365631
0,0.17821834981441498
0,0.3223070800304413
0,0.020127763971686363
1,0.08818835765123367
1,0.9984671473503113
0,0.0010095239849761128
0,0.20294657349586487
0,0.04551510512828827
0,0.0653964951634407
0,0.0723707377910614
1,0.4158933758735657
0,0.21393656730651855
0,0.04559997096657753
0,5.36197285327944e-06
0,0.1462555229663849
1,0.9923052191734314
0,4.4836571760242805e-05
1,0.21366073191165924
0,0.17865726351737976
0,0.0017852646997198462
1,0.9989672899246216
0,0.025162730365991592
1,0.3392057418823242
0,0.14988923072814941
0,0.29764196276664734
1,0.2211618721485138
0,0.15444515645503998
0,0.17593201994895935
0,3.057285357499495e-05
1,0.4408406913280487
0,0.001258348231203854
0,0.23675888776779175
1,0.9999262094497681
0,0.3223683536052704
0,0.08119647949934006
1,0.999872088432312
0,0.0011222787434235215
1,0.9997075200080872
1,0.1906234323978424
1,0.9977951049804688
0,0.13742521405220032
0,0.008810867555439472
0,0.05798350274562836
0,0.1379958838224411
0,1e-06
0,0.002048310125246644
0,0.10981573164463043
0,0.0018086675554513931
0,0.005666099488735199
0,0.19600623846054077
1,0.9952089190483093
0,0.24846085906028748
0,0.045204758644104004
0,0.12391488999128342
0,0.10207092016935349
0,0.22828340530395508
0,0.0010337341809645295
0,0.0626382976770401
1,0.3522035479545593
0,0.044218819588422775
0,0.32513803243637085
0,0.08966884016990662
0,0.009677127003669739
0,0.13644884526729584
0,0.028017720207571983
0,0.15613049268722534
0,0.1380591243505478
0,0.027509329840540886
0,0.21629366278648376
0,0.28855669498443604
0,0.28257015347480774
0,0.10088273137807846
0,0.003200503531843424
0,0.18686039745807648
0,0.3299483358860016
1,0.9996391534805298
0,0.13091003894805908
0,0.08994999527931213
0,0.3187417984008789
0,0.05528730899095535
0,0.00530331302434206
0,0.028018523007631302
0,0.00024888297775760293
0,0.0066640907898545265
0,0.24705548584461212
0,0.0027084064204245806
0,0.2812694311141968
0,0.04221097379922867
0,0.03874121978878975
0,0.010357788763940334
0,0.2332969456911087
0,0.1916978359222412
0,0.15402136743068695
1,0.2818486988544464
0,0.03457076847553253
0,0.18736381828784943
0,0.01300356350839138
1,0.1647583544254303
0,0.26156529784202576
0,0.04677361249923706
0,0.2628936469554901
0,0.10934025049209595
0,0.3637872636318207
0,0.010417649522423744
0,0.0949324294924736
0,0.25968727469444275
1,0.9916919469833374
0,0.29278865456581116
0,0.13604247570037842
0,0.002598027465865016
0,0.03421734645962715
0,0.3303394317626953
0,0.04734201729297638
0,0.013024571351706982
0,0.0692174881696701
0,0.2607646882534027
0,0.285122275352478
0,0.21514345705509186
0,0.22027842700481415
0,0.1689441055059433
0,0.00023327794042415917
1,0.998458981513977
0,0.16578952968120575
1,0.9895306825637817
0,0.15454775094985962
0,0.22390151023864746
0,0.44197654724121094
0,0.23723049461841583
0,0.013824964873492718
0,0.34048452973365784
0,0.19997678697109222
0,0.14863792061805725
0,0.11089145392179489
0,0.3373202383518219
0,0.10746205598115921
0,0.07336515933275223
1,0.28131023049354553
0,0.16746290028095245
0,0.029604369774460793
0,0.0004291812365408987
0,0.011222072876989841
1,0.9983693957328796
0,0.003131087403744459
1,0.39752402901649475
0,0.0007539637153968215
1,0.9997521042823792
0,0.029295390471816063
0,0.12633471190929413
0,0.0352792963385582
0,0.0719376653432846
0,0.1921793669462204
0,0.10655024647712708
0,0.0728834867477417
0,0.08505000919103622
0,0.18826457858085632
0,0.031318116933107376
0,0.21865662932395935
0,0.1034049540758133
0,0.2712039053440094
0,0.17106224596500397
0,0.010582529939711094
1,0.3027518093585968
1,0.9987277388572693
0,0.10293038189411163
0,0.2529589533805847
0,0.00328571954742074
0,0.3097061514854431
0,0.11629854887723923
0,0.008874014019966125
0,0.007296665105968714
0,0.1123296320438385
1,0.9932898879051208
0,0.27519091963768005
0,0.011356343515217304
0,0.19582755863666534
0,0.0009332355693913996
0,0.2205638587474823
0,0.005807150155305862
0,0.02187400683760643
0,0.0006023354362696409
0,0.26963409781455994
0,0.025419829413294792
0,1e-06
0,0.11874883621931076
0,0.35231712460517883
0,0.166671022772789
0,0.14967505633831024
0,0.013611344620585442
0,0.09511178731918335
0,0.2417619824409485
0,0.014228048734366894
0,0.09108097106218338
0,0.11438755691051483
0,0.041633110493421555
0,0.237673819065094
0,0.08468568325042725
0,0.004119335673749447
0,0.031244318932294846
1,0.2508598566055298
0,0.006956350523978472
0,0.15651585161685944
0,0.3088177442550659
0,0.11571130901575089
0,0.2959333658218384
1,0.29647141695022583
0,0.1489066332578659
0,0.014967466704547405
0,0.013846512883901596
0,0.03413894400000572
0,0.30456840991973877
0,0.00017895203200168908
0,0.2292649745941162
0,0.16430047154426575
1,0.9997287392616272
1,0.26301300525665283
1,0.9978901743888855
1,0.9994194507598877
0,0.44691941142082214
0,0.007856529206037521
0,0.049663521349430084
0,0.13123027980327606
0,0.1849076747894287
0,0.4777193069458008
0,0.007540864869952202
0,0.24339959025382996
0,0.3516976237297058
0,0.1390783190727234
0,0.0823766216635704
0,0.1904725432395935
0,0.11950317025184631
0,0.13580545783042908
0,0.2505928575992584
0,0.0031715098302811384
1,0.9988056421279907
0,0.1237403079867363
0,0.04817749187350273
0,0.001688268268480897
0,0.002528357319533825
0,2.537046020734124e-05
0,0.45325589179992676
0,0.36550718545913696
0,0.0020824666135013103
0,0.22986198961734772
0,0.3385002017021179
1,0.21348564326763153
0,0.21628718078136444
1,0.9998525381088257
1,0.9987742304801941
0,0.054799728095531464
0,0.006906319875270128
0,0.05134059488773346
1,0.879828155040741
0,0.008581403642892838
0,0.23715786635875702
1,0.15357589721679688
0,0.000985630671493709
1,0.20797905325889587
0,1e-06
0,0.25592249631881714
0,0.0006842834991402924
1,0.9988309741020203
1,0.09522058069705963
0,0.10982109606266022
0,0.08737163990736008
0,0.021561186760663986
0,0.175114706158638
1,0.29049167037010193
0,0.013537222519516945
0,0.08340759575366974
0,0.05715741962194443
0,0.3061123192310333
0,0.03093905933201313
0,0.13882529735565186
1,0.9994285702705383
0,0.21343548595905304
0,0.1419031023979187
0,0.02352599799633026
0,0.22783522307872772
0,0.19295987486839294
0,0.23461611568927765
1,0.9400374293327332
0,0.2545674741268158
0,0.3058224618434906
0,0.1669798046350479
1,0.2324497401714325
0,0.06561890989542007
0,0.05601338669657707
0,0.009294496849179268
1,0.9996908903121948
0,0.10875628888607025
1,0.13775435090065002
0,0.2728481888771057
1,0.36880093812942505
0,0.256609171628952
1,0.17155174911022186
0,0.20223818719387054
0,0.07520286738872528
0,0.15763625502586365
0,0.18909738957881927
0,0.1687135398387909
1,0.13971437513828278
0,0.11117471009492874
1,0.0988236591219902
0,0.29262667894363403
1,0.9973633885383606
0,0.016975663602352142
0,0.00011937844101339579
0,0.1477627158164978
0,0.25352510809898376
0,0.10335997492074966
0,0.07604533433914185
0,0.006359107326716185
1,0.327897846698761
1,0.29030436277389526
0,0.04615013673901558
0,0.022601336240768433
1,0.9998194575309753
0,0.1490951031446457
0,0.2042730152606964
0,0.3289979100227356
0,0.23466122150421143
0,0.36300793290138245
0,0.17480508983135223
0,0.13968335092067719
0,0.0020258394069969654
0,0.04985027760267258
1,0.0739814043045044
1,0.269025057554245
0,0.18597227334976196
1,0.043845128268003464
1,0.3188741207122803
0,0.23221345245838165
0,8.690294635016471e-05
1,0.9998829364776611
0,0.26103994250297546
0,0.06025048717856407
1,0.9996665716171265
0,0.17880240082740784
0,0.15710827708244324
1,0.2303064912557602
0,0.021152129396796227
1,0.999386191368103
1,0.9987433552742004
1,0.9993522763252258
0,0.20623962581157684
0,0.11753664165735245
0,0.2937496304512024
0,0.1838289201259613
0,0.19649158418178558
0,0.16269156336784363
0,0.003511234652251005
0,0.008233931846916676
0,0.00012013968807877973
0,0.09270406514406204
0,0.12874113023281097
0,0.023198114708065987
0,0.10632627457380295
0,0.23875893652439117
0,0.24437320232391357
0,0.07157368212938309
0,0.2498929798603058
0,0.003727732226252556
0,0.010441833175718784
0,0.10176954418420792
0,0.30056336522102356
0,0.21069185435771942
0,0.24731434881687164
0,0.0007182613480836153
0,0.2608085572719574
0,1e-06
1,0.9995720982551575
0,0.2785356342792511
0,0.06649987399578094
0,0.15929117798805237
0,0.0235530324280262
0,0.23747237026691437
0,0.03958319500088692
1,0.9998537302017212
1,0.9999030828475952
0,0.27621662616729736
0,0.32455113530158997
0,0.22279438376426697
0,0.011928008869290352
0,0.1326802372932434
0,0.23869763314723969
0,0.03324516490101814
1,0.2138695865869522
0,1e-06
0,0.13719576597213745
0,0.2089119851589203
0,0.03019261732697487
1,0.22710348665714264
0,0.1322917938232422
0,0.0733078345656395
1,0.14985285699367523
0,0.28685247898101807
0,0.12711401283740997
1,0.9209316372871399
0,0.18719685077667236
0,0.3796650469303131
0,0.0003857597184833139
0,0.12022879719734192
0,0.18619781732559204
0,0.05323481932282448
0,0.2953070402145386
0,0.016558635979890823
0,0.0030001194681972265
0,0.22409498691558838
1,0.9990847110748291
0,0.07717698812484741
0,0.3297451138496399
0,0.11529188603162766
0,0.18142357468605042
0,0.3575088083744049
0,0.3453487157821655
0,0.14993253350257874
1,0.17488406598567963
0,0.19600817561149597
1,0.9987616539001465
0,0.180232435464859
1,0.17995303869247437
0,0.007709197700023651
0,0.2250925749540329
0,0.29754260182380676
0,0.0022062337957322598
0,0.02494220621883869
0,0.23182325065135956
0,0.3039725124835968
0,0.2290995568037033
0,0.22794193029403687
0,0.15600529313087463
0,0.47403684258461
1,0.9996501207351685
0,0.2045491337776184
1,0.9989752769470215
0,0.32414981722831726
0,0.25234946608543396
1,0.9851868748664856
0,0.035599853843450546
0,0.43997299671173096
0,0.0919528603553772
0,0.18950000405311584
0,0.058547526597976685
0,0.08498644083738327
1,0.26497045159339905
0,0.31675246357917786
0,0.13878096640110016
0,0.012085745111107826
0,0.2744009494781494
0,0.027387484908103943
0,0.016508476808667183
0,0.13396231830120087
0,0.33054959774017334
0,0.2426900565624237
0,0.2381516546010971
0,0.15651890635490417
0,0.048768267035484314
0,0.25975850224494934
0,0.16410984098911285
0,0.0005808533169329166
0,0.026041684672236443
1,0.37571778893470764
0,0.16666357219219208
0,0.002126419683918357
1,0.9972342848777771
0,0.11852677911520004
0,0.19241519272327423
1,0.9998413324356079
0,0.2427668273448944
0,0.20264498889446259
0,0.0017219040310010314
1,0.057367417961359024
0,0.07136045396327972
0,0.05586085096001625
0,0.09201575070619583
1,0.13564522564411163
0,0.20007221400737762
0,0.21396706998348236
0,0.11248141527175903
0,0.1908150017261505
0,0.07293721288442612
0,0.3569222092628479
0,7.185868889791891e-05
0,0.022022392600774765
1,0.9982646107673645
1,0.6519700884819031
1,0.9978613257408142
1,0.11025345325469971
0,0.13238108158111572
0,0.018889980390667915
0,3.339950126246549e-05
0,0.01856148988008499
0,0.02453661523759365
0,0.26567205786705017
0,0.08207084238529205
0,0.17423546314239502
1,0.1871422827243805
1,0.9993438124656677
0,0.10556357353925705
0,0.26664331555366516
0,0.00817596074193716
0,0.08322035521268845
0,0.36689475178718567
1,0.3240344822406769
1,0.949479877948761
0,0.07598213851451874
1,0.21618132293224335
0,0.012419619597494602
0,0.21202541887760162
0,0.11328663676977158
0,0.0068696727976202965
0,0.44322386384010315
0,0.1885901242494583
1,0.32297760248184204
0,0.3704776465892792
0,0.0067218272015452385
1,0.9975244402885437
1,0.16333582997322083
0,0.30953484773635864
1,0.6211408972740173
1,0.17956405878067017
1,0.15594768524169922
1,0.4871957004070282
0,0.31234708428382874
0,0.16307270526885986
0,0.25557321310043335
0,0.17159977555274963
0,0.21431410312652588
0,0.2161715030670166
1,0.11064206808805466
0,0.059498924762010574
0,0.05625109747052193
1,0.26630866527557373
0,0.02793683484196663
0,0.03278369456529617
0,0.35625389218330383
1,0.26264092326164246
0,0.08157757669687271
0,1.181621769319463e-06
0,0.16242557764053345
1,0.11116113513708115
0,0.002436308655887842
0,0.12498857825994492
1,0.2415837198495865
1,0.9999053478240967
0,0.021487783640623093
0,0.005378753878176212
0,0.32448095083236694
1,0.9994632601737976
0,0.03146984800696373
1,0.16125617921352386
1,0.9989132881164551
0,0.33513855934143066
1,0.2945641577243805
0,0.19950222969055176
0,0.025411278009414673
0,0.14876428246498108
0,0.1249089315533638
0,0.3203800916671753
1,0.16826492547988892
0,0.1024400144815445
0,0.12408324331045151
1,0.2639184594154358
0,0.10621090233325958
1,0.9954149723052979
0,0.014656201004981995
0,0.008764490485191345
1,0.31279826164245605
0,7.479243504349142e-05
0,0.0888788178563118
1,0.9994896650314331
0,0.30333212018013
0,0.25985151529312134
1,0.26340678334236145
0,0.0019341506995260715
0,0.24152624607086182
0,0.17496764659881592
0,0.003669397672638297
0,0.059265900403261185
0,0.17302687466144562
0,0.0582430437207222
0,0.1984916478395462
0,0.037270624190568924
0,0.21833553910255432
0,0.007219258695840836
0,0.0009676582994870842
0,0.09236534684896469
0,0.23772302269935608
0,0.13391923904418945
0,0.33637574315071106
0,0.20988832414150238
0,0.1546950787305832
0,0.18616384267807007
0,0.00018808002641890198
0,0.0005644417251460254
0,0.15806260704994202
0,0.1460774540901184
0,0.04115711525082588
0,0.09664113074541092
0,0.23136568069458008
0,0.3740270435810089
1,0.3069063425064087
0,0.1825701892375946
0,0.12345775216817856
0,0.10853740572929382
0,0.014411144889891148
0,0.15614363551139832
0,0.10077690333127975
0,0.16951142251491547
0,0.19935590028762817
0,0.05344559997320175
1,0.2080521285533905
0,0.034612759947776794
0,0.028185511007905006
0,0.0916057899594307
0,0.1668948382139206
0,0.32115399837493896
0,0.00023043245892040431
0,0.25800856947898865
0,0.14178654551506042
0,0.205889493227005
0,0.22883976995944977
0,0.25454211235046387
0,0.0009482426685281098
0,0.2249002903699875
1,0.9996196031570435
0,0.2950794994831085
0,0.10411792248487473
0,0.0010840750765055418
0,0.12977512180805206
0,0.008846055716276169
0,0.2561499774456024
0,0.09780679643154144
0,0.00034402470919303596
0,0.11313705146312714
1,0.1726578176021576
0,0.0935782641172409
0,0.03867421671748161
0,1.6843458070070483e-05
0,0.344112753868103
0,0.004049640614539385
1,0.2296956479549408
0,0.17979395389556885
0,0.014999044127762318
0,0.0007091369479894638
0,0.11756302416324615
1,0.9718649983406067
0,0.0528276227414608
1,0.9986856579780579
0,0.2030078023672104
0,0.35012730956077576
0,0.21525608003139496
1,0.9983580708503723
0,0.24569694697856903
0,0.0034840861335396767
0,0.28793343901634216
1,0.26587292551994324
0,0.010949146933853626
0,0.2654414176940918
0,0.07938839495182037
0,1.3262314496387262e-05
0,0.25285226106643677
1,0.9979554414749146
0,0.28515610098838806
0,0.029248949140310287
0,0.12680886685848236
0,0.2008029967546463
1,0.9999121427536011
0,0.3369351923465729
0,0.00342673365958035
0,0.13403184711933136
0,0.0034948440734297037
1,0.9819638729095459
1,0.9997075200080872
0,0.20985625684261322
0,0.033455993980169296
1,0.9999853372573853
0,0.2226746380329132
0,0.13206632435321808
1,0.29076117277145386
0,0.4341394305229187
1,0.9997201561927795
1,0.9768324494361877
0,0.0014695227146148682
0,0.027770211920142174
0,0.2959602177143097
0,0.20291298627853394
0,0.15243005752563477
0,1.4347735486808233e-05
0,0.06919725984334946
0,0.05595601350069046
0,0.2631606459617615
0,0.05450955778360367
0,0.0685480609536171
0,0.0030127731151878834
1,0.053740255534648895
0,0.13388140499591827
0,0.012422550469636917
0,0.00034015654819086194
0,0.19715596735477448
0,1.9745459212572314e-05
0,0.17240875959396362
0,0.3195492923259735
0,0.22804799675941467
1,0.13779766857624054
0,0.01748841442167759
0,0.24184474349021912
0,0.25626176595687866
0,0.17676179111003876
0,0.10110877454280853
0,4.6312393351399805e-06
0,0.33577531576156616
0,0.2817195653915405
0,0.01258157193660736
0,0.2864629626274109
0,0.0003438994463067502
0,0.0011017539072781801
0,0.1107984259724617
1,0.38981348276138306
0,0.2739325165748596
0,0.0024960890877991915
1,0.48967301845550537
0,0.17184647917747498
1,0.24904678761959076
0,0.02326400764286518
0,0.16606231033802032
0,0.02412775717675686
1,0.9996919631958008
0,0.3002978265285492
0,0.018349390476942062
0,0.060182154178619385
0,0.17972604930400848
1,0.9997748732566833
0,0.022676263004541397
0,0.3829996883869171
0,0.0121901361271739
0,0.10494977980852127
0,0.239938884973526
0,0.004814177751541138
1,0.17900805175304413
0,1e-06
0,0.09410090744495392
0,0.19555461406707764
0,0.008931520394980907
0,0.21566912531852722
0,0.2736392617225647
0,9.503970795776695e-05
0,0.15283377468585968
0,0.0017029859591275454
0,0.19681179523468018
0,0.11951489746570587
0,0.2221250683069229
0,0.00013354475959204137
0,0.22915364801883698
0,0.0677184984087944
0,0.14098525047302246
0,0.19554613530635834
0,0.00030154178966768086
0,0.013457471504807472
0,0.00029714740230701864
0,0.022332238033413887
0,0.017568165436387062
0,0.2322002500295639
1,0.1827833354473114
0,0.054006122052669525
0,0.1898670494556427
0,0.0005416707717813551
0,0.16764351725578308
0,0.09591277688741684
0,0.2721114754676819
0,0.00013978354400023818
0,0.39435672760009766
1,0.9623357057571411
0,0.30701327323913574
0,0.07238595932722092
0,0.2521207630634308
0,0.20120523869991302
1,0.28211188316345215
0,0.04691889137029648
1,0.2055492103099823
0,0.19273267686367035
0,0.24935172498226166
0,0.16143843531608582
1,0.07635117322206497
0,0.091389000415802
0,0.01775018684566021
1,0.2042056769132614
0,0.26423707604408264
0,0.34166812896728516
0,0.10923696309328079
0,0.14151336252689362
1,0.9997808337211609
0,0.31935206055641174
0,0.00012573145795613527
0,0.1876131296157837
0,0.051535770297050476
0,0.2428349256515503
0,0.303922563791275
0,0.24550266563892365
1,0.2574489116668701
0,0.4620327949523926
0,0.04014246165752411
1,0.19076859951019287
0,0.0005455709178932011
0,0.11422405391931534
0,0.00034602161031216383
0,0.0011821470689028502
0,0.18013469874858856
0,0.047842081636190414
1,0.09010134637355804
0,0.17158202826976776
0,0.06339532881975174
0,0.3323516249656677
0,0.0003631542786024511
1,0.32356390357017517
0,0.1574714630842209
0,0.21257555484771729
0,0.2719871401786804
1,0.08869832009077072
1,0.99899822473526
0,0.09641735255718231
0,0.025553621351718903
0,0.0002982690930366516
1,0.9991617202758789
0,0.02775709517300129
0,0.3219625949859619
0,0.0204519834369421
1,0.08079685270786285
0,0.27778270840644836
0,0.03275294229388237
0,0.17400969564914703
0,0.0231865756213665
0,0.41613340377807617
1,0.10627968609333038
0,0.19610856473445892
0,1e-06
0,0.4684724509716034
0,0.2981310784816742
0,0.0051710703410208225
0,0.2616133987903595
0,0.07891298830509186
0,0.1945597380399704
0,6.37197881587781e-05
0,0.035460010170936584
0,0.0004121603269595653
1,0.17371629178524017
0,0.21780985593795776
0,1e-06
0,0.011270631104707718
0,6.26437904429622e-05
0,0.27635231614112854
1,0.9985575079917908
0,0.16755622625350952
1,0.05686156079173088
0,0.24420097470283508
0,0.06007254123687744
0,0.008017745800316334
0,0.058592330664396286
0,0.09751252830028534
0,0.12273524701595306
0,0.03344222158193588
1,0.3925620913505554
1,0.9992558360099792
0,0.14689847826957703
0,0.007416621781885624
1,0.9999731779098511
0,0.08578704297542572
0,0.21398338675498962
0,0.0010026141535490751
0,0.14880885183811188
1,0.9999402761459351
1,0.28853437304496765
0,0.0057329945266246796
0,0.31575706601142883
0,0.0019739093258976936
0,0.2282399833202362
0,0.0017857179045677185
0,0.18932399153709412
1,0.9995409250259399
0,0.04074716195464134
0,0.008908431977033615
0,0.2834147810935974
0,0.10358388721942902
0,0.0427878275513649
0,5.280488039716147e-05
0,0.011269133538007736
0,0.16500169038772583
0,0.19774846732616425
0,0.03907352313399315
1,0.9931079149246216
0,0.27084222435951233
0,3.5247241612523794e-05
1,0.9994888305664062
0,0.1412009745836258
1,0.2616415321826935
0,0.10629364103078842
0,0.23030972480773926
0,0.4563049077987671
1,0.9983164072036743
0,0.1278688758611679
0,0.2823275625705719
0,0.004464521538466215
0,0.2019229233264923
0,0.2952162027359009
0,0.19674794375896454
0,0.045878440141677856
0,1e-06
1,0.9995904564857483
0,0.18687967956066132
0,0.1648176908493042
0,0.29775121808052063
1,0.9996052384376526
1,0.9975977540016174
0,0.1390780210494995
0,0.0021914909593760967
0,0.06485846638679504
0,0.14638562500476837
1,0.3724973499774933
0,0.22445008158683777
0,0.0012945967027917504
0,0.002512992825359106
0,0.012283910997211933
0,0.011886739172041416
0,0.19777600467205048
0,0.14056609570980072
0,0.18393495678901672
0,0.03274443745613098
0,0.00025383985484950244
1,0.09086589515209198
1,0.2490498274564743
0,3.6243602608010406e-06
0,0.13008816540241241
0,1.2507711062426097e-06
0,0.04674220830202103
0,0.08878111094236374
0,0.34309765696525574
0,0.19653679430484772
1,0.6896018385887146
1,0.24306514859199524
0,0.00025199181982316077
0,0.010754712857306004
0,0.16943366825580597
1,0.40140584111213684
0,0.036053404211997986
0,0.14329677820205688
1,0.2692639231681824
0,0.08574163168668747
0,0.0033456641249358654
1,0.9991374015808105
1,0.996618390083313
0,0.2735384404659271
0,0.316738098859787
0,0.10571177303791046
0,0.16416069865226746
0,0.1319352090358734
0,0.2562140226364136
0,0.003372753970324993
0,0.6672499179840088
0,0.014230444096028805
1,0.12981703877449036
0,0.2040591537952423
0,0.30332520604133606
0,0.0648786723613739
0,0.1573173701763153
0,0.4847060441970825
0,0.10104439407587051
0,0.00039681364432908595
0,0.22828735411167145
1,0.308404803276062
0,0.059681426733732224
0,0.1963728815317154
0,0.019519023597240448
0,0.2504419684410095
0,0.014854241162538528
0,0.15122754871845245
0,9.06084733287571e-06
0,0.11001960188150406
0,0.10968983173370361
0,0.003819614415988326
0,0.13278065621852875
0,0.06068586930632591
0,0.40464848279953003
0,0.0002984394959639758
0,0.14208242297172546
0,0.012046989984810352
0,0.09950117766857147
1,0.9999157190322876
1,0.12835729122161865
0,0.01803828589618206
0,2.3406091713695787e-05
0,0.30491331219673157
0,0.1819244921207428
0,0.1350625455379486
0,0.26921677589416504
1,0.24136030673980713
0,0.1705808788537979
1,0.9994625449180603
0,0.2310430258512497
0,0.06409332901239395
0,0.33314380049705505
0,0.0005596242845058441
1,0.30061036348342896
0,3.7144336602068506e-06
1,0.9677877426147461
0,0.25251084566116333
0,0.29747167229652405
0,0.20293812453746796
1,0.9998915195465088
0,0.0010629455791786313
0,0.1332598626613617
0,0.1021857038140297
1,0.51955646276474
0,0.11198507249355316
1,0.12663592398166656
1,0.181334987282753
1,0.9991588592529297
0,0.3118322193622589
0,0.23952095210552216
0,0.19554300606250763
0,0.0027325882110744715
1,0.9996500015258789
0,0.21335481107234955
1,0.20689135789871216
0,0.2760934829711914
1,0.9958776235580444
0,0.021495314314961433
1,0.4662984013557434
0,0.0023851743899285793
1,0.9997515082359314
0,0.10990626364946365
0,0.27485063672065735
0,0.2559584081172943
0,0.022828245535492897
0,0.5449299216270447
0,0.1030770093202591
1,0.9990875720977783
0,0.14042282104492188
0,0.16376186907291412
0,0.12585246562957764
0,0.015054856427013874
0,0.014662387780845165
1,0.9991783499717712
0,0.2854158878326416
0,0.10523940622806549
0,0.5741997957229614
0,0.2764868438243866
0,0.12549738585948944
0,0.10112407803535461
0,0.008782816119492054
0,0.058321740478277206
0,0.27338907122612
0,0.31233876943588257
0,0.1974794566631317
0,0.001190768787637353
0,0.25095275044441223
0,0.0005290343542583287
0,0.07814700901508331
0,0.008341270498931408
0,0.019228478893637657
0,0.010593374259769917
0,0.17788973450660706
0,0.3954288363456726
1,0.1938563883304596
1,0.2912157475948334
0,0.000543881906196475
0,0.03869309276342392
0,0.16119900345802307
0,0.1825130432844162
0,0.18337225914001465
0,0.27650564908981323
1,0.38615521788597107
0,0.08677884191274643
1,0.9986893534660339
0,0.17793725430965424
0,0.4605296552181244
0,0.05766879394650459
1,0.2050607055425644
0,0.25545573234558105
0,0.1361711621284485
0,6.261835369514301e-05
0,0.16147585213184357
1,0.07109130918979645
0,0.12512290477752686
1,0.16558031737804413
0,0.01179185975342989
0,0.020745040848851204
1,0.9999294281005859
0,0.020487407222390175
0,0.1808953583240509
0,0.2767498195171356
0,0.18324263393878937
0,0.00014737738820258528
0,0.18853332102298737
1,0.9926583170890808
0,0.17915135622024536
0,0.03583689406514168
0,8.442164107691497e-05
0,0.17918401956558228
1,0.24793225526809692
0,0.28965774178504944
0,0.02016192488372326
0,0.10564810037612915
0,0.28820425271987915
0,0.013310008682310581
0,0.051029302179813385
1,0.2582610845565796
0,0.10793142020702362
0,0.15751893818378448
1,0.10190533846616745
1,0.9959041476249695
0,0.21963177621364594
0,0.26768288016319275
0,0.15932470560073853
0,0.14223362505435944
0,0.21004125475883484
0,0.37516021728515625
0,0.22476352751255035
0,0.034402742981910706
0,0.2769611179828644
0,0.00011202100722584873
0,0.22355994582176208
0,0.22134818136692047
0,0.2916865050792694
1,0.2137538343667984
0,0.33133774995803833
0,0.33446958661079407
0,0.024707907810807228
0,0.21643133461475372
0,0.1910833716392517
0,0.0023674953263252974
1,0.9672987461090088
0,0.1799996942281723
0,0.1300262063741684
0,0.2232901155948639
0,0.2313188761472702
0,0.11548559367656708
0,0.24924008548259735
0,0.10491982102394104
0,0.01185606513172388
0,0.024481236934661865
0,0.15822426974773407
1,0.16195380687713623
0,0.2617545425891876
1,0.9997308850288391
0,0.4722413122653961
0,0.227603018283844
0,0.09644059836864471
0,0.0007853774004615843
0,0.013278103433549404
0,0.0876709446310997
0,0.14996595680713654
0,0.05828612670302391
0,0.22112977504730225
0,0.05315408483147621
0,0.0015639077173545957
0,0.016220370307564735
0,0.2890099883079529
0,0.04489944502711296
0,0.21281111240386963
0,0.1446673572063446
0,0.1465885490179062
0,0.20186109840869904
0,0.09313606470823288
0,5.344360033632256e-06
0,0.15368439257144928
0,0.01503642089664936
1,0.12017681449651718
0,0.0006650168215855956
0,0.0051896837539970875
0,0.13491448760032654
0,0.07023917138576508
0,0.3338123857975006
0,0.28873205184936523
1,0.32793980836868286
0,0.04044739529490471
0,0.00011149945930810645
0,0.019011372700333595
0,0.456753134727478
0,0.27907654643058777
0,0.1349411904811859
0,0.00027704949025064707
0,0.2189042568206787
0,0.33606669306755066
0,0.14738520979881287
0,0.19477880001068115
0,0.04978318139910698
0,0.05512725189328194
0,0.10245218873023987
0,0.12863853573799133
0,0.24383924901485443
1,0.999535322189331
0,0.15184931457042694
0,0.16933377087116241
0,0.005053206812590361
0,0.0001491945586167276
0,0.20927348732948303
1,0.3202831447124481
0,0.24861082434654236
0,0.12326139956712723
0,0.22442857921123505
0,0.055709801614284515
0,0.19555602967739105
0,0.03386608883738518
0,0.013778988271951675
0,0.15429829061031342
0,0.11308150738477707
0,1e-06
1,0.2694191038608551
0,0.13505332171916962
0,0.11231140792369843
0,0.02859172597527504
0,5.406421041698195e-05
0,0.2238834947347641
0,0.07414984703063965
1,0.9987637996673584
0,0.14118099212646484
0,0.26058223843574524
0,0.2231244146823883
0,0.0549716055393219
0,0.0403926745057106
0,0.026322871446609497
0,0.31559011340141296
0,0.001739772385917604
0,0.017678862437605858
0,0.16263169050216675
1,0.9998642206192017
0,0.7343875169754028
0,0.0031379861757159233
1,0.9992927312850952
0,8.823984899208881e-06
1,0.9994645714759827
0,0.23674608767032623
1,0.9956377148628235
0,0.052449654787778854
0,0.03228254243731499
0,0.16293688118457794
0,0.039503395557403564
0,0.3816612660884857
1,0.29399701952934265
0,0.2946889400482178
1,0.9998143315315247
0,0.1945754885673523
0,0.25362300872802734
0,0.0039368970319628716
0,0.08499446511268616
0,0.19838730990886688
0,0.14849001169204712
0,0.09268529713153839
0,0.10311867296695709
0,0.00010867035598494112
0,0.18904399871826172
0,0.05890470743179321
1,0.15159370005130768
0,0.2619006335735321
0,0.14653280377388
0,0.18663792312145233
0,0.022294849157333374
0,0.1417498141527176
0,0.2079356461763382
1,0.30730199813842773
0,0.1025351732969284
0,0.04182865470647812
0,0.1157185360789299
0,0.12697044014930725
0,0.02808541990816593
0,0.086567722260952
0,0.3370688557624817
0,0.1390330195426941
1,0.9992988109588623
1,0.315311998128891
0,0.2759195566177368
0,9.655655594542623e-05
0,0.17034710943698883
0,0.016525868326425552
1,0.999620795249939
1,0.24995675683021545
0,0.11429446190595627
0,0.1464785486459732
0,0.28307563066482544
0,0.29322800040245056
1,0.17816464602947235
1,0.9984902143478394
0,0.5055743455886841
0,0.19237573444843292
0,0.14747141301631927
0,0.0020129603799432516
0,0.175540953874588
0,0.1590173989534378
1,0.04833747446537018
0,0.06813161820173264
0,0.14482322335243225
0,0.0757933259010315
0,0.00761987641453743
0,0.1557883471250534
0,0.3512468934059143
0,0.0708029642701149
0,0.08837153762578964
0,0.04817042499780655
0,0.09786657989025116
0,0.27405789494514465
0,0.31208565831184387
0,0.008366551250219345
1,0.28144899010658264
1,0.9257621765136719
0,0.02015215903520584
0,0.21267132461071014
0,0.1292230486869812
0,0.0009151960257440805
1,0.3014366328716278
0,0.12446682155132294
0,0.2496202141046524
0,0.26296982169151306
0,0.1597626656293869
0,0.1691088229417801
0,0.2629659175872803
0,0.09497173130512238
0,0.29469650983810425
0,0.1825413554906845
1,0.07840528339147568
0,0.340143620967865
1,0.6370929479598999
0,0.2549894154071808
0,0.2826074957847595
1,0.9975010752677917
1,0.9980829954147339
1,0.999910831451416
0,0.021184880286455154
0,0.03803486377000809
0,0.05129227414727211
0,0.3900949954986572
0,0.19039694964885712
0,0.08955089747905731
0,0.15888120234012604
0,0.15943065285682678
0,0.07152414321899414
0,0.17669610679149628
0,0.22950203716754913
1,0.9997316002845764
0,0.31147265434265137
0,0.026453698053956032
0,0.36069491505622864
0,0.2571454346179962
0,0.02904939092695713
0,0.004138996824622154
1,0.14090874791145325
1,0.1507192850112915
0,0.2648765444755554
0,0.23458729684352875
0,0.011370303109288216
0,0.038545481860637665
0,0.006697113160043955
0,0.18805892765522003
0,0.08028025925159454
0,0.23245440423488617
0,0.2601613700389862
0,0.09606149792671204
0,0.4553297758102417
0,0.10209058970212936
0,0.12603692710399628
0,0.006368305534124374
1,0.21573573350906372
1,0.20160183310508728
0,2.085189953504596e-05
0,0.0037617322523146868
0,0.05579110607504845
0,0.1555338054895401
0,0.0464603453874588
1,0.20578214526176453
0,0.14684352278709412
0,0.0027917574625462294
1,0.9999823570251465
0,0.03881950303912163
0,0.11880163848400116
0,0.2443304806947708
0,0.014353197067975998
0,0.006865491159260273
0,0.08700883388519287
0,0.0010556912748143077
0,0.16675347089767456
1,0.45629721879959106
0,0.17861349880695343
1,0.9948273301124573
0,0.2040349692106247
1,0.9976575374603271
0,0.18825773894786835
0,0.11584071069955826
0,0.11702315509319305
0,0.008852323517203331
0,0.33914175629615784
1,0.09040839970111847
0,0.261008083820343
0,0.049689553678035736
0,0.00492827408015728
0,0.00816259253770113
0,0.05574651062488556
0,0.14150388538837433
1,0.2685277462005615
0,0.17562027275562286
0,0.21649456024169922
0,0.00037516182055696845
0,0.1971718817949295
0,0.1456572264432907
0,0.41703587770462036
0,1e-06
1,0.999725878238678
1,0.9957387447357178
0,0.14698028564453125
0,0.036080557852983475
0,0.19207386672496796
0,0.19444850087165833
0,0.0006088260561227798
0,0.10561595112085342
0,0.22528104484081268
0,0.2830876410007477
0,2.311839807589422e-06
1,0.2520735561847687
0,1e-06
1,0.4649372398853302
0,0.03158699348568916
0,0.006258062552660704
0,0.11599372327327728
1,0.19769836962223053
0,0.03623225912451744
0,0.0663965716958046
0,0.322400838136673
1,0.16615700721740723
1,0.3411279320716858
0,0.285931795835495
1,0.8429015874862671
0,0.0059475526213645935
0,0.15788190066814423
0,0.047251924872398376
0,0.058547183871269226
0,0.0024290841538459063
1,0.9998250603675842
0,0.157695472240448
1,0.999679446220398
0,0.13403362035751343
0,0.16611340641975403
0,0.02406858094036579
0,0.08017389476299286
0,0.21162879467010498
1,0.9955176711082458
0,0.25503063201904297
1,0.17988067865371704
0,0.1336214244365692
0,0.008334595710039139
0,0.018996838480234146
0,5.594838148681447e-05
1,0.9998050332069397
0,0.2523208260536194
0,0.28423649072647095
1,0.184955894947052
0,0.028015542775392532
0,0.22978179156780243
1,0.9991176724433899
0,0.3159641623497009
0,0.343069463968277
0,0.0796080231666565
0,0.16231669485569
0,5.9473068176885135e-06
0,0.15689460933208466
0,0.26700520515441895
0,0.02083209529519081
0,0.09728545695543289
0,5.457704173750244e-05
0,0.051601290702819824
0,0.32704535126686096
0,0.34126996994018555
0,0.0005558411357924342
0,2.9660521249752492e-05
1,0.9992272853851318
0,0.04683157056570053
0,0.4366658627986908
1,0.9994462132453918
1,0.02249297685921192
0,0.23873038589954376
0,0.0013157554203644395
0,0.1688917726278305
0,0.31207072734832764
0,0.3101932406425476
0,0.4181731641292572
1,0.3273131847381592
1,0.3249480128288269
1,0.20578770339488983
0,0.19717474281787872
0,0.20455411076545715
0,0.061026860028505325
1,0.992703914642334
0,0.11404537409543991
0,0.3707561790943146
1,0.08614861965179443
0,0.11687633395195007
0,0.012234720401465893
0,0.1803288757801056
0,0.0019134579924866557
0,0.15527114272117615
0,0.06175873428583145
0,0.14713843166828156
0,0.19327035546302795
0,6.641659183515003e-06
0,1.0585462405288126e-05
0,0.013903249055147171
1,0.9997379183769226
0,0.20621256530284882
1,0.8786503076553345
0,0.1325257271528244
1,0.9927750825881958
0,0.008755546063184738
0,0.3462175726890564
0,0.2871640920639038
0,0.002164395060390234
0,0.23127655684947968
0,0.17093434929847717
1,0.22948727011680603
1,0.9997938275337219
1,0.1732235848903656
0,0.0005939303082413971
0,0.23000209033489227
0,0.020830202847719193
0,0.28733086585998535
0,0.1761101633310318
0,0.29981958866119385
1,0.27200403809547424
0,0.2791338562965393
0,0.0011107784230262041
0,0.13662922382354736
0,0.00023133898503147066
0,0.00020534064969979227
0,0.06642414629459381
1,0.9538133144378662
0,0.2860558032989502
0,0.09228822588920593
0,0.17155826091766357
1,0.12902894616127014
0,0.12026119977235794
0,0.3285355269908905
1,0.13487499952316284
0,0.0009295736672356725
1,0.9994156360626221
0,0.2515416741371155
0,0.12109439074993134
0,0.0733163133263588
0,0.0007302764570340514
0,0.01444899383932352
0,0.2953343689441681
0,0.14719170331954956
0,0.001615472137928009
0,0.14164049923419952
0,0.12543432414531708
0,0.3112601637840271
0,0.20702964067459106
0,0.07546500116586685
0,0.5236297845840454
0,0.3420071303844452
1,0.23137426376342773
0,0.20144343376159668
0,0.24968604743480682
0,0.0010882776696234941
0,0.010044935159385204
0,0.00010852165723918006
0,0.024868875741958618
0,0.18843698501586914
0,0.22969959676265717
0,0.01569305546581745
0,0.0308894831687212
0,0.0004948092391714454
0,0.12956835329532623
1,0.9990321397781372
1,0.1932750940322876
1,0.9986429810523987
0,0.03317118063569069
1,0.9995827078819275
0,0.006706705316901207
0,0.23250818252563477
0,1e-06
0,0.2344905287027359
0,0.23035362362861633
0,0.14826779067516327
0,0.350138396024704
1,0.12913821637630463
0,0.02539774775505066
0,0.3151727020740509
0,0.041342832148075104
0,0.17198996245861053
0,0.24208518862724304
1,0.11210092902183533
0,0.19412027299404144
0,0.002493001753464341
0,0.22519710659980774
0,0.10089460015296936
0,0.7751238942146301
0,2.0632255655073095e-06
0,0.15729472041130066
0,0.011213795281946659
0,0.2714877724647522
1,0.9995891451835632
0,0.02630811557173729
0,0.09331094473600388
0,0.21109424531459808
0,1e-06
1,0.9998118281364441
0,0.17717070877552032
0,0.1768113374710083
1,0.9809532761573792
1,0.1395079642534256
1,0.9991594552993774
1,0.9523851871490479
0,0.21712878346443176
0,0.0774756595492363
0,0.17855888605117798
0,0.2806217670440674
0,0.2859632670879364
0,0.2879725992679596
0,0.02271857298910618
0,0.0055475695990026
0,0.07663722336292267
0,0.09883049875497818
1,0.21890445053577423
0,0.12412512302398682
0,0.4181326925754547
1,0.9998602867126465
0,0.14877547323703766
1,0.9961647987365723
0,0.47433003783226013
0,0.1640825718641281
0,0.11597605049610138
0,0.2632339894771576
1,0.2437220811843872
1,0.8926394581794739
0,0.13319918513298035
0,0.0768398568034172
0,0.14457431435585022
0,0.07533913850784302
0,0.335216224193573
0,0.2333248108625412
0,0.039057936519384384
0,0.1985139548778534
0,0.14999990165233612
1,0.9704928994178772
0,0.2738952040672302
0,0.25733616948127747
1,0.2838174104690552
0,0.28780508041381836
0,0.3467884957790375
0,0.2647493779659271
0,0.029218090698122978
0,0.027521654963493347
0,0.034837666898965836
1,0.2898569107055664
0,0.0004941746592521667
0,1e-06
0,0.0015337829245254397
0,0.07314260303974152
0,0.09059663116931915
0,0.13924136757850647
0,0.3703077733516693
1,0.9989190101623535
1,0.9994925260543823
1,0.1694391667842865
0,0.005359842907637358
1,0.9982319474220276
0,0.43433964252471924
1,0.22365696728229523
0,0.20304977893829346
0,0.16822530329227448
0,0.24389009177684784
1,0.39089351892471313
0,0.0023405144456773996
1,0.4173484146595001
0,0.05189570039510727
0,0.22633269429206848
0,0.08103478699922562
0,0.07990080863237381
0,0.221589133143425
0,0.20592886209487915
1,0.21990914642810822
0,1e-06
0,0.16214214265346527
0,0.1492401510477066
1,0.946768045425415
0,0.3758445978164673
0,0.0093948133289814
0,0.32018375396728516
0,0.27449408173561096
0,0.01279129646718502
1,0.9993959665298462
0,0.2481292337179184
0,0.40378379821777344
0,0.3849339783191681
0,0.06481475383043289
0,0.2482828050851822
1,0.17695845663547516
1,0.33157211542129517
0,0.08572060614824295
1,0.2123701125383377
1,0.14201757311820984
0,0.4799036681652069
0,0.02670753374695778
0,0.10743103176355362
0,0.001956942491233349
0,0.1789911687374115
1,0.9998223185539246
0,0.3182656764984131
1,0.2936415374279022
0,0.19089975953102112
1,0.15292619168758392
0,0.3326197564601898
0,0.23516610264778137
0,0.06948554515838623
0,0.028296224772930145
0,0.15939663350582123
0,0.1200602576136589
0,0.13270939886569977
0,0.002388626104220748
0,0.17261381447315216
0,0.13052880764007568
0,0.19498717784881592
1,0.9997836947441101
1,0.34652838110923767
0,0.21074523031711578
0,0.16918179392814636
0,0.18233220279216766
1,0.9996324777603149
1,0.39790546894073486
0,0.07376326620578766
0,0.25825390219688416
0,0.41523268818855286
0,9.400666021974757e-05
0,0.014673723839223385
1,0.21443158388137817
0,0.00015481634181924164
0,0.09295538812875748
0,0.0016110183205455542
0,0.02173948846757412
0,7.52464184188284e-05
0,0.2992647886276245
0,0.22003181278705597
0,0.04457535222172737
1,0.28470173478126526
0,0.0481487438082695
0,0.09420019388198853
1,0.21456150710582733
1,0.1628991663455963
0,0.18632537126541138
0,0.22408521175384521
0,0.09454760700464249
0,0.3756581246852875
0,0.2780517041683197
1,0.9990885257720947
0,0.2583616375923157
1,0.39912623167037964
1,0.9997267127037048
0,0.03545897826552391
0,0.2483481466770172
0,0.3171459436416626
0,0.12031552195549011
0,0.26424703001976013
0,0.14346033334732056
0,0.12804678082466125
0,3.0214516300475225e-05
0,0.18733608722686768
0,4.3419538997113705e-05
0,0.27452635765075684
0,0.23203201591968536
1,0.3244437277317047
0,0.12690287828445435
1,0.9929561614990234
0,0.07072118669748306
0,0.27539360523223877
0,0.17208389937877655
1,0.08125592768192291
0,0.1543164849281311
0,0.0775618925690651
1,0.999647855758667
1,0.8333767056465149
0,0.11715001612901688
0,1.0943128927465295e-06
0,0.10496572405099869
0,1e-06
0,0.20644265413284302
0,0.007174185011535883
0,0.09477326273918152
1,0.38322028517723083
0,0.18332341313362122
0,0.00297867925837636
0,0.15743017196655273
1,0.16025108098983765
1,0.1239665225148201
0,0.10221680998802185
0,0.04016659036278725
0,0.3039233386516571
1,0.23117607831954956
1,0.28095704317092896
0,0.004681568592786789
0,0.18140558898448944
1,0.7725645899772644
0,0.1911129504442215
0,0.22485192120075226
0,0.15378941595554352
1,0.9861684441566467
0,0.10547658056020737
0,0.12438111752271652
0,0.02415035292506218
0,0.36446449160575867
0,0.2412457913160324
0,1e-06
0,0.03411334007978439
1,0.3542708456516266
0,1.9891631382051855e-05
1,0.9697368741035461
1,0.20427440106868744
0,0.00606683362275362
0,0.07570511847734451
0,0.2654506266117096
0,0.09032759815454483
0,0.12094413489103317
0,0.21756522357463837
0,0.06991910934448242
0,0.32782578468322754
0,0.2532031834125519
0,0.20861780643463135
0,0.0073588527739048
0,0.07993780821561813
0,0.1408068835735321
0,0.19223231077194214
0,0.3103930950164795
0,0.21737921237945557
0,0.013382255099713802
0,0.007592406123876572
0,0.3485690951347351
0,0.00012571107072290033
1,0.19868916273117065
0,1e-06
0,0.10006731003522873
0,0.012745067477226257
0,0.10193292051553726
0,1e-06
0,0.16779066622257233
0,0.016093986108899117
0,0.004331368021667004
0,0.181596577167511
0,0.2659567594528198
0,0.13694389164447784
0,1.584875121807272e-06
0,0.027626221999526024
0,0.13019300997257233
0,0.0246848464012146
0,1e-06
0,0.4316396117210388
1,0.18931005895137787
0,0.06740071624517441
0,0.033972885459661484
0,9.718379260448273e-06
0,0.10347918421030045
0,0.02332531474530697
0,0.006749533582478762
0,0.09571032226085663
0,0.2575712502002716
0,0.225937157869339
1,0.9959766268730164
0,0.11868851631879807
0,0.2609664499759674
0,0.2692633867263794
1,0.37599262595176697
0,0.06055723503232002
0,0.03882741928100586
0,0.18784545361995697
0,0.44848132133483887
0,0.17557275295257568
0,0.032895129173994064
0,0.00047505891416221857
0,0.01709868758916855
0,0.0003133782302029431
1,0.20389099419116974
0,0.17790400981903076
0,0.3497258126735687
0,0.2479100227355957
0,0.059444934129714966
0,0.28044503927230835
1,0.2757795453071594
1,0.99832683801651
0,0.18269036710262299
0,0.2524925172328949
0,0.17467981576919556
1,0.20885685086250305
0,0.08478705585002899
0,0.3100548982620239
1,0.9997585415840149
0,0.18373073637485504
0,0.22931379079818726
1,0.307165265083313
0,0.2596687376499176
0,0.19606119394302368
0,0.0001801633188733831
0,0.04003938287496567
0,0.16570426523685455
0,0.14310209453105927
0,0.016762826591730118
0,0.00991788785904646
0,0.2729245126247406
1,0.16752204298973083
1,0.25970056653022766
0,0.06868311017751694
0,0.05978252738714218
0,0.001737771206535399
0,0.21423737704753876
0,0.11499995738267899
0,0.1798119992017746
0,0.1367485523223877
0,0.20106986165046692
1,0.3845048248767853
1,0.5562528371810913
0,0.01001051813364029
0,0.300628125667572
0,0.13926225900650024
0,0.07023431360721588
0,0.07083561271429062
0,0.01732293702661991
0,0.030414536595344543
0,0.01876828260719776
0,0.25424641370773315
0,0.09449182450771332
0,0.0020511357579380274
1,0.8226562142372131
0,0.03395574539899826
0,0.048781219869852066
0,0.04595012962818146
0,0.1525658369064331
0,0.001119878957979381
1,0.9879934787750244
1,0.7573317885398865
0,0.3417908549308777
0,0.15750911831855774
0,0.08178186416625977
0,0.19891346991062164
0,0.2176230549812317
0,0.3073647916316986
0,0.08768969029188156
1,0.1762741506099701
0,0.05799632519483566
1,0.9989942908287048
0,0.2248055785894394
0,0.11832942068576813
0,0.5216084718704224
1,0.14622165262699127
1,0.9994515776634216
1,0.32027319073677063
0,0.19735196232795715
0,0.3239368498325348
0,0.13795141875743866
0,0.2017642706632614
0,0.23298822343349457
1,0.2606464922428131
0,0.2358873337507248
0,0.36779290437698364
0,0.10724934190511703
0,0.2607981562614441
0,0.08647327870130539
0,0.000500949565321207
0,0.14829717576503754
0,0.28698429465293884
0,0.03147923946380615
0,0.15963239967823029
1,0.9980301260948181
0,0.09633196145296097
1,0.18937571346759796
1,0.9998794794082642
0,0.3544776141643524
0,0.0589689202606678
0,0.3005998730659485
1,0.9999785423278809
0,0.12235322594642639
0,0.011592552065849304
0,0.3216009736061096
0,0.021269019693136215
0,0.10482627898454666
0,0.2957625687122345
0,0.33344319462776184
0,0.04657300189137459
0,0.0019514962332323194
0,0.1514265388250351
0,0.11386805027723312
0,0.0715983435511589
0,0.010617772117257118
0,0.17243878543376923
1,0.9999042749404907
0,0.18244995176792145
0,0.1718425452709198
0,0.026754869148135185
0,0.0009950109524652362
0,0.194480761885643
0,0.07964523136615753
0,0.029698750004172325
1,0.9203127026557922
0,0.0001870275882538408
0,0.1001981869339943
1,0.1894935518503189
0,0.058496519923210144
0,0.14105825126171112
0,0.15589824318885803
0,0.0018536346033215523
0,0.28646233677864075
0,0.03802110254764557
0,0.2901220917701721
0,0.042748093605041504
0,0.009651283733546734
0,0.10525080561637878
0,2.2532762159244157e-05
0,0.33913329243659973
0,9.038048301590607e-05
0,0.0199323408305645
0,0.022777795791625977
0,0.234360009431839
0,0.05430128797888756
0,0.14296314120292664
0,0.22660700976848602
0,0.22281624376773834
0,0.00021059812570456415
0,5.301273631630465e-06
0,0.3182148039340973
0,0.07148658484220505
0,0.2577289938926697
0,0.2801741063594818
1,0.1271810233592987
1,0.9996681213378906
0,0.28797921538352966
0,0.05247499793767929
1,0.9538893699645996
0,0.025153866037726402
0,0.018129289150238037
1,0.9423874020576477
0,0.07078786939382553
0,0.15429462492465973
0,0.01218358613550663
0,0.09768890589475632
1,0.9992413520812988
1,0.28136029839515686
0,0.09762126207351685
0,0.00884882640093565
0,0.04346378147602081
0,0.03651369735598564
0,0.029697684571146965
0,0.08430012315511703
0,0.1658393293619156
0,6.349112663883716e-05
0,0.12563785910606384
0,0.009525823406875134
0,0.1906219869852066
0,0.05038909241557121
0,0.04106505587697029
0,0.38858088850975037
1,0.9992538094520569
0,0.18164023756980896
0,0.2768397033214569
0,0.15145929157733917
0,0.19021274149417877
0,0.014708642847836018
0,0.05269400402903557
0,0.2480423003435135
0,0.09885913878679276
0,6.788134214730235e-06
1,0.27307918667793274
0,0.2255103886127472
0,0.20031507313251495
0,0.7224385142326355
0,0.18765412271022797
0,0.33167949318885803
0,0.02555825188755989
1,0.9993568062782288
0,0.17901891469955444
0,0.254057377576828
0,6.550435500685126e-05
0,0.21227025985717773
0,0.12291079014539719
0,0.014400631189346313
1,0.9996178150177002
0,0.08903002738952637
0,0.22347129881381989
0,0.10838676244020462
0,0.16590970754623413
0,0.07364563643932343
0,0.00987476296722889
0,0.06547972559928894
0,0.07268057018518448
0,0.2293819934129715
0,0.25842219591140747
1,0.2170187085866928
0,0.2271949201822281
0,0.1034088134765625
0,0.14422833919525146
0,0.07676909863948822
0,0.12041602283716202
1,0.4385262727737427
1,0.8002300262451172
0,0.004636997357010841
0,0.21224358677864075
0,0.012311573140323162
0,0.05181039124727249
0,0.3360283374786377
0,0.20030765235424042
0,0.040973808616399765
0,0.004524072166532278
0,0.16257761418819427
0,0.015443927608430386
0,0.16305886209011078
0,0.14032505452632904
0,0.0875156819820404
1,0.9986599683761597
0,0.29384204745292664
1,0.24632389843463898
0,0.00970403105020523
0,0.3261988162994385
0,0.08826890587806702
1,0.19911417365074158
0,2.6619179607223487e-06
1,0.2724708318710327
0,0.3201203942298889
0,0.15264250338077545
0,5.460791362565942e-05
0,0.00033959432039409876
0,1e-06
0,0.12071721255779266
0,0.02555892802774906
0,0.2481398731470108
0,0.20900844037532806
0,0.19658558070659637
0,0.21815067529678345
0,0.039452601224184036
0,0.0011617121053859591
0,0.11459968984127045
0,0.10949063301086426
0,0.12385060638189316
0,0.29706066846847534
0,1.2309651538089383e-06
0,0.11035827547311783
0,0.11738664656877518
0,0.06899616867303848
0,0.17080062627792358
0,0.14640919864177704
0,0.13769015669822693
0,0.1338314712047577
0,0.00026277368306182325
0,0.018266232684254646
0,0.0006420071586035192
0,0.10187508165836334
1,0.4244178235530853
0,0.023873357102274895
0,0.17780151963233948
0,0.0007531360606662929
0,0.025998378172516823
0,0.2594354450702667
0,0.11020741611719131
0,0.0569235160946846
0,0.0076870364136993885
0,0.10764069855213165
0,0.01964527741074562
1,0.27737075090408325
0,0.008999562822282314
0,0.015976587310433388
0,0.001271772081963718
0,0.0012168324319645762
0,0.13627393543720245
0,0.33172640204429626
1,0.14484550058841705
0,0.2971001863479614
1,0.9995966553688049
0,0.0031251574400812387
0,0.49898862838745117
0,0.0006684475229121745
0,0.0029233177192509174
0,0.3183552920818329
0,0.07462093234062195
0,0.3630129396915436
0,0.31949201226234436
0,0.22247445583343506
0,0.3385446071624756
0,0.11890621483325958
0,0.001861233846284449
1,0.16750362515449524
1,0.999086856842041
0,0.03600206971168518
0,0.03836136311292648
0,0.10650967061519623
0,0.21477633714675903
0,0.09393762797117233
0,0.2255709320306778
1,0.23030614852905273
1,0.9987687468528748
0,0.08739964663982391
0,0.41091188788414
0,0.25263115763664246
0,0.02838503010571003
0,0.08390232175588608
0,0.15646420419216156
1,0.29257479310035706
0,0.27877166867256165
1,0.5135583281517029
1,0.24853858351707458
0,0.1614840030670166
0,0.08333158493041992
1,0.9995753169059753
0,0.04894178733229637
1,0.23692500591278076
1,0.36573702096939087
1,0.06456165015697479
1,0.9997727274894714
0,0.020126093178987503
1,0.34647393226623535
0,0.04438013955950737
0,0.3078596293926239
0,0.05923488363623619
0,0.2445635199546814
0,0.024832814931869507
1,0.2305077463388443
0,0.09164291620254517
0,0.11875921487808228
0,0.00015934919065330178
1,0.1588270366191864
0,0.14559993147850037
0,0.30308952927589417
0,0.1963365375995636
0,0.2215428501367569
0,0.19647999107837677
1,0.9971816539764404
0,0.2794411778450012
1,0.9993172883987427
0,0.06993615627288818
0,0.15279364585876465
1,0.13702872395515442
0,0.0021930262446403503
1,0.21813181042671204
0,0.008623811416327953
1,0.22130151093006134
0,0.12981195747852325
0,0.20211917161941528
1,0.9992190599441528
0,0.00018040828581433743
0,0.16939552128314972
0,0.07269017398357391
0,0.009260157123208046
0,0.046854324638843536
0,0.013009250164031982
0,0.0713646337389946
0,0.06269185245037079
1,0.9939800500869751
0,0.24862954020500183
0,0.28610557317733765
0,0.08207308501005173
0,0.02713722549378872
0,0.1929289996623993
1,0.9996187686920166
0,0.19691842794418335
0,0.2579830586910248
0,0.25716760754585266
0,4.726271527033532e-06
0,0.20113874971866608
0,0.09908276796340942
0,0.15818631649017334
0,0.13589006662368774
0,0.15888439118862152
0,0.05820247903466225
0,0.05470802262425423
0,0.04816540330648422
0,0.13825033605098724
0,0.19788908958435059
0,0.1570938229560852
1,0.37814465165138245
0,0.010161289945244789
0,0.04082717001438141
1,0.9988473653793335
0,0.08935965597629547
0,0.0027992851100862026
0,0.2522278130054474
0,0.09092221409082413
0,0.19139352440834045
0,0.006894298363476992
0,0.0013644216815009713
1,0.9995282888412476
1,0.9458968043327332
1,0.04379929229617119
0,0.16131338477134705
1,0.4134821593761444
0,0.023452145978808403
0,0.06504828482866287
1,0.09486953914165497
1,0.9997350573539734
0,0.11466536670923233
0,0.0294369887560606
0,0.00167581788264215
0,0.25952497124671936
0,0.3098357319831848
0,0.0026469130534678698
0,0.021736523136496544
1,0.4372117817401886
0,0.0019504108931869268
1,0.987438976764679
0,0.12824350595474243
0,0.6553192138671875
0,0.3652835190296173
0,0.0455271415412426
0,0.32863855361938477
0,1.389945282426197e-05
0,0.17835518717765808
1,0.9997512698173523
0,0.057072628289461136
0,0.14886680245399475
0,0.007697177119553089
0,0.0939880833029747
0,0.36486104130744934
1,0.9750551581382751
0,0.20047041773796082
0,0.20513816177845
0,0.03287242352962494
0,0.09446130692958832
0,0.11229998618364334
1,0.2867640256881714
1,0.4171278178691864
0,0.08805344998836517
0,0.20887544751167297
1,0.998680055141449
0,0.1708657294511795
0,0.2857135236263275
0,0.18591156601905823
0,0.0015443653101101518
0,0.05016135424375534
0,0.05184823274612427
0,0.13886401057243347
0,0.28492528200149536
0,0.3250879645347595
0,0.278282105922699
0,0.09420422464609146
0,0.10803929716348648
1,0.9980602860450745
0,0.2593698799610138
0,0.11166764795780182
0,0.03243981674313545
0,0.12461869418621063
0,0.05897430330514908
1,0.9995720982551575
0,0.09434231370687485
1,0.4340396523475647
0,0.1074138805270195
0,0.256753534078598
0,0.15284104645252228
0,0.09069453924894333
0,0.28170037269592285
0,0.2272951751947403
0,0.010033397004008293
0,0.23748430609703064
0,0.25978559255599976
0,0.11578871309757233
0,0.0019396491115912795
0,0.0007047071121633053
0,0.000540534034371376
0,0.05868260934948921
0,0.07640108466148376
1,0.15395495295524597
0,0.3205605447292328
0,0.6342389583587646
0,0.001042752992361784
0,0.04714407026767731
0,0.008517477661371231
1,0.17220471799373627
1,0.2013407200574875
0,0.0008120756247080863
0,0.004726444371044636
0,0.00020493753254413605
0,0.26896026730537415
0,0.11434100568294525
1,0.9981119632720947
0,0.008077166974544525
0,0.28652748465538025
0,0.0963248685002327
1,0.3373793661594391
0,0.23322659730911255
0,0.0014913823688402772
0,0.14108888804912567
1,0.187953382730484
0,0.1361614316701889
0,0.21057267487049103
1,0.06235474720597267
0,0.19475197792053223
0,0.0005919695249758661
0,5.887068255105987e-06
0,0.11029500514268875
0,0.07322902977466583
0,0.16161569952964783
0,0.060099173337221146
0,0.12217488139867783
0,0.003719944506883621
0,0.24549031257629395
0,0.01706228032708168
0,0.08797578513622284
0,0.6529715657234192
0,0.11404716223478317
0,0.052508555352687836
0,0.23827087879180908
1,0.999446451663971
0,0.10725630819797516
0,0.10809838771820068
1,0.943783700466156
1,0.1688688099384308
1,0.28350958228111267
0,2.0125758965150453e-05
0,0.2519034147262573
0,0.2708713710308075
0,0.07168455421924591
1,0.018800415098667145
0,0.09069231897592545
1,0.9262415766716003
0,0.0028175655752420425
0,0.053711868822574615
0,0.25325456261634827
0,1e-06
0,0.29068347811698914
1,0.16975590586662292
0,0.27391278743743896
0,0.02422863058745861
1,0.46917465329170227
0,0.001328785321675241
0,7.88093893788755e-05
0,0.22535550594329834
0,0.16304729878902435
0,0.15837156772613525
0,0.17944534122943878
0,0.009403105825185776
0,0.23079977929592133
0,0.14311735332012177
0,0.12285178899765015
1,0.9998917579650879
0,0.00016971600416582078
0,0.12712439894676208
0,1e-06
1,0.9994484782218933
0,0.07312266528606415
0,0.1015549972653389
0,0.26222309470176697
0,0.12054306268692017
0,0.28288522362709045
0,0.21642740070819855
1,0.26851820945739746
0,0.05428220331668854
1,0.15655134618282318
1,0.461029589176178
1,0.2563307583332062
0,0.24291034042835236
1,0.9940702319145203
0,0.10904919356107712
0,0.15767556428909302
0,0.014202584512531757
0,0.18794839084148407
0,0.2080203890800476
0,0.10094784200191498
0,0.2669600248336792
0,0.008712454698979855
1,0.25873875617980957
0,6.311564357019961e-05
0,0.117173932492733
1,0.1965939700603485
0,4.630416879081167e-05
1,0.25035256147384644
0,0.0023911327589303255
0,0.13272501528263092
1,0.9994932413101196
0,0.3208208978176117
1,0.9658932685852051
0,0.35508233308792114
0,0.23236854374408722
0,0.15164481103420258
0,0.0059446548111736774
0,0.14430756866931915
1,0.9997615218162537
0,0.001446132897399366
1,0.3772343397140503
0,0.1821356862783432
0,0.0009001088328659534
0,0.12667934596538544
0,0.2609756886959076
1,0.9884613752365112
0,0.19390921294689178
0,0.05647275596857071
0,0.3054516911506653
1,0.13490983843803406
1,0.9905843734741211
0,0.0022837494034320116
0,0.2564498782157898
0,0.15777727961540222
1,0.22700144350528717
0,0.01576722227036953
1,0.0685439184308052
1,0.9994807839393616
0,0.3603372871875763
0,0.28376486897468567
0,0.12749844789505005
1,0.1105157658457756
1,0.9998456239700317
0,0.44730520248413086
1,0.9991864562034607
0,0.008896252140402794
0,0.2541744112968445
0,0.11459444463253021
0,0.05156147852540016
1,0.9996114373207092
1,0.9996176958084106
0,0.015541421249508858
0,0.0294859167188406
0,0.2163071632385254
0,0.2807798385620117
0,9.455851250095293e-05
1,0.16403703391551971
0,0.2511214017868042
0,0.023027323186397552
0,0.1006057858467102
0,0.18861621618270874
1,0.2688826024532318
0,0.09655310958623886
0,0.04100899025797844
0,0.03837449848651886
0,0.1443728357553482
0,0.1858517974615097
0,0.3515188992023468
0,0.10965387523174286
0,0.3436855375766754
0,1e-06
0,0.26461276412010193
0,0.20765270292758942
0,0.4157249927520752
0,0.0779590755701065
1,0.35463637113571167
1,0.2142733782529831
0,0.6409415006637573
1,0.23923251032829285
0,0.002170674502849579
0,0.013875857926905155
0,0.05095073580741882
1,0.1659180372953415
0,0.3113134205341339
0,0.15754440426826477
0,0.036907654255628586
0,0.08206768333911896
0,0.20994137227535248
0,0.0749795213341713
0,0.0010994293261319399
0,0.09224764257669449
0,0.12874138355255127
1,0.9910284876823425
0,0.2886600196361542
0,0.010916193947196007
0,0.007549652364104986
0,0.23589417338371277
0,0.13955581188201904
0,0.11541851609945297
0,0.01116636861115694
1,0.6659791469573975
0,0.2486778050661087
0,0.2583658993244171
0,0.3115405738353729
0,0.05924202874302864
1,0.6118322014808655
0,0.05055684223771095
0,0.27925071120262146
0,1e-06
0,0.17779967188835144
0,0.24970416724681854
1,0.9995579123497009
0,1e-06
0,0.1237027570605278
0,0.007910089567303658
1,0.999579131603241
1,0.9986421465873718
0,0.29506853222846985
0,0.10500139743089676
0,0.1968143731355667
0,0.03625218942761421
0,0.029896870255470276
0,0.1595209836959839
0,0.08942051231861115
0,0.26891329884529114
0,0.10327102988958359
0,0.28631287813186646
1,0.9991426467895508
1,0.20727814733982086
0,0.00866149552166462
1,0.07210153341293335
1,0.35743623971939087
0,0.007997975684702396
0,0.040662456303834915
0,0.19290581345558167
0,0.03498675301671028
0,2.800530637614429e-06
0,0.3088289797306061
0,0.06042218208312988
1,0.9989163875579834
1,0.9995352029800415
0,0.06459353864192963
1,0.20682165026664734
0,0.21156033873558044
1,0.9868035912513733
0,7.727525371592492e-05
0,0.006418793462216854
1,0.42678335309028625
0,0.2361566573381424
0,0.010670728050172329
0,6.0705275245709345e-05
0,0.3374449610710144
0,0.21488520503044128
1,0.14493609964847565
0,0.31217172741889954
0,0.001654148451052606
0,0.008687376976013184
0,0.23947173357009888
0,0.026916036382317543
0,0.18571904301643372
1,0.9990102052688599
1,0.9994974136352539
1,0.9995623230934143
0,0.29773110151290894
0,0.1424523890018463
0,2.4709959234314738e-06
0,0.09455859661102295
0,0.13549324870109558
0,0.17612944543361664
0,0.23708109557628632
0,5.5190601415233687e-05
0,0.1625131070613861
0,0.0044291079975664616
0,0.0419367216527462
1,0.21525204181671143
0,0.31136032938957214
0,0.004340100567787886
0,0.2771305739879608
0,0.001449747011065483
1,0.24436230957508087
0,0.23257149755954742
0,0.062162891030311584
0,0.34063056111335754
0,0.17024561762809753
0,0.13721837103366852
0,0.20851083099842072
1,0.9948627352714539
0,0.14422869682312012
0,0.24049383401870728
0,1.987304858630523e-05
0,0.15312060713768005
0,0.1431601643562317
0,0.23872338235378265
0,0.07895763963460922
1,0.29473766684532166
1,0.17820431292057037
0,0.14961975812911987
0,0.02152789570391178
0,0.13786326348781586
1,0.9990924596786499
1,0.9990881681442261
0,0.1137031763792038
1,0.886459231376648
1,0.2869429886341095
0,0.2558603584766388
0,0.029869139194488525
0,0.00045021902769804
0,0.19798234105110168
0,0.35458582639694214
0,0.12644651532173157
0,0.2538772523403168
0,0.2616729140281677
0,0.20413050055503845
0,0.16438551247119904
1,0.36437568068504333
0,0.10814867913722992
0,0.23303118348121643
0,0.17937719821929932
0,0.03667747601866722
1,0.31288066506385803
0,0.03186969831585884
1,0.22604869306087494
0,0.2498575896024704
0,0.2791570723056793
0,0.051590923219919205
1,0.2055957019329071
0,1e-06
0,0.14342479407787323
1,0.9998942613601685
0,0.04612670838832855
0,0.28755247592926025
0,5.182546374271624e-06
1,0.18907713890075684
0,0.06991792470216751
1,0.999728262424469
0,0.21143248677253723
0,0.03238962963223457
0,0.18226230144500732
0,0.0010827246587723494
0,0.1384657621383667
0,0.00014489013119600713
1,0.9984824061393738
0,0.16335582733154297
1,0.9999364614486694
0,0.17415229976177216
0,0.10319633781909943
0,1.479118623137765e-06
1,0.9975634813308716
0,0.1818201243877411
0,0.15587164461612701
0,0.09024140238761902
0,0.10607590526342392
0,0.0675082579255104
1,0.25677546858787537
0,0.06001977622509003
1,0.9972512125968933
0,0.3390197455883026
1,0.3058246970176697
0,0.002165702171623707
0,2.5859142624540254e-05
1,0.1772819608449936
0,0.3713473379611969
0,0.01761801913380623
0,0.23870094120502472
0,0.0804157704114914
0,0.1252334862947464
1,0.9998052716255188
1,0.1910247504711151
0,0.1960202306509018
0,0.3016795516014099
1,0.9991878867149353
0,0.09679807722568512
0,0.1834317296743393
0,0.1142546609044075
1,0.999325156211853
0,6.803709402447566e-05
0,1.7799893612391315e-05
0,0.0006587796378880739
0,0.13551567494869232
0,0.2740279734134674
0,0.14287464320659637
1,0.7124742865562439
0,0.1643797904253006
0,0.2782324254512787
1,0.897405743598938
0,0.3007585406303406
0,0.2856520712375641
1,0.3238406181335449
0,0.1805383265018463
0,0.19960272312164307
0,0.027532899752259254
0,0.30957281589508057
0,0.2709232568740845
1,0.18967531621456146
0,0.1637650579214096
1,0.2630526125431061
0,0.2247648984193802
0,0.0015360775869339705
1,0.9990528225898743
0,0.051443133503198624
0,0.2570972442626953
0,0.18709638714790344
1,0.08165670931339264
0,0.0026161503046751022
0,0.07206089049577713
0,1e-06
0,0.06710568815469742
0,0.03315935656428337
0,0.06150627136230469
0,0.02137058414518833
0,0.402418851852417
0,0.13139311969280243
0,0.15380974113941193
0,0.1308826357126236
0,0.0005327817634679377
1,0.624847412109375
0,0.17332527041435242
1,0.2437783032655716
0,0.014514713548123837
0,0.35614651441574097
0,0.0002791390579659492
0,0.23489618301391602
0,0.13058142364025116
1,0.2703220844268799
0,0.001953317318111658
0,0.1384449303150177
0,0.14687775075435638
0,0.051634371280670166
0,0.09235206246376038
1,0.9999053478240967
1,0.27150681614875793
0,0.07836628705263138
0,0.2014336884021759
0,0.11769785732030869
0,0.12778067588806152
0,0.06464257091283798
0,0.0070535182021558285
1,0.061987292021512985
0,0.0001874730660347268
0,0.2883712351322174
0,0.19401566684246063
0,0.041892364621162415
0,0.12879136204719543
1,0.9984251260757446
1,0.10834476351737976
0,0.14472998678684235
0,2.47465413849568e-05
1,0.9998378753662109
0,0.001093695405870676
0,0.4176243841648102
0,0.12574614584445953
0,0.003129218704998493
0,0.33334484696388245
0,0.026424385607242584
0,0.2011495679616928
0,0.24043264985084534
0,0.349229097366333
0,0.10891062021255493
0,0.015012893825769424
1,0.29718858003616333
0,1.349729336652672e-05
0,0.2465745210647583
0,0.2766503095626831
0,0.10911049693822861
0,0.00341495918110013
0,0.12911981344223022
0,0.1838260442018509
0,0.1870480477809906
0,0.2689685523509979
1,0.9985188841819763
1,0.24410463869571686
1,0.1500827968120575
1,0.2726328670978546
0,0.21914809942245483
0,0.15042011439800262
1,0.1466083973646164
0,0.00045849927118979394
0,0.15583716332912445
0,0.17963947355747223
0,0.01128657441586256
0,0.11710676550865173
0,1e-06
0,0.05290893092751503
0,0.12589791417121887
0,0.09934248775243759
0,0.13182497024536133
0,0.015472673811018467
0,0.301108181476593
0,0.007836238481104374
0,0.30746689438819885
0,0.23480412364006042
0,0.19333694875240326
0,0.29169130325317383
0,0.03800914064049721
0,0.16480432450771332
0,0.1465918868780136
0,0.3509116768836975
0,9.772665180207696e-06
0,0.014438322745263577
1,0.4512813091278076
0,1e-06
1,0.2644331753253937
0,0.5605581402778625
0,0.02064124494791031
0,0.2505415380001068
0,0.15054568648338318
0,0.017054282128810883
0,0.01842515356838703
0,0.15014226734638214
0,0.25142866373062134
0,0.1571011245250702
0,0.02155154012143612
1,0.9529818892478943
0,0.4016696512699127
0,0.052075330168008804
0,0.034038517624139786
0,0.0721970945596695
0,0.1026497334241867
0,0.06556661427021027
0,0.2580097019672394
1,0.9972835779190063
0,0.2612661123275757
0,0.00019981978402938694
0,0.05616270750761032
0,0.05128535255789757
0,0.009203585796058178
0,0.09609629213809967
0,0.17918935418128967
0,0.011509907431900501
0,0.00038603306165896356
0,0.1280878484249115
0,0.00017227299395017326
0,0.19325301051139832
0,0.5060975551605225
0,0.0618978850543499
0,0.19542859494686127
1,0.15023097395896912
0,0.013717500492930412
0,0.056484658271074295
1,0.2802823781967163
0,0.0007815515273250639
0,0.015613206662237644
0,0.16530369222164154
0,0.00047500189975835383
0,0.0002817690547090024
0,0.01808163709938526
0,1e-06
0,0.040163204073905945
0,0.00027823992422781885
0,0.30247512459754944
0,0.00039862864650785923
0,0.24718737602233887
0,0.004013760481029749
0,1.2903158221888589e-06
1,0.22002269327640533
0,0.11308394372463226
0,0.3132108151912689
1,0.31839805841445923
0,0.12027686089277267
1,0.27560898661613464
0,0.004616039339452982
0,0.025190221145749092
0,0.003391123842447996
1,0.9733313918113708
0,0.28380218148231506
0,0.06186751276254654
1,0.9960225820541382
1,0.1101306825876236
1,0.9129504561424255
0,0.014140662737190723
1,0.3701678216457367
1,0.17034558951854706
0,0.14325208961963654
0,0.1600007563829422
1,0.08207666873931885
1,0.14193394780158997
0,0.48738300800323486
0,0.2852069139480591
0,0.08679280430078506
1,0.33996379375457764
1,0.14254383742809296
0,0.00031054418650455773
0,0.03376023471355438
0,0.02369500882923603
1,0.28595492243766785
0,0.19240307807922363
1,0.34537288546562195
0,1e-06
1,0.20712339878082275
1,0.3078237771987915
0,0.2729574739933014
0,0.0005541837890632451
0,0.021127285435795784
0,0.013648834079504013
0,0.0006949277012608945
0,0.01546565257012844
0,0.18076883256435394
1,0.19104626774787903
0,0.27709081768989563
1,0.999782383441925
0,0.002612147945910692
0,0.28593909740448
0,0.03897925838828087
0,0.17224334180355072
0,1e-06
0,0.0006112115224823356
0,0.0015278777573257685
0,0.10532061755657196
0,0.012264150194823742
0,0.26172366738319397
0,0.12583816051483154
0,0.15780463814735413
1,0.8969467282295227
1,0.997657299041748
0,0.14509952068328857
0,0.32039952278137207
0,0.0327686183154583
0,0.00028820938314311206
0,0.2207867056131363
0,0.7563741207122803
0,0.15995270013809204
1,0.3240751326084137
1,0.9958141446113586
0,0.09310349822044373
0,0.012493046931922436
0,0.16100311279296875
1,0.36067482829093933
0,0.2831435203552246
0,0.08081810176372528
1,0.23628993332386017
0,0.33637380599975586
0,0.014191271737217903
0,0.20079068839550018
1,0.23568005859851837
0,0.08210740238428116
0,0.0010955495527014136
0,0.013732721097767353
1,0.29088735580444336
0,0.004310283809900284
1,0.9981978535652161
0,0.36717653274536133
1,0.9994818568229675
0,0.2669008672237396
0,0.16718171536922455
0,0.011294776573777199
0,0.00023771820997353643
0,0.0775059387087822
0,0.17976023256778717
0,0.13387954235076904
0,0.2731613218784332
1,0.1991804540157318
0,0.08239486813545227
0,0.012946618720889091
0,0.1025911495089531
0,0.16393393278121948
0,0.16889680922031403
0,0.1537785679101944
0,0.19807115197181702
1,0.9999306201934814
1,0.17168164253234863
0,0.2615012228488922
0,0.2871595025062561
0,0.2259744256734848
0,0.09767286479473114
0,0.08624640852212906
0,0.1416831910610199
1,0.34776681661605835
0,0.0055959816090762615
0,0.051335323601961136
0,0.02073298953473568
0,0.6754791736602783
0,3.0324670660775155e-05
1,0.2177322655916214
0,0.11811105906963348
0,0.10996074974536896
0,0.036811333149671555
0,0.019692858681082726
0,0.07546406984329224
0,0.2317584753036499
0,0.009822219610214233
0,0.058024704456329346
1,0.3404081463813782
0,1e-06
0,0.08843402564525604
1,0.9999299049377441
1,0.5541453957557678
0,0.014087177813053131
0,0.18586239218711853
0,0.14642275869846344
0,0.20127876102924347
0,0.14572112262248993
1,0.13910172879695892
0,0.000217885070014745
0,0.07704658061265945
0,0.04307873919606209
0,0.013006049208343029
0,0.329502135515213
0,0.027545977383852005
0,0.00774391321465373
0,0.3424226939678192
0,0.0021599342580884695
0,0.0832568109035492
1,0.18020378053188324
0,0.2639201581478119
0,0.11450658738613129
0,0.2067648023366928
0,0.1841595321893692
0,0.21517306566238403
0,0.1874420940876007
0,0.09841905534267426
0,0.00048444001004099846
0,0.1366451233625412
0,0.17976690828800201
0,0.13920541107654572
0,0.2888043224811554
1,0.4351792335510254
0,0.01632058061659336
0,0.052342433482408524
0,0.0008905907161533833
1,0.9997504353523254
1,0.28402775526046753
0,0.002931348280981183
0,0.084755077958107
0,0.24587476253509521
0,0.1631641983985901
0,0.015463692136108875
0,0.05276038870215416
0,0.0006047690403647721
0,0.22988249361515045
0,0.08449514955282211
0,0.16807234287261963
0,0.023721817880868912
0,0.3428724706172943
0,0.18965758383274078
1,0.2145015150308609
1,0.22154873609542847
1,0.9747298359870911
0,0.11280817538499832
0,0.3992520570755005
0,0.23184597492218018
0,0.00032053195172920823
0,0.09947734326124191
0,0.15736213326454163
0,0.036601826548576355
0,0.24661287665367126
0,0.23274676501750946
0,0.007869801484048367
0,0.00014052540063858032
1,0.33472687005996704
0,5.3095959628990386e-06
0,0.0027537145651876926
0,0.4054262042045593
0,0.25734850764274597
1,0.3824184238910675
0,0.004661123733967543
0,0.1777471899986267
0,0.14658531546592712
0,0.06778991222381592
0,0.21863436698913574
0,0.22582438588142395
0,0.15893876552581787
1,0.9997777342796326
1,0.9995476603507996
0,0.1555435210466385
0,0.1135735958814621
0,0.29653310775756836
0,0.10480174422264099
0,0.05690716207027435
0,0.09550698101520538
0,0.18660417199134827
0,0.15513256192207336
0,0.2482335865497589
0,0.006507631856948137
0,0.39045754075050354
1,0.411273330450058
0,0.1305578351020813
0,0.0025088104885071516
0,0.12730340659618378
0,0.1495923101902008
0,0.002909258008003235
0,4.903917943011038e-05
0,0.12042374163866043
0,0.18510964512825012
1,0.12624222040176392
0,0.12000752985477448
1,0.9980065226554871
0,0.18440254032611847
1,0.9972449541091919
0,0.14499059319496155
0,0.15100950002670288
0,0.23753128945827484
0,0.3919093608856201
0,0.01909174770116806
0,0.027747677639126778
0,0.22331678867340088
0,0.03258870169520378
0,0.020219169557094574
0,0.11009405553340912
0,0.2196069210767746
0,0.17588019371032715
1,0.9988977909088135
1,0.21394845843315125
0,0.36900773644447327
0,0.030018361285328865
0,0.25084397196769714
1,0.62030029296875
0,0.005596701055765152
0,0.30782416462898254
1,0.021010994911193848
0,0.2801930606365204
1,0.2317439317703247
0,0.2938653230667114
0,0.29517537355422974
0,0.05563624948263168
0,8.69543437147513e-05
0,0.03430983051657677
0,0.13989098370075226
1,0.3353934586048126
0,0.15131224691867828
1,0.9963281750679016
0,0.016683639958500862
1,0.25157812237739563
0,0.020355479791760445
0,0.39213448762893677
1,0.9996657371520996
1,0.2072957158088684
0,0.08678074181079865
1,0.1667306125164032
0,0.20803725719451904
1,0.35021334886550903
0,0.22747156023979187
0,0.15358509123325348
0,0.11832419037818909
0,0.0015728096477687359
0,0.21692553162574768
1,0.03760520741343498
0,0.05481751635670662
0,0.29528218507766724
0,0.01618930883705616
0,0.17881955206394196
0,0.4001745879650116
1,0.1004958525300026
0,0.010528620332479477
0,0.2844157814979553
0,6.917782593518496e-05
1,0.9997223019599915
0,0.1343497335910797
0,0.07931684702634811
0,0.05236048996448517
0,0.18377900123596191
0,0.2875222861766815
1,0.2905762195587158
0,0.0011271965922787786
0,0.2735063433647156
0,0.07353834062814713
1,0.9999321699142456
0,0.001575846690684557
0,0.13921445608139038
0,0.00466562295332551
0,0.0030435582157224417
0,0.17865173518657684
0,0.18765540421009064
0,0.0446040965616703
0,0.2477429360151291
1,0.9990881681442261
1,0.40422379970550537
0,0.014237294904887676
0,0.23919717967510223
0,0.29263386130332947
0,0.10350701212882996
0,0.006067144218832254
0,0.2999045252799988
0,0.19166035950183868
1,0.5197866559028625
1,0.9987818598747253
0,0.13884082436561584
0,0.05985882878303528
0,0.3279840052127838
0,0.16805823147296906
0,0.09395488351583481
0,0.14249561727046967
0,0.17371918261051178
0,0.0688856691122055
0,0.19011744856834412
0,0.024160955101251602
0,0.21598532795906067
0,0.10496465861797333
0,0.3111477494239807
1,0.9588161706924438
1,0.0567130520939827
0,0.34762731194496155
1,0.13480156660079956
0,0.00880269706249237
0,0.22708764672279358
0,0.011323433369398117
0,0.24652789533138275
1,0.9993367791175842
0,0.007609905209392309
0,0.06971877813339233
0,0.013562939129769802
0,0.06780070066452026
1,0.6115154027938843
0,0.3432459533214569
0,0.068984754383564
0,0.19896213710308075
0,0.2272067368030548
1,0.5222066044807434
0,0.09726148098707199
0,0.23015131056308746
0,0.04858612269163132
0,0.06849383562803268
0,0.20687037706375122
0,0.012559469789266586
0,0.22135113179683685
0,0.023841863498091698
0,0.10802765190601349
1,0.1462642252445221
0,2.7676538593368605e-05
1,0.9984210729598999
1,0.25518926978111267
0,0.2218150645494461
0,0.32436031103134155
1,0.9977414608001709
0,0.03730866685509682
0,0.33405521512031555
0,0.002558826468884945
0,0.298046350479126
0,0.27209386229515076
0,0.12772886455059052
0,0.2964307963848114
0,0.26972493529319763
0,0.0693213939666748
0,0.15923239290714264
1,0.24647262692451477
0,0.23016944527626038
0,0.05764817073941231
0,0.04208724945783615
0,0.23061732947826385
1,0.9995038509368896
0,0.26922550797462463
0,0.07192631810903549
0,0.37224629521369934
0,0.5238932967185974
0,0.04660692438483238
0,0.46081462502479553
0,0.0037975069135427475
1,0.7246512174606323
0,0.4003177285194397
0,0.06581346690654755
1,0.24718420207500458
0,0.011749837547540665
0,0.20234191417694092
0,0.20443226397037506
0,0.004495183937251568
0,0.2756597399711609
0,0.00212438078597188
0,0.07176926732063293
1,0.9973937273025513
0,0.2135627716779709
1,0.9981889128684998
0,1e-06
0,0.16249479353427887
1,0.26583853363990784
1,0.2040414661169052
0,0.06860250979661942
0,0.22198925912380219
0,0.1010534018278122
0,0.3007268011569977
1,0.9899610280990601
0,8.988301851786673e-05
0,0.002164623700082302
0,0.12703053653240204
0,0.29821687936782837
0,0.2311711609363556
0,0.12431324273347855
0,0.24180006980895996
0,0.007848042994737625
0,0.05382316932082176
0,0.16281355917453766
0,0.17467182874679565
0,0.06102210283279419
0,0.00021328921138774604
0,0.07253168523311615
0,0.13195396959781647
0,0.15352097153663635
0,0.16148144006729126
0,0.033635687083005905
1,0.9980266690254211
1,0.36004161834716797
1,0.9589295983314514
0,0.08356079459190369
1,0.2588728964328766
0,0.07091070711612701
0,0.001613955362699926
1,0.05986538529396057
0,0.6225435733795166
0,0.004176214803010225
0,0.12508141994476318
1,0.1367136687040329
0,0.03256459906697273
0,0.12084229290485382
0,0.16558502614498138
0,0.09012915939092636
0,0.35740983486175537
0,0.21337424218654633
0,0.22359521687030792
0,1e-06
1,0.22002314031124115
1,0.19909603893756866
0,0.23241998255252838
1,0.4166609048843384
1,0.21791058778762817
0,0.2456294149160385
1,0.1931760460138321
0,0.19845516979694366
0,0.10365524142980576
0,0.37366658449172974
0,0.01261029951274395
0,0.3064797818660736
0,0.2361849844455719
0,0.24493150413036346
0,0.11518701910972595
0,0.13751909136772156
0,0.04707992821931839
0,0.18099889159202576
0,0.25789469480514526
0,0.2835986316204071
0,0.12233573198318481
0,0.11507319658994675
0,0.22288982570171356
0,0.18127243220806122
0,0.03648652136325836
1,0.24628940224647522
1,0.9997311234474182
0,0.008141926489770412
0,0.000401857279939577
1,0.2893854081630707
0,1e-06
0,0.1576225608587265
0,0.0958300307393074
0,0.25540879368782043
1,0.9971586465835571
0,0.11241345852613449
0,0.003665122203528881
1,0.4685465395450592
0,0.12386031448841095
0,0.23238685727119446
0,0.14112907648086548
1,0.2207012176513672
0,0.21765819191932678
0,0.13302546739578247
0,0.014571207575500011
0,0.08481710404157639
0,0.13067540526390076
0,0.015047688037157059
0,0.0028431543614715338
0,0.0005714284488931298
1,0.25389525294303894
0,0.00045668709208257496
0,0.26013344526290894
0,0.10158200562000275
1,0.9998140931129456
1,0.32251089811325073
0,0.005077403504401445
1,0.9987364411354065
0,0.00011031034955522045
0,0.001608742750249803
0,0.1860184222459793
0,0.19016842544078827
0,0.18327447772026062
0,0.4589911997318268
0,0.400718092918396
1,0.2031005620956421
0,0.021553613245487213
0,0.0005458070081658661
0,0.0016768513014540076
0,0.22895145416259766
0,0.040790364146232605
0,0.23653633892536163
0,0.13351084291934967
0,0.0028701021801680326
0,0.0009034979739226401
0,0.0019529939163476229
0,0.21028321981430054
0,0.09065599739551544
0,0.067588672041893
0,0.03361870348453522
1,0.30473828315734863
1,0.25403672456741333
1,0.2497602254152298
0,0.3477388918399811
0,0.17310762405395508
0,0.20200961828231812
0,0.16612829267978668
0,0.17594677209854126
0,0.02492925152182579
1,0.10463540256023407
0,0.1242324560880661
0,0.23689347505569458
0,0.37780529260635376
0,0.2159574180841446
0,4.9519218009663746e-05
1,0.21376623213291168
1,0.3724597692489624
0,0.23127199709415436
0,0.00422746641561389
0,0.04039616510272026
0,0.16771304607391357
0,0.2956955134868622
1,0.9957337975502014
0,0.10742437839508057
0,0.11974330246448517
0,0.17454934120178223
0,0.0013189008459448814
0,0.019011089578270912
0,0.34361332654953003
0,0.20108965039253235
0,0.0971415787935257
0,0.2784029543399811
0,0.06187649071216583
0,0.006981664802879095
0,0.33177781105041504
0,0.11660531908273697
1,0.5117206573486328
0,0.2557905316352844
0,0.1259375959634781
1,0.9996312856674194
0,0.23997865617275238
1,0.11736428737640381
0,0.20156724750995636
0,0.11575627326965332
0,1e-06
0,0.1441272348165512
0,0.00042435695650056005
0,0.26561465859413147
0,0.007765899412333965
0,0.18738733232021332
1,0.31640422344207764
0,0.12096541374921799
0,0.1597360372543335
0,0.18734824657440186
0,0.17684239149093628
0,0.08953625708818436
0,0.12715531885623932
1,0.9998775720596313
0,0.026422647759318352
0,0.0003390667261555791
0,0.07096236199140549
0,0.19214631617069244
0,0.44773584604263306
0,0.004065937828272581
0,0.3231423497200012
0,0.05049115791916847
1,0.9998574256896973
0,0.15051794052124023
0,6.176193710416555e-05
0,0.2571128308773041
0,1e-06
0,0.0008690489921718836
1,0.3212815225124359
0,0.00013827650400344282
1,0.931212306022644
0,0.020215392112731934
0,0.18336717784404755
1,0.14636674523353577
0,0.21072882413864136
0,0.26626238226890564
0,0.003495551645755768
0,0.2339469939470291
0,0.3245333433151245
0,0.05076674371957779
0,0.01339765079319477
0,0.02221938781440258
0,0.0010225723963230848
0,0.3647298812866211
0,0.03128739446401596
1,0.21063093841075897
0,0.022011417895555496
0,0.09806455671787262
0,0.048381779342889786
0,0.1291770040988922
0,0.00039914401713758707
0,0.221518412232399
0,0.21950110793113708
0,0.02105000987648964
1,0.37721991539001465
1,0.0900665745139122
0,0.12017340958118439
0,0.21982446312904358
0,0.07921011000871658
0,0.31455159187316895
1,0.9998722076416016
0,0.1819823682308197
1,0.9935963153839111
0,0.2666824460029602
0,0.004511045292019844
0,0.05931859835982323
0,0.12422113120555878
1,0.1062801405787468
0,0.2582154870033264
1,0.9910421371459961
1,0.38407862186431885
0,0.22819799184799194
0,0.3421502411365509
1,0.9995566010475159
0,0.06255541741847992
0,0.11324145644903183
0,0.020314045250415802
0,0.16081348061561584
0,0.17471489310264587
0,0.048683736473321915
0,0.24916160106658936
0,0.26762765645980835
1,0.2277713119983673
0,0.21610882878303528
0,0.004003587178885937
0,0.19251970946788788
1,0.33591577410697937
0,0.2081531584262848
0,0.11087420582771301
0,0.39931413531303406
0,0.0011907790321856737
0,0.2519936263561249
0,0.28476065397262573
0,0.07754616439342499
0,0.08332301676273346
0,0.08670030534267426
0,0.2034500539302826
1,0.9984024167060852
0,0.10017607361078262
0,0.0008439163793809712
0,0.20297178626060486
1,0.9998267292976379
0,0.379392147064209
0,0.2148779034614563
0,0.012085233815014362
1,0.1571044921875
0,0.16366438567638397
0,0.1628735065460205
0,0.2711329162120819
1,0.4779905676841736
1,0.26866957545280457
0,0.3369070887565613
0,0.017376087605953217
0,0.15314535796642303
0,0.15928955376148224
0,0.128072127699852
0,0.11004574596881866
0,0.07301801443099976
0,0.00020377602777443826
0,0.2121671736240387
0,0.147850900888443
0,0.05343291163444519
1,0.2632332146167755
0,0.23704680800437927
0,0.004095288459211588
0,0.02433548867702484
0,0.24264322221279144
0,0.23377282917499542
1,0.9996436834335327
0,0.0010329083306714892
1,0.3171209990978241
0,0.0037836600095033646
0,0.07075455039739609
0,0.34117498993873596
0,0.026301251724362373
1,0.9991029500961304
0,0.10110611468553543
0,0.011559871025383472
0,0.2733681797981262
0,0.11898781359195709
0,0.1324402093887329
1,0.34409600496292114
0,0.2430819869041443
0,0.09051169455051422
0,0.22742153704166412
1,0.14517779648303986
0,0.21271708607673645
0,0.04264552891254425
0,0.16298653185367584
0,0.0726204365491867
0,0.055750731378793716
1,0.9974393844604492
1,0.9894465208053589
0,0.3295401334762573
0,0.010644996538758278
0,0.30936238169670105
0,8.361929940292612e-05
1,0.2248426079750061
0,0.21160899102687836
1,0.2838670611381531
0,0.14157091081142426
1,0.21927429735660553
0,0.06059669330716133
1,0.9992374181747437
0,0.22172126173973083
0,0.012498201802372932
1,0.33643200993537903
0,0.1494562178850174
0,3.387960168765858e-05
0,0.07453909516334534
0,0.25286614894866943
0,0.21140028536319733
0,0.22839823365211487
0,0.2176162302494049
0,0.01712385192513466
0,0.4236125349998474
0,0.23398050665855408
0,0.060744255781173706
0,0.019667422398924828
0,0.214196115732193
0,0.11885122209787369
0,0.10038214176893234
0,0.3957766592502594
0,0.024853026494383812
0,0.1211281418800354
0,0.06131932511925697
0,0.25434187054634094
0,0.3141106367111206
0,0.002770911203697324
0,0.29985496401786804
1,0.9998719692230225
0,0.004143964499235153
0,0.09752137959003448
0,0.3505284786224365
0,0.20662496984004974
1,0.9994708895683289
0,0.04852196201682091
0,0.09600123763084412
0,0.05793080851435661
0,0.00028416310669854283
1,0.3537701368331909
0,0.24914681911468506
1,0.19071674346923828
0,0.2521681487560272
1,0.16378453373908997
0,0.24768438935279846
0,0.3088100254535675
0,0.006222447846084833
0,0.03940963372588158
0,0.004390164278447628
1,0.9986225366592407
0,0.19127899408340454
0,0.18276773393154144
0,0.2958613336086273
0,0.07749893516302109
0,0.007099405862390995
1,0.9700111746788025
1,0.9964777827262878
0,0.09139148145914078
0,0.003157380037009716
0,0.08710554242134094
0,0.00015205868112388998
0,0.2081035077571869
0,0.09574902057647705
0,0.23097294569015503
0,0.16619683802127838
1,0.10702858865261078
0,0.13542962074279785
0,0.1311577409505844
0,0.021176576614379883
0,1e-06
0,0.05565185844898224
0,0.09700442850589752
0,0.3018173277378082
0,0.1381513774394989
0,0.014497514814138412
0,0.4686852693557739
0,0.0005666004726663232
0,0.08267755806446075
0,0.028846586123108864
1,0.9997614026069641
0,0.15542422235012054
0,0.06701914221048355
0,0.1361757218837738
0,1.791475915524643e-05
0,0.23581087589263916
0,0.2308153212070465
0,0.07144385576248169
0,0.20738166570663452
0,0.11649943888187408
0,0.002494807355105877
1,0.25612080097198486
0,0.35955825448036194
0,0.18933787941932678
0,0.3753192722797394
1,0.3317798972129822
0,0.031736381351947784
0,0.19230256974697113
0,0.13065557181835175
1,0.9997978806495667
0,0.012239735573530197
0,0.11326750367879868
1,0.0756983757019043
0,0.0020874624606221914
0,0.0076302275992929935
0,0.2379942387342453
1,0.9995149374008179
0,0.14734168350696564
0,0.1654880791902542
0,0.1055203303694725
1,0.9047842025756836
0,0.0765773206949234
0,0.26936283707618713
0,0.0039824554696679115
0,0.23675894737243652
0,0.030640218406915665
1,0.2706122100353241
0,0.16375716030597687
1,0.34568747878074646
0,0.17875328660011292
0,0.16067081689834595
0,0.06371097266674042
0,0.0035937014035880566
0,0.21695415675640106
1,0.9988523721694946
0,0.1531701534986496
0,0.17612546682357788
1,0.15165644884109497
0,0.22197234630584717
0,0.06511953473091125
0,0.13645239174365997
0,0.04090987890958786
0,0.22925645112991333
0,0.05949551984667778
1,0.9987671375274658
0,0.005862178280949593
0,0.2055683434009552
0,0.09617121517658234
1,0.2503766715526581
0,0.04108794778585434
0,0.07755213975906372
0,0.20495669543743134
0,0.15296277403831482
0,0.041566573083400726
0,0.06462350487709045
0,0.3402683734893799
0,0.1592378467321396
0,0.07922595739364624
1,0.22078721225261688
0,0.31717169284820557
0,0.13535216450691223
0,0.026784375309944153
0,0.001968539785593748
1,0.9994805455207825
1,0.30783990025520325
0,0.36872467398643494
1,0.9999784231185913
0,0.28964632749557495
0,0.019796617329120636
1,0.3206470012664795
0,0.07582763582468033
0,0.1914656013250351
1,0.9956633448600769
0,0.14003697037696838
0,0.012333352118730545
0,8.319933840539306e-05
0,0.17303796112537384
0,0.06475795805454254
0,0.07873319834470749
0,0.03714345023036003
0,0.2815634310245514
0,0.0036161094903945923
0,0.25564661622047424
0,0.20151719450950623
0,0.016189219430088997
0,0.2043793797492981
0,0.1264355480670929
0,0.1262878179550171
0,0.1869850605726242
0,0.11122046411037445
0,0.10882144421339035
0,0.07908168435096741
0,0.08331700414419174
0,1e-06
0,0.36093997955322266
0,0.3601929545402527
0,0.0006810217746533453
0,0.0030605015344917774
0,0.028075700625777245
0,0.11138064414262772
0,0.06192494183778763
0,0.18459951877593994
0,0.12902092933654785
1,0.18517917394638062
0,0.12977540493011475
0,0.18874619901180267
0,0.12084990739822388
1,0.3209308981895447
0,0.09462376683950424
0,0.05213664099574089
1,0.9658262133598328
0,0.11822574585676193
0,0.3154378831386566
0,0.25640392303466797
0,0.08566690981388092
0,9.682431846158579e-05
1,0.11689477413892746
0,0.2929551601409912
0,0.00812933687120676
0,7.491350061172852e-06
0,0.28506791591644287
0,0.3574632704257965
0,0.22856305539608002
0,0.29808309674263
0,0.05025426670908928
0,0.24251016974449158
0,0.1250229924917221
0,0.10082437098026276
0,0.262054979801178
1,0.24650725722312927
1,0.9963881969451904
0,0.13603965938091278
0,0.2281416803598404
0,0.003027023281902075
0,0.12435735762119293
0,0.10259675234556198
1,0.11138418316841125
0,0.043775323778390884
0,0.24994134902954102
0,0.021725142374634743
0,0.012188649736344814
0,0.2928003668785095
0,0.08269365131855011
0,0.0032347331289201975
0,0.12624405324459076
0,0.0015154528664425015
0,0.09768936038017273
0,0.35166555643081665
1,0.36547985672950745
0,0.0072639682330191135
0,0.0014962984714657068
0,0.16139167547225952
0,0.23712703585624695
0,0.07996189594268799
0,0.0012742062099277973
0,0.2113804668188095
0,1.3827616385242436e-06
0,0.00017263722838833928
0,5.606643298960989e-06
0,0.17551548779010773
0,0.4559449553489685
0,0.3086543381214142
1,0.999818742275238
0,0.020119797438383102
0,0.011793331243097782
0,0.04171192646026611
0,0.19225051999092102
0,0.000832732708659023
0,0.05898125097155571
1,0.3024144172668457
0,0.00019585987320169806
1,0.9997078776359558
1,0.3105338215827942
0,1e-06
0,0.21971963346004486
0,0.27969473600387573
0,0.11829093843698502
0,0.1621980220079422
0,1.1756295634768321e-06
0,0.010611225850880146
0,0.2516258955001831
0,0.18122351169586182
0,0.14817778766155243
0,0.09014368802309036
0,0.10724292695522308
0,0.06786979734897614
0,0.0021146386861801147
0,0.1651902049779892
1,0.9983301758766174
0,0.01716722920536995
0,0.2993205785751343
0,0.0015682881930842996
1,0.9994180202484131
1,0.9996548891067505
1,0.9997772574424744
0,0.01109581720083952
0,0.04671696946024895
0,0.004057832527905703
0,0.0965237021446228
0,0.4165160655975342
1,0.18619506061077118
0,0.1617809236049652
0,0.2669200301170349
0,0.11012280732393265
0,0.2763330042362213
0,0.3260767459869385
1,0.2606269419193268
0,0.18198198080062866
0,0.09349311143159866
1,0.9458082318305969
0,0.001741595333442092
0,0.017199892550706863
0,0.157374307513237
0,0.2779764235019684
1,0.12564054131507874
0,0.011839584447443485
0,0.020276442170143127
0,0.12814374268054962
0,0.0512826032936573
0,0.17703603208065033
0,0.15389353036880493
0,0.19123585522174835
0,0.002517014741897583
0,0.3476860523223877
0,0.13006806373596191
0,0.01744735613465309
0,0.14978857338428497
0,0.21895985305309296
0,0.10946442931890488
0,0.21784070134162903
0,0.021462516859173775
1,0.3131555914878845
0,0.2796020805835724
1,0.3469742238521576
0,0.22511142492294312
0,0.17913489043712616
1,0.9999266862869263
0,0.1460290551185608
0,0.20780667662620544
0,0.14048133790493011
0,0.08766598999500275
0,0.05643260106444359
0,0.0021791206672787666
0,0.3809420168399811
0,0.008710651658475399
0,0.07248630374670029
0,0.05224156379699707
0,0.007358803413808346
0,0.00016103166854009032
1,0.991255521774292
0,0.028638990595936775
0,0.29132989048957825
0,0.2640586197376251
1,0.2577226459980011
0,0.014874900691211224
0,0.25335144996643066
0,0.09389916062355042
0,0.11467025429010391
0,0.08600582927465439
0,0.016597652807831764
0,0.002333896467462182
0,0.23748637735843658
1,0.1179780587553978
1,0.9869317412376404
0,0.2716781497001648
1,0.9946660995483398
0,0.00012167036038590595
0,0.012963167391717434
0,0.0010176333598792553
0,0.0656871497631073
0,0.19115550816059113
1,0.9998270869255066
0,0.2406107634305954
0,0.16722343862056732
0,0.3108566999435425
0,0.13560588657855988
1,0.18717682361602783
0,0.027611996978521347
0,0.08023397624492645
0,8.937249731388874e-06
0,0.03186698630452156
0,0.2406005859375
1,0.9886383414268494
0,0.024556562304496765
1,0.9986875653266907
0,0.04446885362267494
0,0.2363359034061432
0,0.16089580953121185
0,0.43897339701652527
0,0.2542074918746948
0,0.04601148143410683
0,0.3241288661956787
0,0.18034006655216217
1,0.9994350075721741
0,0.0003105264331679791
0,0.3586975038051605
1,0.9980688691139221
0,0.0018949529621750116
0,0.09009663015604019
1,0.24180234968662262
0,0.27171605825424194
0,0.1945784091949463
1,0.9836844205856323
0,0.05841124430298805
0,0.16219086945056915
0,0.15747761726379395
0,0.3675030767917633
0,0.27738744020462036
1,0.20207977294921875
0,0.28902092576026917
0,0.18922927975654602
0,0.051882605999708176
0,0.14880578219890594
0,0.07670031487941742
0,0.10141056776046753
0,0.069459930062294
0,0.28966426849365234
1,0.1983661651611328
0,0.08112349361181259
1,0.11328505724668503
1,0.992493748664856
0,0.18611390888690948
0,0.015503001399338245
0,0.19345253705978394
0,0.22001288831233978
1,0.2274065464735031
0,0.22256329655647278
0,0.0010933679295703769
0,0.10716839879751205
0,0.04389378800988197
0,0.0006029377109371126
0,0.14867255091667175
0,0.09423903375864029
0,0.08608225733041763
1,0.9975359439849854
0,0.10520434379577637
0,0.02380518615245819
0,1.0491393368283752e-05
0,0.0215156227350235
0,0.29579028487205505
0,0.24948816001415253
0,0.22534947097301483
0,0.27531561255455017
0,0.3401181101799011
0,0.13933499157428741
1,0.21920612454414368
0,0.21056625247001648
0,0.010030612349510193
0,0.24568365514278412
0,0.0002483524731360376
0,0.12464069575071335
0,0.00423202570527792
0,0.13262373208999634
1,0.35230401158332825
0,0.0736270472407341
0,0.0503193736076355
0,0.20080913603305817
0,0.1964726746082306
1,0.9958121180534363
0,0.1400761753320694
0,0.040914665907621384
0,0.10640983283519745
0,0.19097267091274261
0,0.20110012590885162
0,0.10160957276821136
0,0.18074150383472443
0,0.2733752131462097
0,0.15816248953342438
0,0.1293717622756958
0,0.13781298696994781
0,4.581993198371492e-05
0,0.3062969446182251
0,2.4260412828880362e-05
0,0.15642456710338593
0,0.005590115673840046
0,0.1715778112411499
1,0.32733792066574097
0,0.019512426108121872
0,0.2831457853317261
1,0.3065999746322632
0,0.15776775777339935
0,0.17724069952964783
0,0.04660734534263611
0,0.03226565569639206
0,0.11275288462638855
0,0.20015650987625122
0,0.10990578681230545
0,0.2971380650997162
0,0.2034638375043869
0,0.029704196378588676
0,0.27407169342041016
0,0.005008368752896786
0,0.3292567729949951
0,0.0014250908279791474
1,0.22672446072101593
1,0.3029825687408447
0,0.00027438587858341634
0,0.001387999509461224
0,0.01903700828552246
0,0.13605709373950958
0,0.32665738463401794
0,0.18161076307296753
1,0.36550194025039673
0,0.17991168797016144
1,0.9983291029930115
0,0.02333161234855652
1,0.3518643379211426
0,0.2377290278673172
0,0.07759938389062881
0,1e-06
1,0.39141279458999634
0,0.2852020263671875
0,0.019096527248620987
0,0.25591522455215454
0,0.012565605342388153
0,0.013283808715641499
0,0.161401629447937
0,0.018692797049880028
0,0.04762209206819534
1,0.9980894923210144
0,0.13613460958003998
0,0.3086372911930084
1,0.4146474301815033
0,0.18228790163993835
0,0.3096427917480469
1,0.9909257888793945
0,0.2564789056777954
0,0.24515590071678162
0,0.09150820225477219
0,0.30111393332481384
0,0.038149286061525345
0,1e-06
1,0.9401003122329712
0,0.1287190020084381
0,0.10135888308286667
0,0.3827872574329376
0,0.2895626425743103
0,0.1677190065383911
1,0.999677300453186
1,0.1275087594985962
0,0.27498286962509155
1,0.9984835982322693
0,0.37241294980049133
0,0.27223217487335205
0,0.19741542637348175
1,0.9982143640518188
1,0.6896219849586487
0,7.585115235997364e-05
1,0.10804202407598495
0,0.11421941220760345
0,0.1697973757982254
0,0.3539207875728607
0,0.04630516469478607
1,0.873177170753479
0,0.2219175100326538
1,0.33812418580055237
0,0.33921507000923157
0,0.015203905291855335
0,0.19519595801830292
0,0.1030278280377388
0,0.0031974781304597855
0,0.22040627896785736
0,0.1882723718881607
0,0.02961641363799572
0,0.008131090551614761
0,0.3931397795677185
0,0.026622112840414047
0,0.13190887868404388
1,0.07613526284694672
0,0.195784792304039
0,0.05249650776386261
0,0.4218442738056183
1,0.9987302422523499
0,0.2383490353822708
0,0.27379101514816284
0,0.011115003377199173
0,0.032787926495075226
0,0.003469865769147873
0,0.047849517315626144
1,0.3235516846179962
0,0.10751574486494064
0,0.2753625214099884
0,0.013766790740191936
0,0.004751182626932859
0,0.11934298276901245
0,0.15995155274868011
0,0.09046578407287598
0,0.20951998233795166
0,0.2521083950996399
0,0.3600572943687439
0,0.10650618374347687
0,0.006640131585299969
0,0.2337634116411209
0,0.13651244342327118
0,0.031924087554216385
0,0.030405694618821144
0,0.24958854913711548
0,0.038158614188432693
0,0.00011553201329661533
0,0.2861717641353607
0,0.1102684810757637
0,0.01712467148900032
0,0.0023399577476084232
0,0.06256338953971863
0,0.25195640325546265
0,0.00718739815056324
0,0.1564239263534546
0,8.491681364830583e-05
0,0.12326936423778534
0,0.11999312043190002
0,0.10345254838466644
0,0.1262074112892151
1,0.9951907396316528
0,0.3338397145271301
0,0.0751284807920456
0,1.2885487876701518e-06
0,0.2165602296590805
0,0.0005109767080284655
0,0.06145661324262619
0,0.1515914499759674
0,0.19198566675186157
0,0.10518158972263336
1,0.13302290439605713
1,0.12863218784332275
0,0.31481802463531494
0,2.22346861846745e-05
0,0.24086953699588776
0,0.022093571722507477
0,0.1546361744403839
0,0.1965014636516571
0,0.34605199098587036
0,0.03955259546637535
1,0.9928239583969116
1,0.3043992221355438
1,0.34394189715385437
0,0.16829878091812134
0,0.06681767851114273
0,0.2839691638946533
0,0.2895757853984833
0,0.24256807565689087
1,0.993522584438324
1,0.923108696937561
0,1.1775595112339943e-06
1,0.49266526103019714
0,0.06929900497198105
1,0.1390080749988556
0,0.2950122058391571
1,0.3365420401096344
1,0.4240661859512329
0,0.1592182070016861
0,0.1651184856891632
0,0.24638649821281433
0,0.021317770704627037
0,0.3664233088493347
1,0.1999434232711792
0,0.07823824882507324
0,0.12431575357913971
0,0.15251579880714417
1,0.9849936962127686
1,0.20825722813606262
1,0.12197218090295792
0,0.16234831511974335
0,0.23461611568927765
1,0.3518911302089691
0,0.0008615513797849417
0,0.19474953413009644
0,0.02190207690000534
1,0.9999731779098511
0,0.05235002562403679
0,0.17968860268592834
0,0.10104960948228836
1,0.998994767665863
0,0.3292238414287567
1,0.09446176886558533
0,0.1388358622789383
0,0.0015339793171733618
0,1.1889578672708012e-06
0,0.07226388156414032
0,0.014423117972910404
0,0.20514950156211853
0,0.16117313504219055
0,0.0035597507376223803
0,1.2087124332538224e-06
0,0.4709312319755554
0,0.3785214424133301
0,0.06630631536245346
0,0.29511991143226624
0,0.13895361125469208
0,0.2682909667491913
0,0.2157699316740036
0,0.02251359261572361
1,0.40105220675468445
1,0.1855064481496811
0,0.05624948441982269
0,0.23152174055576324
0,0.03895416483283043
0,0.00016629578021820635
0,0.07611177116632462
0,0.1655256152153015
0,0.17025847733020782
1,0.9990911483764648
0,0.20050297677516937
0,0.4640289843082428
0,0.08119124919176102
0,0.26967811584472656
0,0.006767199840396643
0,0.26116928458213806
1,0.3174116015434265
0,0.021526893600821495
0,0.21569965779781342
1,0.19349974393844604
0,0.27954214811325073
0,0.1171984076499939
0,0.1386733502149582
0,0.00011939324031118304
0,7.185788945207605e-06
0,0.12313241511583328
0,5.219111335463822e-05
0,0.14506831765174866
0,0.2764013707637787
0,0.00023674742260482162
0,0.18603086471557617
0,0.005781794898211956
0,0.0921974778175354
0,0.006178846582770348
1,0.3907817602157593
0,0.22300301492214203
0,0.05042903870344162
0,0.319991797208786
1,0.9993174076080322
0,0.2384631186723709
0,0.13052451610565186
0,0.1547170877456665
1,0.13499176502227783
0,0.23722445964813232
0,0.34032589197158813
0,0.17149367928504944
0,0.18708503246307373
1,0.9599786400794983
0,0.241766557097435
1,0.32285740971565247
0,0.10047809034585953
1,0.1870400607585907
0,0.0979095846414566
0,6.434677925426513e-05
0,0.029918907210230827
0,0.005851488560438156
0,0.002960722427815199
0,0.4079659879207611
0,0.06458209455013275
0,0.06769586354494095
0,0.020032603293657303
0,0.30941882729530334
0,0.0006878265412524343
0,0.08381734788417816
0,4.778775473823771e-05
0,0.07396478205919266
0,0.22454099357128143
0,0.25122106075286865
1,0.9630550146102905
0,0.32744839787483215
0,0.15305858850479126
1,0.9986492991447449
0,0.08230234682559967
0,0.00034578153281472623
0,0.2137344926595688
0,0.006843858398497105
1,0.21983228623867035
0,0.11816783249378204
0,0.10410017520189285
1,0.9998387098312378
0,0.051500555127859116
1,0.9980278611183167
1,0.6899579763412476
0,0.24884052574634552
0,0.19300369918346405
0,0.04937402904033661
0,0.07071078568696976
0,0.0015006897738203406
0,0.04714897274971008
0,0.3292972445487976
0,0.007646883837878704
0,0.014211486093699932
0,0.16779166460037231
0,0.18513017892837524
0,5.300970315147424e-06
1,0.9981687068939209
0,1.116589191951789e-05
0,0.13897857069969177
1,0.2807435691356659
0,0.3197892904281616
0,0.4295438826084137
1,0.26245999336242676
1,0.26588109135627747
0,0.09091472625732422
1,0.2628273665904999
0,0.08222756534814835
1,0.2568280100822449
1,0.9999737739562988
0,0.07756158709526062
0,0.28445953130722046
0,0.024971408769488335
1,0.2713431715965271
0,0.22406144440174103
0,0.2717200219631195
0,0.3426794707775116
1,0.19145624339580536
0,0.19975252449512482
0,0.0888621136546135
0,0.19475731253623962
0,0.019969144836068153
0,0.006879214663058519
0,0.05229094251990318
0,0.14468620717525482
0,0.2106810212135315
0,0.44067567586898804
0,0.14160938560962677
0,0.23734958469867706
0,0.09305563569068909
0,0.019318191334605217
0,0.03653213754296303
0,0.18752412497997284
0,0.008227755315601826
0,0.0006676776683889329
0,0.10787280648946762
0,0.02633332647383213
1,0.9998427629470825
0,0.275299996137619
0,0.1935589462518692
0,0.01859459839761257
1,0.09959577023983002
1,0.275318443775177
0,0.12669070065021515
0,0.15564468502998352
0,0.057242874056100845
0,0.18637755513191223
0,0.3443644940853119
0,0.13519522547721863
0,0.15262609720230103
0,0.10385357588529587
0,0.3152211010456085
0,0.17191199958324432
0,0.0036098493728786707
0,0.314175546169281
1,0.2776179611682892
1,0.18675436079502106
1,0.18803295493125916
0,0.028977209702134132
0,0.17538012564182281
0,0.015370435081422329
0,0.006628755014389753
0,0.10758032649755478
0,0.001116896397434175
0,0.14974772930145264
1,0.39415308833122253
0,0.013400563970208168
1,0.9996528625488281
0,0.0032115879002958536
0,0.09288167953491211
0,5.6190972827607766e-05
1,0.9759271144866943
0,0.29987892508506775
1,0.9999148845672607
0,0.0658215656876564
0,0.276056170463562
1,0.7521579265594482
0,0.1813644915819168
0,0.06360812485218048
0,0.013423604890704155
1,0.0825805515050888
1,0.29305198788642883
0,0.34218165278434753
0,0.004451349377632141
1,0.23473408818244934
1,0.8449702858924866
0,0.5658311247825623
0,0.1542520821094513
1,0.9992105960845947
0,0.28020918369293213
0,0.263557493686676
1,0.23138685524463654
1,0.08466479927301407
0,0.16128984093666077
0,0.1393318474292755
0,0.08542302250862122
0,0.1358959823846817
1,0.11109375953674316
1,0.9968331456184387
1,0.9988709092140198
1,0.3066761791706085
0,0.20532016456127167
1,0.9884250164031982
0,0.00024962323368526995
0,0.006522363051772118
0,0.25909456610679626
0,0.011227555572986603
1,0.9999308586120605
0,0.1864507645368576
0,0.008261922746896744
0,0.006252608262002468
0,0.07679860293865204
0,0.0004952417802996933
0,0.15532474219799042
0,0.12774468958377838
1,0.998946487903595
0,0.15497271716594696
0,0.33557650446891785
0,0.15641173720359802
0,0.30178606510162354
1,0.2424027919769287
1,0.9979257583618164
1,0.9989606142044067
0,0.14894677698612213
0,0.02255641669034958
0,0.015454959124326706
0,0.20603585243225098
0,0.28822124004364014
0,0.1250847429037094
0,0.2294878512620926
0,0.13550987839698792
0,0.21516630053520203
0,0.1425088793039322
0,0.0005003382684662938
0,5.392117964220233e-05
0,0.00417620362713933
0,0.15393859148025513
1,0.33677926659584045
1,0.9993690848350525
0,0.0007306714542210102
0,0.2996051609516144
0,0.012685077264904976
0,0.21947048604488373
1,0.3555735647678375
1,0.675536036491394
0,0.023473739624023438
0,0.10198869556188583
0,0.01868664100766182
0,0.25801965594291687
0,0.0852702409029007
0,1.3240010048320983e-05
0,0.14487704634666443
1,0.3166639804840088
0,0.09232199937105179
1,0.999954104423523
0,0.005448292475193739
0,0.008492651395499706
0,0.03675062954425812
1,0.255217969417572
1,0.27810677886009216
0,0.00216748658567667
1,0.3224142789840698
0,0.21737240254878998
0,0.12823455035686493
0,0.10259764641523361
1,0.32562994956970215
0,0.03596394136548042
0,0.07957778871059418
1,0.02174527756869793
0,0.09262694418430328
0,1e-06
0,5.1667830121004954e-05
0,0.00438243243843317
1,0.9964410662651062
0,0.2440883070230484
0,0.2862088978290558
0,0.2035546898841858
1,0.25206974148750305
0,0.038951948285102844
0,0.04066569358110428
0,0.0004285694158170372
0,0.1402226984500885
0,0.05610533431172371
0,0.11903275549411774
0,0.15267504751682281
0,0.3441774547100067
0,0.10690849274396896
0,0.04965551942586899
0,0.2940438389778137
0,0.09647385030984879
0,0.0006592440768145025
0,0.03532301262021065
0,0.025815274566411972
0,0.00359592167660594
0,1.2668077715716208e-06
0,0.04825783520936966
0,0.002578719984740019
0,0.1621994972229004
0,0.3602655529975891
0,0.07698954641819
0,0.029189985245466232
1,0.8815200924873352
0,0.08488118648529053
1,0.9974318146705627
0,0.08052868396043777
0,0.20222343504428864
1,0.9992530941963196
0,0.14401672780513763
0,0.08363034576177597
0,0.2563292682170868
1,0.9998925924301147
1,0.9995890259742737
0,0.07522084563970566
0,0.15956974029541016
0,0.004640921019017696
0,0.17168879508972168
0,0.03126130625605583
0,2.7982081519439816e-05
0,0.4448542594909668
1,0.9986938834190369
0,0.2129209339618683
0,0.00011393840395612642
0,0.1980072408914566
1,0.5498829483985901
0,0.025222403928637505
1,0.34385690093040466
0,0.0010669194161891937
0,0.17368409037590027
0,0.0031056629959493876
0,0.12966011464595795
0,0.18620215356349945
0,0.22114744782447815
0,0.06368868798017502
1,0.9995119571685791
0,0.01937529630959034
0,0.3550734519958496
0,0.06294478476047516
0,0.18505321443080902
0,0.10775569081306458
0,0.006767259910702705
1,0.9925179481506348
0,0.2795063555240631
0,0.2718353271484375
1,0.3039751350879669
0,0.0011070595355704427
0,0.10751962661743164
1,0.9991362690925598
1,0.2347164899110794
0,0.16444478929042816
0,0.2056414932012558
1,0.48268213868141174
0,0.20247851312160492
1,0.9997076392173767
0,0.07594313472509384
0,0.01767772063612938
1,0.6063147783279419
0,0.002074341755360365
0,0.20971916615962982
0,0.15773369371891022
0,0.10358681529760361
0,0.013340955600142479
1,0.9951404333114624
0,0.19151845574378967
0,0.2245006561279297
0,0.24056798219680786
0,0.027740968391299248
0,0.15667174756526947
0,0.005709344521164894
0,0.09946269541978836
0,0.11424636840820312
1,0.2416873723268509
0,0.11968734115362167
0,0.22040724754333496
0,0.0044649383053183556
0,0.00617732061073184
0,0.001629865844734013
0,0.17603860795497894
1,0.9997929930686951
0,0.17972226440906525
0,0.1202506273984909
0,0.15563271939754486
0,0.14776109158992767
0,0.10978399962186813
0,0.10202692449092865
0,0.13212712109088898
1,0.25855952501296997
0,0.1735161691904068
0,0.14165034890174866
0,0.23088061809539795
0,0.17387409508228302
1,0.22356128692626953
0,0.07604538649320602
0,0.008080216124653816
0,0.18620358407497406
0,0.11380388587713242
0,0.18647103011608124
0,0.21227435767650604
0,0.12480921298265457
0,0.0666193962097168
0,0.0014014028711244464
0,1e-06
0,0.22655746340751648
0,0.07378586381673813
0,0.12863481044769287
1,0.6472377181053162
0,0.05620730295777321
0,0.0024000622797757387
0,0.21098871529102325
0,0.04425504431128502
1,0.778572678565979
0,0.0029892323072999716
0,2.3548349417978898e-05
0,0.2616599500179291
0,0.02290760912001133
0,1e-06
0,0.05631495267152786
0,0.09474215656518936
0,0.2372342348098755
0,0.00753649091348052
0,0.325936496257782
0,0.08272223174571991
0,0.01399892009794712
1,0.9605293273925781
1,0.33482757210731506
0,0.248109832406044
0,0.20941758155822754
0,0.010623053647577763
1,0.1058756411075592
1,0.25368553400039673
1,0.9399216175079346
0,0.08321566134691238
0,0.1520121991634369
0,0.13756050169467926
0,0.10630122572183609
1,0.2727760672569275
0,0.24010290205478668
0,0.23467864096164703
0,0.0009136286098510027
0,0.0012643507216125727
0,0.2492908239364624
0,0.052813973277807236
0,0.21736691892147064
0,0.18808649480342865
1,0.9865937232971191
0,0.07658789306879044
0,0.14347858726978302
1,0.22811013460159302
1,0.047207433730363846
0,0.31963807344436646
0,0.24068662524223328
1,0.19706286489963531
0,0.22141370177268982
0,0.03335452824831009
0,0.21451735496520996
0,0.22063840925693512
0,0.057453498244285583
0,0.14922219514846802
0,0.1881580948829651
0,3.031937922060024e-05
1,0.24202613532543182
0,0.2306688278913498
0,0.19620056450366974
0,0.09150274097919464
0,0.20366023480892181
0,0.10244825482368469
1,0.9874246716499329
0,0.1639784723520279
0,0.23661953210830688
1,0.13435015082359314
0,0.000582189008127898
0,0.0003468117502052337
0,0.2621185779571533
0,0.27150678634643555
0,0.0019404274644330144
0,0.12748779356479645
1,0.9522031545639038
0,0.2701330780982971
0,0.1338408887386322
0,0.005702889058738947
0,0.24232453107833862
0,0.3336178958415985
0,0.005470762960612774
0,0.002878827042877674
0,0.1847657412290573
0,0.12336251884698868
0,0.16820889711380005
1,0.19880157709121704
0,0.08074559271335602
0,0.006998000666499138
0,0.10222205519676208
0,0.2366226762533188
0,0.26083120703697205
0,0.17848040163516998
0,1.4281225958256982e-05
0,0.001099224085919559
0,0.2022852897644043
0,0.14338496327400208
0,0.1866285502910614
0,0.17863930761814117
1,0.25839170813560486
0,0.003904754528775811
1,0.3121108412742615
0,0.08326725661754608
1,0.07802673429250717
0,0.059265680611133575
0,0.19815552234649658
0,0.12305279076099396
0,0.008165697567164898
0,0.28828945755958557
1,0.10677862912416458
0,0.3050263822078705
0,0.048152197152376175
1,0.9864697456359863
1,0.9998449087142944
0,0.21514783799648285
0,0.038344208151102066
0,0.00042689847759902477
0,0.06444735080003738
0,0.3858397305011749
1,0.3064466118812561
0,0.0366952121257782
0,0.10093110054731369
1,0.059903476387262344
0,0.07181735336780548
0,0.2360318899154663
0,0.24306689202785492
1,0.9988784193992615
0,0.2744278013706207
0,0.0003087251679971814
0,0.28602856397628784
1,0.42420822381973267
0,0.17991210520267487
0,0.195932075381279
0,0.29919561743736267
0,0.09421995282173157
0,0.18369263410568237
0,0.0005481761181727052
0,0.08959241956472397
0,0.1095094308257103
1,0.36232075095176697
0,0.02210148051381111
0,0.23594191670417786
0,0.21968653798103333
1,0.9993372559547424
0,0.019374964758753777
0,0.03772544488310814
1,0.13287422060966492
0,0.030150145292282104
0,0.16033099591732025
0,0.05251495912671089
1,0.26680827140808105
0,0.003458627499639988
0,0.07521208375692368
0,0.05755956470966339
0,0.09492092579603195
1,0.9976420402526855
1,0.2971615195274353
0,0.02649136632680893
0,0.19736607372760773
0,8.401236300414894e-06
0,0.15325021743774414
0,0.0043121566995978355
0,0.20636959373950958
0,0.000654965580906719
1,0.9940332770347595
0,0.05784684047102928
0,0.15591952204704285
0,0.03201962262392044
0,1.696604522294365e-05
0,0.1950848400592804
0,0.02136051282286644
0,0.20197464525699615
0,0.2013331651687622
0,0.043995317071676254
0,0.015807699412107468
0,0.00045407022116705775
0,0.061449501663446426
1,0.4261709153652191
0,0.17147140204906464
0,0.04678359255194664
0,0.20737770199775696
0,0.2577674388885498
0,0.20578202605247498
0,1.4157001714920625e-05
0,0.00028498517349362373
0,0.15030443668365479
0,0.0013479551998898387
0,0.26264315843582153
0,0.1588716059923172
0,0.2194296270608902
1,0.4781149923801422
0,0.1574050486087799
1,0.15797877311706543
0,0.002395129529759288
0,0.2803657054901123
0,0.09015298634767532
0,0.0944008156657219
0,0.18597109615802765
0,0.33945488929748535
0,0.22058624029159546
1,0.24767759442329407
0,0.1431797444820404
0,0.00011992290092166513
0,0.3420164883136749
0,0.027469011023640633
1,0.3885659873485565
0,0.3378145694732666
0,0.07671254128217697
0,0.13262654840946198
0,0.20783111453056335
0,0.008149917237460613
0,0.047799963504076004
0,0.009510057978332043
1,0.9999247789382935
1,0.07354248315095901
0,0.2972005605697632
0,0.23135806620121002
0,0.10726315528154373
0,0.12055526673793793
0,0.015235782600939274
0,0.17605382204055786
0,0.13221405446529388
0,0.2216508537530899
0,0.04466056078672409
0,0.3548583686351776
1,0.9997363686561584
0,0.29397469758987427
1,0.37310266494750977
1,0.9992625117301941
0,0.20935305953025818
0,0.12464355677366257
0,0.16278313100337982
0,0.18090201914310455
0,0.1851886361837387
0,0.06219158321619034
0,0.047086626291275024
0,0.0019821489695459604
1,0.5497969388961792
0,0.0038990520406514406
0,0.28582480549812317
0,0.08168478310108185
0,0.2330448478460312
0,0.1758628487586975
0,0.16546306014060974
0,0.2102300524711609
0,0.28571200370788574
0,1e-06
0,0.20121602714061737
0,0.09070870280265808
0,7.073432061588392e-05
0,0.0029151730705052614
0,0.06868499517440796
0,0.17380234599113464
0,0.03624289855360985
0,0.3183864951133728
0,0.3179823160171509
0,0.1139061450958252
0,0.24799366295337677
0,0.06101125478744507
1,0.31817322969436646
0,0.007868773303925991
0,0.18145516514778137
0,0.025080597028136253
0,0.01276328507810831
1,0.8593876361846924
0,0.22779977321624756
1,0.11120854318141937
0,0.2562638223171234
0,0.2692470848560333
0,0.1857472062110901
0,0.19718685746192932
0,0.2424783855676651
1,0.23024411499500275
0,0.2865985035896301
1,0.9987516403198242
0,0.2768992483615875
0,1e-06
0,0.003210124559700489
1,0.9992499947547913
0,0.18662850558757782
0,0.14860662817955017
0,0.33342593908309937
1,0.2902649939060211
1,0.5446603298187256
0,0.2918423116207123
0,0.260542094707489
0,0.15440817177295685
0,0.2803614139556885
1,0.4317892789840698
1,0.1426314413547516
0,0.17245842516422272
0,0.24256138503551483
0,0.020038723945617676
1,0.9010946154594421
0,0.024249590933322906
0,0.24474819004535675
0,0.0018347017467021942
0,0.34648939967155457
0,0.0899517685174942
0,0.0003955005668103695
0,0.07531867921352386
0,0.2070893794298172
0,0.14299927651882172
0,0.009356629103422165
1,0.47670623660087585
0,0.0747675970196724
0,0.0001469207927584648
0,0.1470477432012558
1,0.48804372549057007
0,0.11128146946430206
0,0.0025237747468054295
0,0.2185126692056656
0,0.41276559233665466
0,0.1412941813468933
0,0.1678856760263443
0,0.0024357764050364494
0,0.0824662372469902
0,0.002047667047008872
1,0.13496148586273193
0,0.21974745392799377
0,0.0002674328279681504
0,0.12359825521707535
0,0.04923249036073685
1,0.2766091227531433
0,0.2190254032611847
0,0.021091176196932793
0,0.19225554168224335
1,0.4046213626861572
1,0.2743353247642517
0,0.051886994391679764
0,1e-06
0,0.223473459482193
1,0.9997631907463074
0,0.13851730525493622
0,0.016865024343132973
0,0.03625592216849327
0,0.30079782009124756
1,0.2847558856010437
0,0.22918131947517395
0,0.24458694458007812
0,0.27574461698532104
1,0.9955684542655945
1,0.2598952054977417
0,0.1552097648382187
1,0.9978594183921814
0,0.3236130177974701
0,0.31689709424972534
0,0.22068142890930176
0,0.34280917048454285
0,0.037867870181798935
0,0.08584078401327133
1,0.9996514320373535
0,0.3543156683444977
1,0.28438466787338257
0,0.2143176794052124
0,0.21831125020980835
0,0.026137635111808777
1,0.9999656677246094
0,0.04647092893719673
0,0.0009280642843805254
0,0.00015855183301027864
0,0.2695986330509186
0,0.07574646919965744
1,0.9998165965080261
0,0.250836044549942
1,0.9995337724685669
0,1e-06
1,0.9872003793716431
1,0.3230547606945038
0,5.1492126658558846e-05
0,0.18713577091693878
0,0.16257555782794952
0,1.681356479821261e-06
0,0.0018616802990436554
0,0.0010555488988757133
0,0.3846822679042816
0,0.1459244340658188
1,0.25495749711990356
1,0.15422262251377106
0,0.015459372662007809
1,0.6621223092079163
0,1e-06
0,0.18287739157676697
0,0.2339140921831131
0,0.007078475784510374
0,0.11855042725801468
0,0.046932823956012726
0,0.16022954881191254
0,0.00011865857959492132
0,0.2620869576931
0,0.1936153918504715
0,0.23425978422164917
0,0.02397013269364834
0,0.013416806235909462
0,0.21124807000160217
0,0.252991646528244
0,0.013391866348683834
0,0.44180119037628174
0,0.0005855851923115551
0,0.11558740586042404
1,0.9976950287818909
0,0.2539128065109253
1,0.36158838868141174
0,0.20000016689300537
0,0.0008731238194741309
0,0.04056885093450546
0,0.2039937824010849
0,0.02357514388859272
0,0.17513464391231537
0,0.0008243253105320036
1,0.20731085538864136
0,0.0009345208527520299
0,0.0004776915011461824
0,1e-06
0,0.13475078344345093
1,0.2165278047323227
0,0.32714933156967163
0,0.01294455211609602
0,0.16395878791809082
0,0.20987683534622192
0,0.07651455700397491
0,0.1430160254240036
0,0.15130122005939484
0,0.03162246197462082
0,0.29834362864494324
0,0.23126347362995148
1,0.3478390872478485
1,0.9999579191207886
0,0.0014849330764263868
0,0.24997103214263916
0,0.0976095125079155
1,0.18577483296394348
0,0.22104839980602264
0,0.0037527617532759905
1,0.1423681229352951
0,0.0014484822750091553
1,0.33018258213996887
1,0.9990811347961426
0,0.08031187206506729
0,0.3201884925365448
0,0.25351542234420776
0,0.1556808203458786
0,0.313412606716156
1,0.9984985589981079
0,0.09642386436462402
0,0.07844115048646927
0,0.28007039427757263
0,0.3085342347621918
0,0.16929715871810913
1,0.11799637228250504
1,0.9997373223304749
0,0.21052992343902588
0,0.249100923538208
1,0.4841437339782715
1,0.9973617196083069
0,1e-06
0,0.22012779116630554
0,0.005461398046463728
0,0.0013165338896214962
0,0.05236615985631943
0,0.29486653208732605
0,0.0009747243020683527
0,0.059130772948265076
0,0.13791349530220032
0,0.021552808582782745
1,0.9985617995262146
0,0.1091383621096611
0,0.08120007067918777
0,0.10615447163581848
0,0.03791941702365875
0,0.07236172258853912
0,0.0373997800052166
0,0.1827729046344757
0,0.14902441203594208
0,0.030163420364260674
0,0.18073028326034546
0,1.2232985682203434e-05
0,0.033292029052972794
0,0.24528475105762482
0,0.09659917652606964
0,0.24590454995632172
0,0.11507994681596756
0,0.0010534763569012284
0,0.27871304750442505
0,0.01611480675637722
0,0.12647278606891632
0,4.667967459681677e-06
0,0.033916931599378586
0,0.17716440558433533
0,0.30626335740089417
0,0.18098001182079315
0,0.08422666043043137
1,0.2800622880458832
0,0.37122946977615356
0,0.00459283497184515
0,0.004086755216121674
0,0.36559054255485535
0,0.11405529826879501
0,0.42258384823799133
0,0.19428034126758575
1,0.32567617297172546
0,0.20104646682739258
1,0.9998977184295654
0,0.15292368829250336
1,0.9930319786071777
0,0.1183730810880661
0,0.22368989884853363
0,0.11282145231962204
1,0.9851257801055908
0,0.24545128643512726
1,0.9994644522666931
1,0.9812652468681335
0,0.05193816125392914
0,0.06923016905784607
0,0.27280959486961365
0,0.07713568210601807
0,0.014762628823518753
0,0.0007420802139677107
0,0.12982293963432312
0,0.05787438899278641
1,0.997736930847168
0,0.13618911802768707
0,0.03222885727882385
0,0.12093020975589752
0,0.07128497958183289
0,0.00899539515376091
0,0.0008802296360954642
1,0.9960363507270813
1,0.3044222593307495
1,0.9999861717224121
0,1.0434099749545567e-05
0,0.14981026947498322
0,0.09396295994520187
0,0.1538972705602646
0,0.25917258858680725
0,0.21643611788749695
0,0.00018997247389052063
0,0.2598477602005005
0,0.2188723385334015
0,0.005051777698099613
0,0.1413407027721405
1,0.01194629818201065
0,0.16540652513504028
0,0.059220653027296066
0,0.0031777750700712204
1,0.2129940688610077
1,0.3840635418891907
0,0.2415950447320938
1,0.24897834658622742
0,0.00041226265602745116
0,0.06856401264667511
0,0.0008449655724689364
1,0.9999111890792847
1,0.9826465845108032
1,0.999818742275238
0,0.18709704279899597
0,0.04141560196876526
0,0.07936281710863113
1,0.3286290764808655
0,0.0614105686545372
0,0.20004920661449432
0,0.00011520592670422047
0,0.1378224939107895
0,0.001587229548022151
0,0.13788363337516785
0,0.18036681413650513
0,0.1890888512134552
0,0.2731132209300995
0,0.08044067025184631
0,0.16270369291305542
0,0.15694038569927216
0,0.23880445957183838
0,0.20953698456287384
0,0.2502993941307068
1,0.28728175163269043
0,0.05305556207895279
0,0.28071165084838867
0,0.0023025416303426027
0,0.2587772011756897
0,0.09632454812526703
0,0.04184221103787422
0,0.31870219111442566
0,0.00014839039067737758
0,0.1920393705368042
0,0.029046744108200073
0,0.18227770924568176
0,0.00089261558605358
0,0.22428683936595917
0,0.26033568382263184
0,0.10725872963666916
0,0.0008392015006393194
1,0.07765255123376846
0,0.24606561660766602
1,0.6876853704452515
1,0.13188837468624115
1,0.2100992202758789
0,0.0015879536513239145
0,0.21013139188289642
0,4.0280294342665e-05
0,0.11368667334318161
0,0.01950196735560894
0,0.14121727645397186
0,0.0005041148397140205
0,0.025309409946203232
0,0.12841300666332245
1,0.9989017248153687
0,0.1825566589832306
1,0.4199434220790863
0,0.09566503018140793
0,0.15777093172073364
0,0.16424687206745148
0,0.02928554266691208
0,0.28557026386260986
0,0.28331851959228516
0,0.17603351175785065
0,0.14248083531856537
0,0.2517770230770111
0,0.13370443880558014
0,0.18061776459217072
1,0.03131072223186493
1,0.9879863858222961
1,0.9621270895004272
0,0.014315739274024963
0,0.007498661521822214
0,0.03872906044125557
0,0.030160386115312576
0,0.10210283100605011
0,0.08601171523332596
0,0.2304757535457611
0,0.17071017622947693
0,0.2369474470615387
0,0.2252141684293747
0,0.13154569268226624
1,0.9983623623847961
1,0.24945148825645447
0,0.016220111399888992
1,0.9994636178016663
0,0.024003854021430016
0,0.07162001729011536
0,0.27651742100715637
0,0.23614971339702606
0,0.027437813580036163
1,0.9828921556472778
0,0.17359711229801178
1,0.9998863935470581
0,0.38702479004859924
0,0.21185073256492615
0,0.27996811270713806
0,0.14427605271339417
0,0.10733169317245483
0,0.3625687062740326
0,0.27921220660209656
1,0.2813364267349243
0,0.11610433459281921
0,0.06159083917737007
0,1e-06
1,0.37126561999320984
0,0.017652373760938644
0,0.19452577829360962
0,0.07459868490695953
0,0.07603644579648972
0,0.16596855223178864
1,0.9952680468559265
0,0.05831177905201912
1,0.9998149275779724
0,0.2864149808883667
0,0.17871394753456116
1,0.2722841501235962
0,9.23552033782471e-06
0,0.10885939747095108
0,0.030375365167856216
0,1e-06
0,0.002759718568995595
0,0.1157194972038269
0,0.05903719738125801
0,0.13203056156635284
0,0.12478384375572205
0,0.0008974146330729127
1,0.2339540719985962
0,0.16583788394927979
0,0.2733752429485321
0,0.18335701525211334
1,0.21295927464962006
0,0.12204410135746002
0,0.03879062831401825
0,0.18075379729270935
1,0.9918196201324463
0,0.22109079360961914
0,0.011633372865617275
0,0.25483182072639465
1,0.9901975393295288
0,0.12650687992572784
0,0.15238326787948608
0,0.08263850957155228
0,0.05895453691482544
1,0.29486289620399475
0,0.1388097107410431
0,0.11230587959289551
0,0.04777587950229645
0,0.2080894410610199
0,0.2174806445837021
1,0.24302910268306732
0,0.07140976935625076
0,0.10267679393291473
0,0.011162935756146908
0,0.02398030273616314
0,0.1454535275697708
1,0.9672341346740723
1,0.16494020819664001
0,0.0005603346507996321
1,0.2883043587207794
0,0.0643620491027832
0,0.00033054890809580684
0,0.0545438751578331
0,0.07087910920381546
0,0.0007372673135250807
0,0.003875597147271037
0,0.2377793788909912
0,0.09400267899036407
0,0.0190566498786211
0,0.0037476809229701757
0,0.24890625476837158
0,0.38968387246131897
0,0.027510106563568115
1,0.9978152513504028
0,0.22863011062145233
1,0.2180299609899521
1,0.2825494408607483
0,0.2500231862068176
0,0.005843214225023985
1,0.14488032460212708
0,1e-06
1,0.14149342477321625
0,0.21473029255867004
0,2.335930912522599e-05
0,0.13844279944896698
1,0.1491386741399765
0,0.002309567527845502
0,0.019358569756150246
0,0.07359433174133301
0,0.16519363224506378
0,0.0032956707291305065
0,0.26091399788856506
1,0.9995759129524231
0,0.070876844227314
0,0.18906986713409424
0,0.0029443716630339622
1,0.2540401518344879
0,0.00415460579097271
0,0.21914811432361603
0,0.3892267048358917
1,0.9978620409965515
0,0.0023606845643371344
0,0.020537205040454865
0,0.23317041993141174
0,0.05534202978014946
0,0.18885838985443115
0,0.24131076037883759
0,0.26261910796165466
0,0.22645041346549988
0,0.18651817739009857
0,0.1745961457490921
1,0.9998670816421509
0,0.002599659375846386
1,0.20280790328979492
0,0.0009386221063323319
0,0.11912751942873001
0,0.29285791516304016
0,0.002544557908549905
1,0.9987412095069885
1,0.19693061709403992
0,0.0008923187269829214
1,0.9860240817070007
0,0.21523486077785492
0,0.3698986768722534
0,0.3602021634578705
0,0.47027385234832764
1,0.1582041233778
0,0.15882909297943115
1,0.3438057005405426
0,0.14751876890659332
0,1e-06
0,0.10879413783550262
1,0.2609975039958954
1,0.9974000453948975
0,0.3022654950618744
1,0.9995168447494507
0,0.10103432089090347
0,0.10976312309503555
0,0.2011173665523529
0,0.16105899214744568
1,0.9963104128837585
0,0.13919788599014282
1,0.29070359468460083
0,0.1388075053691864
0,0.00022496738529298455
0,0.08104623854160309
0,0.1372705101966858
0,0.015054432675242424
0,0.07313857227563858
1,0.2665168344974518
0,0.27065232396125793
0,0.022216306999325752
0,0.1820880025625229
0,0.18478967249393463
1,0.999284565448761
1,0.30924609303474426
0,0.0047923121601343155
0,0.20405834913253784
0,0.0017911206232383847
0,0.08355144411325455
0,0.18226180970668793
0,0.2357744425535202
0,0.17376264929771423
0,0.02602536231279373
0,1e-06
0,0.19623184204101562
0,0.008528713136911392
0,0.15039171278476715
0,0.10799861699342728
0,0.035523075610399246
0,0.3352392017841339
0,0.1494537740945816
0,0.16881603002548218
0,0.21198414266109467
0,0.17584696412086487
0,0.17775273323059082
0,0.07916080951690674
0,0.1638609766960144
0,0.07261740416288376
0,0.11269453912973404
1,0.9202266931533813
0,1.4912448023096658e-05
0,9.068851795746014e-05
1,0.9374940991401672
0,0.17568795382976532
0,0.2973022162914276
0,0.27800610661506653
1,0.11992387473583221
1,0.29415667057037354
1,0.04229399561882019
1,0.3821735680103302
0,0.22803810238838196
1,0.3343473970890045
0,0.19255293905735016
0,0.24989229440689087
0,0.0155883077532053
1,0.999362051486969
0,0.023118074983358383
0,0.002886222442612052
0,0.405165433883667
0,0.07874516397714615
1,0.27352169156074524
1,0.37765011191368103
0,0.12988761067390442
0,0.17957495152950287
1,0.40814417600631714
0,0.06995029747486115
1,0.2725452780723572
1,0.9939112663269043
0,0.1321253627538681
0,0.21378563344478607
0,0.0032620944548398256
0,0.185423344373703
1,0.21319618821144104
0,0.23218095302581787
0,0.2208767831325531
0,1e-06
0,0.3905157744884491
1,0.2122364342212677
1,0.4871986508369446
0,3.870068394462578e-05
0,0.002438011346384883
1,0.1964321732521057
0,0.13258136808872223
0,0.06530071794986725
0,0.25396862626075745
0,0.0052562374621629715
0,0.07279845327138901
0,0.17814385890960693
0,0.08458194136619568
0,0.1936074197292328
0,0.04824359342455864
1,0.24397031962871552
0,0.2277558296918869
0,0.33032992482185364
0,0.15167489647865295
0,0.11448811739683151
0,0.07699917256832123
0,0.007636143825948238
0,0.11908107250928879
0,0.0010616689687594771
0,0.007582377642393112
0,0.21834400296211243
0,0.00010417656449135393
0,0.24814525246620178
0,0.1613919585943222
0,0.12284152209758759
0,0.06333386898040771
0,0.04980171471834183
1,0.03796738013625145
0,0.015407383441925049
0,0.0023310580290853977
1,0.9995087385177612
1,0.9903944134712219
0,0.10987629741430283
0,0.24426741898059845
0,0.2861705422401428
0,0.2258063107728958
0,0.24178199470043182
0,0.09384298324584961
0,0.18317891657352448
0,0.003364947158843279
0,0.18449555337429047
0,0.05774204432964325
1,0.027292320504784584
0,0.09777776896953583
0,0.11399458348751068
1,0.3458748757839203
0,0.24984845519065857
0,0.17376647889614105
0,0.021793585270643234
0,0.0063216546550393105
1,0.26452094316482544
1,0.031939245760440826
0,0.012400434352457523
0,0.05956237018108368
0,0.07138212770223618
0,0.15876451134681702
0,0.025311598554253578
0,0.033291690051555634
0,0.12081752717494965
0,0.15127962827682495
0,0.2970706820487976
1,0.2088402360677719
0,0.0010846375953406096
0,0.24425575137138367
0,0.22041162848472595
0,0.2822754681110382
0,0.18676014244556427
0,0.18737973272800446
1,0.08863253891468048
0,0.0002918933460023254
0,0.04150170460343361
0,0.19077308475971222
0,0.4634481370449066
0,0.13121651113033295
0,2.381829108344391e-05
0,0.31464481353759766
0,0.0021161725744605064
0,0.0003757946833502501
0,0.007595708593726158
0,0.1351769119501114
0,0.25568902492523193
0,0.06282583624124527
0,0.049199480563402176
1,0.9812152981758118
0,0.24060271680355072
0,0.046725254505872726
0,0.6219274401664734
0,0.1911666840314865
0,0.04369006305932999
1,0.9998027682304382
1,0.980508029460907
0,0.00016640331887174398
1,0.21791920065879822
0,0.303374320268631
0,0.0926903635263443
0,7.091450970619917e-05
0,0.004669167101383209
0,0.16972355544567108
0,0.22188271582126617
0,3.669031138997525e-05
0,0.008060180582106113
0,0.27117204666137695
0,0.004734699614346027
1,0.15149851143360138
0,0.14367958903312683
0,0.2107120156288147
0,0.0749315693974495
1,0.9982286095619202
0,0.15034633874893188
0,9.475961996940896e-05
0,0.024057013913989067
0,0.13594698905944824
1,0.22074323892593384
0,0.28826889395713806
0,0.11173447966575623
1,0.5071302652359009
0,0.1887364387512207
0,0.018557671457529068
0,0.24037937819957733
0,0.10896889120340347
0,0.01974097639322281
1,0.27071380615234375
0,0.17493246495723724
0,0.01638956181704998
0,0.004294055979698896
0,0.010629820637404919
1,0.35752007365226746
0,0.018157964572310448
1,0.9993911981582642
0,0.2325149029493332
0,0.0006973891286179423
1,0.9987159967422485
0,0.06999694555997849
1,0.8668026924133301
0,0.19865693151950836
0,0.23743091523647308
0,0.2850797772407532
1,0.21222728490829468
1,0.9981990456581116
0,0.16398407518863678
1,0.999506950378418
0,0.19608910381793976
0,0.10022086650133133
1,0.9995299577713013
1,0.2974449396133423
1,0.1757379174232483
0,0.03345419466495514
0,0.5011842250823975
0,0.032149069011211395
0,0.2684005796909332
0,0.09641807526350021
0,0.024662021547555923
0,0.0017835947219282389
0,0.22477975487709045
1,0.2558397054672241
0,0.4913879334926605
0,0.16194911301136017
0,0.24452517926692963
0,0.0116207180544734
0,0.19335971772670746
1,0.17181602120399475
0,0.00985559169203043
0,0.22233498096466064
0,0.20332032442092896
1,0.015574784018099308
0,0.07447009533643723
0,0.21757616102695465
0,0.1271265149116516
0,0.11781096458435059
0,0.16287840902805328
0,0.010463870130479336
1,0.9940332770347595
1,0.5845803022384644
0,0.005507717374712229
1,0.9973401427268982
1,0.9969909191131592
0,5.3975454648025334e-05
1,0.9996349811553955
1,0.11563238501548767
0,0.23927435278892517
0,2.2552815153176198e-06
0,0.01641705445945263
0,0.28628572821617126
0,0.007744199130684137
0,0.32279521226882935
0,0.1790061593055725
0,0.08430597186088562
0,0.14763617515563965
0,0.09056732058525085
0,0.41467320919036865
0,0.25228312611579895
0,0.19974954426288605
1,0.9997177720069885
0,0.1760266125202179
0,0.19433537125587463
1,0.3427891135215759
0,0.13394272327423096
1,0.9997637867927551
0,0.09477492421865463
0,0.16884349286556244
0,0.00015497926506213844
0,0.003799956990405917
0,0.25612762570381165
0,0.20062007009983063
0,0.2756156325340271
0,0.3141842484474182
0,0.2701832056045532
0,0.011381715536117554
0,0.0672612339258194
0,0.13976676762104034
1,0.40466368198394775
1,0.18793007731437683
0,0.08259467780590057
0,0.21823231875896454
1,0.9991229176521301
0,0.16961468756198883
0,0.3615732192993164
1,0.5138835310935974
0,0.24045664072036743
0,0.05277557298541069
0,0.22734986245632172
1,0.31610459089279175
0,0.2818441390991211
0,0.0286009032279253
0,0.1530712991952896
1,0.16253085434436798
0,0.1715855747461319
0,0.18793830275535583
0,1e-06
0,0.34150996804237366
0,0.20011264085769653
0,0.22161702811717987
0,0.1781790554523468
0,0.06061115115880966
1,0.9751949906349182
0,7.136651220207568e-06
0,0.2885647118091583
1,0.31308966875076294
0,0.246268168091774
0,0.18642562627792358
1,0.18722572922706604
0,0.22840237617492676
0,0.04066159576177597
0,0.4104914963245392
0,0.3178595304489136
1,0.41772890090942383
0,0.22440670430660248
0,8.384087414015085e-05
1,0.24240802228450775
0,0.029025694355368614
1,0.9996367692947388
0,0.39464786648750305
0,0.14517313241958618
1,0.8049373626708984
0,0.05914326757192612
0,0.1416911780834198
0,0.10457484424114227
0,0.0028836214914917946
1,0.9462761282920837
0,0.10198187083005905
1,0.9994493126869202
0,0.19230780005455017
0,0.10583648830652237
0,0.033530186861753464
1,0.5625192523002625
0,0.0006740790558978915
0,0.10764598101377487
0,0.37939733266830444
0,0.07724414020776749
0,0.009939393028616905
0,0.1508064866065979
0,0.42949748039245605
0,0.0005538133555091918
1,0.1943814754486084
0,0.002077199285849929
0,0.0966537818312645
0,0.00035140407271683216
0,0.04639776796102524
1,0.9769197702407837
0,0.03386285901069641
1,0.17020699381828308
0,0.11896436661481857
1,0.19529636204242706
0,0.032521698623895645
0,0.0045836446806788445
0,0.28642964363098145
0,0.09039083123207092
0,0.12316151708364487
0,0.19115673005580902
0,0.09882722795009613
1,0.18182063102722168
0,0.16084334254264832
0,0.12324341386556625
1,0.258589506149292
1,0.9986380934715271
0,0.2111695557832718
0,0.037352945655584335
0,0.24180543422698975
0,0.04774504154920578
0,0.17967776954174042
0,0.011210866272449493
0,0.17021091282367706
0,0.012252489104866982
0,0.1364252269268036
1,0.9999121427536011
0,0.040821343660354614
0,0.21458952128887177
0,0.17168879508972168
0,0.05187113955616951
0,0.07450810819864273
0,0.14187796413898468
0,0.03915941342711449
1,0.3340078890323639
0,0.26300665736198425
0,0.013117357157170773
1,0.9989927411079407
0,0.3316434919834137
0,0.30193576216697693
0,0.23699665069580078
0,2.679415274542407e-06
0,0.04878324270248413
0,0.024093085899949074
0,0.15392102301120758
0,0.24097830057144165
0,0.22544102370738983
1,0.1641930192708969
1,0.37292149662971497
1,0.9997567534446716
0,0.23945201933383942
0,5.772746135335183e-06
0,0.07772758603096008
0,0.001353003433905542
0,0.0021835120860487223
0,0.0043085855431854725
0,0.07333403825759888
1,0.22065474092960358
0,0.25586947798728943
0,0.10565636307001114
0,0.2573016285896301
1,0.27817755937576294
0,0.011772500351071358
0,0.15265512466430664
0,0.010346515104174614
0,0.25828200578689575
1,0.9972042441368103
0,0.18082916736602783
0,0.17292751371860504
0,0.1311855912208557
0,0.054860182106494904
0,0.2724311947822571
0,0.3575010597705841
1,0.999868631362915
1,0.7684188485145569
1,0.9932657480239868
0,0.0029344658832997084
0,0.18946567177772522
1,0.21549561619758606
1,0.9998071789741516
0,0.0002694737631827593
0,0.2614080309867859
1,0.12158665806055069
0,0.14837650954723358
0,0.15589608252048492
0,0.0037816003896296024
0,0.2766576409339905
0,0.29816025495529175
1,0.3233237564563751
0,0.0031023400370031595
0,0.020177239552140236
0,0.0036316514015197754
0,0.15732498466968536
0,0.11907020956277847
0,0.16090552508831024
0,0.29224148392677307
1,0.12973496317863464
0,0.05754784867167473
1,0.31143391132354736
0,0.26802903413772583
0,0.33806154131889343
0,2.8698630558210425e-05
0,0.09236695617437363
0,0.37559741735458374
1,0.19579501450061798
0,0.2714347541332245
0,0.31095656752586365
0,0.1868262141942978
0,0.15005044639110565
0,0.05422253906726837
0,0.023482713848352432
0,0.13767124712467194
0,0.24201245605945587
0,0.00543116545304656
0,0.013611876405775547
0,0.0008919439278542995
0,0.11451103538274765
0,0.14476820826530457
0,0.18048328161239624
0,0.10547145456075668
0,0.1619873046875
0,0.23290058970451355
0,0.15149666368961334
1,0.7916097640991211
0,0.2585528790950775
0,0.35013335943222046
0,0.010963561944663525
0,0.013914071023464203
0,0.1732775866985321
0,0.23171405494213104
0,0.10468399524688721
0,0.03835403919219971
0,0.02591814287006855
0,1e-06
0,0.013003985397517681
1,0.13305716216564178
0,0.09889035671949387
0,0.1125771626830101
0,0.19165463745594025
0,0.21002644300460815
0,0.010135117918252945
0,0.2774306833744049
0,0.2410331815481186
0,0.22657863795757294
0,1.6802772734081373e-05
0,0.17749717831611633
0,0.20820830762386322
0,0.28649091720581055
0,0.0025106656830757856
0,0.27634358406066895
0,1.2105131645512301e-05
0,0.13749757409095764
1,0.9932768940925598
0,0.20742915570735931
0,0.08051618188619614
0,0.001992546720430255
0,0.23960809409618378
0,0.2884024381637573
0,0.0788872018456459
1,0.11555345356464386
0,0.14345626533031464
0,0.22241154313087463
1,0.19739462435245514
1,0.19556817412376404
0,0.03113754466176033
0,0.25104522705078125
0,0.08518160134553909
0,0.17709298431873322
1,0.07106965780258179
0,0.007694337051361799
0,0.0005256276926957071
1,0.2596493661403656
0,0.009229143150150776
1,0.9987419247627258
1,0.5286421775817871
0,0.276732861995697
0,0.0833970233798027
0,0.30954429507255554
0,0.05229451134800911
0,0.15136118233203888
1,0.3326638638973236
1,0.15732279419898987
0,0.0003921636671293527
0,0.20905329287052155
0,0.22917550802230835
0,0.25610801577568054
0,0.1640666425228119
0,0.00045724076335318387
0,0.09961546957492828
0,0.13858842849731445
0,0.0851762592792511
0,0.303343802690506
0,0.018103064969182014
0,0.20521894097328186
0,8.295739098684862e-05
0,0.2521236538887024
0,0.2934586703777313
1,0.999186098575592
0,0.09708335250616074
0,0.002624948974698782
1,0.2123192995786667
0,0.040711499750614166
0,0.08772116154432297
0,0.14456893503665924
0,0.00556142907589674
0,0.010532699525356293
1,0.9992571473121643
0,0.15731723606586456
1,0.29157865047454834
0,0.29361727833747864
0,0.019357718527317047
0,0.2613714039325714
0,0.1782122254371643
0,0.13654352724552155
0,0.3157023787498474
1,0.22261486947536469
0,0.27216994762420654
0,0.35011860728263855
0,0.18454456329345703
0,0.08416631072759628
0,0.15896733105182648
0,0.2717951834201813
0,0.10805828869342804
1,0.1636568009853363
0,0.003660357790067792
0,0.00032713552354834974
0,0.15567182004451752
0,0.2604544758796692
1,0.20287345349788666
0,0.256433367729187
0,0.0543561652302742
0,6.904124347784091e-06
0,0.21196769177913666
0,3.080578608205542e-05
0,0.05418388545513153
0,0.18314284086227417
0,0.06428955495357513
0,0.020565783604979515
0,0.23417668044567108
0,0.269059956073761
1,0.20371447503566742
0,0.034167297184467316
0,0.043556198477745056
0,0.11073838919401169
0,0.3692893981933594
0,0.20855306088924408
0,0.2284127026796341
1,0.2847640812397003
0,0.0002704969374462962
1,0.22724594175815582
1,0.4875800311565399
0,0.048744093626737595
0,0.25208473205566406
0,0.016428345814347267
0,0.0012380758998915553
1,0.8908900022506714
0,0.011416331864893436
0,0.2680196166038513
0,0.18938416242599487
0,0.04483289271593094
0,0.14800836145877838
0,0.024759238585829735
0,0.25957953929901123
0,0.11022473871707916
0,0.20537221431732178
0,0.27330607175827026
0,0.07121885567903519
1,0.9997746348381042
0,0.3491706848144531
1,0.21342194080352783
1,0.967853307723999
1,0.2538662850856781
0,0.11662529408931732
0,0.26394888758659363
0,0.0012648446718230844
0,0.017274901270866394
0,0.3367914855480194
0,0.11379070580005646
0,0.12676535546779633
0,0.0001250770001206547
1,0.9939160943031311
0,0.0004978321376256645
1,0.9999837875366211
0,0.0007972730090841651
0,0.22467508912086487
0,0.2366824895143509
0,0.12038993090391159
0,0.12106271833181381
0,0.17048676311969757
0,0.1810796707868576
0,0.039160098880529404
0,0.3034188747406006
0,0.022937914356589317
1,0.3558037579059601
0,0.29003167152404785
0,0.01843794248998165
0,0.1628117859363556
0,0.31679901480674744
0,0.07384950667619705
1,0.24981214106082916
0,0.24989402294158936
1,0.9998040795326233
0,0.25815486907958984
0,0.18202601373195648
0,0.09711750596761703
0,0.05823199450969696
0,0.029764775186777115
0,0.09470266103744507
1,0.9979619979858398
0,0.2166145294904709
1,0.18855029344558716
0,0.0003495830169413239
0,0.27769526839256287
0,0.025617269799113274
1,0.12935732305049896
0,0.0003235987387597561
0,3.2976117836369667e-06
0,0.013713364489376545
0,0.23876890540122986
1,0.9901960492134094
0,0.027860961854457855
0,1e-06
1,0.3935522437095642
1,0.24521002173423767
0,0.051689378917217255
1,0.1189921572804451
0,0.2355259358882904
1,0.9998631477355957
0,0.004429358057677746
0,0.2561984658241272
0,0.12852613627910614
0,0.0011801054934039712
0,0.17565806210041046
0,0.08959288895130157
1,0.9971168041229248
0,0.2821727395057678
0,0.045870136469602585
0,0.15016478300094604
1,0.9997302889823914
1,0.9811291098594666
1,0.9984129667282104
1,0.9927037954330444
0,0.20891383290290833
0,0.10951729863882065
0,0.19326373934745789
0,0.05785759910941124
0,0.007560510654002428
0,0.04117079824209213
0,0.22589540481567383
0,1e-06
0,0.30503058433532715
0,0.09396503120660782
1,0.42774078249931335
0,0.15628370642662048
0,0.22805474698543549
0,0.20547626912593842
0,0.3585924804210663
1,0.382308691740036
0,0.020375676453113556
0,0.00016119866631925106
0,0.15314912796020508
0,0.25274214148521423
0,0.23214904963970184
0,0.2025071233510971
0,0.2855248749256134
1,0.9989584684371948
0,0.011419626884162426
1,0.26266855001449585
0,0.05845794081687927
0,0.1083952859044075
0,0.20074664056301117
0,0.08321753889322281
0,0.15954941511154175
1,0.19522589445114136
0,0.2699125111103058
1,0.19855283200740814
0,0.30743545293807983
0,0.20488521456718445
0,0.17526791989803314
0,0.20904357731342316
0,0.3459009826183319
0,0.27492910623550415
0,1e-06
0,0.034154072403907776
0,0.14059145748615265
0,0.27287527918815613
0,0.019384995102882385
1,0.3833269774913788
0,0.20122599601745605
0,0.03824792057275772
0,0.2071126401424408
0,0.27253586053848267
0,0.0001020489726215601
0,0.13713404536247253
0,0.13012364506721497
0,0.12024117261171341
0,0.26636725664138794
0,0.12095451354980469
0,0.11184027045965195
0,0.025873007252812386
0,0.17777012288570404
0,0.2783934772014618
0,0.0013087466359138489
0,0.3276275098323822
0,1.623854404897429e-05
0,0.33481934666633606
0,0.023059844970703125
0,0.30208820104599
0,0.19639064371585846
0,0.15965329110622406
0,0.17934361100196838
0,0.2281503528356552
0,0.0028944581281393766
0,0.05591197311878204
1,0.1828065812587738
1,0.47393640875816345
0,0.42635729908943176
0,0.09778077900409698
0,0.0357879213988781
0,0.15568488836288452
0,1.1995851991741802e-06
0,0.1511959284543991
0,0.18493607640266418
0,0.18565206229686737
0,0.15174338221549988
0,0.028485355898737907
0,0.045009415596723557
1,0.43670782446861267
0,0.1147601306438446
0,0.19943024218082428
0,0.11973617225885391
0,0.07504905015230179
0,4.618395450961543e-06
0,0.03998537361621857
0,0.11322309821844101
0,0.2910763621330261
0,0.00028919943724758923
0,0.19194193184375763
0,0.010001306422054768
0,0.13687807321548462
0,0.21814732253551483
0,0.03553231805562973
0,0.0004277849511709064
1,0.355190634727478
0,0.49518415331840515
0,0.00018170979456044734
1,0.9989609718322754
0,0.10934943705797195
0,0.2409147471189499
0,0.1722056269645691
0,0.168020099401474
0,0.0852358415722847
0,0.03873250260949135
0,0.10251080244779587
1,0.9969955682754517
0,0.00010225518053630367
0,0.11768781393766403
0,0.019118642434477806
1,0.09364335238933563
1,0.999678373336792
1,0.9997175335884094
0,0.1285681575536728
0,0.20947445929050446
0,0.18837182223796844
0,0.04110177978873253
0,0.15729162096977234
0,0.0677453950047493
0,0.2653858959674835
1,0.2017432302236557
0,0.03296166658401489
0,0.12768110632896423
1,0.9993081092834473
0,0.07952676713466644
0,0.004085975233465433
0,0.002936515025794506
1,0.9993917942047119
0,1e-06
0,0.21780744194984436
0,0.23058593273162842
0,0.12252403050661087
1,0.28508293628692627
0,0.0921582356095314
0,0.026440046727657318
1,0.2669766843318939
0,0.0018538904841989279
0,0.07639597356319427
0,0.1694062203168869
0,0.15708579123020172
1,0.9981562495231628
0,0.15665006637573242
1,0.9938562512397766
0,0.19016438722610474
1,0.2968333661556244
0,0.05976962670683861
0,5.057077942183241e-05
0,2.2809631445852574e-06
0,0.06362640112638474
0,0.23169425129890442
0,0.0005842109676450491
0,0.04255417734384537
1,0.39443299174308777
0,0.16157062351703644
0,0.0002278066531289369
1,0.27989310026168823
0,4.143623300478794e-05
0,0.03595886006951332
0,0.2877231240272522
0,0.15248122811317444
0,0.15998493134975433
0,0.2638625502586365
0,0.2274084985256195
0,0.14240339398384094
0,0.25274428725242615
0,0.2557314932346344
0,0.04195830598473549
0,0.0025121981743723154
1,0.5159469246864319
0,0.17928998172283173
0,0.005864428821951151
0,0.18337859213352203
0,1e-06
0,0.1304536610841751
0,0.1425451785326004
0,0.18685464560985565
0,0.15074123442173004
0,0.0003976338484790176
0,0.06705878674983978
0,1e-06
1,0.5781785249710083
0,0.12838397920131683
0,0.11164279282093048
0,0.2578123211860657
0,3.031596861546859e-06
1,0.3429911732673645
0,0.2864181399345398
0,0.15808352828025818
1,0.9992519021034241
0,0.11462171375751495
0,0.13319389522075653
0,0.2058817744255066
0,0.0028043424244970083
0,0.04488096386194229
0,0.32965904474258423
0,0.08925481885671616
0,0.3208645284175873
0,0.4342283308506012
0,0.20428182184696198
0,0.09003254026174545
1,0.9999603033065796
1,0.9998331069946289
0,0.23289048671722412
1,0.04901691526174545
0,2.893399869208224e-05
0,0.15981242060661316
0,0.2624228000640869
0,0.21248048543930054
0,0.02865513786673546
0,0.24726688861846924
0,0.2413100153207779
0,1e-06
0,0.02748825028538704
0,0.3804810643196106
0,0.23671817779541016
1,0.5528488159179688
1,0.24693657457828522
1,0.22137007117271423
0,0.2122267186641693
0,0.3290243446826935
1,0.0810236856341362
0,0.49048560857772827
0,0.30608856678009033
1,0.45706236362457275
1,0.634352445602417
1,0.2503662705421448
0,0.12671346962451935
0,0.102114237844944
0,0.3150860667228699
0,0.007955285720527172
0,0.2937489151954651
1,0.37599924206733704
1,0.7939712405204773
0,0.26290053129196167
1,0.4253053069114685
0,0.22212789952754974
0,0.08563311398029327
1,0.9953235983848572
0,0.11572165042161942
0,0.10561959445476532
0,0.336116224527359
0,0.049581922590732574
0,0.14535358548164368
1,0.4792459011077881
0,0.22023309767246246
1,0.9993541836738586
0,0.0021107783541083336
0,0.0344785712659359
0,0.08878753334283829
0,0.1633215993642807
0,0.00032857456244528294
0,0.00029644733876921237
0,0.005919949151575565
0,0.13891804218292236
0,0.005469585303217173
0,0.21533691883087158
0,0.24548940360546112
0,0.01338332612067461
0,0.15520092844963074
1,0.45294687151908875
0,0.0004191321786493063
1,0.9987938404083252
1,0.2565396726131439
0,0.012251033447682858
0,0.00036762614035978913
0,0.05665300786495209
0,0.18372733891010284
0,0.22912763059139252
1,0.14457957446575165
0,0.00017962300626095384
0,0.23701003193855286
0,0.16053634881973267
0,0.0001407053496222943
0,0.03304155543446541
0,0.3313613831996918
0,0.2902745306491852
0,0.2692238688468933
0,0.27156415581703186
0,0.06783511489629745
0,0.016257498413324356
0,0.2301473170518875
0,1e-06
1,0.99779212474823
1,0.15294405817985535
1,0.9959618449211121
0,0.2643170952796936
0,0.07783836126327515
0,0.0012111363466829062
0,0.07198238372802734
0,0.0890953317284584
0,0.04160667583346367
0,0.0998019427061081
0,0.263780802488327
0,0.3802855312824249
0,0.20639491081237793
0,0.30129194259643555
0,0.03978575021028519
1,0.19722475111484528
0,0.17204661667346954
0,0.25993379950523376
0,0.05662185326218605
0,0.0003470895753707737
0,0.28163957595825195
1,0.9991156458854675
0,0.05362385883927345
0,0.017961010336875916
1,0.22579482197761536
0,0.015016427263617516
0,0.3295256197452545
0,0.011092656292021275
0,0.02522263303399086
1,0.9924848675727844
0,0.35952696204185486
0,0.12820740044116974
0,0.02375013194978237
0,0.0786270722746849
1,0.8651907444000244
1,0.23600314557552338
0,0.020267467945814133
0,0.0976027399301529
1,0.9998003840446472
0,0.08439585566520691
0,0.29652535915374756
1,0.9999414682388306
0,0.21282340586185455
0,0.15968745946884155
0,0.21856237947940826
0,0.31435948610305786
0,0.08753778040409088
0,0.06682159751653671
0,0.3209714889526367
0,0.00014351306890603155
0,0.009676799178123474
1,0.2859194278717041
1,0.22892062366008759
0,0.053743962198495865
0,0.021333130076527596
0,0.01651158183813095
0,0.11158337444067001
0,0.13722780346870422
0,0.002092217095196247
0,0.07985303550958633
0,0.5870251655578613
0,0.12156938016414642
0,0.01930082030594349
0,0.019244438037276268
0,0.16285990178585052
0,0.128604456782341
0,0.1751638948917389
0,0.008539024740457535
0,0.12507830560207367
0,0.14491841197013855
0,0.01587977446615696
0,0.10700449347496033
0,0.0011684312485158443
0,0.30707377195358276
0,0.21022918820381165
1,0.19554391503334045
0,0.00042342720553278923
0,0.058804694563150406
1,0.9990776777267456
0,0.017719585448503494
0,0.050000593066215515
0,0.19397637248039246
0,0.2925972044467926
0,0.17965756356716156
0,0.377226859331131
0,0.012064642272889614
0,0.15511208772659302
0,0.15551115572452545
0,0.23330339789390564
1,0.9993866682052612
0,0.2604435384273529
0,0.34863609075546265
0,0.23669299483299255
1,0.999607503414154
0,0.03222368657588959
0,0.19679220020771027
0,0.27194440364837646
0,0.01418368425220251
0,0.07315275818109512
0,0.1854286938905716
0,0.186272993683815
0,0.29494667053222656
0,0.004627223126590252
0,0.01383904181420803
0,0.037637174129486084
0,0.07367661595344543
0,0.16452144086360931
0,0.04513716697692871
0,5.8738896768772975e-05
1,0.9796751737594604
0,0.007077992893755436
0,0.20064997673034668
1,0.09097298979759216
1,0.38423770666122437
0,0.02147637866437435
1,0.7651280164718628
0,0.0035435992758721113
1,0.9921714067459106
0,0.11950094997882843
0,0.31051966547966003
1,0.28201383352279663
0,0.20585323870182037
0,2.8657772418227978e-05
0,0.24711813032627106
0,2.372602466493845e-05
0,0.2950531840324402
1,0.3187546133995056
0,0.0007200560066848993
0,0.0006922209868207574
1,0.3411386013031006
0,0.4069730341434479
1,0.21601232886314392
1,0.9980455636978149
0,0.08833103626966476
0,0.16765794157981873
0,0.0021338937804102898
0,0.15564276278018951
1,0.2190261334180832
0,0.0024030208587646484
0,0.031694550067186356
0,0.12848049402236938
0,0.013176711276173592
0,0.1360185295343399
0,0.07434463500976562
0,0.09289221465587616
0,0.24988152086734772
1,0.9987234473228455
0,0.2036500871181488
0,0.06671570241451263
0,0.2069811373949051
0,0.6183552742004395
1,0.9893550872802734
0,0.2622152268886566
0,0.0001732663658913225
0,0.16415633261203766
0,0.08505719900131226
0,0.003257468342781067
0,0.09854747354984283
0,0.1234951987862587
0,0.17526252567768097
1,0.9925544857978821
0,0.017806999385356903
0,0.058381661772727966
0,0.5107147693634033
0,0.02113346755504608
0,0.24891336262226105
0,0.12310248613357544
0,0.00730453385040164
0,0.15652205049991608
0,0.06503134220838547
1,0.19883495569229126
0,0.16969285905361176
0,0.17467264831066132
0,0.13180722296237946
0,0.16237658262252808
0,0.12104889750480652
0,0.07475045323371887
0,0.09920668601989746
0,0.28392505645751953
0,0.10588250309228897
0,0.06402216106653214
0,0.1887427270412445
0,0.17890186607837677
0,0.18170124292373657
0,0.2607593536376953
0,0.14429761469364166
0,0.00014562618162017316
0,0.026900656521320343
0,0.005666565150022507
0,0.17143504321575165
0,0.21107256412506104
0,0.29101935029029846
1,0.36949437856674194
1,0.3300175964832306
1,0.9824163913726807
0,0.0824502632021904
0,0.015652552247047424
0,0.16725268959999084
0,0.05177402123808861
0,0.31404194235801697
1,0.2547260820865631
0,0.3719942271709442
0,0.029135016724467278
0,0.04539240896701813
0,0.14858455955982208
0,0.06187025457620621
0,0.04331601411104202
0,0.29954078793525696
0,0.04535505548119545
0,0.20519667863845825
0,0.10608450323343277
0,0.02892957627773285
0,0.010199759155511856
0,0.12566876411437988
0,0.3550166189670563
0,0.0016304897144436836
0,0.1234758049249649
0,0.1253463178873062
0,0.18557074666023254
0,0.00314802723005414
0,0.1464560478925705
0,0.0036889531183987856
0,0.34036532044410706
1,0.9995012283325195
0,0.00021506586926989257
0,0.0065445019863545895
0,0.00010049345291918144
1,0.32874974608421326
0,0.28233110904693604
1,0.9995704293251038
0,0.12000630795955658
0,0.02067938633263111
0,0.056580375880002975
0,0.2048068642616272
0,0.08708199858665466
0,0.22279533743858337
0,0.22316476702690125
1,0.235279381275177
0,0.24953551590442657
0,5.968187906546518e-06
0,0.36669301986694336
0,0.17610549926757812
0,0.1759038120508194
0,5.560148110816954e-06
0,0.2041308432817459
0,0.04301372170448303
0,0.1842641830444336
0,0.003265364095568657
0,0.29829487204551697
0,0.13599234819412231
0,0.21554869413375854
0,0.1708623319864273
0,0.00868629477918148
1,0.9482603669166565
1,0.38018998503685
0,0.26911938190460205
1,0.4455607831478119
0,0.10329154133796692
0,0.14847013354301453
1,0.0941883996129036
0,0.023298893123865128
1,0.999716579914093
1,0.25456535816192627
0,0.00639380794018507
0,1e-06
1,0.3067338466644287
0,0.32333797216415405
0,0.0011163449380546808
0,0.1960037648677826
0,0.21525686979293823
0,0.33659330010414124
1,0.029767723754048347
0,0.004345479421317577
0,0.36818692088127136
0,0.00010687114263419062
0,0.0797785073518753
0,0.13269250094890594
0,0.24065080285072327
0,0.022475872188806534
0,0.0008404467371292412
0,1e-06
0,0.029822517186403275
0,0.28478774428367615
0,0.16276440024375916
0,0.18977534770965576
0,0.09775274246931076
0,0.03185096010565758
0,0.0002856148639693856
0,0.0026585333980619907
1,0.3995862305164337
0,0.14818917214870453
0,0.2894227206707001
1,0.05321461334824562
0,0.00044142137630842626
0,0.06831739842891693
0,0.0814003199338913
0,0.0010644920403137803
0,0.03257732838392258
1,0.6467206478118896
0,0.05388254299759865
0,0.18266832828521729
0,0.0006903348839841783
0,0.07583369314670563
1,0.04510294646024704
0,0.000625619781203568
0,0.08752170950174332
0,0.10205842554569244
0,0.19483307003974915
0,0.1625138521194458
0,0.012959787622094154
1,0.1720280796289444
0,0.3370154798030853
0,0.2024305909872055
0,0.08147621154785156
1,0.23889608681201935
0,0.040772419422864914
0,0.031088007614016533
1,0.9983886480331421
0,0.20256559550762177
1,0.22327494621276855
0,0.00023308939125854522
0,0.22878092527389526
1,0.9919223785400391
0,0.01972414180636406
0,0.10272983461618423
0,0.0667727068066597
1,0.26040709018707275
0,0.03221721574664116
0,0.26741889119148254
0,0.19330699741840363
1,0.9997919201850891
1,0.2276780903339386
0,0.19019454717636108
0,1e-06
0,0.059673409909009933
0,0.04267403483390808
0,0.3073475658893585
1,0.9998953342437744
1,0.051172081381082535
0,0.047432273626327515
1,0.9986292123794556
1,0.4022481441497803
0,0.25953394174575806
0,0.012807340361177921
0,0.30493807792663574
0,0.1131502091884613
0,0.16662253439426422
0,0.320637047290802
1,0.24812042713165283
1,0.2114095836877823
0,0.18738536536693573
1,0.997514009475708
0,0.22594211995601654
0,0.1868908405303955
0,0.026946241036057472
0,0.12980042397975922
0,0.156572625041008
0,0.16138623654842377
0,0.09120304137468338
0,0.30623239278793335
0,0.26181790232658386
0,0.177256777882576
0,0.07949727773666382
0,0.00021809665486216545
1,0.3980731666088104
0,0.08464784175157547
0,0.22737930715084076
0,0.0025442871265113354
0,0.07129708677530289
1,0.9652621746063232
0,0.20306605100631714
0,0.02817596308887005
1,0.9993835687637329
0,0.04617831110954285
0,0.22291924059391022
0,0.07368168979883194
0,5.318865532899508e-06
0,0.1797376275062561
0,0.183757483959198
0,0.00013095584290567786
0,0.09298133105039597
0,0.10703606903553009
0,0.047682784497737885
0,0.014005588367581367
0,0.2558801472187042
0,0.20452921092510223
1,0.0182756707072258
0,0.12268105149269104
0,0.04034462571144104
1,0.5097278356552124
0,0.28111588954925537
0,0.2656167447566986
0,0.09114093333482742
0,0.10976535826921463
1,0.19909873604774475
1,0.9965946078300476
1,0.14662322402000427
0,0.07755737006664276
0,1.1510220474519883e-06
1,0.10124065726995468
0,0.0011041671968996525
0,0.061800435185432434
0,0.008538621477782726
0,0.26346299052238464
0,0.18133246898651123
1,0.9942100048065186
0,0.11513648927211761
0,0.005700047127902508
0,0.10080092400312424
0,0.21040453016757965
0,0.12423932552337646
1,0.10376191884279251
1,0.9951293468475342
0,4.367902147350833e-05
0,5.5444073950638995e-05
0,0.10777121782302856
1,0.2264866828918457
0,0.17215484380722046
1,0.19198226928710938
0,0.15916772186756134
0,0.19320334494113922
1,0.2657105624675751
0,0.0055011967197060585
0,0.0796331837773323
0,0.16373960673809052
0,0.3127450942993164
0,0.012968023307621479
1,0.9993913173675537
1,0.20237545669078827
0,0.332893967628479
0,0.19309668242931366
0,0.46702495217323303
0,0.029476093128323555
0,0.006692515220493078
0,0.23402561247348785
0,0.00019937028991989791
1,0.5593037009239197
0,0.2855788469314575
0,0.10239463299512863
0,0.012892565689980984
0,0.37713125348091125
0,0.09522449970245361
0,0.33273226022720337
0,0.0012509252410382032
0,0.13859136402606964
1,0.9999414682388306
0,0.3024536967277527
0,0.02262578345835209
1,0.9995372295379639
0,0.12070870399475098
1,0.9973056316375732
1,0.9996269941329956
1,0.40507611632347107
0,0.14656060934066772
0,0.016961654648184776
0,0.20329508185386658
0,0.24049003422260284
0,1e-06
0,0.20198532938957214
0,0.0142179811373353
0,1e-06
1,0.9969064593315125
0,0.038104645907878876
0,0.33882322907447815
0,0.002794896252453327
0,0.04827935993671417
0,0.21824388206005096
0,0.24700504541397095
0,0.03023618645966053
0,0.23196178674697876
0,0.27439025044441223
0,0.24855251610279083
0,0.204143688082695
0,0.0016669853357598186
0,0.24289470911026
0,0.22989842295646667
0,0.1675155758857727
0,0.1365063637495041
1,0.7796285152435303
1,0.2088082879781723
0,0.047656841576099396
0,1e-06
1,0.9981549382209778
0,0.0001358914014417678
0,1e-06
0,0.044964518398046494
1,0.17448873817920685
0,0.23677171766757965
0,0.003063412383198738
0,0.21492734551429749
0,0.12049583345651627
1,0.901131808757782
0,0.08345337212085724
0,0.2652059495449066
1,0.999735414981842
0,0.25874707102775574
1,0.31701499223709106
0,0.09911967068910599
0,0.06585654616355896
0,0.13792087137699127
1,0.6864030957221985
1,0.9969143867492676
0,0.008630981668829918
1,0.9996975660324097
0,0.17192868888378143
0,0.12738578021526337
0,0.00025695646763779223
0,0.24585747718811035
0,0.08794097602367401
0,0.3154171109199524
0,0.11336047202348709
0,0.28862816095352173
0,0.17241495847702026
0,0.16688433289527893
1,0.8011795878410339
0,0.08264188468456268
0,0.17394444346427917
0,0.143015056848526
0,0.04630386084318161
0,0.31292247772216797
0,0.3007041811943054
0,0.39168283343315125
0,0.1790763884782791
0,0.075350321829319
0,0.26514312624931335
0,0.015805963426828384
0,0.37040975689888
0,0.12917253375053406
0,0.2312021404504776
0,0.02219606377184391
0,1e-06
0,0.27775344252586365
0,0.03584549203515053
0,0.2511804401874542
0,0.3257885277271271
0,0.30039849877357483
0,0.1501581072807312
0,0.022789431735873222
0,0.15742936730384827
0,0.14392836391925812
0,0.14474958181381226
0,0.18510568141937256
0,0.17236916720867157
0,0.08337845653295517
1,0.9990843534469604
0,0.0038916864432394505
0,0.14925451576709747
0,0.1373603492975235
0,0.3032986521720886
1,0.12094727903604507
0,0.0523877777159214
0,0.31430143117904663
0,0.06956581771373749
0,0.3129598796367645
0,0.059572476893663406
1,0.9985355138778687
1,0.2974260449409485
0,0.13543899357318878
1,0.29811564087867737
0,0.0017401700606569648
0,0.005671475548297167
0,0.12473403662443161
0,0.16996140778064728
0,0.0010345135815441608
0,0.22049979865550995
0,0.05993128940463066
0,0.09788476675748825
0,0.0724613219499588
0,0.1262921243906021
0,0.07905642688274384
0,0.07417216897010803
0,0.09092780947685242
0,0.1775963306427002
1,0.23360227048397064
0,0.05483681336045265
0,0.1978796273469925
0,0.2737133800983429
0,0.22936278581619263
0,0.16275887191295624
1,0.8159288763999939
1,0.9997760653495789
0,0.13937491178512573
0,0.027643419802188873
0,0.2399180382490158
0,0.2735143005847931
1,0.7353736162185669
0,0.30562299489974976
0,0.009230286814272404
0,0.10360044240951538
1,0.9999088048934937
1,0.999066174030304
0,0.13547950983047485
1,0.9999228715896606
0,0.2804383337497711
0,0.09958948940038681
0,0.0068442379124462605
0,0.38226965069770813
0,0.074375681579113
0,0.16646026074886322
0,0.07808392494916916
0,0.06026330217719078
0,0.2015359252691269
0,0.1472923904657364
0,0.13386975228786469
1,0.19230611622333527
0,7.801820174790919e-05
0,0.08114475011825562
0,0.31106412410736084
0,0.2631291151046753
0,0.15892018377780914
1,0.9841036796569824
1,0.28151756525039673
0,0.01557933259755373
0,0.02982444316148758
0,0.214035302400589
1,0.37120693922042847
0,0.2136351764202118
0,0.15618623793125153
0,0.02304273284971714
0,5.4637607718177605e-06
0,0.006472164299339056
0,0.24294081330299377
1,0.9897683262825012
0,0.1316010057926178
0,0.03817037120461464
0,0.13164639472961426
1,0.18122360110282898
0,0.02913050167262554
1,0.2123778760433197
0,0.25842612981796265
0,0.02540702559053898
0,0.1981249898672104
0,0.00028405446209944785
0,0.15617014467716217
0,0.0028667852748185396
0,0.0018000913551077247
0,0.02078174240887165
1,0.24217328429222107
0,0.0750437006354332
0,0.033439457416534424
0,0.24457323551177979
1,0.9935639500617981
0,0.003675563493743539
0,0.009710375219583511
0,0.3249131441116333
0,0.13034899532794952
0,0.17727303504943848
0,0.371344655752182
1,0.9926808476448059
1,0.18854384124279022
0,0.10778947919607162
0,0.09883236885070801
0,0.015263057313859463
1,0.3501342833042145
0,0.0025533351581543684
0,0.003170129144564271
1,0.26703301072120667
0,7.60526381782256e-05
0,0.3609851598739624
1,0.2538071274757385
0,0.10817376524209976
1,0.13609769940376282
0,0.360107421875
0,0.02334933541715145
0,1e-06
1,0.08566653728485107
0,1e-06
0,0.24377679824829102
0,0.10777493566274643
1,0.985612690448761
0,0.06438764184713364
0,0.08577461540699005
0,0.21712884306907654
0,0.09359532594680786
0,1e-06
1,0.1862250119447708
0,0.3086657226085663
0,0.0796855166554451
1,0.4574586749076843
0,0.0029619361739605665
0,0.0026351080741733313
1,0.999083399772644
0,0.049328967928886414
0,0.1708102524280548
0,0.416289359331131
0,0.00017387839034199715
1,0.9033634066581726
0,0.043862104415893555
1,0.9986550807952881
0,0.0024797064252197742
1,0.1388867050409317
0,0.38304629921913147
0,0.30258408188819885
0,1.7256006685784087e-06
0,0.14281590282917023
0,0.02187010459601879
0,0.24570675194263458
1,0.9565967321395874
0,0.21965426206588745
0,0.08583967387676239
1,0.9997878670692444
0,0.363888680934906
1,0.1389777809381485
1,0.9999901056289673
1,0.28175538778305054
1,0.07757782936096191
0,0.010349542833864689
0,0.09874054789543152
0,0.22178205847740173
0,0.018292000517249107
0,0.17125074565410614
0,0.1214117705821991
0,0.10894051194190979
0,0.11337946355342865
0,0.25867441296577454
0,0.09402930736541748
0,0.23248811066150665
0,0.003717317944392562
1,0.12671349942684174
0,0.10893921554088593
1,0.216916024684906
1,0.4000967741012573
0,0.09559476375579834
0,0.17989002168178558
0,0.03735053539276123
1,0.9761452674865723
0,0.2222496122121811
0,1e-06
0,0.018761899322271347
0,0.14011384546756744
0,0.2668534219264984
0,0.11602829396724701
0,0.17378927767276764
0,0.0009637452894821763
1,0.2779540419578552
0,0.06189877167344093
0,0.0002574360987637192
0,0.0663883164525032
0,0.008579683490097523
0,0.0017181034199893475
0,0.01198656391352415
0,0.010069645941257477
0,0.137834832072258
1,0.8537037968635559
0,0.028202908113598824
0,0.1362113505601883
1,0.9487660527229309
0,0.0008498033275827765
0,0.2292107194662094
0,0.34892192482948303
1,0.9975958466529846
0,0.15405850112438202
0,0.0636080950498581
0,0.22463589906692505
0,0.3371751606464386
0,0.13319306075572968
0,0.0403052382171154
1,0.3252030313014984
1,0.07923947274684906
0,0.0004344675107859075
1,0.2399134337902069
0,0.2371908575296402
0,0.18961434066295624
0,0.24670620262622833
0,0.0023137936368584633
0,0.3897540867328644
0,0.001109419041313231
1,0.9997373223304749
0,0.01315695233643055
0,0.2532300353050232
1,0.9985612034797668
0,0.2115630805492401
0,0.38981613516807556
0,0.15766401588916779
0,0.007914423942565918
0,0.18578079342842102
0,0.0019998622592538595
0,0.18054592609405518
0,0.06776853650808334
1,0.23015648126602173
0,0.13281722366809845
1,0.21424201130867004
0,0.00019152350432705134
0,0.025085704401135445
0,0.00020191236399114132
0,0.3058752715587616
0,0.31266680359840393
0,0.01451869122684002
0,0.11599273234605789
0,2.3448126285074977e-06
1,0.51544189453125
0,0.12013783305883408
0,0.16397492587566376
0,0.06058480963110924
0,0.4880571961402893
0,0.0004459914634935558
0,0.11543715000152588
0,0.2241143435239792
0,0.2863500416278839
1,0.15921063721179962
0,0.3180180788040161
1,0.36925172805786133
0,6.619856867473572e-05
0,0.0950673520565033
1,0.998778760433197
1,0.2988358438014984
1,0.7563595175743103
0,0.1900988519191742
0,0.12744995951652527
0,0.04699120670557022
1,0.8026677370071411
0,0.3579463064670563
0,0.015377805568277836
0,0.06173255294561386
0,0.2137291431427002
0,0.18061025440692902
0,0.24224011600017548
0,0.34781771898269653
0,0.11394510418176651
0,0.3190283179283142
0,0.21286922693252563
1,0.2221624255180359
0,0.023211266845464706
0,0.05154368653893471
0,0.04941922053694725
0,0.5661045908927917
0,0.1890246421098709
0,0.2711273431777954
0,0.2251727283000946
0,0.06924401223659515
0,0.10220766067504883
0,0.240266814827919
0,0.1746041625738144
0,0.3075949251651764
0,0.009576565586030483
0,0.038198430091142654
0,0.31660786271095276
0,0.008492426946759224
0,0.09561725705862045
0,0.0008132205693982542
0,0.2964252233505249
0,0.007621080614626408
1,0.9996672868728638
1,0.1393522322177887
0,0.12105640769004822
0,0.07994653284549713
0,0.005923907272517681
0,0.3938223719596863
0,0.024259250611066818
0,0.2428901493549347
0,0.004942075349390507
1,0.998469889163971
0,0.23431098461151123
0,0.28880929946899414
1,0.03969680517911911
0,0.02511611580848694
0,0.018188951537013054
0,0.016270240768790245
0,0.2494269758462906
0,0.12737776339054108
0,0.2788242697715759
0,0.006171077024191618
0,0.010478939861059189
1,0.1886235773563385
0,0.07410132139921188
1,0.1657521277666092
0,0.052531320601701736
0,0.017615539953112602
0,0.09181492030620575
0,0.14342956244945526
1,0.1813662052154541
0,0.004261513706296682
0,0.12972353398799896
0,0.17109976708889008
1,0.9999110698699951
0,0.12246157228946686
0,0.37934696674346924
0,0.23859186470508575
1,0.9996308088302612
0,0.1751886010169983
0,0.08041441440582275
0,0.15432307124137878
0,0.09210141748189926
1,0.99639892578125
0,0.019843490794301033
0,0.29048749804496765
1,0.15973782539367676
0,0.22561821341514587
0,0.07567566633224487
0,0.11529066413640976
0,4.1458250052528456e-05
0,0.08729098737239838
0,0.07117992639541626
0,0.04873577877879143
0,0.0013269539922475815
0,0.23540711402893066
0,0.3182198703289032
0,0.07335010915994644
0,0.10170046985149384
0,0.14510945975780487
0,0.08328668028116226
0,0.1725616604089737
0,0.0003631345753092319
0,3.7815614632563666e-05
0,0.20801976323127747
1,0.9999825954437256
0,0.14839792251586914
0,0.0002600849838927388
0,0.19739431142807007
0,0.026738278567790985
0,0.17496258020401
0,0.39709392189979553
0,0.11546206474304199
0,0.006885971873998642
0,0.005642360541969538
0,1e-06
0,2.957519427582156e-05
1,0.0648520216345787
1,0.9444284439086914
0,0.13120411336421967
0,0.10682996362447739
0,0.4013177752494812
0,0.19213220477104187
0,0.1583913415670395
0,0.13016754388809204
0,0.20096558332443237
0,0.05721196159720421
0,0.2983331084251404
0,0.000815236649941653
0,0.0868159756064415
0,0.07398019731044769
0,0.00044493330642580986
0,0.023297622799873352
0,0.0002583515306469053
0,0.1396169364452362
0,0.3115147650241852
0,0.22962668538093567
0,0.18600957095623016
1,0.3564169108867645
0,2.1030018615419976e-06
1,0.47424453496932983
0,0.4440096616744995
1,0.12892034649848938
0,0.3558058440685272
0,0.14656011760234833
0,1.1624645594565663e-05
0,0.21322065591812134
0,0.1372530460357666
0,0.1273609697818756
0,0.0011298991739749908
0,0.3676522374153137
0,0.009459053166210651
0,0.024339841678738594
1,0.9921215772628784
0,0.2129589468240738
0,1.9930312191718258e-05
0,0.010307677090168
0,0.06271611899137497
1,0.9997629523277283
1,0.9570428729057312
0,0.12213746458292007
0,0.18442605435848236
0,0.32513031363487244
0,0.0004375602293293923
0,0.18436549603939056
1,0.10234393179416656
0,0.008764518424868584
0,0.2376089096069336
0,0.005687683820724487
0,0.09481499344110489
0,0.05016450956463814
0,0.44908255338668823
0,0.1374199092388153
0,0.2478182464838028
0,0.24012593924999237
0,0.008275764994323254
1,0.20294971764087677
0,0.03099304437637329
0,0.10077141225337982
0,0.10385237634181976
0,0.05990176275372505
0,0.19917002320289612
0,0.0015197594184428453
0,0.0014742040075361729
1,0.43969979882240295
1,0.18285615742206573
0,0.1678895354270935
0,5.320714262779802e-05
0,0.06713841110467911
0,0.2531875669956207
0,0.1466543823480606
0,0.0036347138229757547
1,0.999161958694458
0,0.002590527292340994
0,0.29566746950149536
0,0.007057126145809889
0,0.22153663635253906
0,0.0053672781214118
0,0.07896940410137177
0,0.014251784421503544
0,0.36978480219841003
1,0.9977061748504639
1,0.3291071951389313
0,0.1906999945640564
1,0.3120291531085968
0,0.11711924523115158
0,0.09616963565349579
0,0.1421608179807663
0,0.3559972643852234
1,0.9990315437316895
1,0.9999426603317261
1,0.13317495584487915
1,0.26371151208877563
1,0.9999289512634277
0,0.16702601313591003
1,0.13871853053569794
1,0.25866585969924927
1,0.999840497970581
0,0.0015256882179528475
0,0.000383974052965641
0,0.20610737800598145
0,0.1583895981311798
0,0.002254651626572013
0,0.13453754782676697
1,0.1392831951379776
0,0.006543491501361132
0,0.0021473118104040623
0,0.13684125244617462
0,0.03947674110531807
0,0.24043577909469604
0,0.13293308019638062
0,0.18416686356067657
0,0.04709411412477493
0,0.07736605405807495
1,0.12306594848632812
0,0.02143898233771324
1,0.31234267354011536
0,0.17540192604064941
0,0.06573884189128876
1,0.17818231880664825
0,0.2579506039619446
0,0.20708458125591278
0,0.31678351759910583
0,0.010575450956821442
0,0.16484235227108002
1,0.9994809031486511
0,0.14725223183631897
0,0.370068222284317
0,0.035574160516262054
1,0.997853696346283
0,0.002391313435509801
0,0.08360426127910614
0,0.1195949912071228
0,0.0061275651678442955
0,0.305812805891037
0,0.03096560575067997
0,0.26020348072052
1,0.9998419284820557
1,0.3468436896800995
0,0.0133308544754982
1,0.29769349098205566
1,0.24265597760677338
1,0.23090992867946625
1,0.2733709216117859
0,0.23015564680099487
0,0.12910589575767517
0,0.07183078676462173
0,0.1230093464255333
0,0.002507193014025688
0,0.21142098307609558
0,0.16397587954998016
0,0.15248864889144897
1,0.9997746348381042
0,0.18591280281543732
0,0.2270909994840622
0,0.0734729990363121
0,0.010019373148679733
0,0.06295684725046158
0,1e-06
0,0.04828449711203575
0,0.12828874588012695
1,0.9993390440940857
0,0.005545447580516338
0,0.004477497655898333
0,0.010718585923314095
0,0.27655231952667236
0,0.0849754810333252
0,0.16487613320350647
0,0.14621268212795258
0,0.10976829379796982
0,0.002841509645804763
0,0.1985100358724594
0,0.11136294901371002
0,0.07234874367713928
0,0.08250275254249573
0,0.00057370332069695
0,0.016359614208340645
1,0.47389864921569824
0,0.30753862857818604
0,0.014692557975649834
0,0.1548999398946762
0,0.001923808129504323
0,0.0437738299369812
0,0.15223078429698944
0,0.5107485055923462
0,0.046398285776376724
0,0.00031555694295093417
0,0.019631054252386093
0,0.056123148649930954
0,0.26764795184135437
0,0.0064329467713832855
0,0.0009604933438822627
0,0.20891855657100677
0,0.34002596139907837
1,0.2963470220565796
1,0.3321463167667389
0,0.0035717696882784367
0,0.1191689744591713
0,0.16067951917648315
0,0.08403775095939636
0,0.11193133890628815
0,0.06705983728170395
0,0.16315962374210358
0,0.04695579409599304
0,0.15697748959064484
0,0.13683824241161346
0,0.2808789312839508
1,0.15974844992160797
0,0.24304023385047913
0,0.14287643134593964
0,0.005640763323754072
0,0.0018282372038811445
1,0.27183496952056885
1,0.3590713441371918
0,0.0034719626419246197
0,1.42489170684712e-05
0,0.25616392493247986
0,0.01750505529344082
0,0.26830044388771057
0,0.12362202256917953
0,0.3643247187137604
1,0.9783576726913452
0,1.040412485053821e-06
0,0.00026079517556354403
0,0.2799204885959625
0,0.17968696355819702
0,0.385973185300827
0,0.3125755190849304
1,0.07788518071174622
0,0.15807108581066132
0,0.2977246642112732
0,0.00011819793144240975
0,0.22035230696201324
0,4.1045430407393724e-05
1,0.9998353719711304
1,0.9998749494552612
0,0.0010043842485174537
1,0.9998051524162292
0,0.0007560822414234281
0,0.08851170539855957
0,0.09991063922643661
1,0.3243301212787628
0,0.19302834570407867
0,0.015075827948749065
0,0.0024548431392759085
0,0.17304112017154694
0,0.1965978741645813
0,0.011926681734621525
0,0.09637124836444855
0,0.009621149860322475
0,0.32046979665756226
0,0.11231768876314163
0,0.07568830251693726
0,0.0011146882316097617
0,0.0012393879005685449
0,0.3160201609134674
0,0.24559302628040314
0,0.044052913784980774
0,0.12628085911273956
1,0.9971889853477478
0,0.06903223693370819
0,0.16121959686279297
0,0.03822004795074463
1,0.13650129735469818
0,0.07338829338550568
0,0.1541592925786972
0,0.03615323081612587
0,0.021578148007392883
0,0.10573704540729523
1,0.15099167823791504
0,0.3213343322277069
0,0.09020129591226578
0,0.018887024372816086
0,0.14776015281677246
0,0.10281656682491302
0,0.3037995398044586
0,0.2046281099319458
0,0.007900423370301723
1,0.29965391755104065
0,0.1717841476202011
1,0.9996532201766968
0,0.10486941039562225
0,0.298292338848114
0,0.03927895426750183
0,0.15554015338420868
0,0.09886864572763443
1,0.9982450008392334
0,0.05391477420926094
0,0.22114437818527222
1,0.22017675638198853
0,0.03759884461760521
1,0.20710885524749756
0,0.19422747194766998
0,0.2434254288673401
0,0.13331732153892517
0,0.0021869223564863205
1,0.3502795398235321
0,0.1427205353975296
1,0.7092379927635193
1,0.3052639663219452
0,0.20991617441177368
0,0.21035674214363098
1,0.11416925489902496
0,0.16621938347816467
0,0.23170006275177002
0,0.16531357169151306
0,0.2494673728942871
1,0.19260892271995544
1,0.15370449423789978
0,0.23593662679195404
0,0.050806254148483276
1,0.9909823536872864
1,0.22591471672058105
0,0.3562938868999481
0,0.017498338595032692
1,0.09142596274614334
1,0.21023742854595184
0,0.002302246168255806
0,0.28796032071113586
1,0.9914564490318298
0,0.0032805809751152992
0,0.2384951412677765
0,0.12673604488372803
0,0.0509827695786953
0,0.2851927876472473
0,0.018322130665183067
0,0.2859674394130707
0,0.25055789947509766
1,0.9992964267730713
0,0.26175057888031006
0,0.2877681255340576
0,0.08033288270235062
0,0.25716233253479004
0,0.000190410966752097
0,0.0043566469103097916
0,0.0035147052258253098
0,0.00026086578145623207
0,0.27137094736099243
0,1e-06
1,0.9784079790115356
0,0.2606363892555237
0,0.06655333936214447
0,0.12189378589391708
0,0.3599155843257904
0,0.011508003808557987
0,0.2677072584629059
0,0.2746261656284332
0,0.012388946488499641
0,1e-06
0,0.3247031569480896
1,0.32262349128723145
0,0.0010967364069074392
0,0.18891003727912903
1,0.11684708297252655
0,4.9974496505456045e-05
0,0.20366573333740234
0,0.2552139461040497
0,0.04244272783398628
0,0.016396572813391685
0,1.4724539141752757e-05
0,0.17652954161167145
0,0.010434180498123169
0,0.01456515770405531
0,0.15145429968833923
0,0.23991741240024567
0,0.006144532468169928
0,0.06416518986225128
0,7.776306301821023e-05
0,0.00595130305737257
0,0.006470364984124899
1,0.0025436165742576122
1,0.572359561920166
1,0.06415543705224991
0,0.1312669962644577
1,0.9996745586395264
0,0.16834978759288788
0,0.24428299069404602
0,0.2492755651473999
0,0.036413487046957016
0,0.43505987524986267
0,0.3090195655822754
1,0.16734008491039276
0,0.005042687989771366
0,0.17709851264953613
0,0.16109582781791687
0,0.0836196020245552
1,0.9907761216163635
0,0.3560718894004822
0,0.20774240791797638
0,0.3823215961456299
0,0.2768125832080841
0,0.013867039233446121
1,0.3739750385284424
0,0.000801938003860414
0,0.44996923208236694
0,0.21099896728992462
0,0.2625690698623657
0,0.022797513753175735
0,0.06467382609844208
1,0.1723480075597763
0,0.09889766573905945
0,0.2960769832134247
0,0.31143471598625183
0,0.0017770883860066533
1,0.9997231364250183
0,0.028064394369721413
0,0.11973488330841064
0,0.30269110202789307
0,0.040968384593725204
0,0.19716382026672363
0,0.42765021324157715
0,0.13491109013557434
0,0.0038801985792815685
0,0.04019482806324959
0,0.18213514983654022
0,0.1573125720024109
0,0.21465063095092773
0,0.005933948326855898
0,0.33238843083381653
0,0.00734030781313777
0,0.018209118396043777
1,0.13958725333213806
0,0.00015835041995160282
1,0.998634397983551
0,0.41928568482398987
0,0.17826993763446808
0,0.09594890475273132
1,0.9979255199432373
0,0.21252870559692383
1,0.16147960722446442
0,0.2459271252155304
0,0.10903915017843246
0,0.13698488473892212
0,0.40088534355163574
0,0.1436379849910736
0,0.08542338758707047
1,0.045982927083969116
0,0.28609493374824524
0,0.16600124537944794
0,0.04322361573576927
0,0.0010846519144251943
1,0.21471285820007324
0,0.10979723185300827
0,0.02629329077899456
0,0.32377099990844727
1,0.9997991919517517
0,7.437009571731323e-06
0,0.24062052369117737
0,0.17507308721542358
0,0.34252622723579407
0,0.2029009759426117
0,0.013739625923335552
0,0.03816882148385048
0,0.16790011525154114
0,0.00115675269626081
0,0.13473938405513763
0,0.19060753285884857
1,0.9996671676635742
0,0.1510816216468811
0,2.91192691292963e-06
0,0.03529428318142891
0,0.16554760932922363
0,0.3735768496990204
1,0.9391566514968872
0,0.15103311836719513
1,0.9983280301094055
0,0.15668144822120667
0,0.2829570174217224
0,0.31918206810951233
0,0.1824949085712433
0,0.18007256090641022
0,0.09133593738079071
0,0.07832524180412292
0,0.07001516968011856
1,0.9998090863227844
0,0.058439332991838455
1,0.2752017378807068
0,0.0737580731511116
0,0.03935764729976654
0,0.2023773044347763
0,0.002847337396815419
0,0.12354424595832825
0,0.17168715596199036
0,0.1442440152168274
0,0.19253386557102203
0,0.31745001673698425
0,0.19507162272930145
0,0.14592322707176208
1,0.9999004602432251
0,0.16045290231704712
1,0.9995549321174622
0,0.22329893708229065
0,0.2089684158563614
0,0.14806680381298065
0,1e-06
1,0.9341075420379639
0,0.07648838311433792
0,0.10122929513454437
0,0.09694348275661469
0,0.2263111174106598
0,0.173885777592659
1,0.5721222162246704
0,0.21352580189704895
0,0.24835945665836334
0,0.11322115361690521
1,0.771226167678833
0,0.12597626447677612
0,0.18119534850120544
0,0.0005602924502454698
0,0.23341874778270721
1,0.9918066263198853
0,5.967807010165416e-05
0,0.02159477025270462
0,0.046448301523923874
0,0.0017453284235671163
0,0.2750570774078369
1,0.25372034311294556
0,0.022072479128837585
1,0.19152139127254486
1,0.2974497973918915
0,0.34210339188575745
0,3.0282304578577168e-05
0,0.207187682390213
1,0.9996455907821655
1,0.3208838105201721
0,0.22010236978530884
0,0.1947280317544937
0,0.016360873356461525
0,0.009728668257594109
1,0.07713324576616287
1,0.1027994230389595
0,0.38354143500328064
0,0.03641023486852646
1,0.9997661709785461
1,0.9830536246299744
0,0.22556954622268677
1,0.3154478371143341
0,0.1722126603126526
0,0.2519480288028717
1,0.9975637197494507
0,0.1969388872385025
0,3.28508613165468e-05
0,0.32315781712532043
1,0.2924690246582031
0,0.5934946537017822
0,0.0020510870963335037
0,0.005361172370612621
0,0.020929330959916115
0,0.02122100256383419
0,0.08631497621536255
0,0.1755114048719406
0,0.0017704792553558946
1,0.20665699243545532
0,0.24909783899784088
0,0.12163221836090088
1,0.9996645450592041
1,0.985896646976471
0,8.965137385530397e-05
0,0.011085638776421547
0,0.170457124710083
1,0.9994152784347534
0,0.264494925737381
0,0.14001519978046417
0,0.016859877854585648
1,0.43783923983573914
1,0.9999098777770996
1,0.3528188169002533
1,0.32728660106658936
0,0.17817695438861847
0,0.1341363936662674
1,0.9984257221221924
0,0.0007215596851892769
0,0.03891512006521225
0,0.7352783679962158
0,0.3387576639652252
0,0.2144610583782196
0,0.020991992205381393
1,0.2917170226573944
1,0.2703506350517273
0,0.1132740005850792
0,0.1622614711523056
0,0.24292021989822388
0,0.5516704320907593
0,0.34461867809295654
1,0.9996551275253296
0,0.06430979818105698
0,0.08140447735786438
0,0.07720433920621872
0,0.020469874143600464
1,0.9985529780387878
0,0.01475701853632927
1,0.9998471736907959
0,0.17416858673095703
0,0.12870651483535767
0,0.009201924316585064
0,0.20114299654960632
0,0.26438939571380615
0,0.0963079035282135
1,0.9985480904579163
0,0.01877659186720848
1,0.875390887260437
1,0.998089611530304
1,0.6285043954849243
0,0.06504115462303162
0,0.00010177074000239372
0,0.15266147255897522
0,0.10449918359518051
0,0.2575784921646118
0,0.011713906191289425
0,0.040964093059301376
0,0.2629821002483368
0,0.04094790294766426
0,0.09702491015195847
0,0.0023775321897119284
0,0.11647426337003708
0,1e-06
0,0.0021243898663669825
1,0.15886671841144562
0,0.2875121235847473
0,0.19522254168987274
1,0.2549615502357483
1,0.12533526122570038
1,0.4415154755115509
0,0.036450229585170746
0,0.04006756469607353
0,0.025115858763456345
1,0.23986583948135376
0,0.19400592148303986
1,0.9976850748062134
0,0.15283317863941193
0,0.007927153259515762
0,0.06817388534545898
1,0.999474823474884
0,0.13748249411582947
0,0.35164448618888855
1,0.33842501044273376
1,0.20217597484588623
1,0.33301809430122375
0,0.03383151814341545
1,0.23076575994491577
0,0.21400223672389984
0,0.2912006378173828
0,0.0058701918460428715
0,0.010723263956606388
0,0.27502503991127014
1,0.9946359992027283
0,0.03237082064151764
0,0.017861824482679367
0,0.058828357607126236
0,0.24022452533245087
1,0.43160495162010193
0,0.1927686184644699
0,0.36725863814353943
0,0.24005351960659027
0,0.1066790521144867
1,0.15044178068637848
0,0.03610377013683319
0,0.13292986154556274
0,0.01726144552230835
0,0.25038227438926697
0,0.09286903589963913
0,0.017564520239830017
0,0.08359509706497192
0,0.056520797312259674
0,0.2984687089920044
0,0.1471228152513504
0,0.10792043060064316
0,0.3423023223876953
0,0.060356564819812775
0,0.1830965280532837
0,1e-06
0,0.2922448515892029
0,0.09829694777727127
0,0.16399918496608734
0,0.19412554800510406
0,7.5605894380714744e-06
0,0.14665095508098602
0,0.17936475574970245
0,0.40063348412513733
0,0.286050945520401
0,0.05334654450416565
1,0.9972966313362122
0,0.2377959042787552
0,0.027946457266807556
1,0.967387318611145
0,0.27541211247444153
0,0.22808894515037537
0,0.007405407261103392
0,0.06535143405199051
1,0.29214054346084595
0,0.18528780341148376
0,0.11456354707479477
0,0.0023159454576671124
1,0.1944606900215149
0,0.08826250582933426
0,0.026205094531178474
1,0.999259889125824
0,0.059236522763967514
0,0.14438137412071228
0,0.28193119168281555
0,0.07060864567756653
1,0.21804051101207733
1,0.9888867735862732
0,0.1195366159081459
0,0.2175825834274292
0,0.0007783796172589064
0,0.16532385349273682
0,0.32184016704559326
0,0.001958026783540845
0,0.19298206269741058
1,0.9997091889381409
0,0.0002542981819715351
0,0.10846281796693802
1,0.26098841428756714
0,0.19903725385665894
1,0.9995071887969971
0,0.009933341294527054
0,0.2609195113182068
0,0.08911452442407608
0,0.06246700882911682
0,0.3072240948677063
0,0.23757731914520264
0,0.35136446356773376
0,0.03318486362695694
1,0.2517251670360565
0,0.012102723121643066
0,0.010782700963318348
0,0.3009334206581116
0,0.3061080574989319
0,0.4519868791103363
0,0.019487131386995316
0,0.057493407279253006
0,0.4146101176738739
1,0.9996874332427979
0,0.16051119565963745
0,0.0379822812974453
0,0.13864882290363312
1,0.08245368301868439
0,0.1538076400756836
0,0.23441237211227417
0,0.01840805634856224
0,0.006427301559597254
0,0.10198310762643814
1,0.9784414172172546
0,0.04586649313569069
0,0.0005036331131123006
0,0.10820648819208145
0,0.06366585195064545
1,0.05856310948729515
0,0.2400161325931549
1,0.9962762594223022
0,0.1827189028263092
0,0.22973960638046265
0,0.29068833589553833
0,0.036356013268232346
0,0.051804106682538986
0,0.014198399148881435
1,0.03423638269305229
0,4.0266619180329144e-05
0,0.004729071632027626
1,0.15956634283065796
1,0.29101812839508057
0,0.04084358364343643
0,0.013418239541351795
0,0.019259624183177948
0,0.08636936545372009
0,0.0006293424521572888
0,0.022571131587028503
0,0.16527827084064484
0,0.2552810609340668
0,0.1210414320230484
0,0.24056904017925262
0,0.03695736080408096
0,0.30512821674346924
0,0.4453120231628418
0,0.233655646443367
0,0.10734502971172333
0,0.04758059233427048
0,0.24275828897953033
0,0.821285605430603
0,0.00032695525442250073
1,0.3034680485725403
0,0.00016106576367747039
1,0.9993909597396851
1,0.4637332856655121
0,0.13030652701854706
1,0.9987273812294006
0,0.14815326035022736
0,0.0012019932037219405
0,0.3909251093864441
0,0.4049953520298004
1,0.3560844361782074
0,0.3114933669567108
0,0.07144633680582047
1,0.2862998843193054
0,0.0016770940274000168
1,0.46616896986961365
0,0.16664721071720123
0,0.39528629183769226
0,0.31580936908721924
0,0.19318264722824097
1,0.216317817568779
1,0.25769245624542236
0,0.009972726926207542
1,0.9993815422058105
0,0.024672547355294228
0,0.3245953917503357
0,0.19790999591350555
0,0.1600678265094757
1,0.31434178352355957
0,0.022525815293192863
0,0.07913916558027267
1,0.9778719544410706
0,0.08891024440526962
0,0.39095619320869446
0,0.34257006645202637
0,0.010261456482112408
0,0.20537452399730682
0,0.029801329597830772
0,0.08586211502552032
0,0.16269813477993011
1,0.43796005845069885
0,0.02191958948969841
0,1.1374917448847555e-05
0,0.2160271257162094
0,0.19372297823429108
0,0.1287318766117096
0,0.2953055799007416
0,0.1196727305650711
0,0.00868284609168768
0,0.1249740794301033
1,0.32457560300827026
0,0.2389221489429474
0,0.02514352649450302
0,0.19200904667377472
0,0.23502026498317719
0,0.08634405583143234
0,0.24426883459091187
1,0.9228097200393677
0,0.08801794052124023
0,0.3012753129005432
0,0.1972920000553131
1,0.08339732885360718
1,0.10023223608732224
0,0.0806429386138916
0,0.03367512300610542
0,0.00048554560635238886
0,6.067263529985212e-05
0,0.18321622908115387
0,0.34340789914131165
1,0.3780307173728943
1,0.9994377493858337
0,0.21731549501419067
1,0.290335088968277
0,0.7127261161804199
0,0.00012805494770873338
0,0.11499696969985962
0,0.03620605915784836
1,0.2944962978363037
0,0.19827869534492493
0,0.056762002408504486
0,0.009076932445168495
0,0.32727229595184326
0,0.0024037573020905256
0,0.19226960837841034
0,0.2191614806652069
0,0.02892673760652542
0,0.11805564165115356
0,1e-06
0,0.11913175135850906
0,0.05649964138865471
1,0.527932345867157
0,0.05537085235118866
1,0.9925773739814758
0,0.27889254689216614
0,0.4139740765094757
0,0.0008811875013634562
0,0.11448052525520325
1,0.15102127194404602
0,0.3328278064727783
0,0.19963334500789642
0,0.24578693509101868
1,0.9993879795074463
0,0.00027787088765762746
0,0.24133478105068207
0,0.19187825918197632
0,0.00010529554856475443
0,0.12273470312356949
0,0.12030941992998123
0,0.025336597114801407
1,0.2838234603404999
0,0.2475035935640335
0,0.0287101361900568
0,0.11448871344327927
0,0.17042158544063568
0,0.1614992469549179
0,0.02527853474020958
0,0.14151433110237122
0,0.04717622324824333
0,0.11916220933198929
0,0.07704907655715942
0,0.18565209209918976
0,0.1613602340221405
0,0.04521802440285683
0,0.3201204538345337
0,1.4079570973990485e-05
0,0.01848401315510273
1,0.19103363156318665
0,0.19232617318630219
0,0.16477493941783905
0,0.31545647978782654
0,0.03917345032095909
0,0.3140156865119934
1,0.9999216794967651
0,0.16002804040908813
1,0.9960038065910339
0,0.02512556128203869
0,0.35212472081184387
0,0.29187285900115967
0,0.000597736332565546
0,0.0015506017953157425
0,0.006847956217825413
0,0.22840452194213867
0,0.0905316099524498
0,2.9757045922451653e-05
0,0.16546863317489624
0,0.17078174650669098
0,0.24641335010528564
0,0.11494968086481094
0,0.000214660627534613
0,0.0009794473880901933
0,0.36319786310195923
0,8.477687515551224e-06
0,0.08087186515331268
0,0.0005543546285480261
1,0.6830646991729736
1,0.09437338262796402
0,0.45534566044807434
0,0.18283505737781525
0,0.0003571209090296179
0,0.2213483452796936
1,0.9995494484901428
0,4.7217663450283e-06
0,0.001300203613936901
1,0.6717106699943542
0,0.0006804742733947933
0,0.33842340111732483
1,0.2254839390516281
0,0.21142186224460602
0,0.17787180840969086
0,0.032962895929813385
1,0.9997310042381287
1,0.24859552085399628
0,0.10135002434253693
0,0.027534879744052887
0,0.17770367860794067
0,0.0008391923038288951
0,0.054742589592933655
0,0.12732987105846405
0,0.10531717538833618
1,0.24885639548301697
0,0.0004231864877510816
0,0.0005358255002647638
0,0.019022226333618164
0,7.469420961569995e-05
0,0.029417166486382484
0,0.3177482783794403
0,0.16519586741924286
0,2.2215526769286953e-05
0,1e-06
0,0.250200480222702
0,0.22691290080547333
0,0.00541937118396163
0,0.004140903707593679
0,0.05090542510151863
0,0.2929174304008484
0,0.2311442792415619
0,0.15321601927280426
1,0.9996592998504639
0,0.14068050682544708
0,0.25937148928642273
0,1e-06
0,0.10032154619693756
0,0.014099625870585442
0,0.28064078092575073
0,0.0006786346202716231
0,0.24951380491256714
0,0.2572493851184845
1,0.11560502648353577
1,0.9973745346069336
0,0.027139147743582726
0,0.29226070642471313
0,1e-06
1,0.9766145348548889
0,0.2281028926372528
0,0.0021050781942903996
0,0.17211119830608368
0,0.17370182275772095
0,1e-06
0,0.14664989709854126
0,0.03612226992845535
0,0.2947450578212738
0,0.13463377952575684
0,0.14420077204704285
0,0.03576386347413063
0,0.11517608910799026
1,0.8398588299751282
0,6.8890494731022045e-06
0,0.1969112753868103
0,0.24282483756542206
0,0.11645018309354782
0,0.12084777653217316
