oof_pd,default
0.0022036357168732745,0
0.09266270088685057,0
0.02288088697000756,0
0.9183121726070618,1
0.10760937635100908,0
0.3169616259164344,0
0.05109381950409582,0
0.9866205488896657,1
0.08003366237909632,0
0.38654305421906904,0
0.004464042665308275,0
0.1678956133964214,0
0.4860544617114455,0
0.21044921397529126,1
0.1479113440075897,1
0.28334259737280537,1
0.021430966945778254,0
0.055477644223489574,0
0.9398679732200994,1
0.16846073699403824,0
0.0017574611256522888,0
0.1247440411903788,0
0.9852067245172288,1
0.08025019843971805,0
0.020316565484304556,0
0.12728979753741568,0
0.1912311404878275,1
0.6025888647072843,0
0.2425541759344822,0
0.1320319072325818,0
0.9730021109346819,1
0.0019491732315381415,0
0.009919076138566709,0
0.023766471761176966,0
0.12805277134103873,0
0.16228082270172497,1
0.003400413187023371,0
0.008063593771152932,0
0.07754799263668673,0
0.07041505088362751,1
0.013522142084771715,0
0.062331444194488654,0
0.0012470414459251587,0
0.07894954739929713,0
0.13555689610946456,0
0.46330026875435193,0
0.11477207705031263,0
0.006538721462424318,0
0.06652542666815174,0
0.04036933820584106,0
0.08347873251353101,0
0.06159598010494293,0
0.03918463008627244,0
0.132341217765842,0
0.1325857181785669,1
0.08081515587966298,0
0.17478976374048658,0
0.12432743826516489,0
0.00829143897460678,0
0.175403642437228,0
0.0002718510343292673,0
0.1503235139476384,0
0.021988021902923153,0
0.005293081931333455,0
0.07854397773580134,0
0.10345781146927606,0
0.04297289441707844,0
0.15456548878118495,0
0.0005013832057543142,0
0.012787032191925143,0
0.024535775296035504,0
0.010256137401209734,0
0.8942915413337051,1
0.4245594504047712,1
0.9964642213587326,1
0.04185439206168624,0
0.012077970345893344,0
0.11912548874101318,0
0.0856857060187687,0
0.10919263835274548,0
0.048159257347333694,1
0.005419872803587901,0
0.009106992563190596,0
0.22877533248707518,0
0.2026996934052423,1
0.019179912057660595,0
0.02513294183384961,0
0.2486649130122446,0
0.0008790143857464768,0
0.06888120169114917,0
0.0031401784868023454,0
0.0018660077681387373,0
0.1558277570555779,0
0.1587012566168777,0
0.03452673024444674,0
0.12370656760019665,0
0.7252595259795288,1
0.15000939626523077,0
0.018651071385433017,0
0.2196301200569174,0
0.06471095442992038,0
0.2489184601029389,1
0.22820476488294666,0
0.9580821338600866,1
0.056979419075731466,0
0.3558044724593381,1
0.16837072160913233,0
0.004280255768547248,0
0.0010454605523906545,0
0.25837931117166496,0
0.0894949346118368,0
0.1471328556363905,0
0.14233225020946746,0
0.052782437658890784,0
0.14993231475735516,0
0.04089101676570614,0
0.15249378757567508,0
0.14104242138635387,0
0.9904271574246319,1
0.06904474003993291,0
0.003629715500673083,0
0.9947326636814536,1
0.11248837049156402,0
0.08535776265437704,0
0.02942625900692875,0
0.0836187480740325,0
0.019591176681353656,0
0.0014400398628562447,0
0.19866144134466224,1
0.04913132496378614,0
0.08120752041550922,0
0.02336060693752662,0
0.09312781164672455,0
0.24130526110190717,0
0.18948649478469393,1
0.01854511526939573,0
0.07569342135692782,0
0.039515305238334165,0
0.2009893166655159,0
0.005863812130469431,0
0.07279887057508548,0
0.007441741028928696,0
0.05323174895430269,0
0.00374166737288951,0
0.0014800272408723376,0
0.9985355801711359,1
0.04380571451316984,0
0.15247760372868016,0
0.2068823924110335,0
0.05421993804534556,0
0.12061601748564739,0
0.003058913335767006,0
0.08964409236644005,0
0.3952168259723268,1
0.043682894644336945,0
0.14153628772180393,0
0.04093546533481909,0
0.9138615565046297,1
0.20513793886692694,0
0.9951115477073607,1
0.17722427074898595,0
0.1415999863816417,0
0.9937316175754762,1
0.09760222975139347,0
0.0922008992653164,0
0.17866977814340046,0
0.0562601509342092,0
0.013539080296940871,0
0.14495125610283538,0
0.021060539649673724,0
0.9934731080677932,1
0.00027963373066048047,0
0.11624974269502433,0
0.10693341608564524,0
0.19057480699143506,1
0.19364583421282366,0
0.9104074731001295,1
0.018438597546708808,0
0.12885326173195144,0
0.10605883319860833,0
0.08415374433855062,0
0.07955541083193458,0
0.31849154566723314,0
0.015177504842302769,0
0.19855286648261317,0
0.09509362666982583,0
0.3115879674797807,0
0.15386500883767798,0
0.00010919366081700963,0
0.005931609184868482,0
0.010307184158168824,0
0.02103471490184824,0
0.0016888054021828303,0
0.005416090918505393,0
0.4016071256244239,0
0.0012445225262846704,0
0.1877794488843008,0
0.27523633390336993,0
0.00047729948707192726,0
0.051304527443591985,0
0.029043068631073723,0
0.33173590571856204,1
0.0030724593777327887,0
0.0024603353946658396,0
0.02443700963090973,0
0.0460252166212889,0
0.0006700942421201287,0
0.0023750426977322335,0
0.003124545499608818,0
0.0011391431297887724,0
0.33536189840908087,0
0.9958785803208442,1
0.8052741445338281,1
0.25529614264998174,1
0.008697085064861452,0
0.09092471301439474,0
0.15334494776661836,0
0.9357895293414489,1
0.03927288721861483,0
0.993611047368724,1
0.16204401971385138,0
0.0191958535811719,0
0.05380027022310297,0
0.04980663237133849,0
0.1006068964555402,0
0.00014318858602550662,0
0.17308145108643772,1
0.009805074716818579,0
0.08821915365053519,0
0.016358288954259254,0
0.0523636128308084,0
0.12882755842806926,0
0.1606479711800067,0
0.0009985640829833025,0
0.1342463224162737,0
0.1019343420435713,0
0.21691997792691045,0
0.014182902714770709,0
0.1239512674740565,1
0.027285154661664656,0
0.09874517856922796,0
0.06427177705985107,0
0.0976197878997328,0
0.0612166625955198,0
0.0053626577230746,0
0.1108351152557256,0
0.013897029401882848,0
0.152431110123342,0
0.006883077993151851,0
0.21409213323758908,0
0.01548756794290615,0
0.2382163055140405,1
0.1933522241486412,0
0.8868174124482995,1
0.05866201536076042,0
0.09790136727944046,0
0.8747784996193324,1
0.07457428222253873,0
0.3581029760132069,0
0.0022761716785273897,0
0.02034773867550642,0
0.9930892614927701,1
0.0011489252214778355,0
0.21378280672013628,0
0.005439944779097314,0
0.150783861033085,0
0.1330859791401926,0
0.10613344043902942,0
0.735538460215557,0
0.029440102171939354,0
0.2678081566971755,0
0.03672076375303612,0
0.007226013929624825,0
0.19097507393414226,1
0.9680554465185691,1
0.004316286706759874,0
0.9283151558886686,1
0.23883208829988425,1
0.15836678534840498,1
0.5195321281925496,0
0.00042842763434650316,0
0.23544192685171458,0
0.019652785521364433,1
0.6311538011686609,0
0.0036986228479720133,0
0.09781845578989014,0
0.07427376105853371,0
0.0004512788670630703,0
0.170536396756007,0
0.07419471043688838,0
0.011552558111229329,0
0.06596070172955608,0
0.02632960056280185,0
0.15425857086449657,0
0.11616778626369675,1
0.2667766473148821,0
0.017952057440164086,0
0.23169379392129083,0
0.9965732436019188,1
0.9209138727674596,1
0.12275422959466102,0
0.13980476796226377,0
0.8338272693969032,1
0.21397238349861014,0
0.057942296315887876,0
0.8647364739928175,1
0.18937536940343092,0
0.23524051027106407,0
0.011376018598958077,0
0.24339537403891098,0
0.9955811638969173,1
0.08157508564068736,0
0.0046481408871188274,0
0.20442382687426702,1
0.886486737563063,1
0.027250415491875804,0
0.9271046277144864,1
0.003035927332939411,0
0.001624307269829589,0
0.869060193180345,1
0.12088575501037253,0
0.8444800620066784,1
0.9692937390597312,1
0.31826042820248673,0
0.2845879324377375,0
0.0006111293024404065,0
0.1535365923371389,0
0.14972088790075835,0
0.9679917093075813,1
0.13041643472185802,0
0.14223212669042531,0
0.33426923330259806,1
0.17322360868606898,0
0.14276999642396376,0
0.05934177174501643,0
0.05132422971626563,0
0.06640871152321419,1
0.9996739212080138,1
0.15411170217229117,0
0.0036367874819346257,0
0.04630047749932762,0
0.11940187152920483,0
0.08034639195932909,0
0.036430628282805404,0
0.14015109800314648,0
0.0006530106318350154,0
0.05706388195339311,0
0.2738707163896318,1
0.08183407173074853,0
0.3417432927484524,1
0.025044815381938396,0
0.0009344601716630859,0
0.20945055851889915,0
0.13316073563878697,0
0.02977024734227452,0
0.030755925330941597,0
0.0003087153531817259,0
0.05293413227341103,0
0.016111797777640793,0
0.1323204678251159,0
0.22645446749377365,0
0.04567746496242015,0
0.025265122439142352,0
0.0012199996931177698,0
0.1414652932978343,0
0.21432680688761566,0
0.032329486314279114,0
0.004623790276766824,0
0.24513277769442704,1
0.024260194355235885,0
0.7008783277398095,0
0.1611981143843661,0
0.9975388435917162,1
0.08064668398229416,0
0.021625779140763943,0
0.27744718347184694,0
0.12444710944772895,0
0.49109602007000974,0
0.09911905011109509,0
0.0007392725057452986,0
0.05490154851956832,1
0.49277971835462836,0
0.5257224810938903,1
0.9979499466836583,1
0.01611548284834125,0
0.995702745303148,1
0.14849708016119048,0
0.9414064327464253,1
0.19563718715226766,0
0.051699426064421385,0
0.9941522300910823,1
0.0007076060837114662,0
0.9990712749775116,1
0.022939176571482853,0
0.10442786799673225,0
0.14534518771562502,0
0.11295999473332233,0
0.050930770377799355,1
0.03820003462559259,0
0.23344783062334198,0
0.10034704930524141,0
0.9739919881160443,1
0.015797193116699138,0
0.019389449698413053,0
0.1690240217519434,0
0.9973022758274663,1
0.05827331353421738,0
0.998897734704513,1
0.0013733868166754303,0
0.04726728156917445,0
0.15949259222726686,0
0.3551236126772773,0
0.2212870167081258,1
0.9978125636618909,1
0.07500880141936253,0
0.05040946517074894,0
0.9535561850615424,1
0.18902688283993146,1
0.005985608980118785,0
0.12285575323413701,0
0.9335624128144945,1
0.13050130145528338,0
0.21782966112225632,1
0.26015853274126327,0
0.22789799464313812,0
0.014142564484408525,0
0.00941936724323503,0
0.1631040315881924,0
0.2151001482605445,0
0.8157598876996391,0
0.14173073223434876,0
0.5390240225234727,1
0.08658877303504757,0
0.0007116801304773569,0
0.045134186657821866,0
0.01833930089496543,0
0.001234881248133991,0
0.06401652312465556,1
0.0076468011782899,0
0.35840108313806773,0
0.02903017173291808,0
0.013800407239297121,0
0.09438190295483329,0
0.004237168275147449,0
0.0013390286293146231,0
0.08580005902354292,0
0.07207736200561368,0
0.11987927577610966,0
0.06903050101651372,0
0.17461308855811533,0
0.16179935940461646,0
0.031078665599781088,0
0.31013098511789844,0
0.017066743454561516,0
0.017874747931767788,0
0.016087134836085776,0
0.2791010679254301,1
0.23635738645786886,0
0.07457600515812306,0
0.1491626151564268,0
0.0046011812811738335,0
0.28111169970220246,0
0.1137457227177705,0
0.07996917398128903,0
0.9839676947811015,1
0.018490251497364146,0
0.33231169813971606,0
0.17054660813994355,0
0.37200706594955163,0
0.2124514093298931,0
0.23984479396620303,0
0.985296110435442,1
0.0013521455408618595,0
0.010967486835976656,0
0.010608458069261585,0
0.05245208377678801,0
0.2111082372753439,0
0.998184792363921,1
0.9966688924224456,1
0.713415467900425,1
0.06279222433222809,0
0.035304851363789885,0
0.04470345024950711,0
0.04967159623328515,0
0.19301591153116368,0
0.05833279824112656,0
0.14879552249976866,0
0.2836646035036534,1
0.043007641961615904,0
0.18948159435849005,1
0.5672267790904856,0
0.8844372687878148,1
0.13566924172334452,1
0.13026228123222988,0
0.05167040619190045,0
0.9897354650817753,1
0.9972155662987766,1
0.022623978666404757,0
0.1877219261316495,0
0.029170221098892807,0
0.07041688733585438,0
0.05783441833640234,0
0.9900272533585099,1
0.09207733136720173,0
0.00652774903793726,0
0.034746294155943984,0
0.17717771019969125,0
0.03789992116636767,1
0.05530256001181791,0
0.9845568799137716,1
0.9956032665892333,1
0.999474863747146,1
0.22843405696476224,0
0.14075205537505825,0
0.1821834119308181,0
0.06632203340820464,0
0.034453310591316726,0
0.34986802870678,0
0.1605163026802988,0
0.04523718292875922,0
0.24915471307090145,0
0.9995954778161672,1
0.0463667788224889,0
0.05052345660667656,0
0.04526205740909842,0
0.21781593292010645,0
0.04637051223880706,0
0.45949922373959284,1
0.04973673246187091,0
0.6399599724166539,1
0.28201522244322436,0
0.2851570250828735,0
0.22325353167384301,0
0.08988466037574724,0
0.1380676719084485,0
0.001532740951053416,0
0.9991532733248688,1
0.02622855961285687,0
0.08734427187951285,0
0.14225330366416186,0
0.9995149358330432,1
0.006842782058326034,0
0.023777140761714433,0
0.3628817229656026,1
0.9806152933737675,1
0.004759497875325732,0
0.12466529216588061,0
0.06160649935680352,0
0.9648523994983252,1
0.009225738976773026,0
0.07983101227112817,0
0.17704642465034495,0
0.0029289978534484005,0
0.13898744089371032,0
0.9801042981997551,1
0.03045436039750342,0
0.01799870098648918,0
0.18726328087170785,0
0.04616648502734843,0
0.007938771138351118,0
0.07837140313510159,0
0.06673666302951312,0
0.019482858223049855,0
0.031211789597971714,1
0.07053556292541115,0
0.044781888578673545,0
0.010254090975175666,0
0.3900526361917855,0
0.03458177206636403,0
0.08771321251151118,0
0.004539298026936839,0
0.10085434303040933,0
0.9961738394317655,1
0.013217272872137446,0
0.10898866361622347,0
0.04864856205773782,0
0.17526742125851022,0
0.06675132994933351,0
0.15249906528942206,0
0.1433340187437526,0
0.07965787525515572,0
0.020250921732603854,0
0.028499205144554354,0
0.11038491263239358,0
0.03909359920435321,0
0.17550253541798658,0
0.007553500847935042,0
0.38817973319478255,0
0.9991039739313408,1
0.11956894414330667,0
0.03675646996377529,0
0.0731050590648667,0
0.18788974896787314,0
0.004384510202210496,0
0.008027668172125043,0
0.224860760190721,0
0.0052564076179557676,0
0.12219517344101874,1
0.0001322979637189584,0
0.016479677325319887,0
0.09439553846146496,0
0.9968857867261072,1
0.04176822535408779,0
0.09940828220918588,0
0.44465332227079124,1
0.10983592713146625,0
0.21687953345102615,0
0.019951129131914984,0
0.05966371233844518,1
0.12496288874001577,0
0.1245425848161823,0
0.1813646293565353,0
0.9991357651903319,1
0.7172302699695474,1
0.01498694116415082,0
0.12471593777726149,0
0.10990205915978753,0
0.26937008795550216,0
0.9978939270155015,1
0.2673354730881561,0
0.13869368961705505,0
0.2322730683010879,0
0.9699796934117185,1
0.00018547385315169536,0
0.10770880792762703,0
0.1721804240021083,1
0.19696768542818585,0
0.28646996772574135,1
0.000595638341745861,0
0.2371727938902996,0
0.9909422460453355,1
0.014335402162278563,0
0.40842615287171,0
0.04272427519009042,0
0.16157326259377594,0
0.1422825538145817,0
0.021904464854174525,0
0.18160889950134212,0
0.05964652471600968,0
0.044741345344246605,0
0.010690033396012363,0
0.07289510164966197,0
0.003847361850324322,0
0.023832221439630583,0
0.371724030378545,0
0.2881524542448866,1
0.04981541699369015,0
0.12116630624374941,1
0.05830334557572766,0
0.12099630550264001,0
0.0508760162844575,0
0.2619851366756651,0
0.10724988781697314,0
0.14457716728441175,1
0.19924351648468408,0
0.02081846482261863,0
0.00396186792688599,0
0.9794437471152462,1
0.007555451344651232,0
0.1747368800032477,1
0.3440298029715625,0
0.02931793236126546,0
0.08262055305978223,0
0.14416842879464378,0
0.0065455354615282365,0
0.04877037389603127,0
0.37247855861603485,1
0.09761558045611929,0
0.0015304144403626178,0
0.9960435636024002,1
0.17933842902003796,0
0.5014591687630393,1
0.13272442697854622,1
0.058198454650516054,0
0.13565894191070874,0
0.0060922766881979454,0
0.184797433038042,0
0.03939309105366601,0
0.054158594581394756,0
0.0061120643345832105,0
0.14554258082798324,0
0.09787385226840639,1
0.021144292196775116,0
0.02286186795259477,0
0.07532561876873345,0
0.0013667369120723815,0
0.18797056607862664,0
0.14830118707372147,1
0.17205540098086425,0
0.9707103245795454,1
0.2091198035671877,0
0.9967571112717857,1
0.003763031064040579,0
0.047289742734117,0
0.021778897595900897,0
0.07051554300273198,0
0.10306750070656234,0
0.16452625289379866,0
0.18432587801805597,0
0.11406006524897111,0
0.04928702572856366,0
0.2006179991707943,1
0.1611587003834913,0
0.09621057032410107,0
0.011718619525931374,0
0.9821100229836706,1
0.044440907970297296,0
0.0014615126426903249,0
0.06606133567974189,0
0.17266770083718996,0
0.9896065657625607,1
0.07099233053520217,0
0.0699990927575684,0
0.06668365332153212,0
0.003997891068768557,0
0.010974582783767733,0
0.9961576566997694,1
0.11026552241938482,0
0.019835932539883548,0
0.35545306315923264,0
0.08365445334253545,0
0.10727101921908451,1
0.0009940953913251407,0
0.10265428119207252,0
0.9200463283785605,1
0.20682483809360477,0
0.0013946142067448016,0
0.01526228825990595,0
0.9892515660406731,1
0.14544436485871604,0
0.16105855716748307,0
0.008280914688319775,0
0.11623048647804467,0
0.03219089510679806,0
0.42616914788999194,0
0.8494454695498023,1
0.2441003550147739,0
0.0034655730281593798,0
0.2760337196143854,0
0.1816634172156997,0
0.007991450274142168,0
0.018119145766164666,0
0.11774091596927706,0
0.06992585482935801,0
0.03029935461599134,0
0.09215728625699687,0
0.016078450750783693,0
0.042308838847977225,0
0.0013467331310057246,0
0.2781738508317517,1
0.30581252751369475,0
0.04959132338373994,0
0.1468735888626797,1
0.054885805122079,0
0.026190335117632135,0
0.017882612278543545,0
0.06564481221618607,0
0.11038746427913468,0
0.044536355194519116,0
0.09024427201833733,0
0.684947155539106,0
0.20306433098461996,1
0.32461854362010456,0
0.05530151421695947,0
0.1932882205409594,0
0.08604952837543522,0
0.21549622328997695,0
0.03239537033685596,0
0.0004750286854950597,0
0.00039153477297808385,0
0.057678424108560326,0
0.10004518931077094,0
0.023721507113804316,0
0.9951125068002361,1
0.0022372556483063236,0
0.008203996579223334,0
0.0015211483975524833,0
0.9960483511654096,1
0.003449067762493847,0
0.0028226380008976345,0
0.9991149295233553,1
0.013825241039977097,0
0.18486971375452402,0
0.1499909462392794,0
0.17059069446141867,0
0.0010089507987861837,0
0.03209824365710706,0
0.9975739887126591,1
0.9112362137648119,1
0.9668131289118619,1
0.08382294513201896,0
0.35554882216380507,0
0.9980501838051321,1
0.45135833554864613,0
0.01897322943512704,0
0.3217324258285369,0
0.05740560320967105,0
0.7602822022112256,1
0.16538448649075566,0
0.06632197659536615,0
0.09016773843950973,0
0.046111251021493015,0
0.995971009430143,1
0.21444349029757048,0
0.16707961224860454,0
0.00470694702389429,0
0.20173578459012845,0
0.07929645681035001,0
0.13982256488606873,0
0.07867946257580526,0
0.8744439727673894,1
0.23260581816820916,0
0.09025652461675213,0
0.04782136792132322,0
0.1388454098497238,1
0.14435580465793793,0
0.02596909750648862,0
0.121616346417061,0
0.11755769789210438,0
0.12770396535409628,0
0.21951335611037795,0
0.019407223789950863,0
0.0022566487976204952,0
0.0042033733123509375,0
0.25375596131066824,1
0.1438884924571577,0
0.6869717006965744,1
0.048975479659427036,0
0.0002437786555677672,0
0.12074239755164375,0
0.3122326978411054,1
0.025128891851887682,0
0.08615792239755986,0
0.23053253943094432,0
0.25291807912277203,0
0.1642336255608146,0
0.11884770225816103,0
0.018084374414424773,0
0.04464142961044676,0
0.42939213002751686,1
0.14856437785711593,0
0.16867100621728218,0
0.13356294350501258,0
0.12003827409360468,0
0.08607786264365032,0
0.1299593499974312,0
0.0005375772757914308,0
0.012612060442369316,0
0.014342766364795258,0
0.8867776499775248,1
0.10954470846148578,0
0.10464236234450754,0
0.020792046724550883,0
0.14250757349116908,0
0.7024982489143476,1
0.025498277456363926,0
0.1416985284378495,0
0.16892618446775248,1
0.04684794223446168,0
0.09403243247647113,0
0.0071115872394032845,0
0.13381936471793626,0
0.8911124640824515,1
0.05892745729865301,0
0.2036771831869093,0
0.13687172352035784,1
0.11070286513245191,0
0.010092947057370735,0
0.1583574997181088,0
0.0963206878429312,0
0.0024628837049106293,0
0.13048881025118308,0
0.24260383014960818,0
0.01249766005062257,0
0.08197010598068835,0
0.030476845180884376,0
0.932700292670686,1
0.13884814605375734,0
0.019064473035992468,0
0.0006134597617365897,0
0.07421967594111178,0
0.08386998585584024,0
0.002811123489663113,0
0.27126322814733667,1
0.005322313654006408,0
0.004308324884480551,0
0.025947388082017356,0
0.0010627483702634892,0
0.10034127172822434,0
0.7971611868727256,1
0.03958888145763401,0
0.20772652213450707,0
0.04067646018842358,0
0.9947352765455247,1
0.3829126470394659,0
0.016749498908939994,0
0.23667493527651398,1
0.1197809074937445,0
0.10580433756286664,0
0.2173921691481216,0
0.08554965546034096,0
0.06777726922473457,0
0.04245381740426818,0
0.18575346300263396,1
0.3310075564441186,1
0.0753020123540713,0
0.2490742641358187,0
0.052749505519111756,0
0.9766525925149846,1
0.042558246291916985,0
0.5243436363681966,0
0.002343819517610326,0
0.0011382528670208318,0
0.10598397987746229,0
0.14205032749290095,0
0.10854684688032361,1
0.99873412419713,1
0.12783612725999877,0
0.0006265535350483789,0
0.10105583066449328,0
0.20591520705535218,0
0.05826446291210916,0
0.9990362277063567,1
0.533096763279062,0
0.16729444432424068,0
0.9954366492327947,1
0.04065817805562079,0
0.28920026070054644,0
0.005132395561665231,0
0.013099943769607015,0
0.14978187516322222,0
0.08392597371098309,0
0.9938665065403922,1
0.22600048598817432,0
0.046797082124702225,1
0.12538684369681935,1
0.0005251705661270534,0
0.003995058856271257,0
0.019697183712624043,0
0.1225302676864352,0
0.13015018652282917,0
0.015499135271506282,0
0.9290287010550952,1
0.8398352796752746,1
0.07670969575469322,0
0.20524513319103366,0
0.9873224065514522,1
0.01456786226635216,0
0.12890057186271017,0
0.04757307132449678,0
0.002235110852167197,0
0.1476065645627277,0
0.054823016594590594,0
0.29579331384613305,1
0.024353529233695697,0
0.0370810796550505,0
0.007989028088743685,0
0.06839070397922055,0
0.09251358611343657,0
0.10080665684385852,0
0.02237798702924121,0
0.09972720381094159,0
0.9075752433647889,1
0.015704017566240645,0
0.034916605739915695,0
0.2063581075645522,1
0.023061399379952278,0
0.9952503572668782,1
0.43413722528825904,0
0.09384613074381322,0
0.016927052932525773,0
0.020601346674702977,0
0.016093148293475842,0
0.1955300650863205,0
0.1818192736085311,0
0.3042062170328378,0
0.013389260154914174,0
0.0007154716906388268,0
0.06615014965501881,0
0.07301570540205539,0
0.25446547035342587,0
0.015888751872583366,0
0.0012828609009762925,0
0.0043172513215786945,0
0.0036037574553012615,0
0.02491995297581106,0
0.09507277629796809,0
0.9980803595026692,1
0.06089413368041767,0
0.09119665476796758,1
0.012337293679395879,0
0.2538644982302849,0
0.9963897767995507,1
0.982802491216516,1
0.0997930425154627,1
0.9914030435044477,1
0.017340258924587022,0
0.08112848266772855,0
0.06037746235051721,0
0.008094671066116893,0
0.9983602567344508,1
0.17992881500958502,0
0.06890451686956348,0
0.23133251870377236,1
0.012236969872658666,0
0.7995783646477381,0
0.24042722658784554,1
0.1451795472814164,0
0.0855148397552223,0
0.11993015696992528,0
0.015172512748417633,0
0.21221812613910673,0
0.15523428666126426,0
0.9971970141842529,1
0.2122192608090287,0
0.029617198626839317,0
0.03693483163058693,0
0.22874569932221495,0
0.03212482808850656,0
0.11017186244317342,0
0.07237352835959016,0
0.05410402170521003,0
0.08951747581877706,1
0.16569038718107354,0
0.10822098317763612,0
0.0024217095696182148,0
0.16293208871543186,0
0.0780892851777194,0
0.9971243203507375,1
0.0007237657887478212,0
0.2068037296207925,0
0.12295542224649446,0
0.09426686454029021,0
0.12625901272855444,0
0.2906954343832863,1
0.7170781229908443,0
0.05652324374698916,0
0.23663066322776866,0
0.056525623254151926,0
0.11991272030467924,1
0.25302244875646523,1
0.007531172004333432,0
0.16088921922179955,1
0.09219943563163945,0
0.0622076271631462,0
0.0059114701179980335,0
0.056978430017762434,0
0.005273643280273887,0
0.04011531768040975,0
0.0043984748926191005,0
0.0240157727411798,0
0.39014573612796394,1
0.17315932314683424,0
0.08895104791706133,0
0.0007272294993336685,0
0.040181779441420304,0
0.09839739187120654,0
0.02253929449195009,0
0.07400755204569226,1
0.29808473536802554,0
0.02399457289211317,0
0.9759946674142437,1
0.28272666275512043,1
0.2909187181172641,0
0.020169292044551753,0
0.16530750102511088,0
0.04188874565892898,0
0.022120509777778293,0
0.04943514154577048,0
0.26711719706254317,1
0.004632012340981929,0
0.10491422893956329,0
0.0028631163814044017,0
0.21403286442324496,0
0.11258927712941848,0
0.11097358107916584,0
0.23764456234096826,0
0.524262893208952,1
0.12850542291386746,1
0.0028364932043843894,0
0.005782879199466931,0
0.09033805370305599,0
0.5670280750957056,1
0.9759719094282165,1
0.2668700938501004,0
0.9976153948571902,1
0.009103792673251473,0
0.12476504210848724,0
0.08383420811090515,0
0.013589646801999693,0
0.07030813631394446,1
0.23711464311743563,0
0.9952724095589562,1
0.09682553289604089,0
0.00625873331165596,0
0.9442152218514374,1
0.26170669297091276,0
0.9185377583847502,1
0.13764636628034585,0
0.00931590911537187,0
0.09333214141326829,0
0.04874567433382198,0
0.4430591420599454,1
0.25630284431397243,0
0.19154017440267637,0
0.9986109329996722,1
0.030003741462353472,0
0.18201935485016593,0
0.0446450350958424,0
0.0886150485813159,0
0.022860482689140663,0
0.045272593489599416,1
0.7189368892416272,1
0.24054603670244915,0
0.03584704286985899,0
0.06899517408241516,0
0.04625790223389476,0
0.12873639739036435,0
0.09586418134112773,0
0.060574792707658524,0
0.012552375172482689,0
0.013933888338067427,0
0.22020169786687935,0
0.20452654502290438,0
0.13824926961044623,0
0.06925991259366414,0
0.026981485690782084,0
0.05431267025760169,0
0.2137648237763549,1
0.03063216595014876,0
0.17278062379190054,0
0.3153004963961174,0
0.012095280531338883,0
0.20240724536484103,1
0.0015751116114810573,0
0.011043317042871214,0
0.0751898402234577,0
0.022738122611264715,0
0.13118204723192156,0
0.2659438512726681,1
0.0032775854374461717,0
0.038937368935905305,0
0.1456882905610871,0
0.01725172557393483,0
0.19344356159654924,1
0.11606255993083808,0
0.02740884254795469,0
0.291673970152712,0
0.13948013720135224,0
0.0035995578926369394,0
0.10408697061021525,0
0.9270174390217654,1
0.018918313627680032,0
0.022474170830688797,0
0.0033343152521955366,0
0.005880345323385009,0
0.13346028323655615,1
0.03073242547993899,0
0.12398086260049203,1
0.00709515958497824,0
0.13916264708138235,0
0.020490084048868238,0
0.11170961646185466,0
0.14134344199096438,0
0.9931002024619894,1
0.1745645951193605,1
0.18852456608143836,0
0.1511487662762732,0
0.02436472018093912,0
0.45922344194760933,1
0.021028680147145835,0
0.08294989856416254,0
0.025930791952896087,0
0.4865317914189857,1
0.5202870743110589,0
0.09394301574720691,0
0.06857398617757489,1
0.33847090374008176,0
0.21299059459749867,1
0.9165185806066832,1
0.003484212309798008,0
0.20668894832873355,0
0.3073205205914259,0
0.0017341920925317777,0
0.3108188699289121,1
0.27154574191022857,1
0.1076005047013166,0
0.02992320199108736,0
0.369421277287491,0
0.1532893236256105,0
0.24052384653228479,0
0.08677605426290873,1
0.13383236361855896,0
0.3845243593207928,0
0.18518872682619075,1
0.8354203251624968,1
0.9795436075902213,1
0.0009800610100439968,0
0.07971333644279117,0
0.002245366088659251,0
0.14748749537549027,1
0.16145679524464077,0
0.23019932353471012,0
0.18783880231793956,0
0.019464815032349893,1
0.47095416402358836,1
0.04661744737248414,0
0.0045126702754624,0
0.18799689221926932,0
0.08084958337699845,0
0.045007682435633,0
0.002015978925561522,0
0.0006624324937505493,0
0.0061491683594427195,0
0.06768760658316737,0
0.00422340632686048,0
0.0038463251321231838,0
0.1462603789085409,0
0.009407854323359555,0
0.0532665125399726,0
0.28234538188121205,0
0.21882606187831452,0
0.16677177287872438,0
0.15762035575844074,0
0.007212039417510125,0
0.0611317831481203,1
0.11525140016813383,0
0.16626911169818495,0
0.11742396890564293,0
0.013222953377783028,0
0.40173146554727684,0
0.9112094373795081,1
0.006189909630813512,0
0.9709028737759343,1
0.20965903740753417,1
0.001867474429434304,0
0.0008231696447903449,0
0.09212236552584231,0
0.21919894679929963,0
0.008405324074320472,0
0.08949924826668475,0
0.004986114243728322,0
0.0009679116867447638,0
0.28346999226646935,0
0.12295079234656363,0
0.16129635379753457,0
0.14979179576076077,1
0.00399974028795487,0
0.004098825053394689,0
0.4342829650675545,0
0.2285542027890137,0
0.22765922452550422,0
0.17048403583284463,0
0.22532630122597122,0
0.10031742469012452,0
0.7921678018806112,1
0.1836807402922244,0
0.14815279676903745,0
0.09526103668202396,0
0.2561730810267111,0
0.9933724153115553,1
0.12957982021790915,1
0.2332528640128996,0
0.9987067953692994,1
0.01899252450027147,0
0.03450791221174881,0
0.1947291425284225,0
0.11544987560240995,0
0.04225560938071302,0
0.07930576123915385,0
0.21834810261188253,0
0.06318455807521015,0
0.2412780718190613,0
0.01582776111362,0
0.00019572772214284233,0
0.017752719938190727,0
0.9279755768324861,1
0.1037638708689672,0
0.16702056981130659,0
0.2559186048786019,0
0.04084602258887447,0
0.06434218501990016,0
0.012699214667121091,0
0.046068186258424806,0
0.2041434335247465,1
0.04076029324049624,0
0.255894378202593,1
0.9969298884215482,1
0.11707106652869537,0
0.005512972512415029,0
0.9864664162779339,1
0.06735200123795052,0
0.10045602584261731,0
0.04366013754512511,0
0.9921814504208527,1
0.10108574377419988,0
0.14316953988690778,1
0.04604242801775486,0
0.981564226400277,1
0.0032566544365634706,0
0.9948513026703133,1
0.019660096589376782,0
0.1640815487326185,0
0.10112984454322924,0
0.008319101837146214,0
0.95203739875089,1
0.02900185293858812,0
0.2597224374296071,1
0.174232747993878,0
0.0008724673414935035,0
0.016570833652528316,0
0.025558931890229872,0
0.11358585680665435,0
0.132378473474388,0
0.2498792232784066,1
0.050787891941490505,0
0.9716002979419784,1
0.09451433025390744,0
0.35218511645950457,0
0.15524327034056193,0
0.17976368361143813,0
0.022593352797011187,0
0.9191612580294508,1
0.03374405231656203,0
0.00571850609957747,0
0.09910825734039254,0
0.0028558674475637467,0
0.15185892210993704,0
0.003446718464485092,0
0.0034951315564498357,0
0.9951272895180491,1
0.0022702748154676093,0
0.01779311820809394,0
0.10440904521483675,0
0.023069096277164785,0
0.14027769076176283,0
0.35302246389674974,0
0.22052744232351584,1
0.99923054853439,1
0.13626879881116447,0
0.9979706616306828,1
0.996545643724288,1
0.0057275794334371915,0
0.2566417838432824,0
0.033904050846325244,0
0.04059819303908225,0
0.1115450775431487,0
0.08403658595318177,0
0.0645085267107014,0
0.10836447565132952,0
0.0009189752109220499,0
0.00037048704148570963,0
0.031344539991338446,0
0.0034385109728792876,0
0.002118471619624124,0
0.0014251804201121123,0
0.014851064832257023,0
0.10248771575339262,0
0.21574423553657926,1
0.0725883876980249,0
0.23285716587869298,1
0.21537603142956863,0
0.001934038418910301,0
0.3208422344905025,1
0.6349896126376163,1
0.8112546054473893,1
0.012401748053141814,0
0.0011030596419444887,0
0.019268653754347734,0
0.12303020567241352,0
0.09887470079181436,1
0.1515338785428705,0
0.013322191878868126,0
0.266620810497369,0
0.19694120372950893,0
0.10259073510046066,0
0.9718439950640994,1
0.021222834482133638,0
0.05130705081485673,0
0.040376424047149896,0
0.06385730987533769,0
0.14908888723499014,0
0.13209315685878456,0
0.002322738208933929,0
0.12338564256927147,0
0.24079128954369267,0
0.0006299437897525381,0
0.16044646514531355,0
0.9766374389669875,1
0.019372630308204825,0
0.004722684481564942,0
0.9881783547628746,1
0.04374923082434294,0
0.02329833135103834,0
0.5054491046583993,1
0.054724273542523856,0
0.29076013728711236,0
0.30797949540791425,0
0.9838847982048234,1
0.5374437343806311,1
0.14758875582195177,0
0.22942650742449747,0
0.0016209882271933079,0
0.01964049249802066,0
0.10137230797684106,0
0.03943547745397982,0
0.027616122326040184,0
0.12386565361201367,0
0.12953550315326887,0
0.04598415384895746,0
0.018150573530119795,0
0.21429954118676706,0
0.0007616729255128567,0
0.10690960940056282,0
0.9907112960815183,1
0.013799638472063381,0
0.9966410373359489,1
0.0805331911209482,0
0.0036732031407487285,0
0.002194060595472192,0
0.0009952417912988012,0
0.022948571551694052,0
0.8755105765659014,1
0.017139602949855667,0
0.09771122806199976,0
0.02471343481293387,0
0.07599193380678534,0
0.6318083390346291,1
0.00157488755362491,0
0.02705101327485212,0
0.005106301877362178,0
0.0033572988739679174,0
0.1086616199507814,0
0.02040250420271258,0
0.47816189558560024,1
0.1399658597045262,0
0.11440171363810894,0
0.22982906143498644,0
0.04005361106752245,0
0.2994507107328993,1
0.4343292553315538,0
0.0026569238281197484,0
0.03008927732838276,0
0.23491917663471462,0
0.0076864935446875,0
0.06325278700171665,1
0.06431056028808736,0
0.1906495284966094,1
0.17597810672016237,0
0.31082844520456115,1
0.0953672328232106,0
0.018429251098630195,0
0.4436445091377625,0
0.15359400596781886,0
0.053434267254152575,0
0.03168836545950726,0
0.21599951558425598,0
0.05676375045806861,0
0.31726276802601827,0
0.005273885985637785,0
0.2664058140635982,0
0.13697175032526435,0
0.07134296162040042,0
0.1449344163297461,0
0.01379364378494724,0
0.2256497608480436,1
0.16273956080118637,0
0.04512857589131077,0
0.2310760599916854,0
0.022520971931824767,0
0.01629872811323202,0
0.07774297637802823,0
0.9960703305484246,1
0.06491376746205005,0
0.0016935629409788678,0
0.04406070468264428,0
0.0008735791703817074,0
0.25471873549987867,1
0.07103916940379464,0
0.004889991779083602,0
0.14856823673191785,0
0.12457431036972123,1
0.003527159662654162,0
0.08285314967299301,0
0.21215139270295638,0
0.29595844915119374,0
0.22198517911499596,0
0.15028522372858721,1
0.9992275640683513,1
0.5887012648712694,1
0.02995205625388146,0
0.28991062545420637,1
0.1607710911046703,0
0.17642981091535598,0
0.353122256327625,1
0.2051598275654503,0
0.08347655331689614,0
0.0039029140384820786,0
0.04896499182840832,0
0.04943171090482058,0
0.6205482922289014,1
0.005806341444154368,0
0.0850794252435132,0
0.12368900774057284,1
0.4883831758284879,0
0.12846825074991253,0
0.0006510763024797872,0
0.0922850687842266,0
0.01242686752151381,0
0.11916078262111483,0
0.019839136978392746,0
0.1586248340928258,0
0.1097585612746289,0
0.11770679193384438,0
0.016038816040559206,0
0.1301316105256384,0
0.0418916339995821,0
0.006735452684693841,0
0.7619463020171079,1
0.9949437516096614,1
0.22624181908091562,1
0.15737318811546186,0
0.0562549934859052,0
0.05260245880577805,0
0.037004452058773396,0
0.13842269285443473,1
0.1438688308453247,0
0.19607415107501186,0
0.17125559233362855,0
0.0016374885092220175,0
0.0016025097584816531,0
0.09578303005952538,0
0.12902506657486112,0
0.012082699423852001,0
0.25226255181097157,1
0.1416289939223046,0
0.042897348305135884,0
0.001044098581037435,0
0.21621507474237828,0
0.004761638078092317,0
0.007727991125291598,0
0.0012567324187976543,0
0.1373207878315278,0
0.2017323411401635,0
0.1979344679194297,0
0.014934522748173067,0
0.15710778028407235,0
0.0038580705475238686,0
0.00962702032570543,0
0.9957853584763706,1
0.06592141400393818,0
0.028042346827270317,0
0.14419441261007165,0
0.99947710145612,1
0.08544840301422627,0
0.26619666660038643,0
0.15384391404759576,0
0.06424434418161533,0
0.01738969628054418,0
0.11064363339320663,0
0.3304617458248981,0
0.05211556418403093,0
0.9989354958071031,1
0.2512259930559496,1
0.187600142655848,0
0.03676801131265009,0
0.014116527529328876,0
0.050833383555173084,0
0.003299330706140281,0
0.09522335912641544,0
0.7838642379176035,1
0.13019932536771253,0
0.011308448128479988,0
0.08621173886417437,0
0.02228088319486343,0
0.026558646586635787,0
0.12657537860305257,0
0.4090387966884876,0
0.07622495967407003,0
0.11064125077360167,0
0.013269193518177807,0
0.28994275030710964,0
0.3138602675453443,0
0.0003459901340629091,0
0.028951276653560894,0
0.016857881863422474,0
0.9985246906170374,1
0.0007047171976615183,0
0.02605263284723664,0
0.12466785076560527,0
0.6760905286032167,1
0.0825094913380743,1
0.20719795711108513,0
0.015941030049866318,0
0.14879637790627187,0
0.09660290624299157,0
0.10038785884059384,0
0.0015975642121354358,0
0.06525897330580886,0
0.9846547705681733,1
0.9814688527036961,1
0.000640788812262661,0
0.07660190125481911,0
0.01568102680171608,0
0.3155587534773202,0
0.039000752354509796,0
0.03890011883461446,0
0.03683943293168321,0
0.015765973305497963,0
0.07933050701533234,0
0.05457174527002329,0
0.06309713244239999,0
0.9829558282077578,1
0.016016618831867113,0
0.11994030562516016,0
0.44284435436233643,0
0.0793349218558737,0
0.09926631211725427,1
0.004813918960427669,0
0.08386998470294382,0
0.2191087637058627,0
0.0011824433443924452,0
0.7426697132803782,1
0.04172409604584247,0
0.15897571215231907,0
0.005457093628730019,0
0.7529144711745405,1
0.3470275704729527,0
0.09348513164186448,0
0.12455840891987047,0
0.015916916124479062,0
0.9300602462401828,1
0.021297730543966904,0
0.12138338159984503,0
0.10768958479898906,0
0.043122663184209334,0
0.00017846088225016517,0
0.14945596375873504,0
0.015495265371198774,0
0.09521984577275017,0
0.025716880458531412,0
0.19045891644324078,0
0.2531963304019493,0
0.25843412858358117,0
0.16503388154159152,0
0.10611489322012925,0
0.16017188752469785,0
0.09306602334828329,0
0.5420584343198135,1
0.06025297853788688,0
0.09902787058281608,0
0.021727236097988916,0
0.004358355301388173,0
0.00244588657862855,0
0.09555779726731875,0
0.10317868556541814,0
0.20881483465093606,0
0.0955213942600624,0
0.761353913653335,1
0.03531206274458688,0
0.0004848255384083737,0
0.0003253342176554923,0
0.10190284683022378,0
0.03759687179784192,0
0.016476398879415304,0
0.24950238570200287,0
0.1881948553001592,0
0.010342666435713915,0
0.07241933546463136,0
0.040394987327710075,0
0.38875091541209705,0
0.3093234054822243,1
0.0009178056156640674,0
0.09983332135167178,0
0.9284575933713801,1
0.07376648254399504,0
0.001061118540705955,0
0.08246666579697734,0
0.16424911049368937,0
0.056812408780087094,1
0.32412178268385966,0
0.13976729267037866,0
0.13656531591515458,0
0.0035952973834651614,0
0.0012551153476691506,0
0.10939392888352821,0
0.43082212061940467,1
0.17109648273982633,0
0.09992218493110523,0
0.04044250046008629,0
0.1099199492855003,0
0.026903420699046755,0
0.9838287943222916,1
0.1504571278309965,1
0.10838989538650141,0
0.856738991825052,1
0.9624407580978959,1
0.02158922651210374,0
0.06404850961899426,0
0.1623017817726825,0
0.0067390388986232844,0
0.06677112403374647,0
0.3844374288151084,0
0.2694371389698109,1
0.09374897052385349,1
0.1188146928116415,0
0.1281452352527163,0
0.16225237860505792,0
0.010091507061842704,0
0.009571547224218848,0
0.5173581368365759,1
0.020500964760362138,0
0.05500534424819844,0
0.9987927117607133,1
0.03890996417354292,0
0.019670311971837016,0
0.25840882723253383,0
0.02331821829370294,0
0.1659809897922584,0
0.19855801810780854,1
0.08294803130841358,0
0.23895331219056282,0
0.36043541798192286,0
0.0006442013581374975,0
0.15674184297562976,0
0.09010529736960014,0
0.09554900498639933,0
0.9983268013076838,1
0.13959460760893777,0
0.0005810337784365987,0
0.06805754130696991,0
0.0039039173623209443,0
0.14115338504523295,0
0.026223374628625184,0
0.0584617800331756,0
0.036129870941463464,0
0.21353693201165752,0
0.10516259269773484,0
0.12452775767032447,0
0.2758321816942805,0
0.16253954571016133,0
0.8966279766725228,1
0.9940677868561667,1
0.20245851129854817,0
0.003639944374536112,0
0.22973327796076856,0
0.018848858283993783,0
0.04015421015227975,0
0.00449863312283592,0
0.10843100593113618,0
0.940371661381909,1
0.8512533038554538,1
0.017297321855326828,0
0.05763440218258463,0
0.00892564185784088,0
0.16458435643502378,0
0.001369348846777952,0
0.16975303218986648,0
0.02412589705736951,0
0.21118580534477557,0
0.9905873550193418,1
0.12116305712227043,0
0.004764810080940763,0
0.11318711355599287,0
0.01957652725853228,0
0.6914678750437222,1
0.008976694387703566,0
0.9831307695248582,1
0.1487077122309055,0
0.011530577305498458,0
0.01092876121980966,0
0.001776887823664929,0
0.27077068992161213,0
0.9860388004093589,1
0.7339037993777332,1
0.044359466193670406,0
0.036212784925915356,0
0.02688316643298991,0
0.904377058544509,1
0.26098995366280553,1
0.10273484485333297,0
0.7216139312618648,1
0.43917784368423635,0
0.1785504169472093,0
0.03311566076020189,0
0.32059741022800414,1
0.12504382132651676,1
0.022190489343751556,0
0.08712510200066069,1
0.9437524006059289,1
0.8334873794488655,1
0.01248519571118254,0
0.07139628794567475,0
0.004495719453561091,0
0.04582089885835205,1
0.07223571281642727,0
0.848635530172436,1
0.0793361222924539,0
0.0027908718174809223,0
0.10066669021839027,0
0.0212930794011307,0
0.001832134259147487,0
0.0512515080175644,0
0.018761925219209982,0
0.02501315175708309,0
0.15905895118568864,0
0.01777523636414451,0
0.018651948746662532,0
0.026701528239958788,0
0.07035253437046106,0
0.07558501980948559,0
0.07128911333199797,0
7.881201054073367e-05,0
0.0015237234801043604,0
0.998657362668064,1
0.03764166174746471,0
0.1299695566663783,1
0.0860916444195427,0
0.23407818954912085,1
0.011774513571305874,0
0.046071639388162264,0
0.15737026051651004,0
0.03964687061804398,0
0.17568538804581907,1
0.0009915110975795608,0
0.05397522336293578,0
0.8235650037723398,1
0.09847295442235109,0
0.33714051938348405,1
0.9865865205675526,1
0.053238220106114134,0
0.0725559710742243,0
0.9969678104352688,1
0.5244328523959816,0
0.1985254098633721,0
0.9956617585676931,1
0.1686684769047344,0
0.9372998297145256,1
0.31554802933896525,0
0.02580515391914806,0
0.0011805277699899923,0
0.4141945838751348,0
0.00040912843397757374,0
0.0064190377563281605,0
0.2701611672407161,0
0.2633123634255693,0
0.05193704935925784,0
0.004185656436728432,0
0.10274079919011368,0
0.04722206390920921,0
0.19448282163184935,0
0.08054616415488305,0
0.021814391077269516,0
0.32389780593817985,0
0.01818012908213211,0
0.08483798474740598,0
0.0805463164735655,0
0.97442385319183,1
0.1906090171322873,0
0.04589755175908279,0
0.038182829070069514,0
0.286189930536738,0
0.006972732987600164,0
0.007649206381621113,0
0.610982170423039,0
0.14501125103654308,0
0.1082871307492363,0
0.16145822494642972,0
0.016864016407408776,0
0.17321271130395804,0
0.21931890469892854,0
0.10270304316193217,0
0.9040474663913907,1
0.1365568320683071,1
0.16613051105517393,0
0.08729641435753996,0
0.13309130802163846,0
0.22500779556271838,0
0.014264680002753105,0
0.16574276206770988,0
0.19887204865234578,1
0.04497293117764076,0
0.014131773529567751,0
0.24194483243607215,1
0.06960087242555732,0
0.9979575204007952,1
0.08401276216741567,0
0.030095097990076397,0
0.10672198015993664,0
0.03216154861522222,0
0.013557862598154592,0
0.15014523648295622,0
0.08938292888021401,0
0.28409489147708195,0
0.32272368302712146,1
0.022801175598591697,1
0.14755340319901628,0
0.0018843362078017724,0
0.13732269337691314,0
0.19487776326240802,1
0.014579354497166068,0
0.1430153994561443,0
0.018863833656600163,0
0.012115411099021296,0
0.5039534837857105,1
0.06708309960609217,0
0.9992915726090184,1
0.02206247667755926,0
0.055129252226155924,0
0.9893328643330489,1
0.1423866787419143,1
0.14793224802932023,0
0.09105450485164525,0
0.04203198875471978,0
0.08724119981503872,0
0.44890930753749286,0
0.019673010793533893,0
0.80509511110958,1
0.04888994526259521,0
0.01383524497374554,0
0.7716729812355575,1
0.18797711161430775,0
0.22282118620172894,1
0.004749963328457994,0
0.09321774677527647,0
0.1004125831258116,0
0.9906486194758918,1
0.10480179383694707,1
0.38226159384734865,0
0.050797744630057574,0
0.1572203982448072,0
0.003768484748303047,0
0.048693161317086626,0
0.12349109139784067,0
0.2919616862512637,0
0.0703554465491875,0
0.013255069598119035,0
0.002014468588064755,0
0.15120710792260034,0
0.18829921457765,0
0.09410528877821418,0
0.017769243315961667,0
0.7690478276331242,0
0.16761128862997676,0
0.9968605619010662,1
0.11438668829445327,0
0.102081926004601,0
0.06161376042641457,0
0.014289539279246102,0
0.05546762757143423,0
0.04983192463207726,0
0.13310396303293948,0
0.1109927616882092,0
0.057912514456868625,0
0.026163771564013498,0
0.1773895666848523,0
0.992196028854967,1
0.08060092786409587,0
0.6464567052936203,1
0.053140131800398935,1
0.0897492218515854,0
0.062135948489149745,0
0.9316202164271596,1
0.08404667858135573,0
0.013821735575304733,0
0.1967319976952585,0
0.950540301237837,1
0.22528340033793107,0
0.08886621816752456,1
0.33658073553740475,0
0.26021546666027806,0
0.99866256958636,1
0.14563937115645886,0
0.04401649538715886,0
0.24018726101846408,1
0.32835307046610773,0
0.24245902237320405,1
0.08240290543157866,0
0.0350507235213427,0
0.22393303121759503,0
0.1209100421674168,0
0.061078716564193156,1
0.0838423797044844,0
0.0034422501317500015,0
0.019700173542029045,0
0.2003820282602269,0
0.14992175625641382,0
0.1045905315933671,0
0.4391011750316211,0
0.05096511998371369,0
0.004420925194091002,0
0.062499817080147464,0
0.14179218664673426,0
0.12997943424173766,0
0.0206699445207282,0
0.28496433161674906,0
0.04469244382259564,0
0.25786150999246626,0
0.004385355484528864,0
0.41679986023209203,0
0.15999637084335394,1
0.42384543139949016,0
0.13154632322757456,0
0.08695231408510282,0
0.09538665897765075,0
0.0338684746432883,0
0.12306323769886898,1
0.0037228493979682615,0
0.03823351499605813,0
0.09021074328064854,0
0.02017019390713952,0
0.020073557203176738,0
0.312808982818019,0
0.2830522857956561,0
0.13498725472896095,0
0.2889878370745063,0
0.056970201155806324,0
0.1877420137142587,0
0.05444520290526848,0
0.12069204113757329,1
0.21578870010695447,0
0.039871152269677745,0
0.9943458473203975,1
0.007366070214457193,0
0.01791348867817786,0
0.022180035835160795,0
0.0039000219323713768,0
0.22235086151623462,0
0.01732351573550366,0
0.002936914125259141,0
0.28480993454986464,0
0.1616104872410295,0
0.1536940505093449,0
0.020600241274388243,0
0.006384836891470705,0
0.9917785064764751,1
0.0576982043157406,0
0.18282167112460887,0
0.19942494516967288,0
0.009325822955105683,0
0.24570984485390243,1
0.8738615964647993,1
0.991557997395842,1
0.15599666076990298,1
0.024684182753453014,0
0.8146571225707373,1
0.9444425153939725,1
0.04689399973242129,0
0.004685305702672047,0
0.00010585947587713118,0
0.23638970537144902,0
0.9952551975174984,1
0.020231943915949988,0
0.08150758585386743,0
0.1102827961155229,0
0.08641652907732529,0
0.0019914552381997967,0
0.7977033838567001,1
0.3297179129194918,0
0.13439168312881075,0
0.00405937540106991,0
0.06347982942063031,0
0.11582099309787312,0
0.9977069562072444,1
0.023190663976841334,0
0.15681978838034052,0
0.09339081505406242,0
0.7427227174727289,1
0.05235652137314604,0
0.06759980905309436,0
0.018513068683535104,0
0.02832592500653474,0
0.08472408559920552,0
0.20919536434760283,0
0.18813484069937536,0
0.0011462254107455834,0
0.0005207267951950389,0
0.1278553515613129,0
0.0025867971912073534,0
0.05420594977820709,0
0.034268773921150235,0
0.1779306214642603,0
0.2786448690720789,0
0.9414978761285339,1
0.12351625115232844,0
0.0007538347837436637,0
0.011082746791230818,0
0.6370904253621162,1
0.005773551933636152,0
0.06123995137462544,0
0.004375538745291243,0
0.18949837825949897,0
0.003915713108326185,0
0.23690830604740742,0
0.07818596862693346,0
0.583629902183422,0
0.044830578472777945,0
0.020560157047966068,0
0.23115231931796387,0
0.09172118297183157,0
0.0865898548535536,0
0.010193931431677815,0
0.4924274903734339,0
0.9626292854282424,1
0.025766602148414683,0
0.9954741157405697,1
0.01205493876185137,0
0.02356412669189071,0
0.13049664156922777,0
0.5914571878851965,1
0.02342388529617722,0
0.03328452420163092,0
0.11372372962949477,1
0.06733482187724822,0
0.005941200445583322,0
0.03517265927667939,0
0.28986540982615033,0
0.002488905949006873,0
0.9595754678855957,1
0.12256533603054669,0
0.07471757487354107,0
0.2746183084308712,0
0.12521677605665402,0
0.06698761076255647,0
0.9982588745649671,1
0.011535662983575603,0
0.2730834951146561,0
0.04038664628568323,0
0.053935380466766214,0
0.0007560918331928363,0
0.9810075119458185,1
0.0008906013082134423,0
0.19234264639548268,0
0.30046218243556166,0
0.06850830803286294,0
0.06702585353051474,0
0.14492678845192472,0
0.19784591071787083,0
0.3227450161357779,0
0.04088881999051815,0
0.18413563072925218,0
0.4639965632168452,0
0.13967874696587357,0
0.002631375698033698,0
0.11066576565200842,0
0.014330306983923177,0
0.004409704874489427,0
0.02408956279510599,0
0.18939580596903435,1
0.07790599073144476,0
0.5973696930992983,1
0.02691459075038239,0
0.004409603857103083,0
0.4902012827610635,0
0.003263080429939869,0
0.015796466243778878,0
0.12116689049100224,0
0.06246835303014207,0
0.23541868839809288,0
0.004586824638186405,0
0.06855025186355777,1
0.5676753050492136,1
0.13227709450991815,0
0.3734715599165326,0
0.001015039130904274,0
0.2555745651726763,0
0.32034447045757186,0
0.9422108889435705,1
0.2832405359862673,1
0.0487668725534941,0
0.11667171850496802,0
0.09458762018413723,0
0.9461470185907274,1
0.17620062112266002,0
0.565204855971782,1
0.11802191083335001,0
0.0371542626396117,0
0.003323164618221063,0
0.4768278620091046,1
0.27736563375359424,1
0.0011485586503121633,0
0.09997735960570478,0
0.06716014382355776,0
0.9931862432944965,1
0.005270405565401625,0
0.0979852009414763,0
0.027098752171036706,0
0.231049513969044,0
0.8803319920346121,1
0.018162282420699203,0
0.03851128901642671,0
0.03433642629278506,0
0.07123802819242611,0
0.0003035573564711759,0
0.16208107667471092,0
0.5951485112867497,0
0.22171421666380453,0
0.007160172554917035,0
0.0017995116205973389,0
0.38166287921977826,1
0.9795721199751799,1
0.04698810646244974,0
0.9761379288557847,1
0.18214339127639764,0
0.13321061599172856,1
0.09517063013663632,0
0.02154172740679954,0
0.0922786236231126,1
0.33492822282895035,0
0.28056235781988703,0
0.05593933852157446,0
0.9974954802178713,1
0.08198505513742513,1
0.0028747980560178614,0
0.0863572376859495,0
0.04197232050808508,0
0.022064171023235105,0
0.15703327812016396,0
0.02515927143889502,0
0.0053667421528214515,0
0.26133188699164484,0
0.01871239846821702,0
0.8563921213544057,1
0.09406178818270326,0
0.11986433613819401,0
0.3714769497644658,0
0.08182707956781718,0
0.180284219901778,0
0.08790952766470925,0
0.020756753813119817,0
0.9970358216384319,1
0.19248251286347987,0
0.1797123653185644,0
0.18490563671807322,0
0.1943321953878303,1
0.2391787339987413,1
0.021578775462889912,1
0.1887616060586843,0
0.33856801898533334,0
0.019916206032996566,0
0.1431560158734553,0
0.16279021006786495,0
0.08349393543262647,0
0.01644138793478358,0
0.06953376689802686,0
0.29461179613160265,1
0.06574764397732638,0
0.2499805404292945,0
0.0815781489483304,0
0.5547608235014818,0
0.29166756304637537,0
0.11936708439739391,0
0.26116213206906047,1
0.2581254256540265,0
0.0020989599461788988,0
0.049329809744231644,0
0.017239270377197836,0
0.005877663399647948,0
0.06503682409591591,0
0.0009306752157521511,0
0.025444528079430814,0
0.09107240864850301,0
0.0031020659030551864,0
0.9814702525126581,1
0.12909840856120366,0
0.8796893354844407,1
0.07233160869918744,0
0.19796143260617083,0
0.23663981193894953,0
0.09739591048599944,0
0.2503271871496189,1
0.3479486019588548,0
0.10780626810906035,0
0.2550977133641033,0
0.16775866515335722,0
0.002483840524409214,0
0.057937555588201226,0
0.018158826986040363,0
0.01872492766041891,0
0.07983875088132987,0
0.001687155438439254,0
0.21975363679613413,0
0.010491507396245018,0
0.9924262701783786,1
0.02649712725594759,0
0.2348922214013337,0
0.17324337464547687,1
0.07372829477990654,0
0.037038186715709756,0
0.0035448708220562515,0
0.24906494362670248,1
0.9010802299092638,1
0.09402526125719161,0
0.01135053859755666,0
0.1265621514641886,0
0.0002878906133713251,0
0.004515744607877371,0
0.24793601214824096,0
0.0009829983776332538,0
0.048602781823938325,0
0.05733197433439454,1
0.049251316448411804,0
0.08769946705019432,0
0.16587579617917253,0
0.1736927283488979,1
0.07990326349568537,0
0.17358637755322132,0
0.8789182827397738,1
0.21575414141513938,0
0.2398319659800071,0
0.010326792495396675,0
0.16798440310624854,0
0.044653312214619316,0
0.15779190046709496,0
0.10780019917674424,0
0.8029579365713606,1
0.17902618180807262,0
0.12720775870131987,0
0.12726380750671817,0
0.025612040937776047,0
0.0518659417364922,0
0.004036776211584429,0
0.1557865975213928,0
0.022062481654035793,0
0.07628636379543953,0
0.0955301519384285,1
0.21987400737592164,0
0.022254065038643647,1
0.9270716953593108,1
0.7693847519923032,1
0.04421322056143391,0
0.0014001020744453068,0
0.2677662481526021,1
0.0016914784221607494,0
0.13743164058884585,1
0.11565709329600436,0
0.3658314637696987,0
0.13731752981066478,1
0.1190837383673533,0
0.05793991386233471,1
0.002055498233849644,0
0.2998323870341293,0
0.8746049274688876,1
0.03766878276274931,0
0.03855067428035155,0
0.046953397691908545,0
0.016428049407767913,0
0.030479209813064068,0
0.21052870923633524,0
0.023107500534593838,0
0.24813951525181357,0
0.20202250246740192,0
0.08873264130369615,0
0.043773961364307154,0
0.0016597563287859252,0
0.9687592875969654,1
0.12313072236699481,0
0.08746692567677514,0
0.06649983015798816,0
0.08944293662931144,0
0.013207086203409116,0
0.08383615524507115,0
0.5051817348831402,1
0.2368292899575287,0
0.2099660775312474,0
0.09047149421281754,0
0.0018903589603241795,0
0.20893655817097412,0
0.1422529547079975,1
0.07311600812975466,0
4.8002506009619634e-05,0
0.21205961325524333,0
0.9982030363994089,1
0.09017629070367249,0
0.0057727844397541745,0
0.1795943153229273,0
0.07490546705872497,0
0.18509301909813256,0
0.24269151053994326,0
0.20044402296824115,0
0.1612710441175588,0
0.004278748041651911,0
0.09097292142753098,1
0.11656927949802551,0
0.29279950246809083,0
0.0351572742489277,0
0.10708780785449351,0
0.2124581084799512,0
0.9941057701083137,1
0.00097028175853461,0
0.31167380986498544,1
0.11710868099070267,0
0.018598212699455524,0
0.1886972391946733,0
0.2969473300322366,0
0.1733741625026326,1
0.12941623172465155,0
0.17503970162025784,0
0.997910235981836,1
0.10776390171436695,0
0.01685799170831097,0
0.05980170482155707,0
0.9440028064236149,1
0.06866039926696742,0
0.3871524619979827,0
0.0490162568410576,0
0.3758442779320544,0
0.02346355723247489,0
0.034559659389169,0
0.04696121197232925,1
0.965119079290757,1
0.006311610572095577,0
0.998272677438013,1
0.006948256743434184,0
0.015574409426558704,0
0.16691552331930506,0
0.23377216405554,0
0.9980896478209457,1
0.07896181596665207,0
0.3030048929584565,0
0.102499075823741,0
0.9936473614882568,1
0.16372647813774607,0
0.017567233157785748,0
0.19484300113201894,0
0.21162949750183985,0
0.0055102416686423315,0
0.13929914447986047,0
0.19593437236977299,0
0.1382227750734798,0
0.030385775236155686,0
0.05936086760353328,0
0.016752687803196012,0
0.021959265879290767,0
0.16805643837078543,0
0.02255580912135657,0
0.9600029931827699,1
0.07736806269828737,0
0.21473599240349725,0
0.003677494732963253,0
0.22412052716977324,1
0.09255668446810184,0
0.19501315220613039,0
0.011743903196728647,0
0.11231142704823643,0
0.2666652653005778,0
0.8527157513941321,1
0.9983732374394576,1
0.015599875072292773,0
0.06727012097686999,0
0.22544268902156808,0
0.01526163024312763,0
0.12527354988466474,0
0.9926737138509517,1
0.02924950530502115,0
0.002248820327853704,0
0.11905877245942402,0
0.07185643837242763,0
0.0779493842020419,0
0.0754774219685849,1
0.994917102880181,1
0.4823062809446319,0
0.45978596074652994,0
0.17205975243380875,0
0.044444740509564526,0
0.13731936539111747,0
0.04130288364517418,0
0.09490528161162433,0
0.25956233085267466,1
0.40434832897489525,0
0.9777109063393634,1
0.19004516023283707,0
0.19528560496810932,0
0.34892218473695874,0
0.04348672273247179,0
0.004194950554181211,0
0.04502905859435515,0
0.12519974411878435,0
0.05658828111659721,0
0.1393105693381862,0
0.15765858024260185,0
0.9940982102424301,1
0.13622615743431712,0
0.15469240315132907,0
0.9916992686615788,1
0.3215835482586079,0
0.005248335254780435,0
0.26252482624394824,1
0.06828898481813535,0
0.06683677289613357,0
0.07815481266964783,1
0.01474492961807228,0
0.04055186084252938,1
0.020203952934841868,0
0.09216465551736228,0
0.16154647086615315,0
0.1096374481599211,0
0.17124409667678603,0
0.01360522970317512,1
0.2690113919240335,0
0.019817884293829035,0
0.12110189438102308,0
0.019178510482983174,0
0.2894413895066384,0
0.002674413923059684,0
0.05399554542182577,0
0.17603417547676106,0
0.10888061575141778,1
0.07407362183548205,0
0.09683914366758291,0
0.16401665457459397,0
0.17381930369128992,1
0.18263559069507387,0
0.9952307023979323,1
0.0006177021055752244,0
0.25485146678586834,0
0.19601090858824377,0
0.003563106001220463,0
0.0003829918266792173,0
0.8968335077228102,1
0.015606561834261066,0
0.25732546930967193,1
0.0020632724429764863,0
0.10562534302486659,0
0.003675618022676142,0
0.017554410445962704,0
0.19620468245661796,1
0.003539972767719184,0
0.05220018107097114,0
0.07776293211997369,0
0.14810181558606852,1
0.1106477464420615,0
0.8970687729948391,1
0.6603458286156204,0
0.0015586115696991166,0
0.18103482269379326,0
0.04015714402075066,0
0.021268267748061672,0
0.04700881922550574,1
0.04426848113693956,0
0.011321012742373543,0
0.11007478298456537,0
0.1695842716642024,0
0.9698664438727298,1
0.08815452716694694,0
0.9612615188075241,1
0.021386322795788146,0
0.0988854679233992,1
0.023367873813132937,0
0.17145341728063793,0
0.037143085531255934,0
0.06331842778143183,0
0.012372081530285182,0
0.07611957764347585,0
0.011392298260526807,0
0.26139021948739277,0
0.0002323671968263036,0
0.015683134710817705,0
0.2549350546458153,0
0.9844715404028344,1
0.21593826832620672,0
0.026803128926477716,0
0.03659954222936177,0
0.12769732200898126,0
0.11237749407033348,0
0.8852704098698884,1
0.11607625593749078,0
0.19425204189656473,0
0.8012799971151117,1
0.08519566154811208,0
0.0011155918472785748,0
0.9852561833532466,1
0.018192572584873036,0
0.072749577625042,0
0.07706750210239059,0
0.08358938907717924,0
0.0030759378706251223,0
0.19185983231489148,0
0.0027940322123766346,0
0.0049840939321942265,0
0.9829173991876672,1
0.16554588586624314,0
0.05207522204836308,0
0.09080570397563627,0
0.18127048986607855,1
0.14816910726288302,0
0.17791680036131263,1
0.5687102040750235,1
0.02503773428304852,0
0.0016804920366208166,0
0.06152132367067864,0
0.989716337416119,1
0.9892448156744684,1
0.0006396845716937326,0
0.09721779935698673,0
0.03683181975734489,0
0.011947741566764678,0
0.15715274092782713,0
0.29443162087910174,1
0.019702436101852634,0
0.017671562735248867,0
0.16844695987834674,1
0.1171939288658831,1
0.9992059483239544,1
0.09501446974728346,0
0.9925170368448609,1
0.09155347871615435,1
0.21901461903482497,0
0.005933503280045045,0
0.0012627122175392805,0
0.9942511702811205,1
0.037495946847418915,0
0.09622363965491446,0
0.994412500024647,1
0.08176177311115575,0
0.0007987881351756987,0
0.14236450509077606,1
0.055664610735222775,0
0.07321901543654241,0
0.03672693258959827,0
0.010472987571442457,0
0.046220302993702306,0
0.059553650158014705,0
0.11446568551542868,0
0.9984854209492136,1
0.13891606093279737,0
0.0006307541643249002,0
0.9931127696775487,1
0.16395435188782329,0
0.011829511574565878,0
0.5804897014377677,0
0.05448728788563166,0
0.012563234092292517,0
0.038225633215113276,0
0.17722250264580344,0
0.0007728225390439877,0
0.3300393655357255,1
0.015458927991739247,0
0.2850340708835319,0
0.04976542394689743,0
0.13098291131021036,0
0.02098754559273367,0
0.24895215226684037,0
0.06922475239790093,0
0.05816966433024508,0
0.9970011535174976,1
0.004326601163989704,0
0.043407252247086255,0
0.9867303111292383,1
0.03897248351070498,0
0.11536378247528135,0
0.8165741494071296,1
0.06700140136490397,0
0.20518810269543536,0
0.060217366952739035,0
0.006630467824992539,0
0.0014208091123449386,0
0.04623427966517191,1
0.287291327230533,0
0.02547501536598275,0
0.004597418114960077,0
0.2569453213778146,1
0.1771766245423638,0
0.07732422826539273,0
0.2120342993885819,0
0.33705708534843515,0
0.9863834500172949,1
0.297709801939892,0
0.04674766749720524,0
0.4040268040573487,1
0.9152122991486265,1
0.0021223598324367444,0
0.0026729343989607187,0
0.017799327047196906,0
0.05934582509476417,1
0.06418857862921365,0
0.1892840875069664,0
0.23228525601061453,0
0.017639106266078855,0
0.13416613776088893,0
0.14739706754475718,0
0.48375028642165,0
0.11150190058680842,0
0.00010175256123222539,0
0.017958406241323915,0
0.12827138461861287,0
0.07488106639925594,0
0.21312979679735491,0
0.9983249412339873,1
0.2709979729040252,0
0.04501146658777679,0
0.006165759260170618,0
0.19969280803825004,0
0.9349657881681709,1
0.08631305170906016,0
0.025926115953468762,0
0.00124493800695708,0
0.011076345264596221,0
0.0016142450114439903,0
0.22589496415947918,0
0.05404661274693169,0
0.0028067854385230807,0
0.10852117581526843,0
0.9944851679493991,1
0.5439404762226298,1
0.062149126269272395,0
0.015994283127502514,0
0.11169649128316068,0
0.0005749503749360752,0
0.17740812785872093,0
0.027887107291789857,0
0.002358788195993269,0
0.1728662648276362,1
0.26467951541220625,0
0.18861781089847515,1
0.996250480642291,1
0.014945165129320346,0
0.0010922744232813916,0
0.31278812714603205,0
0.9902226679032292,1
0.9967579451945097,1
0.15604299458760357,0
0.9716396334256794,1
0.1697279162277919,0
0.07529721406924181,0
0.11872576199310361,1
0.08565157539805777,0
0.05117339447882445,0
0.1021496992381566,0
0.006183084175772027,0
0.006861703779979939,0
0.1816298712091199,0
0.18430700091235552,0
0.9815315928977849,1
0.9804765022001248,1
0.2493398323732577,0
0.0049465545956852465,0
0.24179099847025506,0
0.18781936773290092,0
0.01594559882383464,0
0.27389467191528827,0
0.9207591775158427,1
0.9861079579032184,1
0.10238253364263687,0
0.058366488810164596,0
0.1709403100091952,1
0.03197466932573252,0
0.29174420958481156,0
0.14644293807282696,0
0.009971030228974295,0
0.12923233158568498,0
0.9690047848598754,1
0.2954981433032515,0
0.22094610470689754,1
0.053209175765835295,0
0.04922981437467699,0
0.10803668245143616,1
0.1160829766774782,0
0.1198371452173831,0
0.11123993148407721,0
0.07393631787875679,0
0.16513621365194547,1
0.9504983301435559,1
0.14940550091308302,1
0.09408243788341913,0
0.10785671427484725,0
0.029306718280076458,0
0.04111101751826104,0
0.1077858100405007,0
0.015119395338272919,0
0.01994533263952977,0
0.06407875327286244,0
0.017166107875696134,0
0.1655293616893672,0
0.016651167369389847,0
0.19647955520964636,0
0.017010837982955163,0
0.015680376737421856,0
0.0015848598819694609,0
0.4228342861308205,0
0.006789647836466068,0
0.3593583638051452,0
0.9653995175333269,1
0.20838887211732568,0
0.09437883956885096,0
0.19353191030884156,0
0.158160911488658,0
0.025918707924671658,0
0.043159908304900026,0
0.20356392002443485,1
0.003947887603099856,0
0.12230477638336049,0
0.14054378336366105,0
0.003925927012841517,0
0.09972219320659992,0
0.2226761040541045,0
0.08712175268294005,0
0.14359539496508236,1
0.06091658905293174,0
0.0037783284610170983,0
0.6882349865144969,0
0.15451376656463214,0
0.20716654607800794,0
0.0027019414071330528,0
0.31200248594986935,0
0.952961559797776,1
0.6110006793603088,0
0.05036799552062282,0
0.06254331667670533,0
0.1027254639470075,0
0.010807599794622154,0
0.1604951880593667,0
0.02943613361488082,0
0.22197038752965076,0
0.0007938430078161027,0
0.9864793558612388,1
0.9983358986409456,1
0.006408215494809204,0
0.1813989580790467,1
0.9011035203389903,1
0.0006292314369859404,0
0.051659861615422915,0
0.10416018048153448,0
0.011966460814115036,0
0.07087961072111308,0
0.2015913897938536,0
0.631082487310534,0
0.35849969626342604,1
0.5346943907025896,0
0.019332078533304403,0
0.08564812292551309,0
0.10002190153590439,0
0.9880873806320978,1
0.015733187613910668,0
0.07962333556047195,0
0.12523637837872303,0
0.16848787485522365,0
0.2573208398603715,0
0.03205636509818682,0
0.09079738712912763,0
0.11210964169875944,0
0.8469194888000158,1
0.9653243331268487,1
0.3014389415283222,1
0.26011356927307067,1
0.11354766880083701,0
0.3961218029935645,1
0.13693312190817014,0
0.1264692562564215,0
0.08197413699717429,0
0.15746423697480894,0
0.048274124327348046,0
0.18616073921741427,1
0.027395808906437166,0
0.12548348874521517,0
0.00354090507297955,0
0.09137978737940332,0
0.240782173446233,0
0.0005382231501420606,0
0.017290304934952386,0
0.05392725668235488,0
0.040840710186748855,0
0.048404729966648616,0
0.0008805612608084206,0
0.04867590084668202,0
0.0726788249080466,0
0.006318491001314338,0
0.004783107294220904,0
0.1346215750736863,0
0.012497229243092154,0
0.16079060590182528,0
0.04261625781291104,0
0.019825607551258284,0
0.04271311883409842,0
0.17702779117144268,0
0.9966075650734414,1
0.058097930037547235,0
0.004775483743798468,0
0.10150316680122372,0
0.17007048868361743,0
0.04377507367723536,0
0.02031802821485656,0
0.0119104171458238,0
0.02327293431187108,1
0.18643376782640655,1
0.07113235685970247,0
0.059121457173063795,0
0.1520214956504302,0
0.1882480316313133,0
0.018396834740068462,0
0.016938047068265658,0
0.02402053864954617,0
0.042063311206911244,0
0.11738660023169079,0
0.05078029951362188,0
0.007702345405877438,0
0.1398253384524959,1
0.7189053735005311,1
0.3687782566387942,0
0.07524295972523141,1
0.15971658172836364,0
0.003675945689321205,0
0.00040813787395499413,0
0.8115003362126757,1
0.03764360644677436,0
0.16476673959276994,0
0.001161303258389143,0
0.9466937865478487,1
0.00014220537428452222,0
0.004287569816822762,0
0.012798798477555518,0
0.11741890673422553,1
0.023050893549195216,0
0.08395914241591969,0
0.11301857690663551,0
0.2462951936745396,0
0.14725657202768588,0
0.309369266935097,0
0.013028550963982562,1
0.06456695190617967,0
0.12722314518654626,0
0.1318030137340285,0
0.36366159056858377,0
0.08165123049954828,0
0.17761447022505591,0
0.8498047962929011,1
0.03013123304155723,0
0.2687904423056226,1
0.13259611135296492,0
0.014219823259174317,0
0.014720757292930589,0
0.018989954989968034,0
0.036551883242943936,0
0.10697689004157088,0
0.0003812828923792588,0
0.01819302175612743,0
0.012212615526582381,0
0.010126212955194034,0
0.09946847139999968,0
0.08127135268187931,0
0.3037320028694412,0
0.07827214792765409,1
0.11084935622515805,1
0.09862646170045164,0
0.991826543001237,1
0.3251951712056111,0
0.016957638109672844,0
0.14316462096135518,1
0.005229668369647397,0
0.1188229032076503,0
0.0332912015789296,0
0.9389462186148595,1
0.1494802483621565,0
0.11528939100116763,0
0.18022854402522454,0
0.9968713363515935,1
0.3016603227276283,0
0.0044926233718240735,0
0.08375572205902837,0
0.003934446491281708,0
0.999738921376425,1
0.17397303293157831,0
0.1339315898666122,0
0.01936163001436664,0
0.07554282103846217,0
0.24626077105105829,0
0.1959730428032246,0
0.20074685420791588,0
0.18047676180509048,0
0.02938937201022869,0
0.10707639012101938,0
0.11200150379080405,1
0.14930948244232323,0
0.024289552615214545,0
0.01014341555793024,0
0.16581461928113378,0
0.07500329020307395,0
0.0718300114970051,0
0.0014483186870619042,0
0.9236799099119934,1
0.9897005750977073,1
0.034505641479873624,0
0.05517851443185361,0
0.9994836614672471,1
0.015394384234483452,0
0.043728975624329924,0
0.0017558627739857724,0
0.22539657489022233,0
0.28323922427686593,0
0.9347550508825697,1
0.0010853379886590904,0
0.0016334743112582971,0
0.05145149748087546,0
0.13442399642151345,0
0.012421918428677712,0
0.15756445843826267,0
0.025153389529542654,0
0.1619089160571679,0
0.00987436553188181,0
0.17541543171788251,1
0.25315222515291064,0
0.06593189432142964,0
0.3216505232891357,0
0.8122542715412122,1
0.0006515937199562398,0
0.5247835649305973,1
0.022208258443165693,0
0.07191310582002346,0
0.11112586006021977,0
0.9931833277251512,1
0.04704845851407919,0
0.09787953185821534,0
0.015473303981546782,0
0.003433867666322857,0
0.06762781838771165,0
0.018946591804713645,0
0.055780610367599404,0
0.003710552931241405,0
0.14425306593438814,0
0.23298647986230367,0
0.06124901144270084,0
0.11283439307742806,0
0.14371089660381156,0
0.2373548185591902,0
0.05672259967063875,0
0.21854373578947636,1
0.04721074150637664,0
0.5345084707952305,1
0.09381345838499658,0
0.015765312727146076,0
0.9857519321525907,1
0.006403270407028894,0
0.17423274192141855,0
0.9841435385901165,1
0.6590690381333749,1
0.004550158692443101,0
0.8636457235275043,1
0.013571644911390077,0
0.0011904862340009123,0
0.3941425094885829,0
0.0382172472703308,0
0.06716446574703347,0
0.11082837103746765,0
0.09590913888951894,0
0.09223811215272762,0
0.003962619328071606,0
0.9945016627244767,1
0.06236906064939771,0
0.37772773320787345,0
0.050132026108963904,0
0.005964750841063577,0
0.014941724761818046,0
0.18693724273526768,0
0.09515269209144855,0
0.05111969919157627,0
0.25578078155600803,0
0.26996809193510163,0
0.9168112760788636,1
0.9890382907450188,1
0.08157845277533396,1
0.0016522753551499656,0
0.08306802068591854,0
0.06723459644488392,0
0.4023391584082836,0
0.13171953424932295,0
0.05574993261621566,0
0.25351167260646224,0
0.004765401315060024,0
0.017177508557221048,0
0.1007075711461014,0
0.08520013398662746,0
0.0023793910424356485,0
0.01020510342865106,0
0.2040056376523641,0
0.20342448104030067,0
0.20170673382391388,0
0.00529227870020821,0
0.1532166773337719,0
0.1821946448788762,0
0.45849834363998077,1
0.11295150504246758,1
0.08558657234296155,0
0.48114380389040007,0
0.19936258060344927,0
0.031318840469039516,0
0.2352061485199109,1
0.08828294890498972,0
0.0212920088043433,0
0.09152198410676049,0
0.968043905825126,1
0.05050415290249523,0
0.04616201579409828,0
0.041102413391333754,0
0.1055479620981902,0
0.028779506243349382,0
0.03110530561785566,0
0.04269640723599522,0
0.893983049997952,1
0.14117417793851117,0
0.14229281284479373,0
0.24447092056244638,0
0.0011010405607411765,0
0.01798075610898717,0
0.28719363850502144,0
0.010267697726393793,0
0.15008387906825213,1
0.3957738340141683,0
0.7046320879985185,1
0.13488894686803327,0
0.07044440031223535,0
0.03284048744149173,0
0.11389690447165578,0
0.08800180421682327,0
0.0008591688374706619,0
0.11231325386404763,0
0.22625846727164167,0
0.47969633242115745,1
0.08894344156308835,0
0.021550225616819824,0
0.059302766725357885,0
0.6089322565304238,1
0.045467973128290186,0
0.019050237658733978,0
0.0139688262202093,0
0.03602599646873027,0
0.07658007493245546,0
0.02881827183589856,0
0.1714170848368086,1
0.291106668601509,0
0.0014494957616487045,0
0.4361034144188283,1
0.5610131100259379,0
0.003448459121047366,0
0.06744987965331116,0
0.05397410165797723,0
0.0010414825311589578,0
0.06595954646635481,0
0.03289603766633329,0
0.0450526373049635,0
0.13579212662174267,0
0.004777505428322619,0
0.9465996133380182,1
0.9870179492184686,1
0.15554384424839723,0
0.04405940064530886,0
0.9941701663805397,1
0.12322019584872848,1
0.05194170539114355,0
0.13916518891021423,1
0.03543585665257312,0
0.025266573724131866,0
0.02654849958761061,0
0.3465261667115018,0
0.15987863145932565,0
0.9945052560550868,1
0.023169982173050503,0
0.19429623384324357,0
0.005940425724336885,0
0.24598909665060942,0
0.4582298126836854,0
0.23687995355155939,0
0.9949539888661566,1
0.0354269264351613,0
0.1882825835941632,0
0.014256425417497996,0
0.03506115765533407,0
0.005181650642111473,0
0.09857156642832415,1
0.07471893953964655,0
0.004256618122630829,0
0.6170236818084953,0
0.01890766735390639,1
0.0029786931153272162,0
0.029333438227199228,0
0.04581893194755118,0
0.07671680163680748,0
0.03368491085683309,0
0.09968058427718973,1
0.14203058555947193,0
0.201280656546908,0
0.9440245678874108,1
0.014560397343255585,0
0.16392213027515318,0
0.9970013373676861,1
0.000924621526446284,0
0.024082744277160787,0
0.04004377849487789,0
0.0725250561129438,0
0.07931474552828893,0
0.2622111872957243,0
0.04869494461193217,0
0.01085499273123163,1
0.19151712334708737,0
0.1672063299896133,0
0.0005918105835012828,0
0.1713177875138072,0
0.22606181095098704,0
0.13809579566316424,0
0.04992911964559284,0
0.18143969333852808,0
0.0041834124101054635,0
0.15992011131874884,0
0.05194118735794575,0
0.004436258073283424,0
0.00010562127272776791,0
0.1194664792897874,0
0.10429920020825953,0
0.39163652360254464,0
0.9184102390242953,1
0.04438155140331165,0
0.1970930318018737,0
0.06243385655156146,0
0.012523273514436292,0
0.9990719323459148,1
0.05072283157671379,0
0.07134142279718449,0
0.09820815716092297,0
0.0007398494900598001,0
0.05187550144051675,0
0.02205334066359179,0
0.9861215592329797,1
0.13127667872840904,0
0.05006265267240664,0
0.024027544495562547,0
0.3834649145073899,0
0.03484505623608503,0
0.0959879862487358,0
0.16670389356756402,0
0.0719123570497778,0
0.17734496415013254,0
0.060990548808341614,0
0.0036495596615053767,0
0.10570212868120538,0
0.004796722353699439,0
0.24780903709178762,0
0.019263128640150916,0
0.04179686016994063,0
0.0004524961325043526,0
0.0004844403490142915,0
0.05033045346803388,0
0.04351379221978474,0
0.4606219167387287,0
0.5364306801887022,1
0.0542483588200429,0
0.06230151745265041,0
0.10303359252196796,0
0.001962774548949806,0
0.15218485217427907,0
0.025858822599311278,1
0.14804672765517446,0
0.2186358699146138,0
0.9966134407682857,1
0.07580635698621904,0
0.10259525467320758,0
0.08152792217741656,1
0.05748522603943105,0
0.03950624353773561,0
0.2752653287232654,0
0.0037460565743907643,0
0.9931492823735976,1
0.23338828641683712,0
0.09156664512593067,1
0.047549556597977924,0
0.2177607662577129,0
0.2548130890116539,0
0.007008085459084594,0
0.8605289516380175,1
0.12102156516415233,0
0.024375065770006733,0
0.988079881549114,1
0.06890195792784348,0
0.061307031240979665,0
0.03003861680333652,0
0.11134008072464842,0
0.17565908326857754,0
0.9964706299853057,1
0.0020820737830675117,0
0.20163750217457568,0
0.3273276925655693,0
0.011714931177363812,0
0.03565512512667214,1
0.057315156489299225,0
0.260334825789453,0
0.3358977282319027,0
0.6470262720051723,0
0.1923135246288776,0
0.22873991787782103,0
0.07771667647588304,0
0.0411964750204884,0
0.9963577359984843,1
0.002411218946885724,0
0.02607766714982792,0
0.03926450329269754,0
0.02153544545378939,0
0.004181706042236211,0
0.018892602384914494,0
0.35417819400489703,0
0.003634400656289072,0
0.03728143408904175,1
0.14339182908907017,0
0.24473694878110508,0
0.05302405450829442,0
0.05349937862979894,0
0.25180391808277697,0
0.23406462238014586,0
0.0734226410357285,0
0.13688032026271907,0
0.13245564074293872,0
0.0017127815159792847,0
0.16654170515385436,0
0.05636354384325461,0
0.20514249349610628,0
0.17147078378835193,0
0.016755408669394012,0
0.042221394102710204,0
0.06141428473988923,0
0.12860085507327002,0
0.5536429630490184,1
0.06452807844727815,0
0.26115558534184796,0
0.2811007778319975,0
0.11603009795198299,0
0.002459401319218032,0
0.021025003080667223,0
0.03027391835985939,0
0.2638711603469481,1
0.22585301706579053,0
0.01719763383267766,0
0.005790153093269984,0
0.11205642159996121,0
0.016772224144873997,0
0.19177933771944788,0
0.2957644109891556,0
0.9968249461229335,1
0.0029823085061967806,0
0.35805785521504613,1
0.07250861451965193,0
0.05481871259957487,0
0.03404603847752486,0
0.006815836427447692,0
0.21362229974012262,0
0.0030643065014440895,0
0.1175833200032313,0
0.15247729856060732,1
0.006871126750980847,0
0.010489472140117731,0
0.1000764361108689,1
0.9375733235213264,1
0.19786460750888354,0
0.0046099213232813595,0
0.0802884911939557,0
0.017418091236106322,0
0.10032512298795707,0
0.09584366636692276,0
0.1743567157634991,0
0.0655379486557425,0
0.2840107774175095,1
0.0417494433495401,0
0.14230059769249562,0
0.9021385730245486,1
0.17090313690362208,0
0.01899377807784084,0
0.05459691118441407,0
0.6576170796319155,0
0.2135409796754347,0
0.2931263312451209,0
0.9074451421278502,1
0.0008071927032032938,0
0.01670909918136681,0
0.2258709208660471,0
0.062272910733191036,0
0.9865409019391497,1
0.022321971864513908,0
0.003564330014688092,0
0.06080909603852801,0
0.0950352006304696,0
0.15172465001672109,0
0.07370978221329771,0
0.011642383819920355,0
0.08512437763476173,0
0.0398806217889327,0
0.00438858334344156,0
0.2016478820173984,0
0.1804247397711954,0
0.010299416047464724,0
0.22445708702932599,0
0.10500255347494948,1
0.1938876823535968,0
0.12168050670492629,0
0.17185388767121812,0
0.17686606703544194,0
0.18112110129381026,0
0.9734229634483508,1
0.1318030502067216,0
0.1798833722405683,1
0.001449066101276423,0
0.10588118947647078,0
0.09534658414484294,0
0.12585423265101037,1
0.009605282235191337,0
0.0006841367048695398,0
0.11251646120369291,0
0.025352300803149878,0
0.013206069999988952,0
0.01961443916971634,0
0.10725971363330539,0
0.0003159412992138438,0
0.046694715418215856,0
0.004443767904071175,0
0.028053013766041482,0
0.26815393771027807,0
0.02018473439025146,0
0.055781153574136405,0
0.10907894254329832,1
0.003058578803835531,0
0.0004706559794852215,0
0.49974885308322764,1
0.24320394197581327,0
0.14567067018627158,0
0.44153434131955016,1
0.24882429307594453,1
0.12079572443372212,0
0.9964963065160005,1
0.0051657400510816956,0
0.13871159035639113,0
0.9203057831280859,1
0.016686104300187878,0
0.2451015381539823,0
0.21119790355229462,0
0.22462648941490582,0
0.8945371613373732,1
0.0005765418250702492,0
0.0496046352903025,0
0.16078704466294047,0
0.00390205433154799,0
0.04183317870487689,0
0.09276123232898646,0
0.18821792129846615,0
0.004380322316804242,0
0.0419446295935764,0
0.08762439056585605,0
0.12470339797409805,1
0.04170350128897211,0
0.13066090003350347,0
0.0081038569889309,0
0.0875131871820859,0
0.2673490804724517,0
0.08770334812696963,1
0.007173805478201587,0
0.9074472993967052,1
0.012401159925407475,0
0.9809696655548948,1
0.20739159891666736,0
0.12804419875458067,1
0.10758191324746988,0
0.8901965774588383,1
0.05987823550256544,0
0.1744961023153497,0
0.3859583271599566,1
0.003373829594304415,0
0.10992467538697229,0
0.46070144065617463,0
0.11950380070924686,0
0.040337165124295506,0
0.14971946171422365,1
0.9690249930046522,1
0.1532861332553407,0
0.04802042938380125,0
0.13255917254807711,0
0.003122542013168008,0
0.03557621300787558,0
0.0024391458842194396,0
0.10743145289070614,0
0.46837230438075944,0
0.25489453092418185,1
0.07891319603663581,0
0.025985686662527003,0
0.1164585580468139,0
0.011385102832269354,0
0.014695273707555566,0
0.12818229137447257,0
0.25703640154944785,0
0.02170087927291148,0
0.9977506561350478,1
0.19731420261965746,0
0.12761114663138648,0
0.22184438622439304,1
0.0282143087199555,0
0.010281661577303055,0
0.09279042508167167,0
0.9970967286062156,1
0.7547576012360839,1
0.02683646627777902,0
0.1775219694736744,0
0.07037889806390135,0
0.99574669242297,1
0.0025272689834160648,0
0.0020115963296622676,0
0.029937946457163238,0
0.12501995438074087,0
0.46829434793135905,0
0.19523074859463255,1
0.017759513725029683,0
0.1054563048604162,0
0.003683837850577496,0
0.10557473284023611,0
0.04480044022615568,0
0.1362885999343158,0
0.03548316398071411,0
0.049834409092300025,0
0.06315030635096115,0
0.05691200263771987,0
0.41705181758635246,0
0.2606099091253593,1
0.015518198791061638,0
0.291695864245881,1
0.0008969158165937943,0
0.07921458150181547,0
0.10633728934592415,0
0.4180744639692445,0
0.12522320490986621,0
0.19618874049391394,1
0.11541737573478823,0
0.04839896998653695,0
0.25229267079566864,1
0.08221635442696873,0
0.05828488326306024,0
0.4633961458564165,0
0.16057215350694723,1
0.06774238136231844,0
0.08277956718396708,0
0.1469295193521288,0
0.9935213211842772,1
0.9988674938648928,1
0.20947036288165907,0
0.1301871725519023,0
0.050989426492989896,0
0.1724742697105241,0
0.2091017002154318,0
0.038107533898387926,0
0.00967080189693309,0
0.0994542007324788,0
0.057582416547166185,1
0.9723063885326568,1
0.0018341153715546398,0
0.08746363123226006,0
0.1468101915016787,0
0.043852716716213894,0
0.19025479126360542,0
0.020187641660125894,0
0.21514869725007604,0
0.04755710142869669,1
0.1517641106084589,0
0.38744003157393725,1
0.12183227847755822,0
0.18692360757024892,0
0.15126898629847588,1
0.2538221824377747,0
0.04919066957355455,1
0.06955179089306879,0
0.0004656573550094777,0
0.018777370801662887,0
0.004041988301705384,0
0.2989367475352383,0
0.00639509496381343,0
0.005854463424636986,0
0.163324166001132,0
0.10730944066777039,0
0.014863349741134431,0
0.053226664753358806,0
0.8880653316911525,1
0.2635209046915189,1
0.005190792017616215,0
0.019507765960705734,0
0.19113239517824704,0
0.09031320636402075,0
0.19471550665568188,0
0.9975547483803606,1
0.2934688527452116,0
0.017762995655572857,0
0.01997924938421495,0
0.15660270258054373,1
0.21535592912392013,0
0.1662465403167114,0
0.20104637378655135,0
0.2495286945432561,0
0.01834703986638556,0
0.8653406946661752,1
0.1748050836883486,1
0.0029107039571726724,0
0.003138169277661919,0
0.013998147722110239,0
0.1529564535699465,0
0.2340380363458478,0
0.02149325534788103,0
0.1706857549999924,0
0.03242899777873535,0
0.4467865614684929,1
0.042523156363444906,0
0.10921210275882456,1
0.07723163444075493,0
0.01651679056210965,0
0.2788638910765282,1
0.2796184995371859,0
0.017570265234690095,0
0.22361561498425267,0
0.006812092089002232,0
0.9458029416929936,1
0.057382319451418036,0
0.2589870753852028,0
0.016608341157915978,0
0.20474400002049892,1
0.01233925914272473,0
0.349145337328002,1
0.08641592158919564,0
0.048504763592326444,0
0.22478193796308282,0
0.27038309659353177,1
0.226028458305409,0
0.08310111516569002,1
0.08836429393323379,0
0.07265765798648849,0
0.015928774723621045,0
0.0050149065174544556,0
0.9011959328576953,1
0.003654124160054702,0
0.15771735340130294,0
0.016233260211042325,0
0.45224126457674557,1
0.39394317300091924,0
0.06873581119657825,0
0.08753316345517387,0
0.022930244882990822,0
0.006415212981372199,0
0.09811468572915588,0
0.3389032196747479,1
0.2532930920656802,0
0.04201033820098718,0
0.03858109637846775,0
0.5302560281509436,0
0.13603444319920774,0
0.1399877968493159,0
0.185693307733377,1
0.0024097658211059687,0
0.004678769376060688,0
0.08315135951782546,0
0.13330757224972653,0
0.08213280647982603,0
0.0766861077877917,0
0.18872073630520134,0
0.2795802328604067,1
0.04910659038105765,0
0.11966166833861798,0
0.2458841038103625,0
0.2897533148680082,0
0.10604459314951736,0
0.014800786826402595,0
0.28488882422224227,0
0.37292746042309544,0
0.24600795586471427,0
0.983546228292448,1
0.17299668433577273,0
0.10794778250388326,0
0.0037956407204043805,0
0.1464947104012013,0
0.077726516158002,0
0.12030204684009933,0
0.0006716268318760845,0
0.8908405175404737,1
0.09371162788314516,0
0.02515081997073403,0
0.12587535186788526,1
0.024943333502378855,0
0.0031513823642832692,0
0.13894498234632677,0
0.024551660438644207,0
0.030029727120343262,0
0.03548844133974094,1
0.05462579752607579,0
8.583108865980028e-05,0
0.004187574898953881,0
0.0719110919056833,0
0.09166370386483133,0
0.0183378786955271,0
0.29773881826269855,0
0.026167875681817755,0
0.20294313856231627,0
0.0560928505990843,0
0.04512997947125486,0
0.08154370180823448,0
0.9906987918971808,1
0.22935359924725485,0
0.08061164829528845,0
0.9904357271088288,1
0.10498228837111148,0
0.9946659749012975,1
0.005116792552996773,0
0.1446120415749617,1
0.006479456096120172,0
0.09772640860605707,0
0.00908797034018635,0
0.0030459235548791915,0
0.10297245808945256,0
0.06187199297505701,0
0.005653199576776524,0
0.22460478318932162,1
0.012900406028677551,0
0.014295490677235007,0
0.05485765067034618,0
0.1542154535322938,0
0.0005123191513486462,0
0.13392343951885616,1
0.10056084564759667,0
0.5065539966366902,1
0.12153341215777652,0
0.013348886009087783,1
0.0039051467582207453,0
0.11096986827616528,1
0.006440701768518205,0
0.8082772573592258,1
0.042383838908068565,0
0.9888014893039812,1
0.9847445872984485,1
0.08796435953053151,0
0.2905150926594184,0
0.13415164729749524,0
0.11782707060878249,0
0.28259226724661346,1
0.16852066670037782,0
0.9884409020355032,1
0.003844922756899693,0
0.009965214237427767,0
0.007334288944436907,0
0.9988024812719672,1
0.9430043902692944,1
0.013327427255523985,0
0.2626932223326162,0
0.0387307168806544,0
0.16566905175444224,1
0.1061366815303486,0
0.1022074947714166,0
0.16347829354947296,0
0.038479301572980205,0
0.16481742680874353,0
0.13013610387015095,0
0.00825548612260618,0
0.9954359143444496,1
0.12585145872026388,0
0.19855026901078437,0
0.9981641189454522,1
0.2608226082987918,0
0.1601788148885744,0
0.9983357077083446,1
0.3177348973630365,0
0.00848475054454699,0
0.05821315270014083,0
0.15829064188126538,0
0.05046028225390455,0
0.08168813091429632,0
0.5106035684930315,1
0.062994318386818,0
0.005128217943767142,0
0.16454815810021145,0
0.01768527870201752,0
0.9956389457590447,1
0.03467600075449276,0
0.23284669876281344,0
0.19788407518625012,1
0.007890411395447878,0
0.2796482013425179,0
0.04066087314741675,0
0.00018758088639525748,0
0.00954830491433299,0
0.07772597844323868,0
0.3232664487082597,1
0.1952664575700772,0
0.08949636609145,1
0.20505460923786278,1
0.1140818852195887,0
0.10702839361298883,1
0.09629374091002392,0
0.0015717427364039963,0
0.1287643797954522,0
0.42027974922823613,0
0.06720677432626987,1
0.0009772279304068523,0
0.14073102080770145,0
0.03884152599706527,0
0.023161274970120094,0
0.08215914053093697,0
0.02971193974232456,0
0.0003581547254935751,0
0.05188434341226521,0
0.2154575889610289,0
0.2540380855690859,0
0.699189806543546,1
0.2518006382091226,0
0.29209185926763964,0
0.06718746256021839,0
0.23530595076392224,0
0.8201055255687187,1
0.0008185863713540369,0
0.015527041276753245,0
0.003141891184289758,0
0.35108999754332565,1
0.10219580529538683,0
0.019108837551676045,0
0.019659165654629628,0
0.007209261066527056,0
0.019489328530084095,0
0.16269556741492908,0
0.059304629856926375,0
0.15852719537928578,0
0.12130113852232847,0
0.355896565929905,1
0.07735694561741455,0
0.3164540231358904,0
0.12203079788411346,0
0.17194485745977417,0
0.09788377997412114,0
0.9928686963618196,1
0.14108511148069372,0
0.02318544485144659,0
0.11704627384036442,0
0.0696891885224406,0
0.06409764966894353,0
0.18450124595084336,0
0.08848273494845038,1
0.0042091201559546826,0
0.3320977339269043,1
0.30632455805978076,0
0.19360594681311502,0
0.017365712108698136,0
0.057573078611612115,0
0.0023771406082316966,0
0.14738311727404685,0
0.13751867547717786,0
0.08519256426013226,0
0.10087037376396295,0
0.1785530475307829,0
0.08049315596910459,0
0.011972855305976573,0
0.15531537322244843,0
0.02090293316438903,0
0.06280936258847658,0
0.17037795785762733,0
0.007627987357168718,0
0.020542616345502977,0
0.1124406441887733,0
0.0049893367705434516,0
0.058819911660211395,0
0.2737355838051131,1
0.027934473528193667,0
0.1555500637547925,0
0.4415009230139012,1
0.06109527550078566,0
0.18369590418589937,0
0.9897726809594225,1
0.1687465626152323,0
0.0118982833812628,0
0.07661558433411572,0
0.13952409145141528,0
0.051862285752524925,0
0.009362179169899601,0
0.6387987876330857,1
0.10676132107797473,0
0.015455137635628188,0
0.24921089462539622,0
0.02187036835204863,0
0.34370454874857853,0
0.006021685257497266,0
0.23274125707338356,0
0.007139839575233575,0
0.1391013785292753,0
0.05168801138751059,0
0.9967716903341324,1
0.018917309907517582,0
0.9894264089427978,1
0.053097288690475496,0
0.026858232555711296,0
0.09863213877212498,0
0.9985056565586752,1
0.019575650179550992,0
0.3222636918970969,1
0.0010336907775923606,0
0.08574004384393186,0
0.9942426754439395,1
0.9915049198595953,1
0.17665601624387223,0
0.09179883668554151,0
0.040496127626256775,0
0.05138924828776538,0
0.011583903087292163,0
0.13412601244029113,1
0.2360121443823665,0
0.12587109196397428,0
0.06658802326368898,0
0.18190624465233182,0
0.0864648669965851,0
0.0628971493405754,0
0.05361454606783829,0
6.65305977853822e-05,0
0.0007022246719555131,0
0.1936864892834221,1
0.0013742740419782854,0
0.0001243139043474117,0
0.004865647642457958,0
0.15171966224758193,0
0.14725534175022817,0
0.004483537629894889,0
0.0027370259776058102,0
0.002695692459792416,0
0.014392078422041746,0
0.3387901862065451,1
0.1272339390170359,0
0.001219430041909424,0
0.26836578943246503,0
0.16104182604311895,1
0.2810241513661373,1
0.016613172789915462,0
0.08780632283208495,0
0.25155142594618024,0
0.04418753787628367,1
0.3275971777886071,1
0.13123854244690994,0
0.12818204928732677,0
0.004458373873527466,0
0.15559580638174483,0
0.009134809498981548,0
0.048327664178776916,0
0.23435318465554705,0
0.007598345649674404,0
0.08544950004335215,0
0.5742645624595303,1
0.09432761553248531,0
0.3827282804819727,1
0.11694275627468878,0
0.0053552528729572686,0
0.9976961527913804,1
0.9541174277079457,1
0.003631888516976268,0
0.9891992682724234,1
0.1328686485989335,0
0.6896541042751089,1
0.17400519832667782,0
0.2660426041733608,0
0.04820674939677693,0
0.01568612639436143,0
0.11421362429620933,0
0.2422581727147033,1
0.0026453644320458677,0
0.06609505848545341,0
0.2342017047007374,0
0.15126100609204227,0
0.06995393555456379,0
0.9248945698332125,1
0.19972060584493048,0
0.01916019394445008,0
0.12604517625554487,0
0.9785131754043083,1
0.08775378799588023,1
0.24796034350887092,0
0.000625846141069654,0
0.1132675707281842,0
0.12332326405010863,0
0.005652531115153115,0
0.12766142025961663,0
0.0011265690671080975,0
0.006694495779899324,0
0.13672668912544722,0
0.42801758162862746,0
0.19813349949341796,0
0.0156860319081341,0
0.26391660643133624,0
0.08072737381201127,1
0.0030237051425812977,0
0.013772356817564608,0
0.21676593870329752,0
0.010509091020686903,0
0.04458143745718645,0
0.004120200992190653,0
0.5037807000136683,1
0.5345507160451236,0
0.01610585914861863,0
0.005149962965934153,0
0.2168049883101414,0
0.23800846247424146,0
0.19313013354707245,1
0.08357749075383826,0
0.9983121914616574,1
0.58530278115191,1
0.09949726368735418,0
0.10760646697715008,0
0.9964292228321416,1
0.17581144803238186,1
0.005466560490228492,0
0.07438726228076992,0
0.412857046907842,0
0.0208010926569433,0
0.0021447404603214064,0
0.0016627485006825687,0
0.0011929291167768997,0
0.17578392890263045,0
0.15983489725550842,0
0.0391429035008171,0
0.07400304509829257,0
0.07388148891794932,0
0.11494393873562431,0
0.10978416405073715,0
0.0027341312554609817,0
0.1291187065411343,0
0.01578566061346107,0
0.47267403323741763,0
0.9989772079435372,1
0.11651389175876262,0
0.14684386162434185,0
0.16388566347147915,0
0.012750450746723872,0
0.013924348455695876,0
0.32969224506976924,0
0.11168615496277161,0
0.7768338855554963,1
0.9929792868392078,1
0.06498279610910045,0
0.14385951915531336,0
0.0007133706011631096,0
0.18092720621295552,0
0.22310356164724168,1
0.004417458080768436,0
0.06366416145780333,1
0.0528740817391269,0
0.022282369329755507,0
0.20290338702676652,0
0.027593027955316044,1
0.08218105427529557,0
0.15037215747250895,0
0.14203102216575383,0
0.0874501052921378,0
0.015530547223784516,0
0.03562070501159985,0
0.0727076839522677,0
0.01879327043882678,0
0.04585753043034918,0
0.10619316904835474,0
0.005359043869711021,0
0.9992624562625396,1
0.1382597086282961,0
0.0007981957803469106,0
0.0016160180403130549,0
0.12731766316570042,0
0.02141201852733066,0
0.004896808580479792,0
0.03563145062218244,0
0.1417534080961546,0
0.07017156222226255,0
0.9962396340381742,1
0.16230126456501057,0
0.06320627039578099,0
0.8039890928393876,1
0.92415861478863,1
0.3431308346496639,0
0.14299487791761764,1
0.22434804994319074,0
0.2561151855542724,0
0.03953689235858822,0
0.9799897970662685,1
0.0019719467539390696,0
0.10356319367146417,0
0.10727754888195037,0
0.07646049085280889,0
0.06440382313971497,0
0.0003631394563704666,0
0.022086083030579375,0
0.04994148009261488,0
0.0002330084749759527,0
0.0012264633785999395,0
0.13155285198142755,1
0.19491690871698267,0
0.0035076964177032277,0
0.9992975461738828,1
0.021453635767352573,0
0.04390309376628994,0
0.0010790555169542815,0
0.016413261212855367,0
0.12716216737987324,0
0.12023570895605615,0
0.2550808950541282,0
0.08467320472322218,0
0.15591492702174334,0
0.9984850090298805,1
0.9509152289539666,1
0.1620559663042198,0
0.0035529603092443397,0
0.09105975545987648,0
0.0010119371500640617,0
0.4535316623004673,0
0.04440944140724318,0
0.2628148660887607,0
0.02843203144790702,0
0.10543521664028496,0
0.017429965273570616,0
0.1703540409646029,0
0.025683746024298893,0
0.0970986278307623,0
0.062469641709277046,0
0.0025429147289616053,0
0.8176636505488948,1
0.01679835875575,0
0.16569956908439867,0
0.15289624026496804,0
0.21585710800768856,0
0.2798071158141889,0
0.08253187140479046,0
0.04545556535798374,0
0.14861718035349927,0
0.2926174125722327,0
0.9940094169183551,1
0.2568141152526864,1
0.023586755087091432,0
0.004288835795785389,0
0.031424296437023054,0
0.003647692645640123,0
0.9674651161397676,1
0.18803071860622372,0
0.04559320528741111,0
0.2683584707395724,0
0.10515484169491136,0
0.0013680349148578598,0
0.300917254881707,1
0.00155708395742388,0
0.026164321749988187,0
0.05090550596394779,0
0.0847928114793376,0
0.0026949834124432573,0
0.04139338428620397,0
0.0889219286009151,0
0.36883416420687504,0
0.04501979662139435,0
0.9966494457069612,1
0.0037248265540926473,0
0.24784618364102534,0
0.9752651974061214,1
0.09900813122246746,0
0.13779921343389367,0
0.019081257390473075,0
0.014775613362658119,0
0.12139214008156204,0
0.004234165764749599,0
0.0006177798757968513,0
0.030965031619885827,0
0.0052032580835700585,0
0.18997167993855485,0
0.21954521246342917,0
0.16015172135429995,0
0.09959482182728173,0
0.09572855332566368,0
0.0006299950334557517,0
0.0024599582275963896,0
0.38450989224544985,0
0.002882326826368435,0
0.2702975594710599,0
0.9978263315793083,1
0.0780465217258232,0
0.15402547201113595,0
0.02062636885197344,0
0.0340233580402913,0
0.020044911777158968,0
0.02130573338620652,0
0.23752712563751285,1
0.996560837692206,1
0.6036498764400666,1
0.04240887226015961,0
0.24030530284290189,1
0.00024901581796550696,0
0.035956953437097455,0
0.24478837492339803,0
0.05612214549491028,0
0.014384907318445288,0
0.08834622276715944,0
0.13482094957839996,1
0.9367789647011131,1
0.005639943969217475,0
0.16528580410941768,0
0.16413594385534952,0
0.003487427327131823,0
0.2337523171513508,0
0.14028850359867373,1
0.014236190912959096,0
0.1958441176820805,0
0.004704036137326796,0
0.04281009388459328,0
0.22402484424125346,0
0.040402954288033324,0
0.2728608532885037,1
0.004754098356482358,0
0.005281145874005978,0
0.08628190683818554,0
0.37324353309704583,0
0.3321122130185141,0
0.1748967714758471,0
0.9714499854961652,1
0.25687057020117743,0
0.11363610502466522,0
0.16388486112582154,0
0.09629252648204295,0
0.019115663928835527,0
0.11532423293813977,0
0.014577135537580862,0
0.23067106704881377,0
0.09670600594518773,0
0.0032377063720237594,0
0.09962846892028535,0
0.34020746147987485,1
0.047937462762709146,0
0.06703520913016589,0
0.1324550533916057,1
0.11376785802204624,0
0.044407617502920965,0
0.06474394604070362,0
0.002455758937596766,0
0.017985156659473388,0
0.041846450585530916,0
0.910337365107379,1
0.0017937347090542961,0
0.07806351292867043,0
0.3639618477679345,0
0.23055691443736956,1
0.041463142194459936,0
0.11571491448286084,0
0.03355390218435046,0
0.38965602038878905,0
0.14650183052261262,1
0.06394372501285181,0
0.19454175684400388,0
0.15751549088765884,0
0.8261820614747135,0
0.1334919595835586,1
0.13850380161193554,0
0.10323550574338974,0
0.298255606906998,0
0.0014818244829592957,0
0.2241717632832505,0
0.17335675235412992,0
0.19983924217239452,0
0.11935179362281263,0
0.06170724758041968,0
0.09236023377723757,0
0.06964881967000475,0
0.0020235489344683833,0
0.2072437110807644,0
0.29263827438170203,1
0.05718891008310017,0
0.003148994197101883,0
0.08283468746049095,0
0.00584391332584185,0
0.7882724473954407,1
0.021364919742209176,0
0.044646128836424444,0
0.2059684752027981,0
0.08980196893011211,0
0.32091479680847157,1
0.027206901314100435,0
0.5269984902089623,0
0.09911630386244209,0
0.3348469643665283,0
0.01683601414572344,0
0.05574786259920181,0
0.03034930135167932,0
0.028333053330021545,0
0.07249622073399031,0
0.016819616581005496,0
0.12828981543432175,0
0.017910165861359774,0
0.3001057901798254,1
0.04042235424619707,0
0.15207167145545253,0
0.1073153758084314,0
0.0018150191358191922,0
0.973158229808575,1
0.0011446689191112651,0
0.9972540977679696,1
0.20737894592167186,0
0.017580898604363234,0
0.051295385264670264,0
0.0546643887319356,0
0.1228650462119308,1
0.10312930461785677,0
0.11795557446499402,0
0.1373392569405259,1
0.04934649376892644,0
0.0030848588004753217,0
0.0011558619664093286,0
0.013111487904207192,0
0.043496286671133755,0
0.06600674692964541,1
0.2499011764290502,1
0.0432293521553401,0
0.0760736238626651,0
0.01987242141110055,0
0.012589559796931878,0
0.8416692334965746,1
0.0012233738744262888,0
0.2831039877245021,1
0.31815226991936374,1
0.10222997520927556,1
0.9964788186511117,1
0.05218539010751729,0
0.9256687996706918,1
0.29451511632626387,1
0.2011639066065934,1
0.5976684624512022,0
0.10020158671506242,0
0.9990497907604401,1
0.0011005508022188353,0
0.25145088887472294,0
0.9987723072123859,1
0.8827563633310136,1
0.20620506893407625,0
0.06411418021193999,0
0.015350947456477092,0
0.001227016644723431,0
0.9905357051798951,1
0.9961149865943817,1
0.06922711475726157,0
0.15977327981168396,0
0.0021528136373236578,0
0.08371348527852737,0
0.0007044649211473348,0
0.003993939635557489,0
0.05497110132290214,0
0.19072505722857694,0
0.030604435749331266,0
0.03722758755811182,0
0.03693465473227262,0
0.21044848626833934,1
0.0026444145332975284,0
0.1832750432177881,0
0.09688695551166668,0
0.2166063963417984,0
0.004680187252581433,0
0.2033019078209035,0
0.9663990416648577,1
0.06935495653119318,0
0.1063037460202867,0
0.0221031715639378,0
0.9955990521085055,1
0.01313584404748531,0
0.052191059474941195,0
0.19781393510539175,1
0.05341349283260765,0
0.9812473478433745,1
0.02238396772817232,0
0.18145306933698363,0
0.020854743969129275,0
0.942836542385256,1
0.0011020656567509908,0
0.0550713279967873,0
0.25171989964191754,1
0.9070458520488438,1
0.18847169582955742,0
0.02117126208174012,0
0.4473539498621206,0
0.9959305932183571,1
0.1728001830068099,0
0.10945324184915284,0
0.42252215210407396,0
0.11718705806442907,0
0.08136914061336281,0
0.017278940889617418,0
0.573119997651215,0
0.08332163292839198,0
0.1979320116962746,0
0.12827455780563526,0
0.17290491600147384,0
0.24092943441088846,1
0.9953523027912721,1
0.16237309145763879,0
0.1360659693011423,0
0.03788901216788124,0
0.06956721291325488,0
0.0031364652460996326,0
0.15980352905794318,0
0.09026261511704003,0
0.030183117394556726,0
0.7969593273279068,1
0.12138114798446345,0
0.15859298757273946,0
0.0888783907477943,0
0.1709789847998675,0
0.0971671532129805,0
0.004523178242256513,0
0.5713781376908927,0
0.15884082231737182,0
0.12087498161175753,0
0.12086170104773927,0
0.05332715224550494,0
0.0912160777039601,0
0.08402507880568799,0
0.009305869017375921,0
0.04727933268280927,0
0.8159107907323186,1
0.10277735096256656,0
0.12111515528203884,0
0.6956821422825293,0
0.9947052466409232,1
0.18130494386411367,0
0.06659923704416576,0
0.04973875362170882,0
0.21328375657769572,0
0.24613750286141248,0
0.13255442625634484,0
0.023417149299180505,0
0.24068641367162658,1
0.4002889814890212,0
0.057287411638199864,0
0.9237348801618154,1
0.01692252147357136,0
0.07193927187440073,0
0.9976856938857791,1
0.18411800613746762,0
0.9954654169163338,1
0.13151787712058763,0
0.021589687219672245,0
0.03504172088848159,0
0.1294234595917431,1
0.04559241355233901,0
0.24795621723890124,0
0.15549595328283122,0
0.024159911671229117,0
0.028995980884660207,0
0.2826973017966844,1
0.0011322109610407314,0
0.06987335362731238,0
0.07132864460187438,0
0.18636779407470455,0
0.0588210815818468,1
0.04505282475837029,0
0.9974730895608311,1
0.0014232651205565011,0
0.11613139207881207,0
0.0883633472315648,1
0.9980012575958254,1
0.22052499559682778,0
0.1834690817176237,0
0.13270147638962101,0
0.2456552777439824,0
0.05187364949278406,0
0.04212008431604419,0
0.007349597934846677,0
0.005733024670936512,0
0.10400356139916309,0
0.0028606218166524625,0
0.11509410832577578,0
0.2576348113497463,1
0.06720178103916247,0
0.07221974519494012,0
0.05725072839471145,0
0.034748283468206326,0
0.006930472146618771,0
0.14267073904679908,0
0.12606224780993033,0
0.022237023091258995,0
0.0009754293228720722,0
0.009546871798863706,0
0.0003971587798379764,0
0.0005887912482390988,0
0.01815519844888643,0
0.049009366793805346,0
0.12589953761424902,0
0.11513833790209413,1
0.03779858731919844,1
0.003245657254140532,0
0.06748616202189847,0
0.09730734499092794,0
0.01490466764470937,0
0.20380635641292097,1
0.16130469480849,0
0.10430175212943398,0
0.0002703436263253372,0
0.19042830316952267,0
0.0036404833033019395,0
0.0581775574183604,0
0.30879685818752606,0
0.634891635596631,1
0.1084329081430561,0
0.14650513945693144,0
0.13038850646170064,0
0.10342917631807283,0
0.4090066753284265,0
0.005606974895952024,0
0.4254760907040719,1
0.06646699349401826,0
0.20711392947651586,0
0.06950811686130003,0
0.11876581860141741,0
0.048553678591099304,0
0.05296793403084574,0
0.15278323095501972,0
0.27789716648573876,1
0.0021479605226700825,0
0.002609385010494165,0
0.13593277519180802,1
0.5338642975997905,0
0.08454539725342138,0
0.008247477880481241,0
0.004039990147561534,0
0.11447010584438184,0
0.2994463970416307,1
0.16383510593735534,0
0.17951117913502562,0
0.29869890948511163,1
0.13493349856988804,0
0.9820767353132145,1
0.052977887483807405,0
0.32490804384609584,1
0.7113707494177842,1
0.8945041395614786,1
0.11829737859997404,0
0.0045314500013942365,0
0.004506653831203596,0
0.012604858985792005,0
0.1024549084559327,0
0.978833742175132,1
0.1233139592253863,0
0.05820884442989315,1
0.08401898808804237,0
0.19060788717776228,0
0.01789218999455559,1
0.2602450876971501,0
0.006035660255693859,0
0.2892661272339784,0
0.06634742054999894,0
0.9737077207388393,1
0.055608628504471534,0
0.05972508270519604,0
0.2218427332487613,0
0.054000418034761966,0
0.0741300459981688,0
0.07145031102487338,0
0.10387405102579582,0
0.07375397319132845,1
0.13642461141276274,0
0.02686454177982094,0
0.36162707843065117,0
0.08631767993683549,0
0.006470727976861291,0
0.0028957727321395252,0
0.14878503682016306,0
0.0999383227590312,0
0.00035870602410137246,0
0.9747417982122539,1
0.1987986413690321,0
0.021116873319038925,0
0.047207239269415203,0
0.11915102112215967,1
0.0038086319340187467,0
0.09361594398742207,0
0.0114010767485479,0
0.004207206302975495,0
0.15234867125666746,0
0.270560521610105,0
0.0012818948977402743,0
0.04021614766339992,0
0.0036051740674126363,0
0.023334897919628814,0
0.09549741669590188,0
0.04668498257402232,0
0.01335443104430399,0
0.005595914881935372,0
0.008662928439671123,0
0.47349868299985415,0
0.1129798508227104,0
0.22755888459170262,1
0.0002992105837563438,0
0.11161748726788304,0
0.004573905272999376,0
0.03694090483714154,0
0.01582219781373137,0
0.0642006813663502,0
0.2929529640476612,1
0.9891267006308534,1
0.04505040232634523,0
0.0017656916223758514,0
0.02094683037428459,0
0.01578244423338271,0
0.025964520118400385,0
0.12061109423008158,0
0.9274298464279748,1
0.051663528628311285,0
0.9550192910257307,1
0.049416367829612944,0
0.0001613994530889023,0
0.10383773366764912,0
0.043298890938495836,0
0.0005302176034327764,0
0.1534848371416149,0
0.06660200136548619,0
0.9924127028830931,1
0.20448374215290663,0
0.5139728083281757,0
0.4066157706445652,1
0.29438714613952,0
0.052830315908239944,0
0.11739539807539214,0
0.09968165110896948,0
0.9688549747535158,1
0.07128982235769628,0
0.9859229935043636,1
0.04401952178846325,0
0.1717078701342107,0
0.017769022576912843,0
0.0188189590010074,0
0.2169670429810815,0
0.9973825284584446,1
0.11331721337461514,0
0.0015427631634933265,0
0.8969610323912995,1
0.9971483838068841,1
0.0019108391515166088,0
0.1831225319767251,0
0.2631142425376631,1
0.02407668444746612,0
0.012611078981308262,0
0.22345686264658973,1
0.04582243597551179,0
0.006332025083054701,0
0.0160815571691588,0
0.022189718349264104,0
0.993451177668889,1
0.024285707837409198,0
0.04317175070651522,0
0.00043535022032844834,0
0.04084483213312856,0
0.15767630826619905,0
0.10758078906340625,0
0.003688339454994486,0
0.023356433951631478,0
0.9966436935680731,1
0.19254001675703347,0
0.2408661424576551,0
0.086921208405202,1
0.19934063593484733,0
0.11338628509193949,0
0.6289041093527445,1
0.05225393980327011,0
0.9726262708049878,1
0.05714082356086723,0
0.24036768048363044,1
0.3823769356431612,0
0.060254724357342575,0
0.09747434539275165,0
0.16514340430333865,0
0.0020773927137707994,0
0.10139310479693328,0
0.09131444018319369,0
0.08583976513964106,0
0.0036669411975298535,0
0.024198013235895915,0
0.00161727094582442,0
0.9981591196348975,1
0.04645147742524894,0
0.08340957392021398,0
0.15952361512626434,0
0.05314380912017659,0
0.016599317728033358,0
0.026106183583152295,0
0.013724775150502674,0
0.04291001011469836,0
0.19794627250281482,0
0.13475628281856003,1
0.0006564944597920416,0
0.10883798657909072,1
0.13891728521938695,0
0.15027060260254663,0
0.09954587948814965,0
0.04735834214722284,0
0.2940177204863967,1
0.03413127177555124,0
0.0893344483218617,0
0.6279282098894188,0
0.0012619252770314114,0
0.12764070811516925,0
0.0961699707655501,0
0.004977622415319087,0
0.11530292470483382,0
0.06056425543590435,0
0.00037865540259299837,0
0.927178747542323,1
0.0047539518224987455,0
0.0006714660642211795,0
0.9903082883380285,1
0.22446017368375726,0
0.6748615523273007,1
0.11761008100617279,0
0.9580790171161846,1
0.18221417559773834,0
0.25771506198733846,0
0.5196182965403335,0
0.12594248057535654,0
0.9152393503886442,1
0.048898493606509184,0
0.1543886279806449,0
0.024320515707978704,0
0.0013051606484469622,0
0.19949965084020627,1
0.6153049430202322,0
0.03155841534263717,0
0.2271479115387352,0
0.038265308397756694,0
0.003723649965377741,0
0.9996094255710348,1
0.9778293045737361,1
0.9706618420472276,1
0.014217544773509857,0
0.01820697323544171,0
0.051776329731689164,0
0.06974652867935452,0
0.018197259754050756,0
0.05387337910335725,0
0.0806200567758735,0
0.10838570659300945,0
0.0272896359021817,0
0.9801616195628947,1
0.018241716731948198,0
0.9395672450854786,1
0.18112677768755833,0
0.07647197154940963,0
0.01820909355109124,0
0.022226667517801425,0
0.09698729322191575,0
0.02320488480619437,0
0.0013934104673765002,0
0.00048634616911329734,0
0.021034320870739295,0
0.04382345971469034,0
0.9028989042141591,1
0.8085071485468257,1
0.23248173895220603,0
0.09365250730242439,0
0.550634214142236,0
0.1092954002067781,0
0.16959206150137,0
0.05493973309993035,0
0.08965646129194141,0
0.028695694887219667,0
0.926361774953742,1
0.2614502897104313,0
0.9987302900350293,1
0.00038056168338293446,0
0.04904771389586023,0
0.22202338831290996,0
0.03340198435538644,0
0.04910583812470729,0
0.1310734502112366,0
0.0010714339322889592,0
0.10522259166111626,0
0.39534110230703384,1
0.0029997613718665953,0
0.013053362234863109,0
0.1276743254684784,0
0.10208920509744981,0
0.07891397593798183,0
0.2696761827687461,0
0.07604115906764773,0
0.998785027368654,1
0.026297847750320735,1
0.07027037763251019,0
0.008702875995946475,0
0.08174349611845416,0
0.27555464851517486,0
0.08499378324809231,0
0.04190361563672178,0
0.09264342007005798,0
0.04038186234760554,0
0.015366958826886625,0
0.09652548114539954,0
0.14562040011887412,0
0.0012936464355910468,0
0.9987626014906499,1
0.1978434568323937,0
0.09931953304992416,0
0.17585081457113583,1
0.1991147598232943,0
0.14334638368976835,0
0.02160676109144099,0
0.9555103210219893,1
0.10230133329860534,0
0.25175188601748144,0
0.0016480828180228818,0
0.1919595219261322,0
0.13948534014329317,0
0.07207453024372731,0
0.048210951045878865,0
0.24425635450645927,0
0.08600953019571296,0
0.07120729432333335,0
0.02206439921464756,0
0.20991415980155367,0
0.05685680796685713,0
0.25517300628407397,0
0.1956766795774224,0
0.2182380190727348,0
0.022147337475044094,0
0.9470791645228451,1
0.14786200422972243,0
0.18544286286165138,0
0.003193392153113795,0
0.5443844482786139,1
0.004547287956413198,0
0.833328104661813,1
0.07958916577096803,0
0.9436303657826399,1
0.004217512404412858,0
0.23124789814206737,0
0.015788498865048198,0
0.0023529717387059217,0
0.996178535648395,1
0.017596451371522687,0
0.17693235669638493,0
0.02100300584511269,0
0.006108460697625416,0
0.24015296654413895,1
0.08718839272509132,0
0.09020159620438614,0
0.9489289596331437,1
0.9516595159848502,1
0.0121021570214329,0
0.003812254358557474,0
0.0176044474340597,0
0.21452673488246948,0
0.19031812724732697,0
0.6515138802857598,0
0.012574231129566384,0
0.12536616104353568,0
0.000964586709472363,0
0.05722978212506938,0
0.07385165971693167,0
0.008039958716847888,0
0.9941472488063944,1
0.13681948296265503,0
0.021024917462983836,0
0.08867382441642384,0
0.15783358960715213,0
0.9096493492496394,1
0.04987885233863309,0
0.1428257056873641,0
0.0973028643138936,0
0.05437242994207015,0
0.1623627585287543,0
0.0023064367993420316,0
0.0011385681912004012,0
0.07121897874081326,0
0.0845445737868541,0
0.023886367256465754,0
0.9994107354296183,1
0.0855526843407605,0
0.22625922009489594,0
0.0027974782366454744,0
0.08890016746399176,0
0.16166987068713146,0
0.10720698448593316,0
0.9877463748350618,1
0.07001755681956623,0
0.00029551595316511936,0
0.0007761818411993185,0
0.022383962405111642,0
0.30817992990616394,1
0.000977496557908494,0
0.32236534117885807,0
0.10667831878636203,0
0.1394255168480779,0
0.9930144774925034,1
0.861024097756028,1
0.16136942040695404,1
0.13570326457862733,0
0.004156274186480033,0
0.0344349966208324,0
0.17505938338935767,0
0.10608432910166232,0
0.15992054772073375,0
0.09931466591225291,0
0.04154222751083836,1
0.12064233319417304,0
0.010465385675488992,0
0.008202871749671891,0
0.02082441765661638,0
0.04696852927434723,0
0.1258460210756421,0
0.01195311933160754,0
0.10825189521315447,0
0.812174961908965,1
0.10604779610826708,1
0.02538402730762774,0
0.02385462118624873,0
0.19246765087664414,0
0.9979942924847333,1
0.046243061083833845,0
0.13634400338281497,0
0.19849247227307237,0
0.11029952022942983,0
0.00809146368457275,0
0.16981020231785923,0
0.44371815354699473,0
0.013761019540069171,0
0.1460733024907432,0
0.08212831476786017,1
0.003497833115249471,0
0.06660678368977059,0
0.0004387579360512074,0
0.004783288527017463,0
0.0008218736966976988,0
0.9944141131707334,1
0.09549364764234962,0
0.0003469265304837733,0
0.008733223417829276,0
0.15246974530171778,0
0.2378622997289053,0
0.10786348994371744,0
0.11306054360517791,0
0.006558735645900448,0
0.022188015340269217,0
0.1615537581821566,0
0.9974009929765402,1
0.02070731204502496,0
0.16256281528112035,0
0.0010267404183406561,0
0.09629968563727512,0
0.003725564387615241,0
0.003431970714489791,0
0.07905514468510451,0
0.5275880695878352,1
0.12051208550633384,0
0.15336685993738342,0
0.9973781369991664,1
0.14568789885754418,1
0.03887539584078278,0
0.16731949276315933,0
0.02386321905349068,0
0.04134755721052358,0
0.013387751224653873,0
0.0015412432900062494,0
0.976577754421671,1
0.005281193500259526,0
0.11622715998916985,0
0.11814614318203914,0
0.22300027344980122,1
0.05983152683409288,0
0.10515738391721009,0
0.05141844090436157,0
0.023939030968640657,1
0.06833275121144676,0
0.0013817057957557356,0
0.147036119402004,0
0.10765408400547982,0
0.20842622286994064,0
0.021112589905312635,0
0.1933366363266767,0
0.15222699431323153,0
0.9955504915579417,1
0.9628361902399282,1
0.017654457873756156,0
0.003058154318655565,0
0.9904030323507774,1
0.0053716965976349325,0
0.12069781306949505,1
0.2956099154263673,0
0.13298541275516915,0
0.1678476629884623,0
0.07719684822569764,0
0.10892220275533798,0
0.0065517932305130975,0
0.005819689579590449,0
0.05160677244820841,0
0.9972912336032749,1
0.027135327262081416,0
0.04441070207610099,0
0.00804024542243688,0
0.28641686131554994,0
0.0010403241535965773,0
0.09411721693189096,0
0.887352806553979,1
0.009142016795209476,0
0.051162394220318035,0
0.045585463105392604,0
0.038701270300740415,0
0.004173544545774735,0
0.017591066164662238,0
0.1710679589699415,0
0.22465282506072962,0
0.10202523505810793,1
0.019215941769640994,0
0.997951088458284,1
0.012383946088475041,0
0.11782039961311945,0
0.10582361568904966,1
0.1531331096126802,0
0.2860992418917709,1
0.02737813820786939,0
0.9971057117051556,1
0.18886156020711795,0
0.1357449017015335,0
0.05933529773956901,0
0.083655351800186,1
0.13921323931044835,0
0.022886949203320246,1
0.015369111935027347,0
0.20963856216135324,0
0.029094167807917647,0
0.8814706278491897,1
0.21131817628211674,0
0.01490957696176245,0
0.03278443112801557,0
0.164077920720569,1
0.0029816770564601654,0
0.7454583676238811,0
0.004273256309722589,0
0.07034261918865063,1
0.024686352770309453,0
0.07027972631598901,0
0.05144693377413243,0
0.9345583712092943,1
0.07189319413109715,0
0.17892191640976668,0
0.14895620037919316,0
0.012506321950973865,0
0.20482023171415967,0
0.044186521844248455,0
0.016671614001569912,0
0.06001035078421646,0
0.024810658482107714,0
0.20513421154372685,0
0.9951935499949401,1
0.007467242108249568,0
0.10592186703150684,0
0.009596317946379386,0
0.10252475891330622,0
0.03843219761175559,0
0.1398317555120818,0
0.007905917107210995,0
0.005295350053613881,0
0.07651276237092523,0
0.19158433299606642,0
0.052762310153788426,0
0.27277856278691714,0
0.24315977585670343,0
0.7469291522494448,1
0.16580418860268037,0
0.9997567183911715,1
0.030826754183115878,0
0.13700199551678227,0
0.00048316659258561354,0
0.022604308275708383,0
0.0011497811554863006,0
0.09557115027656711,0
0.04337008575634422,0
0.12623345051350857,0
0.9381439834415938,0
0.003962029358258922,0
0.025085684219806212,0
0.025171054130607464,0
0.18377146756160986,1
0.102284965641243,0
0.003224963959359438,0
0.11952710355689825,0
0.15465313226236993,0
0.15485975965653284,0
0.12929071106005857,1
0.1189702347400098,1
0.18167794297306353,1
0.023319278089953897,0
0.0009486941209385148,0
0.23629773312529476,0
0.19713776443314293,0
0.40708180868713084,0
0.004972191683884043,0
0.887442106526414,0
0.04236299394032041,0
0.016835726221372815,0
0.2405448238742892,0
0.21378951218100437,0
0.08858883741384758,1
0.16599021169647782,1
0.11040605175535853,0
0.023383846976139454,0
0.15645939994037053,0
0.01923465014281129,0
0.1301512268204793,0
0.08368073879332186,1
0.01155938799652794,0
0.13770937736900551,0
0.046439395991053206,0
0.13600627808923788,0
0.170471454890051,0
0.9955600233351881,1
0.05133404491698478,0
0.0843016349103179,0
0.1467922649392932,1
0.022327708418345412,0
0.19306510107036426,1
0.0014749483823289452,0
0.16256625239778477,1
0.23958674208024297,0
0.9993724660665394,1
0.13588058003192174,0
0.08055340293464322,0
0.24321667602121314,0
0.16781130565455973,1
0.13902029622292275,0
0.09929025919687667,0
0.019903563406411397,0
0.11143692988297507,0
0.01282505944467352,0
0.0017212897806984744,0
0.17541715118791298,0
0.22676022580412997,0
0.0011262849988898616,0
0.3711596491080471,0
0.04485850655458653,0
0.14323433061116614,0
0.18850800913150262,0
0.08521223887760201,0
0.17279180796217614,0
0.10811203840993149,1
0.09031542681458478,0
0.20143770458726515,0
0.12295321956827616,1
0.09528158809886125,0
0.0003087464676134142,0
0.12008039509672085,0
0.10781615267336916,0
0.18316218793853398,0
0.03626450247244195,1
0.10572541671905875,0
0.0021026153007745194,0
0.0800519451694155,0
0.059491764434268374,0
0.06541789887262037,1
0.0298323446224595,0
0.08324738815964478,0
0.790723191501137,1
0.0006585789640367932,0
0.9885704520499305,1
0.153783105928098,0
0.06712674197240669,0
0.08790495672826044,0
0.14934971322245733,0
0.8783371046225317,1
0.0036684934415820818,0
0.2592318742985225,0
0.14481513566550824,0
0.2299723027186139,0
0.9534904156089665,1
0.17110265010430853,0
0.2992242794833267,1
0.8446984357337629,1
0.06677535862792322,0
0.05223216849436496,0
0.8446114096618417,1
0.24712071674250352,0
0.22715172892056437,0
0.6660085620633012,0
0.13817132446979913,1
0.08683355851468556,1
0.0018777452639848853,0
0.22623478640938827,1
0.29099073827834426,1
0.14181355511641158,1
0.11570219718254951,0
0.2723570587411555,1
0.03697646646747199,0
0.05064643174192037,0
0.09086708733702993,0
0.01684390370208954,1
0.06252357277357007,1
0.16334985171507455,0
0.10973595885755118,0
0.018454178409527733,0
0.9853767234073691,1
0.09701244350858124,0
0.0021367096136305683,0
0.1329348202308338,1
0.018901592037691924,0
0.17241478075743197,0
0.0015691498715777988,0
0.31212201515553994,1
0.0327564708182526,0
0.018140451740336398,0
0.0885144984400734,0
0.11080211301898218,1
0.11661157310714163,0
0.05422955187424611,0
0.08947189041548778,0
0.20435041503713391,1
0.09273480384219723,0
0.013210698896365922,0
0.03504957783208379,0
0.10952207358210525,0
0.23822050510522852,0
0.0895412724688932,0
0.1539456813076897,0
0.2696522558574186,1
0.002023846990129111,0
0.02396064965351146,0
0.14392691179976586,0
0.0020195538065760016,0
0.9969170099393436,1
0.09648547357281231,0
0.21757025017325074,1
0.0034006316078050726,0
0.013327828687626863,0
0.0027303806750619965,0
0.0026808445160177944,0
0.1598121301871728,0
0.13392812008553723,0
0.021715653282119295,0
0.9737635260912035,1
0.6090515666553872,0
0.04163784271727977,0
0.109634162122713,0
0.4313460686095758,0
0.0032509251446463435,0
0.1360338741571233,0
0.1171270863552144,0
0.2896509960328592,0
0.018214178508941806,0
0.013833291495558562,0
0.005017920139163844,0
0.2140719821580982,0
0.014925828821902003,0
0.18110937775082728,1
0.0598740082554067,0
0.06250216540165458,0
0.003823503831805322,0
0.9835842293029312,1
0.18944561069245608,0
0.03794795170594296,0
0.13569587844134876,1
0.006155102377460019,0
8.475030138140587e-05,0
0.16285655593813828,1
0.22366347083027452,0
0.998531128367673,1
0.03362678865673663,0
0.0002535587063477505,0
0.06599667569196968,0
0.2968120429848331,0
0.10367740644201494,0
0.000880232300488551,0
0.1046081314281903,0
0.9886819646446988,1
0.13048287672291992,0
0.8303391931886123,1
0.10174968729987065,1
0.00589252018439909,0
0.057266542483435406,0
0.17828227381781292,0
0.0917480159790247,0
0.06979947597930024,0
0.0021991684221632146,0
0.046003350871827296,0
0.015299106540549702,0
0.21992445054518514,0
0.005680649333697596,0
0.023947181544513165,0
0.25435777763119116,0
0.024832591525035613,0
0.0007157536415440368,0
0.17708733487810352,0
0.07539702782190351,0
0.14844323525162775,0
0.004515796874447871,0
0.035349585325646735,0
0.06340482794614472,0
0.04874050824494247,0
0.1882777818231871,0
0.9970391666352567,1
0.16770247466160926,0
0.021527926143533552,0
0.0054393299969801865,0
0.19288173173010537,0
0.20661731128350005,1
0.06385257390660737,0
0.053598065311703046,0
0.19591417457956609,0
0.10407605405875482,0
0.0017244639857510453,0
0.004773547139365704,0
0.11592244048908631,0
0.190874916423321,0
0.003113860688571342,0
0.052470076824784856,0
0.2085802395923768,0
0.16871731302489285,0
0.021575321958054967,0
0.08465606437790942,0
0.04139353582821198,0
0.9044069134581699,1
0.06261081562555615,0
0.12271674167534893,0
0.1328613307774437,1
0.1171325923345014,0
0.19139827258308834,0
0.3745104808989121,0
0.9988897532518458,1
0.05454438135337787,0
0.012484663157187686,0
0.9716177503271678,1
0.19782025643487675,1
0.00109060423825775,0
0.18409780052607824,0
0.060537665111753666,0
0.04345084715430761,0
0.9872781058296899,1
0.22125265403640815,0
0.14753339156895198,0
0.8324277317753923,1
0.0025111498181241755,0
0.0010086079895606918,0
0.05651222356883381,0
0.01601650299091357,0
0.28293637055254184,0
0.18257091140273796,0
0.0017315504166953823,0
0.15706857541055746,0
0.3609307688679743,0
0.9882926386636306,1
0.04363473807849619,0
0.10683264796518559,0
0.0674401582955226,0
0.16637044966327377,1
0.13979142622090018,0
0.08489756019393019,0
0.1805097188162613,0
0.0008255460200928438,0
0.005366936998898884,0
0.9627508018704004,1
0.9979939644909721,1
0.11626177946929886,0
0.05938576033367861,0
0.01060740829799539,0
0.01309030633641078,0
0.9878119795653332,1
0.17620059808325142,0
0.0021297479024191238,0
0.02377377955424567,0
0.0019941931313546724,0
0.007527949532859626,0
0.08369033796677017,0
0.05166125975685172,0
0.00544301176878918,0
0.13911318572535494,0
0.04753672499839958,0
0.1310481898818485,0
0.07212965769703159,0
0.02652544054044938,0
0.0645690154325046,0
0.003346021136362962,0
0.0334848734005417,0
0.6894992026120207,1
0.009156044868503138,0
0.06563235255312358,0
0.17136293716505413,0
0.10807618847738673,1
0.5183269206186256,0
0.03494591372625603,1
0.006244664414457342,0
0.06578953122311114,0
0.9938861738470358,1
0.09812812447199276,0
0.033704398253253706,0
0.19365836431973105,0
0.16764265136047996,0
0.1046379338728191,0
0.012071518051714334,0
0.34760208318004693,0
0.13964676187359862,0
0.04052039569689174,0
0.09899796158953393,0
0.07567728999286275,1
0.062333719868873504,0
0.14169759938239457,0
0.002864496259510341,0
0.05213794296522086,0
0.014447008012946416,0
0.4237010316512094,0
0.02167005332208736,0
0.11473789168724371,0
0.044207870642962235,0
0.9275347315638519,1
0.016058417390139135,0
0.224732683044128,0
0.18372342701138739,0
0.545661737227941,0
0.002249839219429071,0
0.03764907774162814,0
0.18756042840592174,0
0.0116775248595404,0
0.29146901968310307,0
0.11611197752618048,0
0.2733522428542057,0
0.6503399756650871,1
0.012121187982430798,0
0.21257518663239597,0
0.0016947529970375089,0
0.003105322682412527,0
0.9537201296444147,1
0.013697735179172936,0
0.21007695258793602,0
0.03518727057303326,0
0.9750066265987886,1
0.5069526970624089,0
0.2579329718481185,0
0.26447556608012823,0
0.15194891138484024,0
0.19878364205107807,0
0.036939346588353364,0
0.17537775524940177,0
0.06877439009795493,0
0.2421845582438713,1
0.04631118814406825,0
0.003918637945614208,0
0.8088734663163614,1
0.12459440245531166,0
0.9354835605829765,1
0.03624296859637237,0
0.0015293885013431031,0
0.13537500782793416,0
0.29363110455273134,0
0.06983264690859975,1
0.8969691717639365,1
0.0872678351494398,0
0.00805797616562294,0
0.09737359257125397,0
0.2336210040455759,1
0.0101122311785356,0
0.267499826048877,1
0.9781820108041409,1
0.1658874719324201,0
0.14386268804298266,0
0.15634361811867994,0
0.093697104947441,0
0.01713964893529256,0
0.029401779829429268,0
0.14331580259290383,1
0.05482269415213757,0
0.027154829232709753,0
0.9984003434422126,1
0.0010869215713160615,0
0.15214003296029746,1
0.012616135807085427,0
0.17910761253292448,0
0.07741396675496737,0
0.09872667178064984,1
0.014255495200134501,0
0.20302797290927077,0
0.2400171223784691,0
0.042437164853753,0
0.996950038667608,1
0.997358847504762,1
0.1568309454730119,0
0.004787438828919685,0
0.01056872868225213,0
0.13409791223018502,0
0.06581433116393155,0
0.1253978448288385,0
0.9989960705512032,1
0.9540356527365196,1
0.01852768008068064,0
0.4536039689147746,0
0.9992810749254122,1
0.5309198425521656,1
0.003996442759951272,0
0.009181776164755661,0
0.36164227738746035,0
0.0010301054436139521,0
0.9995222808049105,1
0.006753510870971403,0
0.13248660721129119,0
0.0005650804406855213,0
0.10128551875556742,0
0.8605081549240325,1
0.07802791658520003,0
0.9930638188650913,1
0.31478891885286187,0
0.04456503422868246,0
0.01589715391577289,0
0.005436140108086449,0
0.007123026352958349,0
0.36502185609399707,0
0.0665437779140031,0
0.14850198544006282,0
0.10876458280296028,0
0.185397871041499,0
0.37849683818186963,1
0.2561169752454919,0
0.2324054823260057,0
0.18080238674064894,0
0.9815617421379745,1
0.14634353150680643,0
0.910595194728445,1
0.15017864570447262,1
0.09208559924615924,0
0.083703891150169,0
0.004987375789656668,0
0.13806733467798127,0
0.08695423024737726,0
0.23183177693268228,1
0.04392368411361466,0
0.004175063404371853,0
0.9803747883541272,1
0.11595310283770915,1
0.03977768687166776,0
0.0025475442804232785,0
0.18627442930774069,0
0.14220888209312715,0
0.0002749354945980997,0
0.012948791261438095,0
0.11202995093955978,0
0.12648233999250832,0
0.13438633179078105,0
0.00038898113072222205,0
0.005500989711909053,0
0.021229178774553128,0
0.000979355200093921,0
0.001244159583150013,0
0.0459622069288124,0
0.08823924392606834,0
0.13503796892210126,0
0.004048016011072892,0
0.9091356254335126,1
0.1124461277776117,0
0.10072999225329975,0
0.19825993350832402,0
0.0020445343720470145,0
0.1575035671102261,1
0.07474314998493775,0
0.44207587483236,0
0.9969007430916331,1
0.17723987783532674,1
0.006897590082207587,0
0.024234346078222786,0
0.0010216770142624616,0
0.18538593172635418,0
0.09460042524468379,0
0.01696739482409806,0
0.1978608236850533,0
0.35745253216022527,0
0.1927602134808866,0
0.003562563737729829,0
0.09021174504093642,1
0.7628432947726265,1
0.0040886280312363125,0
0.013396909914327017,0
0.36624298241590014,0
0.017027162791513485,0
0.9721580952427314,1
0.33690596161278474,1
0.08628657204115224,0
0.011293629814780187,0
0.005069999408995243,0
0.3795649153996942,1
0.04348427338495781,0
0.19076343790790914,1
0.05277550189504724,0
0.20524564801300546,0
0.021220305720042146,0
0.1388485349112731,1
0.8467926724425884,1
0.0005548897150668986,0
0.08344928877495221,0
0.6152125886964787,0
0.04990762794973058,0
0.08880916647641685,0
0.2877130384270616,1
0.12427361125779465,0
0.03644081642824495,0
0.0009102237673089236,0
0.09110769845029315,0
0.9219249384655841,1
0.00022582294066026364,0
0.1574974556401305,1
0.13117914528322816,0
0.0039496017496649365,0
0.9964877368910446,1
0.019660976143214097,0
0.9312290258460227,1
0.10645450061781787,0
0.32944546279826675,0
0.2301733034728094,1
0.037635869056816866,0
0.08458285626293394,0
0.0015345345688034032,0
0.29368868494692923,1
0.0008013129261981294,0
0.23781818863693477,0
0.9975938507262944,1
0.19065877297782977,0
0.04961541653634782,0
0.9984122715092928,1
0.0027991265429851736,0
0.9941892573897417,1
0.09427866367614204,1
0.9820170646733895,1
0.07039125991443256,0
0.015570456620482545,0
0.06832549653749476,0
0.2581577011220339,0
0.00573662698639553,0
0.0006827486256242492,0
0.005685755696069798,0
0.020005830341417393,0
0.0050653292907170775,0
0.1644396798958477,0
0.9959024008740198,1
0.19468316541732886,0
0.022854519541761275,0
0.07512936015135913,0
0.4415550965873893,0
0.3059901467675797,0
0.01555192721469849,0
0.05264366589036848,0
0.9198367435444137,1
0.053508273238835696,0
0.29922949774333973,0
0.042852249009511977,0
0.00896858697074541,0
0.21076689059041628,0
0.045005737439163924,0
0.16883742898527718,0
0.0936879302467491,0
0.019267003371692043,0
0.3020017891096458,0
0.16662343857655965,0
0.09375992511461402,0
0.029428479063141444,0
0.015636436527522564,0
0.19499772779814714,0
0.43565671009367934,0
0.9770741305839503,1
0.12215846475620233,0
0.029477856725856587,0
0.038100139253784096,0
0.05671678458700124,0
0.0035071191538264316,0
0.047025096884843666,0
0.001410526096009428,0
0.0031237971232289663,0
0.14686673901219854,0
0.03989157491463453,0
0.3586991317434779,0
0.06630626546639819,0
0.039237187971157564,0
0.015409233464359198,0
0.17524054470220957,0
0.1265137359949776,0
0.12308894901085848,0
0.18716726272810721,1
0.04442991499523438,0
0.09115436739688818,0
0.01692080636943225,0
0.08700623076978466,1
0.09509135588247916,0
0.025913268840571026,0
0.16686895894916795,0
0.08882494771819009,0
0.26172538013433455,0
0.005417546960181068,0
0.04689215884664608,0
0.22111225803315732,0
0.9154617531509828,1
0.041818304178199615,0
0.11841299714417296,0
0.0027788829450669547,0
0.010710026695559576,0
0.33301565268306316,0
0.023402970008593486,0
0.015233689084896123,0
0.028631693434985395,0
0.11472092443995353,0
0.31458715724404296,0
0.03196025743250465,0
0.20994078387482099,0
0.14082678999982312,0
0.0010467770052869046,0
0.9910010083097688,1
0.22212843476600813,0
0.9924288972441909,1
0.05788443955955726,0
0.11467508136421743,0
0.10469146303446901,0
0.18893467464054828,0
0.010004234134245183,0
0.36740575686023197,0
0.25025625104274163,0
0.1574514534069059,0
0.11674163579386085,0
0.6330093822410552,0
0.013205369128767618,0
0.0064056743283373374,0
0.20244546141698685,1
0.009945745030161782,0
0.03268142809639188,0
0.0002636464413095357,0
0.10222698773913007,0
0.9967873474900462,1
0.004523073194710151,0
0.5516764235703442,1
0.003792460046285895,0
0.9902516233762861,1
0.019187675424435502,0
0.005736191108328671,0
0.016841776348013197,0
0.044966043443598586,0
0.21073085116215667,0
0.12653055188800438,0
0.09843870464355248,0
0.3520466466845279,0
0.11530089687578562,0
0.14163862816255413,0
0.19467457767039265,0
0.032847915469296246,0
0.34972039954979256,0
0.08040631790103597,0
0.022335665210684176,0
0.17107738829175298,1
0.9974943639711575,1
0.08067475404986611,0
0.22351915265508224,0
0.023089349342089324,0
0.08841991414450538,0
0.05673720471780297,0
0.0024024637383581837,0
0.006097030237623624,0
0.13921221773444675,0
0.978544618940174,1
0.09760605763601542,0
0.01416914870697141,0
0.7798772856209869,0
0.0032060943265782432,0
0.09876429441540613,0
0.0032136291034410183,0
0.04578800105709726,0
0.0013211477072234362,0
0.09868383043520043,0
0.04293219410892912,0
0.00029002622777287644,0
0.1296909853655247,0
0.24686289391439048,0
0.0599968605038369,0
0.2535278434267631,0
0.22602365829230284,0
0.11162366233702442,0
0.08918037506378307,0
0.01566155634235348,0
0.059706669759594294,0
0.050497559296850944,0
0.027887351852706695,0
0.2383399504462174,0
0.04113568069262406,0
0.00458405943354109,0
0.011822129949937102,0
0.41502467301340773,1
0.005340193536842691,0
0.04748517905634934,0
0.023225832785418725,0
0.05700614381341805,0
0.3743470202552232,0
0.9810854702501077,1
0.08277765623992114,0
0.025876760860199605,0
0.009894342710549753,0
0.04431482633371226,0
0.014068238332412091,0
0.001799029094771744,0
0.22288051674877726,0
0.051184339209317024,0
0.9958013799536263,1
0.3840383864131077,1
0.9637604991917968,1
0.9821949405499594,1
0.04800186578348078,0
0.016700322593562904,0
0.04665737545274789,0
0.07608981386619022,0
0.21927631208751405,0
0.026119807996669946,0
0.01664816726316633,0
0.08612982697306255,0
0.20348663063042147,0
0.12898831246775952,0
0.09216963356521964,0
0.21281343101309502,0
0.05568264847076091,0
0.10310405576484892,0
0.244116595063444,0
0.006630206277933634,0
0.9967759282151455,1
0.06689351893540137,0
0.06882855473453076,0
0.0036657664420792326,0
0.009842553914196478,0
0.00011999749048403304,0
0.09059817044572677,0
0.1990883726888273,0
0.04377036465237107,0
0.08670153528666145,0
0.25886713955846896,0
0.24614554005387146,1
0.1477024000574364,0
0.9979394735347098,1
0.9767363152507617,1
0.053297579897732955,0
0.004159540657547324,0
0.0745837788066079,0
0.6941269008935841,1
0.0633977049023853,0
0.021367656170455173,0
0.16329749578572972,1
0.006266124765360276,0
0.08875862251030373,1
0.004660960448493621,0
0.09999441830122667,0
0.013649685266344256,0
0.9985710793130442,1
0.11625462773607662,1
0.04283402019415385,0
0.07054551271931768,0
0.5966656297223427,0
0.16214542957675498,0
0.3628437032231662,1
0.028425090422684516,0
0.16141352367645742,0
0.02373208917895697,0
0.23549329404078273,0
0.021834945399826146,0
0.06156619107121523,0
0.9966804982082492,1
0.23465664946760198,0
0.09755146162409359,0
0.016166039969852147,0
0.14813491226374947,0
0.15068910505953542,0
0.21677998654038022,0
0.947192865546216,1
0.24409638168444672,0
0.015572149943909765,0
0.24350831054153005,0
0.1010153703564833,1
0.03935453448693341,0
0.020751915065843823,0
0.06248910085955645,0
0.9969574467081812,1
0.063790303250691,0
0.10194359492698421,1
0.26865132036710376,0
0.3882750866776987,1
0.2539250888924188,0
0.07288225127171284,1
0.26860882926451374,0
0.0883699817134465,0
0.15179119037330369,0
0.12290519111650863,0
0.07189516812147893,0
0.14950919567021423,1
0.04828715239963457,0
0.0900128893873432,1
0.2654514552562861,0
0.8724187868121155,1
0.004812901864266311,0
0.01226281820849018,0
0.05095542410075702,0
0.2892791936670876,0
0.07995384863951306,0
0.04087900582809723,0
0.008826231490632074,0
0.5294376569901962,1
0.0520644459576976,1
0.04581505744906538,0
0.015332734338800254,0
0.9949601991782788,1
0.12940251639624534,0
0.07833920546367183,0
0.4339643770637767,0
0.2785435310046243,0
0.3263684285703665,0
0.07686277906899104,0
0.1275956610870421,0
0.06500199371139946,0
0.05082952076414192,0
0.2192145905679199,1
0.12943449888357142,1
0.008035087188545193,0
0.30903985419004154,1
0.29182364132914485,1
0.12156873944451489,0
0.0047936426610476575,0
0.99647476886618,1
0.3207144504420321,0
0.0407011765468846,0
0.999024328579447,1
0.22284577950465906,0
0.07853544117337871,0
0.1883101942335631,1
0.019170615170697142,0
0.9880486987519116,1
0.9869171589796899,1
0.9983473339391629,1
0.10932039289838012,0
0.05846015901761146,0
0.27434925188263454,0
0.2870321156863704,0
0.12093351168119103,0
0.05011978308050633,0
0.009119730243715833,0
0.022832830033567047,0
0.016934396518814638,0
0.0906174719409179,0
0.1200370233439651,0
0.06170436142874284,0
0.07267787194253403,0
0.16237669494170662,0
0.008327785890679886,0
0.03743219940541741,0
0.20326826513766097,0
0.0036401023407496196,0
0.015879999581570874,0
0.07662418816606158,0
0.24520099067984927,0
0.0928456177835309,0
0.007085852316990024,0
0.0019229144065022591,0
0.15097608565650256,0
0.015530816417537596,0
0.9857191449061542,1
0.23482816381493982,0
0.054853563473588475,0
0.044187092339811114,0
0.016770844316925354,0
0.333435862128379,0
0.0852417390037439,0
0.9993280315145416,1
0.9980298241505806,1
0.17318820305580265,0
0.42067899160568456,0
0.0673126821559235,0
0.11666531845139388,0
0.12168039017066086,0
0.09669241556455173,0
0.05412354447850151,0
0.14238458878744656,1
0.0002503128337511222,0
0.20520240459716194,0
0.0908934958297438,0
0.0025037187047420198,0
0.27109845982133834,1
0.09309810626803186,0
0.0273757069341319,0
0.10613668719622998,1
0.44774688262119217,0
0.028905166802718613,0
0.8831120475220696,1
0.0623360698765983,0
0.17008534882805984,0
0.004610785084357745,0
0.08137788646592477,0
0.4316071829224314,0
0.08694811738873821,0
0.14865201564256272,0
0.02055146290880203,0
0.006929897552915386,0
0.2558291475205077,0
0.998657110094091,1
0.021962886696600757,0
0.12104954002816039,0
0.0066402729229910135,0
0.0063494646865277634,0
0.01337796807071003,0
0.029768513632000945,0
0.18993030250863363,0
0.10666280710399768,1
0.10704419002059327,0
0.987003811015971,1
0.07893528153068555,0
0.14870611590298494,1
0.005694363464734784,0
0.24411893632897402,0
0.20943093181356856,0
0.004974265289612242,0
0.013632848707050154,0
0.23580379472682161,0
0.026705040882874606,0
0.3047910906560319,0
0.34703078237213675,0
0.17839851295999173,0
0.020326680701119752,0
0.9895333396184995,1
0.41814644479756075,0
0.9983051815867485,1
0.3415049288392624,0
0.2630605201109641,0
0.8794090906035545,1
0.009206413030182197,0
0.2850189264707481,0
0.04791783315398433,0
0.1232692762155154,0
0.0984458399122896,0
0.08885534411237885,0
0.16399893239729174,1
0.3317755665084764,0
0.010066022511606662,0
0.21199461110798717,0
0.1694632356230059,0
0.028105584893897147,0
0.01818841905504969,0
0.016650449376532296,0
0.10631126396077177,0
0.10393743091819602,0
0.1481788885514406,0
0.07600242632655227,0
0.06091002164160926,0
0.1739697353394459,0
0.010295806321417298,0
0.0008116032504228365,0
0.02484667963629687,0
0.5542186222969387,1
0.0645064587595899,0
0.02170366981746689,0
0.9969613532679396,1
0.08911133256667364,0
0.13418062769057904,0
0.9990829619133661,1
0.07332967227946884,0
0.16306007617589285,0
0.0008681257371193944,0
0.06128415985271807,1
0.0636828870072456,0
0.01847811635426922,0
0.08462388831410124,0
0.11565009235306331,1
0.09218414710551229,0
0.11278025278121045,0
0.12282539145869031,0
0.1158582205902009,0
0.04518761510894664,0
0.2695526006642472,0
0.0010473756592559427,0
0.02034052381402114,0
0.9216802978277914,1
0.9128245638452048,1
0.8951030180384826,1
0.05575556892244178,1
0.07414375509754484,0
0.004858704800810973,0
0.0019036554270589544,0
0.15992627558160305,0
0.002485700075431491,0
0.13309573625205834,0
0.07400899559104987,0
0.197763122293638,0
0.08073688900046447,1
0.9987270310450688,1
0.08168850215948784,0
0.3443219076891869,0
0.003930185748973949,0
0.07914446588332587,0
0.29906613491987133,0
0.22707458025087868,1
0.5212161968074875,1
0.022807736881189828,0
0.16985173134531759,1
0.004124795107112022,0
0.1842240886798551,0
0.07949363252382337,0
0.005923777906340614,0
0.13541598615471054,0
0.15670880093012118,0
0.7806830070626265,1
0.5643457418135601,0
0.01752264517852385,0
0.9817097790065883,1
0.208041513331109,1
0.21733336548899226,0
0.7726545281743035,1
0.07455744947446932,1
0.0692107804261609,1
0.9718997932665273,1
0.4063730879904513,0
0.10989573335321334,0
0.11846205347073559,0
0.07890317149873298,0
0.6512647068554979,0
0.02167553895322706,0
0.842150831084305,1
0.05764327413724559,0
0.025171840442324768,0
0.2288503234532718,1
0.012146888531365103,0
0.02478879321302454,0
0.3157117931912844,0
0.23812177294521583,1
0.04844386638852626,0
0.0014057517837169947,0
0.11867085376676245,0
0.136313344069268,1
0.006436029981852729,0
0.08541483279025927,0
0.16394288786301706,1
0.9993000802608955,1
0.0006895266268555426,0
0.011411130232506745,0
0.17754606246949572,0
0.9811753425453182,1
0.03199010682237936,0
0.15555422563035873,1
0.988351998934399,1
0.7164345116148856,0
0.14276376491888942,1
0.21085218069586006,0
0.012410343641905852,0
0.1021521477396326,0
0.17915782015453274,0
0.2958923104928348,0
0.25298637436510757,1
0.06047836615952448,0
0.1032472791077471,0
0.2807904774123439,1
0.0239185455599811,0
0.9963683573793642,1
0.0199179610031731,0
0.015845223877082162,0
0.21551384638735072,1
0.0034371060670081136,0
0.33435428750624413,0
0.9969204771459447,1
0.09836406304327612,0
0.15938728797023044,0
0.0880490688197394,1
0.0016891848072473781,0
0.17981742021824515,0
0.17026554973542507,0
0.026966070202261123,0
0.11495082262794873,0
0.09973511362085405,0
0.154713682878508,0
0.09726174135780467,0
0.05016044878339265,0
0.08735202781132019,0
0.0037909925854232836,0
0.0015836428521701787,0
0.06015654058284955,0
0.13917138134942678,0
0.11025570605316792,0
0.4873386897501095,0
0.1679416764863358,0
0.11163164435077663,0
0.1395706692319778,0
0.006003860461826625,0
0.015724133741502076,0
0.15906768055022433,0
0.11221435274875924,0
0.04037262497844294,0
0.11224977719202751,0
0.12992895229822463,0
0.33109715117488026,0
0.30953858607435625,1
0.01818994996826184,0
0.06969925779123999,0
0.07317470837654085,0
0.016895419873093922,0
0.03123718930967765,0
0.004688197505153527,0
0.12978779356978454,0
0.07775933935600556,0
0.04762280906294277,0
0.7805017717740227,1
0.020635501591527352,0
0.022901689596399027,0
0.10468038314731574,0
0.2745899429206524,0
0.25237424050133234,0
0.001123440366103839,0
0.15474228387930422,0
0.18557627971454893,0
0.19276608120576022,0
0.24645794251039976,0
0.34678740459513513,0
0.015968387454971325,0
0.20599603838872846,0
0.9975010670209947,1
0.32568176757408895,0
0.08244765298493406,0
0.0016342014624933087,0
0.07670002164463441,0
0.0210949748766518,0
0.19428661167889938,0
0.07169274696403341,0
0.0002592474823672046,0
0.1350818485715003,0
0.16442914321703056,1
0.06366108357240445,0
0.02599119151967892,0
0.00043858670956630185,0
0.14157777697761792,0
0.013702799857003529,0
0.2611319621438156,1
0.12645430431607166,0
0.02697939328715788,0
0.005567351807256219,0
0.0894327019787368,0
0.5028291819338175,1
0.018338305038370497,0
0.9974375785473942,1
0.07617849602525059,0
0.1717075940647533,0
0.18434146067119012,0
0.995048863783358,1
0.25731731572948074,0
0.0031252589330797277,0
0.19022979381877642,0
0.2151583863505584,1
0.04687781072092762,0
0.2374154069470026,0
0.11305566078192847,0
0.0010661799546478035,0
0.1927794117954764,0
0.9980414449176817,1
0.2473176228259671,0
0.012961882167491803,0
0.10357622213656299,0
0.14675799112008317,0
0.9970177778653547,1
0.09378327868186148,0
0.0042492063867248615,0
0.05608501723219825,0
0.0057239894140293035,0
0.8956670018844887,1
0.9912288277712573,1
0.2154280933487272,0
0.025711891279797366,0
0.9896920010182545,1
0.33870380393452393,0
0.09981683074842525,0
0.9372960682861841,1
0.8114827233729514,0
0.9789970367561909,1
0.8621712353690119,1
0.006089661164188742,0
0.015888733127016295,0
0.2858223383339307,0
0.06554984728740947,0
0.08079236703701177,0
0.0023297555267834066,0
0.07401398466856866,0
0.04883414737725507,0
0.022948969454002877,0
0.038428180429828714,0
0.10733632933561213,0
0.008042109148623036,0
0.03301357949801763,1
0.18582533227132372,0
0.0006890891435438425,0
0.0014542225940670792,0
0.1396616078476088,0
0.0036143683746589477,0
0.09863232935569682,0
0.06179899375579153,0
0.008929605350907078,0
0.583196531153766,1
0.06725266726939554,0
0.20084123142194954,0
0.05854741745553846,0
0.1396689635423016,0
0.09270056943846315,0
0.0018175395076809981,0
0.3777697191597419,0
0.2751048547169416,0
0.056619409893495044,0
0.24486121798380125,0
0.0010685852189160664,0
0.03865089496449473,0
0.04275914456812091,0
0.2504266845739757,1
0.010815747293182467,0
0.020132093976855444,0
0.3835324285364089,1
0.08955655659769073,0
0.40296868199893526,1
0.011640928758802823,0
0.07899767661094036,0
0.017890981901452344,0
0.9837378977623128,1
0.11378144080348523,0
0.0117297063069445,0
0.06417234537006886,0
0.11779403659895714,0
0.9971677557349988,1
0.0767922862820518,0
0.09739871807796625,0
0.1583455643707677,0
0.07011112976969291,0
0.02231509905319399,0
0.09184268664599117,0
0.19159101670600212,1
0.0002763687942740844,0
0.04292647327797436,0
0.2389761497246948,0
0.01745543712727746,0
0.19853001082221025,0
0.13076646211548024,0
0.0012956951961675585,0
0.04436576356057889,0
0.02243347983235832,0
0.13671494654382985,0
0.007684690226054494,0
0.11617714075151048,0
0.0003843851777045019,0
0.05201019809873113,0
0.06621760402571766,0
0.12731592878454212,0
0.18347356669432907,0
0.0022523116268994008,0
0.0032282915201106025,0
0.011296253335196215,0
0.04093402119710258,0
0.01894498985860993,0
0.17353009628759297,0
0.8027650753595555,1
0.053885800715755855,0
0.1415802604633322,0
0.0007909444054793764,0
0.1574227083992986,0
0.05637177959017886,0
0.204271926806207,0
0.0003736514546373611,0
0.023545046267681235,0
0.5311976390258563,1
0.19182331893822377,0
0.05098500614476686,0
0.08278643707785203,0
0.04753272543740737,0
0.3833114780011131,1
0.06360508361882289,0
0.27913452547002937,1
0.09432058020825736,0
0.018294840406565656,0
0.09798715350782713,0
0.16089096682588633,1
0.037885912357371994,0
0.02933655212075702,0
0.1452654976315139,1
0.07015252013543155,0
0.31567466820063494,0
0.1212632760038958,0
0.19266611940849374,0
0.9989778783698656,1
0.6647276115319558,0
0.0015680947837948727,0
0.1072490358961604,0
0.06516904662160167,0
0.12236406633672356,0
0.23216552400275875,0
0.1910929287384304,0
0.1378891190873823,1
0.1843375931969955,0
0.044486225371004225,0
0.09316481727493206,1
0.0026105520077438398,0
0.0845243778267801,0
0.0021132616950280347,0
0.0019022793257944973,0
0.1141888594243464,0
0.046488301962018606,0
0.06687256634006253,1
0.190408353501456,0
0.0340143176889216,0
0.2715963237921771,0
0.005783863420427266,0
0.27661457517292426,1
0.044959362667241445,0
0.08843833249274971,0
0.13945495212237552,0
0.08769503817495894,1
0.9865275279251887,1
0.00785292771272995,0
0.016342733798995115,0
0.003536982743752484,0
0.9921833361468053,1
0.015767553935507335,0
0.17428415359484772,0
0.013416339386687516,0
0.04137954648547068,1
0.16386196185350602,0
0.02006731751153058,0
0.18267321468191933,0
0.029028998474631564,0
0.1511402803567036,0
0.06763098981234127,1
0.13658908224867947,0
0.001127769114576489,0
0.20860930757685206,0
0.16648289015011508,0
0.0021397368000796338,0
0.25283119289710204,0
0.02932508959977385,0
0.1715803476956657,0
0.0018458204649551225,0
0.06870006437249004,0
0.00042718811783775654,0
0.05539348341538055,1
0.13152813808150218,0
0.01055465410977894,0
0.012389478482325562,0
0.0010585354735121076,0
0.1731843084534689,0
0.9905916563952099,1
0.06745504931721029,0
0.12362491272573335,1
0.009616736381444401,0
0.025039346845122712,0
0.022434310290055385,0
0.020741673163509663,0
0.12119264038798123,0
0.08864327721136907,0
0.020115711838471394,0
0.8175975533787949,1
0.9876380850598077,1
0.008136357499875917,0
0.019175701180449808,0
0.9974990135181725,1
0.12730173559689442,0
0.23782504497721188,0
0.005051451723327025,0
0.06103397712765902,0
0.9984811079276626,1
0.3311020182356651,1
0.014163578328964966,0
0.013560939347953374,0
0.0019930297505747177,0
0.2100419402425095,0
0.0025673576090263373,0
0.12980082132669787,0
0.9982132217770947,1
0.04012165849036071,0
0.0032932367577796127,0
0.041834881475746426,0
0.06071309495842967,0
0.1979904946630396,0
0.0006758125467916816,0
0.0023712688660063918,0
0.11688369552425526,0
0.17665318709508224,0
0.0251224556596709,0
0.9004959192775516,1
0.2082675437171435,0
0.0014942847455083218,0
0.9833480859473734,1
0.12421930380867947,0
0.8848644701498055,1
0.06449983338710313,0
0.14839590148306395,0
0.46326885068613677,0
0.9870549335236339,1
0.20020378673412717,0
0.07029463543084245,0
0.0012216281109623855,0
0.19359615330792065,0
0.256014701408005,0
0.0974452953401616,0
0.022968812907755973,0
0.008996935133329985,0
0.9815240353810241,1
0.08868965460876202,0
0.43445066090422924,0
0.15867625610587832,0
0.9295030042460604,1
0.9973330619875034,1
0.06414563726940997,0
0.001507368212586873,0
0.0617482996142494,0
0.04969251928757221,0
0.32946795760819153,1
0.2696252743449503,0
0.004207860111651665,0
0.0015660923373614776,0
0.01370001390167041,0
0.013352109540393755,0
0.11292438337343048,0
0.08456685851967116,0
0.17129865594819174,0
0.04090595981080266,0
0.0035401067156365777,0
0.07691876961348697,1
0.13836279263526866,1
0.0002443607671480784,0
0.1085457626037075,0
0.017231483125377287,0
0.06535103114193368,0
0.07170032775416718,0
0.40169520774981554,0
0.13072346220797157,0
0.5319338584401113,1
0.3869146935525461,1
0.0009007451454755316,0
0.010944529101459188,0
0.1411790787516899,0
0.5118296061602965,1
0.029240244877741534,0
0.19835835769711044,0
0.17079424429685472,1
0.03931701088254833,0
0.00772911548251238,0
0.9921580988389702,1
0.9954035734623922,1
0.03247309537977964,0
0.3622472379634152,0
0.08809970120501341,0
0.1107531117942209,0
0.03905935715003478,0
0.1852556661725404,0
0.004134765558363576,0
0.17072820633827387,0
0.0020911379644543166,0
0.06447122708583243,1
0.20296538388861018,0
0.4138756267517968,0
0.0544276448932363,0
0.21951178794143641,0
0.01850610710743135,0
0.1536486979922026,0
0.0016611001515018631,0
0.3139261755608476,0
0.2796483708130419,1
0.04538026682776282,0
0.32626367420727953,0
0.02771965971354195,0
0.18829058648971847,0
0.006872218809683906,0
0.09621779138621982,0
0.0011064694861642552,0
0.1018110653863903,0
0.040936184524181074,0
0.02209430622028703,0
0.03326163709836624,0
0.025076318124293447,0
0.12489761391042188,0
0.002258175776430131,0
0.22301609659864743,0
0.162053682494324,0
0.005480705787738124,0
0.998835699536124,1
0.08813853884403226,1
0.023499776915803634,0
0.0007374810944542712,0
0.24044418102346118,0
0.05366033346883461,0
0.03761119347860895,0
0.21689444268225658,0
0.12621356499892514,1
0.10324016763981432,0
0.9894843262451943,1
0.24911984605614076,0
0.04070576969492441,0
0.16717351343640435,0
0.037158081850085185,0
0.22807747774173795,1
0.018920897902651817,0
0.9651828226739647,1
0.17406496649136383,0
0.4158266111354993,0
0.12372105229944606,0
0.9947540207538181,1
0.016163840123697686,0
0.07246452641695413,0
0.0438480607754071,0
0.4753524647134927,1
0.13688916170907414,0
0.09667687042994462,1
0.21240870852691035,1
0.991601954411819,1
0.08147019014455058,0
0.2119867342449555,0
0.1543652457576601,0
0.0026537920505784094,0
0.9823654830115991,1
0.12971983496648457,0
0.8067120595532385,1
0.15010175768861592,0
0.9924606534961717,1
0.09984894699801064,0
0.24210936453786358,1
0.046700363575733886,0
0.9992764446345047,1
0.09454544723477665,0
0.2622716105969826,0
0.10473332595774648,0
0.020428820650522622,0
0.2930424290304351,0
0.05474473814098149,0
0.9836071149396317,1
0.03676252477680943,0
0.8202013132953498,0
0.12486061430470846,0
0.016884477061311246,0
0.021677405542179493,0
0.9949084447461597,1
0.22380350590484002,0
0.06046507123212768,0
0.20402416876394142,0
0.32668116476227854,0
0.10435188850958604,0
0.09789400395874272,0
0.004151482475075022,0
0.06912228555916781,0
0.2856935503175209,0
0.4345905300321245,0
0.13361973320909723,0
0.0016777280564348844,0
0.24206597469583593,0
0.0007241948093405415,0
0.014642830464179192,0
0.011158745753936257,0
0.0038236590632416472,0
0.007696213263016765,0
0.2216800817682949,0
0.1837637936931847,0
0.2149689387713325,1
0.2392544654600245,1
0.0018003206372094209,0
0.03683012554979896,0
0.10377563508757534,0
0.09277776400188319,0
0.402859922925685,0
0.12852869448932525,0
0.2421927908876818,1
0.04901711028655873,0
0.9966382553317221,1
0.31298107493843197,0
0.3808120234138488,0
0.048100819653796235,0
0.04924683621144216,1
0.2778358225081304,0
0.08492675046391535,0
0.000973032975096509,0
0.1637565885001124,0
0.022776714232239856,1
0.07682926650638182,0
0.11774448753878458,1
0.018855514677337364,0
0.03496243529411991,0
0.9989612737792744,1
0.03435140616648454,0
0.1954018668689685,0
0.025818307027725924,0
0.09462016465927603,0
0.0007308459762948709,0
0.10968591866782446,0
0.924847487904579,1
0.1782232529086547,0
0.07620914481691278,0
0.000881993868602513,0
0.005576992159228082,0
0.8901163731635476,1
0.2158094652738396,0
0.11199440276871651,0
0.09603398429561393,0
0.20371564074622395,0
0.0524228952322891,0
0.029001691873587764,0
0.1668181840116531,1
0.5383712771990504,0
0.20027738504437684,0
0.06819268464084308,1
0.9786509598854006,1
0.32825417453760564,0
0.15656419014112788,0
0.06988340146512492,0
0.1399480393869767,0
0.3549317641437307,0
0.35689601452025754,0
0.13169047640169082,0
0.023920830756551728,0
0.24291048997981987,0
0.0016112525667020955,0
0.10965106984503882,0
0.016969557091628038,0
0.16734180605587562,0
0.15931731449921568,1
0.22024710924188698,0
0.1613074892468658,0
0.03160881101074907,0
0.13808712487128716,0
0.10303519043479542,0
0.002125794172607792,0
0.9902179198748474,1
0.06650818670133506,0
0.2030955398101678,0
0.7333505171918427,0
0.4513655457868054,0
0.06174616557202202,0
0.13567108238548134,0
0.0806012725975234,0
0.018969980081125683,0
0.056187014734304555,0
0.1579095307750138,0
0.19350980727178416,1
0.17748192623647832,0
0.9992915123433223,1
0.7648158205108121,0
0.032980919440936105,0
0.08443639991744083,0
0.006627776185128764,0
0.012337399649313479,0
0.03302082699061283,0
0.08469162980210575,0
0.0476276920748363,0
0.10496701035672096,0
0.05547224011051668,0
0.004956680494144959,0
0.00587075247067923,0
0.1846636352928604,0
0.016652632820051506,0
0.17388652160608067,0
0.10572941437213092,0
0.10012177339136251,0
0.2108178384760481,0
0.008703082017123779,0
0.0008396117136554148,0
0.03383561719812982,0
0.1323146814904953,0
0.13610759188110455,1
0.004394174838274788,0
0.014380127950743516,0
0.1193564251594926,0
0.05161100226633099,0
0.17712218817629458,0
0.14405344044467416,0
0.27233867319455657,1
0.07294128158224895,0
0.0005722678402104697,0
0.016424694175423776,0
0.2559814948405389,0
0.28900894591061765,0
0.006939720100292137,0
0.043397926275498634,0
0.3279088939884483,0
0.21727325598311178,0
0.17048356328621986,0
0.1104174841333046,0
0.0773247568800803,0
0.040370018714383886,0
0.13738333436433903,0
0.07056994741228768,0
0.10549375862857767,0
0.9955851961530936,1
0.0804790805584759,0
0.06916551866381733,0
0.04450807712128057,0
0.002625510812250491,0
0.146549451173775,0
0.561264178154099,1
0.18049903051536795,0
0.11068414151559051,0
0.1610047803388209,0
0.10429360634248673,0
0.08937170033342214,0
0.015413212554856406,0
0.016404673005037756,0
0.15903147273435028,0
0.10898727606411818,0
0.0003332448364403496,0
0.09632049198195448,1
0.06325412237706783,0
0.08766089885683119,0
0.009635159717590689,0
0.0008658930708743286,0
0.17279772013825515,0
0.06518087804668056,0
0.9743553643623964,1
0.16571676885234565,0
0.15722769306295553,0
0.10791275249800397,0
0.04808967019918972,0
0.03847346179770288,0
0.03753644829803114,0
0.31235857778589726,0
0.013787213866550331,0
0.018899211086505538,0
0.17098137696026455,0
0.9945464027896729,1
0.21158707084390535,0
0.0023320756722554265,0
0.9886307668000212,1
0.0003183327161867142,0
0.9993920062725298,1
0.20497520563468066,0
0.9782352267091524,1
0.054569655136490716,0
0.02777278552611398,0
0.00834530451176765,0
0.016459349670899244,0
0.16085527067351713,0
0.13064698342016684,1
0.20463117788222995,0
0.9979583676319735,1
0.21004257984663058,0
0.17183028194866007,0
0.0025099166687844827,0
0.09995429998765724,0
0.1274394697887364,0
0.22617852043779754,0
0.0926837083390995,0
0.07059084521773279,0
0.0013908690131272858,0
0.25975294858149023,0
0.07278778796381863,0
0.08861658058545048,1
0.13250994201075986,0
0.12566158738511032,0
0.06045263967903678,0
0.04335103050861147,0
0.1448915540327971,0
0.10044430377179808,0
0.2757894914594628,1
0.05466360949508731,0
0.03785897661632757,0
0.03661612163224126,0
0.07799073115545167,0
0.04806272075021836,0
0.5065027400179906,0
0.6922503851019702,0
0.1584632802743656,0
0.9980920924997534,1
0.18135061639982972,1
0.19426166362810088,0
0.10937574594981835,0
0.009415692126780697,0
0.017861623646658463,0
0.9933597352982931,1
0.6857757227919613,1
0.055736144855063605,0
0.2877070125885687,0
0.19487229108337148,0
0.1782757823822116,0
0.2705429995783668,1
0.9870315206827661,1
0.24851752434252328,0
0.052194364345853915,0
0.0658220025443552,0
0.010197394289369001,0
0.06372658504392385,0
0.006008668946245637,0
0.5831278809544439,1
0.040651439273043405,0
0.05311289968445473,0
0.04336826906708304,0
0.01717085781145481,0
0.13401659295511284,0
0.3226193405128897,0
0.0456980213100515,0
0.0831319907916671,0
0.04743620628608448,0
0.12785748262399585,0
0.2718462225955872,0
0.07479778672873631,0
0.027786564808265794,0
0.20862281190668938,1
0.9610020876702451,1
0.013838588682759868,0
0.25492801860736486,0
0.04293831739919913,0
0.00211577920072745,0
0.17981631526755834,1
0.12020142334911856,0
0.10274299018111878,0
0.16005629520001546,0
0.1623325436983085,0
0.13056031666902387,0
0.012899573066958584,0
0.07667157560624603,0
0.2319832303784263,0
0.05659509819728642,0
0.1383301469640785,1
0.07782089844726332,0
0.7407131207030442,1
0.26382927349178814,0
0.13365658311079878,0
0.9808925202779443,1
0.9926283059456771,1
0.9874850949219156,1
0.05995816809678428,0
0.03984516606622479,0
0.31394115894869595,0
0.20687978905944746,0
0.1603657656099271,0
0.055201166480540576,0
0.16653162646584785,0
0.07809167558924153,0
0.005004199032262604,0
0.13169321654446528,0
0.09545748535176134,0
0.9901710526969207,1
0.21190200976398332,0
0.02441302114827761,0
0.10672697403221228,0
0.022953697192944,0
0.04622290930200562,0
0.005189255174344795,0
0.077916684123528,1
0.16981923847446007,1
0.14996063704772927,0
0.10104039136699827,0
0.01753557674785395,0
0.18309633412561277,0
0.00512809388725543,0
0.08579240085046894,0
0.04279017087092825,0
0.35875826512740894,0
0.28760318879690144,0
0.02105932205704496,0
0.34175878988610636,0
0.06365038974730924,0
0.1787057291745746,0
0.003159847090309318,0
0.1669791718641477,1
0.10623623384293553,1
0.0007686352015189469,0
0.015143313403455982,0
0.049981409312305505,0
0.006737385465873409,0
0.1689399338978585,0
0.24590652181656292,1
0.11363166674389517,0
0.006747355550319699,0
0.996460817423151,1
0.01632795865530748,0
0.0977062028318024,0
0.6450209489312555,0
0.00795089719887237,0
0.20820221054692628,0
0.05194608939052952,0
0.003476767410941606,0
0.09190597268846468,0
0.8943488326286814,1
0.2918756424647702,0
0.9931015757657311,1
0.035413708877621075,0
0.97982690869506,1
0.200353605856489,0
0.11133023500662191,0
0.09520231427191624,0
0.017280210909550356,0
0.20041417505478043,0
0.06592523271923512,1
0.18374905490386773,0
0.08090958777349085,0
0.008659688222749816,0
0.02504567672184742,0
0.019370873474772166,0
0.17091263511812158,0
0.1418630879402783,1
0.10406323201965435,0
0.2752249184457518,0
0.0018183185105934423,0
0.10734793217400482,0
0.0984739422805351,0
0.27578741469468926,0
0.0004161487229715416,0
0.9972500464745351,1
0.9264384475002866,1
0.08389410313460992,0
0.016875896707994366,0
0.08086365485992755,0
0.09442688901203908,0
0.0077636136103441025,0
0.031224396753271884,0
0.23441772089688112,0
0.17470865465007673,0
0.0007983426108721039,0
0.22242064930410926,1
0.00019365198350354887,0
0.9306962206675169,1
0.01761973039653942,0
0.015471284426442999,0
0.014544096843582367,0
0.19551096474642818,1
0.005393976826189782,0
0.022925132743471174,0
0.7757602440427067,0
0.17687359790450405,1
0.9033736265348677,1
0.1310238224387603,0
0.9111703624897165,1
0.005303443964583959,0
0.18592612712452647,0
0.050350031128338864,0
0.05876309178640236,0
0.0030101205681234027,0
0.9981244761550864,1
0.11131366663045164,0
0.997392213567744,1
0.07599992973595712,0
0.17392848085173912,0
0.05084701592455678,0
0.08000109549752828,0
0.13871186974458732,0
0.9219279241777142,1
0.22753996665047846,0
0.3779984667339428,1
0.2571372694857817,0
0.004687992258186411,0
0.009437626552492065,0
0.0005282446449942084,0
0.9925055072676242,1
0.4116646992818261,0
0.00990844667757291,0
0.13270387548734247,1
0.024168383324919898,0
0.3828726003320681,0
0.9905783667846266,1
0.2021078765909917,0
0.36888949221173983,0
0.1677141453825739,0
0.07606984101977647,0
0.002103959712834816,0
0.18606116467319464,0
0.22129604024707158,0
0.04386032177750506,0
0.09330206046959202,0
0.0014524699247746135,0
0.043172979166187155,0
0.2715333925450444,0
0.27166805248246595,0
0.003237612256000036,0
0.010507004069506241,0
0.9899286032871899,1
0.02294085651731269,0
0.09100211738046189,0
0.9990164434379771,1
0.04284918450875686,1
0.5176029424023272,0
0.0028439386467837406,0
0.07401632858829212,0
0.270575338721504,0
0.16418290326279072,0
0.26008443209535664,0
0.8508614868140317,1
0.24719331562913013,1
0.9313390178503312,1
0.18851350151401042,0
0.14366485155819345,0
0.02538183473097896,0
0.988901798793561,1
0.11510607822465407,0
0.03514386662854596,0
0.11591811511988122,1
0.0980389448963287,0
0.01821469909957238,0
0.19241223716969863,0
0.004396297562652505,0
0.015460997156576478,0
0.03392395768738248,0
0.055506780304005715,0
0.2410777326622664,0
0.0023883616198116277,0
0.0032825283521927136,0
0.023635088522596107,0
0.9981806125840529,1
0.30771655309579904,0
0.5259574713671391,1
0.19950462848864067,0
0.9809520540739411,1
0.050376308116948605,0
0.19895594049259774,0
0.12405621678535454,0
0.001922857289247921,0
0.12284085756747716,0
0.09778219462524972,0
0.720250193838892,1
0.9832414663085575,1
0.14565439634219696,1
0.005165420099241359,0
0.2870653870584954,0
0.017651512704710028,0
0.09684969255585596,0
0.12390371986020707,0
0.11515470737494542,0
0.23488184309991816,1
0.3174048020062377,0
0.010932648068250358,0
0.0964491441720378,0
0.004729351469182776,0
0.0010714546932590826,0
0.032664520070031275,0
0.8414447987806571,1
0.16302208611422414,0
0.08560014534128475,0
0.11403661401493193,0
0.09297281661760748,1
0.04821177693220059,0
0.02244137089277093,0
0.11662868673433362,1
0.039109271753579096,0
0.9979845395548318,1
0.12318951300203834,0
0.06110574079032756,0
0.005983004833753249,0
0.0008950236304175353,0
0.045861277161086546,0
0.14514871420212125,0
0.08334221428302621,0
0.0002632839334890439,0
0.16780358039083146,0
0.01594467921399135,0
0.3366511936799846,0
0.07803032271371621,0
0.07298810881459976,0
0.23795206658067913,0
0.1105997001187938,0
0.8131244953960954,1
0.1609317609719232,0
0.13734168177906642,0
0.004762335747987976,0
0.0016630665929293295,0
0.003085748175299262,0
0.0019896141388853566,0
0.09615860798820496,0
0.07926129789421743,0
0.005727229369210193,0
0.12225757124168875,0
0.001262113781486668,0
0.12049946609197032,0
0.9943580354406371,1
0.10668995092335913,1
0.9872730562966474,1
0.14448607936801908,0
0.9861750602980183,1
0.000737080047528428,0
0.12448123777502583,0
0.003189077994300031,0
0.08779801645412885,0
0.00828489817702667,0
0.09051113419924849,0
0.4700114438747016,0
0.06701451406809038,1
0.0062588378883870945,0
0.2595653675861112,0
0.5196236118556452,0
0.09077067034291347,0
0.154790600312588,0
0.20210288491364725,1
0.052547554517979045,0
0.04891336121859668,0
0.2949038710967367,0
0.06472781566764754,0
0.30901688891534307,0
0.0005176855165828118,0
0.0719217420756679,0
0.0214172344232819,0
0.4328769030050296,0
0.9103695594335897,1
0.004223012157839068,0
0.09844828858755438,0
0.008662212773597305,0
0.0007898677286231293,0
0.9977335410946608,1
0.14286270456714248,0
0.21885144746096538,0
0.770734615692081,1
0.13287751149041788,1
0.985974760398513,1
0.9727932659193085,1
0.08624542813874309,0
0.5604840790966538,0
0.13905182774577893,0
0.2572995743704259,0
0.17684915230861903,0
0.22244851801550514,0
0.04645850927989653,0
0.005512582375199593,0
0.06921991943736087,0
0.04359886584139823,0
0.23315341213112148,1
0.08333357472131186,0
0.204874563342083,0
0.9976433758577471,1
0.18087868681141583,0
0.9378819920118485,1
0.049956751453210185,0
0.13514679383831726,0
0.08758640398531993,0
0.009534441192651283,0
0.1413641696815955,1
0.5991350379202243,1
0.07824304035753422,0
0.07543941708152124,0
0.09477645973513626,0
0.05183562056134821,0
0.21856766105684444,0
0.774603756961777,0
0.05225793224795449,0
0.1325821131795241,0
0.050519468523065984,0
0.9481602137606485,1
0.24774007445995297,0
0.24212821152869746,0
0.2428412408472042,1
0.1527773382122581,0
0.24122061761550495,0
0.15118501706912604,0
0.015893320432910585,0
0.02204862622026211,0
0.040475262293404465,0
0.3604940386270669,1
0.004593716303937462,0
0.0004027771207474874,0
0.0029143944042436497,0
0.08774854811558092,0
0.044550129035097336,0
0.13380428256098348,0
0.02542266568356409,0
0.9970505801430364,1
0.9518768705375187,1
0.4235621406190764,1
0.004722278889792968,0
0.8340849199063137,1
0.18072638193991147,0
0.24730332454519524,1
0.11706599409122316,0
0.1415200195349299,0
0.1636953189657092,0
0.8631774282134951,1
0.06335226483710066,0
0.9565924999767057,1
0.052329815074349924,0
0.11882774184532705,0
0.031294918002719274,0
0.077643572252903,0
0.07142138862787767,0
0.08682303301184542,0
0.22103218711243372,1
0.0009622605743791343,0
0.03796188808927356,0
0.27563100243116606,0
0.8975101208821314,1
0.3249836889358198,0
0.08311379805861811,0
0.14727397761064415,0
0.33079872268827465,0
0.028590389637210376,0
0.8768703127022733,1
0.2824931278650813,0
0.11637465664854083,0
0.16393082513204613,0
0.04166214629054727,0
0.291520797521761,0
0.4773265437378644,1
0.13843393115906663,1
0.015815161061069182,0
0.12814411246463234,1
0.16340678546307774,1
0.3249278621842112,0
0.015212559393334114,0
0.088794122114091,0
0.019107542726477755,0
0.14339914799243345,0
0.9980316787474424,1
0.15180815786350427,0
0.9065222782648924,1
0.5818627929425736,0
0.09206889144590368,1
0.23487620921153934,0
0.16607032161454324,0
0.05571182295498452,0
0.011324687390274027,0
0.1438375730845355,0
0.08074724057560402,0
0.10278869620451811,0
0.004523199912168285,0
0.013282127906711181,0
0.6674982496668238,0
0.2565103305758298,0
0.9911112444848342,1
0.24964995586439548,1
0.009793154022938538,0
0.09014626623913359,0
0.23838975829262712,0
0.9966815595983446,1
0.16266978802839083,1
0.12587181373249504,0
0.3549525305506287,0
0.4047255812227716,0
0.0008518132462443479,0
0.008441479526769675,0
0.20019242248933888,1
0.0009822691859565197,0
0.04612666039655867,0
0.0014300625926395275,0
0.020555031856599064,0
0.0003509804960947725,0
0.019160765846610802,0
0.008818834537180664,0
0.08032756799231218,0
0.3926164448460207,1
0.025305935468164967,0
0.0450732908174648,0
0.16577203421436307,1
0.11364787282965079,1
0.318541585193418,0
0.24242346321383768,0
0.05945281960233929,0
0.5036811294790614,0
0.23954165179267387,0
0.9981130790127087,1
0.06831990630561847,0
0.3661907479912574,1
0.9987195367792963,1
0.020118381496095527,0
0.17585781907434964,0
0.28683118485782094,0
0.04590276553859002,0
0.16242783448196105,0
0.12685430630318006,0
0.1246983195480763,0
0.00039526655403655114,0
0.02109005563336438,0
0.00039573652601233194,0
0.42359525793303976,0
0.06421890401487687,0
0.4319703389631192,1
0.06091103597334261,0
0.8937190422476319,1
0.06895855305712877,0
0.02651600959020973,0
0.09276221173881531,0
0.03924017394363894,1
0.13314521015963235,0
0.0598864284700879,0
0.9975042183384903,1
0.6674337147285891,1
0.1322219624698862,0
0.00038210300893672545,0
0.08566285981796337,0
0.016036234744156348,0
0.08173794777357238,0
0.028957408533073527,0
0.029671554951002713,0
0.30014787483492583,1
0.08070636265434507,0
0.010807789598857375,0
0.16384101952265942,0
0.1945033363555178,1
0.08009078574282345,1
0.08133514460876627,0
0.03281432944938784,0
0.1754067906173694,0
0.1496978863076575,1
0.10077317739435057,1
0.0033284609592962337,0
0.24094579755076995,0
0.46443054939121947,1
0.14961943498973276,0
0.03586430269883355,0
0.05568375734114506,0
0.9538531750198551,1
0.036496645268010254,0
0.07863844608127299,0
0.016756845483346522,0
0.0565001204283265,0
0.2585282636388603,0
0.005076091703939252,0
0.018115060285101108,0
0.3693727546691225,1
0.0018997391735359865,0
0.8548102645028732,1
0.12103166131313382,1
0.010636160469627298,0
0.023120774986751323,0
0.07808604251552963,0
0.06343537328938198,0
0.06073944421132745,0
0.11311179568490165,0
0.057173421662859505,0
0.19855907913711235,0
0.1830004676948246,0
0.12585127994229525,0
0.0048846062682409595,0
0.0907568199239981,0
0.10177223918766601,0
0.19044466291488027,0
0.014399018002012222,0
0.14964361084889188,0
0.015445600198790172,0
0.015923764869539815,0
0.4378959553309102,0
0.0005042604767754562,0
0.21652094209707795,1
0.004761693315440475,0
0.05801279189281034,0
0.038572366696670295,0
0.07359246597174877,0
0.0010734969101022186,0
0.17859302085039808,0
0.012352167462043893,0
0.014591401661736437,0
0.06405171598140584,0
0.1282342853531862,0
0.1882973575408097,0
0.034781060113572945,0
0.0333897132440042,0
0.09905530479263301,0
0.0219380678246737,0
0.0042800893891369925,0
0.6403128204899936,0
0.1718997154295297,1
0.022180418069619748,0
0.012357935489770131,0
0.0016200363259255882,0
0.004730450414641397,0
0.015291332861903605,0
0.011291715046411249,0
0.10753025073020733,0
0.16468603514543873,0
0.10317822499620379,0
0.9038586207583884,1
0.08455040212248563,0
0.30280854734922835,0
0.15464888914016728,0
0.23522642828806373,1
0.057848891913348195,0
0.04372346427793764,0
0.08495695128933022,0
0.16729416027692334,0
0.21207345513929712,0
0.0053717649759053064,0
0.0027975381679081943,0
0.0178958662562013,0
0.00037174325415323796,0
0.19318543776984157,1
0.09762139104386115,0
0.4117598663614099,0
0.14770099473784415,0
0.03829047251113983,0
0.21256562440869148,0
0.4892211729583123,1
0.9692944482486983,1
0.09185595032731919,0
0.23495681002993785,0
0.07699893929772082,0
0.1716810926679091,1
0.06886714685478752,0
0.30458124889343785,0
0.99977195232262,1
0.08466232235095582,0
0.13509307594274814,0
0.19834622544638122,1
0.08062730554736162,0
0.2305761435980428,0
0.0017259292995197456,0
0.021881980236225534,0
0.03826179142909312,0
0.1240816564523372,0
0.020086684143986393,0
0.015025707769085541,0
0.13930182817109327,0
0.18507630323249388,1
0.3448293838954021,1
0.04210912028051475,0
0.06137362283633448,0
0.1479838229421026,0
0.08430773088912037,0
0.10698106971855008,0
0.30285652444384625,0
0.12179020884936462,0
0.2219158397835381,0
0.3441381969694624,1
0.17760485819121202,1
0.0021442760652698274,0
0.23039709263820268,0
0.12949385099938387,0
0.03254797160250197,0
0.026188681188829423,0
0.014797898614874535,0
0.018546620483992336,0
0.042789634724500376,0
0.36200051620352625,0
0.15785477007113582,0
0.0012310379351969207,0
0.5110230037837613,1
0.057838631836260174,0
0.019323933999327664,0
0.0033562388792040864,0
0.09233374567200432,0
0.005762325277186611,0
0.9616657433571656,1
0.9656357346082128,1
0.35744952952002657,0
0.10390282129714315,0
0.08317849155278671,0
0.1371408730020214,0
0.02287023409236791,0
0.15391001716429645,0
0.08780284491212398,0
0.10293495647821198,1
0.033032934119441616,0
0.9963964872078823,1
0.10816028797293892,0
0.07548851767324134,0
0.3311774112907337,0
0.16120085905176385,1
0.9636952535188666,1
0.6789514074566745,1
0.010872645677997329,0
0.16144193575896365,0
0.1414247547232108,0
0.20476905828968167,0
0.18711655663137547,0
0.2618163918542881,1
0.05662271544088805,0
0.2649541311055162,0
0.067086446717332,0
0.19406840675581002,0
0.05813951598031594,0
0.003893984133624756,0
0.11247412172449806,0
0.17713175391990085,0
0.018291380851443526,0
0.04167277049504985,0
0.9175774659525217,1
0.06181841203564355,0
0.7097439606055502,1
0.9823741380329758,1
0.3485337727261169,0
0.041041008903231216,0
0.13452620715624133,0
0.9978711570111364,1
0.1422098536410131,0
0.015023186284200596,0
0.4021590739717741,0
0.0034908835753957707,0
0.07192645391312764,0
0.3419016807979986,0
0.01847464356244309,0
0.017288065413654213,0
0.027702272258020584,0
0.14567856687074854,0
0.1136585299801941,0
0.07557519468043797,0
0.01912219526029206,0
0.015074147320137388,0
0.9938416526279189,1
0.3679175231687417,0
0.1149471692504688,0
0.006177256091116423,0
0.003990546815709775,0
0.14897614186917024,0
0.12257481572761167,0
0.0418841319429703,0
0.9293874262424843,1
0.0005410408756505741,0
0.1030608073718213,0
0.1284312315320883,1
0.006920800286505311,0
0.08570899463252028,0
0.1030383918686859,0
0.008410745623825943,0
0.29315589652645924,0
0.02616267511059456,0
0.30591192507655185,0
0.008667018460586127,0
0.016362817835179982,0
0.10285280881066809,0
0.002907728615353827,0
0.25120691574608406,0
0.000616026077589868,0
0.02147726736764471,0
0.0289440837332345,0
0.11877866322258701,0
0.054865533893823176,0
0.15191282174320053,0
0.2249787605164764,0
0.1836623339948961,0
0.0011083833362474404,0
0.005709703521742007,0
0.18455480782577466,0
0.04082272115649614,0
0.10127087968672141,0
0.16138470064436541,0
0.04998412831340705,1
0.9985551923628965,1
0.31643322945474667,0
0.02669889420628891,0
0.8588615037866718,1
0.026511774233957817,0
0.026071255688981197,0
0.7898241998915875,1
0.030306008426794224,0
0.05800067706389671,0
0.16551926025726982,0
0.052451027661065484,0
0.9985623997519559,1
0.7032448232011508,1
0.011763385492732379,0
0.0017729865017940237,0
0.06425702782668075,0
0.0438331890711867,0
0.01845176685314482,0
0.013174797079963583,0
0.037299017240151965,0
0.003810156889215122,0
0.09903374699122489,0
0.020156986457054053,0
0.0754309385038013,0
0.021459908621946758,0
0.02818808572023583,0
0.14700517094190485,0
0.9884272558945156,1
0.08026593566907686,0
0.2652567168661483,0
0.2114580358926383,0
0.09358158535565765,0
0.004734945628054527,0
0.11753098981078015,0
0.01551780766349235,0
0.0714311392104204,0
0.0035803202126125913,0
0.035112860213589885,1
0.2504172778532054,0
0.23435002225354837,0
0.17398671089555184,0
0.14420558547997145,0
0.2945829249839763,0
0.006559268367984481,0
0.99278236675858,1
0.16883754232387424,0
0.21306546716681055,0
0.0017823478749913206,0
0.08980407409131007,0
0.11401351829988178,0
0.014332611926962486,0
0.9962867140062971,1
0.04766423592335286,0
0.0690843662099141,0
0.16797350548137882,0
0.1974006766585786,0
0.012776291704553445,0
0.0408791279606105,0
0.02768693886681891,0
0.05181100665099618,0
0.1466805612648756,0
0.03592499058444502,0
0.8331604480972722,1
0.27142523755156994,0
0.05403658716767109,0
0.07722159534498997,0
0.09108947395644748,0
0.14520439253513925,0
0.4093677227046128,1
0.5751603850696345,1
0.021972081192794986,0
0.11500170671807783,0
0.036489318034379735,0
0.513792803007796,0
0.18971405664520216,0
0.07379032296239112,0
0.015861406677350795,0
0.0062844225689834225,0
0.010864442303512514,0
0.0012884553557087706,0
0.1354365141346492,0
0.0637621940946245,0
0.03153290142495348,0
0.9906847190544117,1
0.26421923213078774,0
0.28670998972098766,1
0.0022159527837828387,0
0.017521371844041025,0
0.054207574389085966,0
0.09043954141003598,1
0.001654492708389235,0
0.19705775911062537,1
0.1984802737897294,0
0.04977323698936348,0
0.0014549823174196124,0
0.015345067441790382,0
0.0032231687741536967,0
0.10878841740955139,0
0.3670538388668155,0
0.11847628076919006,0
0.07124496817958213,0
0.15201882680870546,0
0.03142176430039413,0
0.6639805651811034,0
0.06652297945593423,0
0.012689665849842983,0
0.04616577799044217,0
0.052411779951356714,0
0.16317585454606648,0
0.0003257815986329221,0
0.05059896255620015,0
0.047813138230335214,0
0.0774011214775675,0
0.13954695869275668,0
0.12936361175080582,0
0.13113803707390598,0
0.11375979820782643,0
0.001288507802143826,0
0.06197454338037552,0
0.004742154553380943,0
0.07926898712715562,0
0.795237438324663,1
0.006864296422139173,0
0.07568706881892037,0
0.016306113410302314,0
0.0037696443734868547,0
0.1898691946745765,0
0.0848758066748791,0
0.05259641745446292,0
0.00575549174397714,0
0.11063948286187593,0
0.03111757703554727,0
0.028029648001626287,1
0.002309510056201456,0
0.022078857862313683,0
0.0015390665175553247,0
0.0003447506586825522,0
0.07326530327157875,0
0.5673967854058487,0
0.1412430000212544,1
0.1422367314037112,0
0.9939644751117841,1
0.009138327486082929,0
0.10281227874204801,0
0.005409574384497935,0
0.006199197713158553,0
0.28245325719462455,0
0.07508862039247396,0
0.14840344485321436,0
0.22808436903183985,0
0.25740380840924004,0
0.03972749371152017,0
0.07267828438534038,0
0.0017821553226941456,0
0.2050846773864921,1
0.9777715304341593,1
0.031550616291014445,0
0.02098989275829098,0
0.07677324271980833,0
0.22016069215162137,0
0.05719603686421432,0
0.2128349431078106,0
0.2221356305761441,1
0.9746730712084317,1
0.08593578128690425,0
0.22693155162419967,0
0.0885018689260767,0
0.017461645836752894,0
0.00339944977941516,0
0.18465490424269024,0
0.900936402928622,1
0.15781389137195806,0
0.8527828426980764,1
0.2158108783949294,1
0.1315851624770478,0
0.045982773625968865,0
0.9937852928879538,1
0.045765901544907076,0
0.10643931055936284,1
0.7745544749715749,1
0.6441076673322029,1
0.9980261650781663,1
0.006158101258423064,0
0.18131623832672084,1
0.024662187498244684,0
0.21669706358996008,0
0.013490533853033924,0
0.2630757206282185,0
0.021575857446734747,0
0.13867113677879575,1
0.11499644487364488,0
0.1581535063325618,0
0.0017963716219416826,0
0.10189449661141042,1
0.18927001632722393,0
0.2123145485910276,0
0.07632161581031398,0
0.09707404950698861,0
0.0536401889950869,0
0.993263360246709,1
0.22731500883788067,0
0.9970120240860925,1
0.13790006912796146,0
0.6346958528614873,0
0.06837277754931366,1
0.0027567222750448472,0
0.716744480103229,1
0.011348995280392677,0
0.27710856187415356,1
0.012450048439493206,0
0.09545334371446862,0
0.9917991688781295,1
0.00044069873001286787,0
0.21020089094302957,0
0.11558823331984891,0
0.06160723287558415,0
0.015803544248747664,0
0.17085233601574157,0
0.06222929981680526,0
0.06754049332360952,0
0.9272533810229496,1
0.14674838807434173,0
0.23154224279843166,0
0.11813397304974031,0
0.02111155432839536,0
0.1874422519163936,0
0.9829612718853266,1
0.1513903209731121,0
0.3245183937702548,0
0.1353191481459133,0
0.04275331809987596,0
0.2290126940374245,0
0.09011843887313793,0
0.12079221178297994,0
0.11321718329475157,0
0.05568028625808143,0
0.06101869266482635,0
0.051557405395467,0
0.026368131539283177,0
0.11390763051464113,0
0.09738836682739622,0
0.07199562029379303,0
0.37527194218887366,1
0.006285934381734715,0
0.012755172389042245,0
0.9837335210350135,1
0.004845689647320176,0
0.004495160367051625,0
0.012966629475756284,0
0.1371442058651505,0
0.12992335996179707,0
0.005556014938181225,0
0.006050850006814427,0
0.9997204933521562,1
0.9053028382313401,1
0.04212068261703947,1
0.08714970575123028,0
0.9440830566937644,1
0.015498730766609375,0
0.027315677120530492,0
0.11324102250592676,1
0.9750199370012476,1
0.10474303482984555,0
0.06965136999365908,0
0.003917283750536008,0
0.06905390923651328,0
0.2181545061588429,0
0.010109116930929741,0
0.017998046715810415,0
0.9394588833241782,1
0.014087425244485816,0
0.5412080960058204,1
0.12359974372127625,0
0.10943579276365083,0
0.35843428576557795,0
0.048785480980490896,0
0.3051594582407823,0
0.0005109184176053288,0
0.09831223502393382,0
0.978876920993433,1
0.024713767921409353,0
0.038491569354924635,0
0.1506021976259848,0
0.06276262639290081,0
0.29097738156369024,0
0.548337839641169,1
0.1774973629773507,0
0.16880842087217035,0
0.011495915463580399,0
0.08782935045634681,0
0.10519216273384743,0
0.3985845366349429,1
0.2732257929166226,1
0.09110977212583629,0
0.18233983376537707,0
0.9822750248625219,1
0.09939027677482322,0
0.20368399778489168,0
0.16363421493950714,0
0.0023425544733729187,0
0.004610322805731083,0
0.002735188869658049,0
0.09178194789400401,0
0.18292267738566678,0
0.13684046967828653,0
0.3156937751116984,0
0.034907396815214556,0
0.02010638834227797,0
0.9886784794845459,1
0.12828645787683657,0
0.045839787523104886,0
0.04556266678023014,0
0.22675502248143148,0
0.03239846760503894,0
0.9366015625915314,1
0.02275610457753826,0
0.283345025046809,1
0.6167948639100076,0
0.42703474615663695,0
0.07634645249807441,0
0.077898045210114,0
0.12004369718772658,0
0.11497020368980927,0
0.08707749989343239,0
0.19542674077842329,0
0.1586157826226806,0
0.10748119563724343,0
0.02571241305732289,0
0.00364765880356321,0
0.001870336402787522,0
0.12085647754143376,0
0.08197666006777281,0
0.05715271305822202,1
0.18543933619953626,0
0.0430906747723469,0
0.08254331805948882,0
0.04198093749430824,0
0.006194370223251983,0
0.14844857065482606,1
0.173774311475553,1
0.004028188388941393,0
0.008680577762359941,0
0.0020488963462837453,0
0.2787448246582431,0
0.14947652107067882,0
0.9861253940674543,1
0.025389249313706463,0
0.2867924463907733,0
0.13065043216950076,0
0.8804474804660106,1
0.16443990700924338,0
0.013510110699093579,0
0.08337673051980121,0
0.09974371004854886,1
0.15327002060949682,0
0.2524039572748919,0
0.08838618262498842,1
0.11782650352562811,0
0.00029502253630563606,0
0.0013344073065387984,0
0.05518368506748738,0
0.012865144305439384,0
0.14906804008864127,0
0.03644320839518261,0
0.07972335668930043,0
0.0021653203294914134,0
0.18675601841389897,0
0.009318787588037444,0
0.05113052128286767,0
0.30326471131785054,0
0.06876662146097318,0
0.06954444091735518,0
0.2523849934836008,0
0.9688228162442277,1
0.04969496510339967,0
0.05570047222136747,0
0.8142942123109784,1
0.18038160147039112,1
0.251474385780297,1
0.0074135372952551706,0
0.1687634387144919,0
0.22174391062415938,0
0.05924505613053471,0
0.021384810044803897,1
0.050560033745649026,0
0.8546567344977727,1
0.001608970358214989,0
0.007227355800761534,0
0.26114916727867216,0
0.0007179243337425124,0
0.32808999100286,0
0.13127501572814534,1
0.07353431284503233,0
0.00415920947967458,0
0.1555187840412574,1
0.004275558900105768,0
0.0009155600549670082,0
0.6580867171119354,0
0.09437612229936684,0
0.12174872525009382,0
0.08558471919225413,0
0.002808255894142149,0
0.19766088492878042,0
0.08138696225106254,0
0.04767843770654461,0
0.9981263478267143,1
0.001374158799043978,0
0.13191135927343572,0
0.0019618559146067733,0
0.9863160659421955,1
0.014088889359838761,0
0.11852394918458968,0
0.021715173367306034,0
0.1265470822026485,0
0.20986623249346764,0
0.11988529849344458,0
0.22677712569724545,1
0.03738082290496161,0
0.12122201291973059,1
0.3984021584786045,1
0.3263439619280572,1
0.014262617481551233,0
0.8107891263201921,1
0.050886279358626524,0
0.19341430246583646,0
0.012004765940220631,0
0.06662011475496941,0
0.09082505588592175,0
0.11119684560728592,0
0.265944771107483,0
0.02056914984573141,0
0.5220080527726562,1
0.01255608594511722,0
0.08149688346809751,0
0.046932842038274365,1
0.002098982058664401,0
0.06960719634410202,1
0.004583961563186732,0
0.04928657609780967,0
0.9821620417154883,1
0.39161848032993934,0
0.9663647839681908,1
0.15984582595642155,0
0.17154989406233812,0
0.13268954426422705,0
0.04594393257665281,0
0.13004709255953686,0
0.9965859295533227,1
0.0006718700498061715,0
0.26191842912448104,1
0.11835891002688503,0
0.0034127627657986304,0
0.09256621684093237,0
0.33806842191217307,0
0.9810314516047619,1
0.11475046751968512,0
0.0215602037103097,0
0.5500888948261955,0
0.12581710967027399,1
0.8459350920953997,1
0.0012105243040711263,0
0.2925597354157532,0
0.21660571661625386,0
0.20158513204612738,1
0.031134787699011925,0
0.06253958050954952,1
0.9952854841512585,1
0.3943990594411024,0
0.018494023770698267,0
0.1573731104664878,0
0.6838314691422754,1
0.983710938779885,1
0.01931234421451374,0
0.9922560855539659,1
0.01756107251000873,0
0.16987451616644778,0
0.10386646652610859,0
0.01697929313024442,0
0.9939723293745782,1
0.999181538420484,1
0.024826489912834978,0
0.017845393112475957,0
0.07411082501148256,0
0.11728665210301943,0
0.0021505992490799108,0
0.19979217849589287,1
0.1706565745953665,0
0.05096344725169683,0
0.061848010984025883,0
0.015418285570994032,0
0.9593206102007097,1
0.07515377573489468,0
0.04259226290850898,0
0.040529110547397065,0
0.07818881329247937,0
0.1742247504734648,0
0.12322255269687066,0
0.008415810475629231,0
0.04266644863224949,0
0.0014592388749629854,0
0.26062425281186724,0
0.24680757172446988,0
0.01181505347149169,0
0.03855284745216037,0
0.29069922341584425,1
0.14620152890793026,1
0.5194063248713433,0
0.09850138758778745,1
0.005883710647686435,0
0.02169969200045872,0
0.015432274792683602,0
0.24158937745112424,1
0.2865104226928357,0
0.09304073492834578,0
0.01901709419705734,0
0.024943916616669445,0
0.2732894755026025,0
0.06415819313095142,0
0.004400102682686253,0
0.11333841723212358,0
0.12192159400587779,0
0.9737341056418178,1
0.24564657559417308,0
0.023004973026328132,0
0.0013939698054156503,0
0.15490790606708307,0
0.11958518725036994,0
0.11145350960928975,0
0.0033064987026615107,0
0.45012319929463024,1
0.1984973154413731,0
0.15616442493071456,0
0.2238815706579201,0
0.0962221107965116,0
0.9006730866913341,1
0.0060010042416045566,0
0.3299424913718167,0
0.020514109732837533,0
0.017560896938323817,0
0.1568324567475658,0
0.994543143292109,1
0.0001222337277495795,0
0.20047674396028867,0
0.004609217359960343,0
0.9942698572515382,1
0.9992649283005716,1
0.16082186686571592,0
0.060468161845654414,0
0.0060251404569989,0
0.00152473189320584,0
0.022117988336058318,0
0.04967009870769253,0
0.057301790977294466,0
0.09726443254337598,0
0.06507721341851913,0
0.17690043422093335,0
0.9954633822037897,1
0.12058561156448214,1
0.005213272149356372,0
0.04935643556914058,1
0.9521617801766675,1
0.019700257519851622,0
0.0812302736415622,0
0.13196984659857436,0
0.020452687412681227,0
0.0042438071644642856,0
0.1353202981188721,0
0.03995740601642733,0
0.9795734194572222,1
0.9993973935540309,1
0.034696373747915156,0
0.1622263871064003,1
0.09384020959561391,0
0.9750119701500979,1
0.003745459824561543,0
0.01076346081666593,0
0.9563730836959725,1
0.2340535208239669,0
0.0036854051309029813,0
0.0012896982154680613,0
0.13193824732788745,0
0.1589638512279042,0
0.12187807683426098,1
0.41360232986293355,0
0.0038080199471614293,0
0.004966481615156861,0
0.16250661935595953,0
0.0164394431050204,0
0.01481276786055338,0
0.993308923393297,1
0.9969249054291979,1
0.9939978977566587,1
0.17879202056763277,0
0.09784276833979623,0
0.006699950297983552,0
0.030700464424624787,0
0.05181048848250959,0
0.20878532751856996,0
0.1258613944767561,0
0.0004327539820483737,0
0.07989486189976981,0
0.014746397361843808,0
0.06695341669854557,0
0.19566202077153363,1
0.2975654070086821,0
0.006228961243760015,0
0.14284285951760367,0
0.009684678431499508,0
0.3696230079619099,1
0.12069521055559389,0
0.04446635964736313,0
0.20935628767828415,0
0.06295032837671315,0
0.09588677305468647,0
0.10015218890006725,0
0.9278029572556674,1
0.10722119033741129,0
0.30570006083881046,0
0.0005244626906815594,0
0.1029498657704549,0
0.08713220609613685,0
0.15442425311712205,0
0.05876242168011389,0
0.951887438913734,1
0.06316980461399181,1
0.06665323050448983,0
0.003220725729015899,0
0.07986397104625698,0
0.957005134223237,1
0.9985128011405269,1
0.056608497160269736,0
0.9105670712541083,1
0.15157268120097103,1
0.1547366326680094,0
0.47924115404428125,0
0.003099267176926977,0
0.20500952211638268,0
0.32121390869338007,0
0.07462782262435332,0
0.14998866080385437,0
0.08607236780922543,0
0.15777534937447574,0
0.11740089776362392,0
0.3845954766811571,1
0.04878045521926996,0
0.3042321946861095,0
0.2826142177768269,0
0.048743355091592416,0
0.3088131237752537,1
0.023231408542692827,0
0.11327839405808318,1
0.02461360852495842,0
0.1823380806555442,0
0.056335415345340936,0
0.840367674252806,1
8.14404115504435e-05,0
0.13759988035620233,0
0.9969051784758403,1
0.06092143747420799,0
0.12420944256708655,0
0.0011573331356737472,0
0.10988610827473817,1
0.005659566500279462,0
0.9974452854328248,1
0.14440865256019192,0
0.024643906870602205,0
0.15641368474293654,0
0.09991140578938784,0
0.09067587043278683,0
0.0014394441456044725,0
0.9974279971357558,1
0.11964010286236229,0
0.9995684030009641,1
0.1873994361375448,0
0.09146027854478178,0
0.0006945996384976685,0
0.9244597631611162,1
0.160434769674636,0
0.05889235083080051,0
0.07268353216229681,0
0.11751034449909967,0
0.07452110627856966,0
0.28032572801161876,1
0.011423485028236284,0
0.993631094860217,1
0.19561538665540915,0
0.79772684581693,1
0.0018569006381562103,0
0.0022467635552450675,0
0.09217678336400018,1
0.1691574825894601,0
0.11737664778879729,0
0.10031188756459149,0
0.03416616836049793,0
0.23959449794494506,0
0.9945017613377738,1
0.2761579019721726,1
0.18889724159553967,0
0.21189171225845166,0
0.9805552482446861,1
0.06705919593960677,0
0.07601393965962171,0
0.09867712637867881,0
0.9968718318393404,1
0.002100077975656456,0
0.06181810602581255,0
0.005811006607026728,0
0.1595743263558658,0
0.13279204685084986,0
0.06449933051934288,0
0.9506067710847258,1
0.05920973255648077,0
0.15126119986663436,0
0.9149100817553275,1
0.23066288885257946,0
0.14200152627833926,0
0.24318969583315012,1
0.223983248054399,0
0.1838217933480248,0
0.06142685185177334,0
0.2729129603627107,0
0.08920260167885738,0
0.22918693560907225,1
0.5021847526484399,0
0.49163185632566947,1
0.10752654176752413,0
0.019205957613288572,0
0.9952733908178075,1
0.005216684995463981,0
0.3304376012014288,0
0.20005337343439228,0
0.03945992649115254,1
0.004303071754192735,0
0.042343700975096495,0
0.0002843285137558239,0
0.0751155775866186,0
0.07996239471983847,0
0.008420761132596804,0
0.01706316853777381,0
0.14122998708563986,0
0.05848366834747175,0
0.1169331665362892,0
0.08543624121393605,0
0.001138499736301337,0
0.6764752544034681,1
0.0781857750134121,0
0.2764938511842969,1
0.01919476431191313,0
0.0336598035353017,0
0.002789823029947988,0
0.11821012849283934,0
0.11920342949713546,0
0.16934758582200618,1
0.0027527631210106165,0
0.08996282302159556,0
0.13659153313334557,0
0.12041131108617738,0
0.05171210271385028,0
0.9855721630257213,1
0.8869588083548263,1
0.056798086662612726,0
0.13410312753036024,0
0.14959075808207256,0
0.07668574714808495,0
0.01701246227133843,0
0.03140495147651106,0
0.07374998512516695,1
0.0013337344488503148,0
0.2633425321431334,0
0.10619256579664113,0
0.04694925623992715,0
0.10261293600158614,0
0.9833377665492761,1
0.12333070143699454,1
0.011920383291519133,0
0.00018084523178296994,0
0.9963432888281141,1
0.019250152459267218,0
0.3257155564587468,0
0.10971900808637085,0
0.0031574878931100803,0
0.3211770881186424,0
0.034283352824473236,0
0.1791225147244353,0
0.20502695854819997,0
0.12648880258790032,0
0.054194180737760556,0
0.017756229631510176,0
0.0735174663415751,1
0.00038349339563916737,0
0.22975169267437673,0
0.20324863372213312,0
0.2306037409926284,0
0.003975292926629931,0
0.06106765377864831,0
0.1846331025651603,0
0.07605668599752433,0
0.10050817039879907,0
0.9851356111951146,1
0.2802504513472384,1
0.2040604811158831,1
0.48335800677965524,1
0.07796399630824323,0
0.048017485679733206,0
0.16731103269487263,1
0.0017051270508133167,0
0.1302779570931259,0
0.18570322466442182,0
0.05612949254615274,0
0.039397588149800836,0
0.00452288879709231,0
0.041177262605054166,0
0.1308478282929554,0
0.18263479716950756,0
0.06051263102636829,0
0.03290340433613173,0
0.43571389312524517,0
0.15707510170688316,0
0.1188510612950003,0
0.20270264593090243,0
0.16848976823026235,0
0.19460579029697467,0
0.02303251550067744,0
0.1116192343225946,0
0.10300456599690978,0
0.6540327746955941,0
0.0009793148968118316,0
0.009850770553773328,0
0.8806551782910687,1
8.892740078901897e-05,0
0.22809442306272165,1
0.09123421999200115,0
0.006071025658487318,0
0.05933980275127162,0
0.11408128714652804,0
0.02154113074191959,0
0.03022237853203934,0
0.054169966478111814,0
0.24015843623734762,0
0.07859601115148225,0
0.016878450392188712,0
0.9908113127030366,1
0.08815984784421159,0
0.00358470882189377,0
0.03206882868087527,0
0.06481458401008552,0
0.0517099871412356,0
0.05160928639739423,0
0.35013660403178326,0
0.9098720292538035,1
0.14394855701846385,0
0.0442652945002492,0
0.03835342261085366,0
0.02389836979817194,0
0.005381805623472942,0
0.13922864940557383,0
0.13054688926898275,0
0.06494409876389862,0
0.0011550241861842962,0
0.11437280958587806,0
0.00036275513159693114,0
0.008982377579365812,0
0.12986277863441922,0
0.06226750055312049,0
0.17632599941532773,0
0.0855411269742989,1
0.018956490699490892,0
0.004767600578025022,0
0.32543471376518646,1
0.0017178160342903605,0
0.014205587163853714,0
0.1532994787896635,0
0.0038864054805216957,0
0.0028425299202590724,0
0.00591166423665278,0
0.0003279206673799541,0
0.013636934052760497,0
0.0027984517874202084,0
0.24814546270954194,0
0.001787726937691159,0
0.29918852159923637,0
0.003409110225133705,0
0.0004198853635571794,0
0.08706697344550736,1
0.0732383382778118,0
0.11356993863857433,0
0.7101868010530367,1
0.04803266300371809,0
0.24960179547168376,1
0.012179036210190751,0
0.015784075501816028,0
0.004617951652885337,0
0.9133452374203851,1
0.20688228311548099,0
0.03137888947714604,0
0.9461727089901807,1
0.07112583265428042,1
0.5618543330577696,1
0.27540772761044857,0
0.7758821414811768,1
0.7741458124727145,1
0.07848834178938291,0
0.10984086051148931,0
0.06833859799695362,1
0.11888013865577617,1
0.2133745609684572,0
0.6020048149272944,0
0.10279160290281755,0
0.8181281854738381,1
0.09770106041306911,1
0.022062978093755473,0
0.0038032493121180496,0
0.22289358218146574,0
0.19099926669058817,1
0.20167384985373998,0
0.2522657955605981,1
0.0006799498443720938,0
0.20555386072739648,1
0.10273445542266407,1
0.27395883335384763,0
0.002028610380537979,0
0.016212588096342073,0
0.07542444648668566,0
0.004036069481797939,0
0.024950435720114544,0
0.011890917469260373,0
0.0989716262952616,1
0.6797429995488724,0
0.9963963185865935,1
0.0039414807119902175,0
0.3000170638188315,0
0.01956644264450374,0
0.15403603289972945,0
0.001106807482656178,0
0.0036962683353943455,0
0.0060583591425940955,0
0.09089590990786672,0
0.004633714642808436,0
0.13914243049503655,0
0.1106886227644279,0
0.09436762971169872,0
0.7378680156401388,1
0.8600833705722635,1
0.07486929337276574,0
0.12285842706271141,0
0.020347948993791765,0
0.0002594845080567374,0
0.2631206992885846,0
0.5550180373029954,0
0.06861929037928068,0
0.2679297081635371,1
0.9892281611878696,1
0.03827218636678112,0
0.00513815891490574,0
0.010833807799462369,0
0.9075572184415422,1
0.038073311364513994,0
0.06785354930622407,0
0.5419884772024048,1
0.2110335791513128,0
0.024967073730757017,0
0.3177448275406972,0
0.10024471665919645,1
0.05588934499351057,0
0.16162976804692056,0
0.035503906132472646,0
0.3655363855571711,1
0.038232642359444693,0
0.9898875965664901,1
0.1447016058617039,0
0.9992780228206851,1
0.26226811043819287,0
0.16804571707639296,0
0.014864927163303638,0
0.0030344002561130345,0
0.947504166995262,0
0.06056498246855727,0
0.07803346153022825,0
0.056755155682822196,0
0.22374107576643243,1
0.08093329640718652,0
0.02676200813611107,0
0.07058150156829746,0
0.13257929282886324,0
0.13273034847853285,0
0.1735149973913723,0
0.1692137703240308,0
0.9989138789700869,1
0.13794745506204767,1
0.012281964280606485,0
0.41547831111288874,0
0.022290087020978375,0
0.05649222680125883,0
0.04655595122962624,0
0.13389180860962188,0
0.28198778905893623,1
0.0020019934642950643,0
0.052856003795285114,0
0.02650569824444337,0
0.04112699849943069,0
0.005440991155188504,0
0.13706468210260378,1
0.030229907174728697,0
0.0906459425773681,0
0.5097624344800411,0
0.01748984001179017,0
0.004400916923442351,0
0.018415014089150014,0
0.002211033933407886,0
0.0037930704182303405,0
0.767506875038263,1
0.19782812936946817,0
0.15161123595491457,0
0.9932957901637239,1
0.8438200509954961,1
0.02267433306058631,0
0.12990605617739628,0
0.03666936180156191,0
0.1046968373550459,0
0.26964712076389313,0
0.13817593344381138,1
0.0012145945367936686,0
0.04417291057120972,0
0.03242133467533825,0
0.023683855302096254,0
0.17732169440296733,0
0.13837331873362516,0
0.004764118659391369,0
0.2631596956365336,0
0.004775060937352843,0
0.0683376049391056,0
0.07935114878715631,1
0.12056782623849534,0
0.1035059490076702,0
0.15250851638139687,0
0.007431532467047718,0
0.135097489875913,0
0.17677618267764864,0
0.07722808635064568,0
0.0008263834170151371,0
0.06592798922731845,0
0.07995242974782896,0
0.07287816053942597,0
0.054030834550989684,0
0.12629273905404384,1
0.023379039462540812,0
0.04072424697968737,0
0.004229464875369731,0
0.9992153112968831,1
0.24031151287988273,1
0.002655799496197907,0
0.08097670116326304,0
0.08212644814128106,0
0.10232235876188545,0
0.004086789093806374,0
0.0706110221549226,0
0.003742062875614991,0
0.009163321574286272,0
0.08286512355153265,0
0.2116418789793607,0
0.01337990798069767,0
0.2779964802700731,0
0.20989475002219693,0
0.42003252508665895,1
0.0666325564089603,1
0.5447524736448803,1
0.08937781434745691,0
0.35227447696997216,0
0.15789155881497616,0
0.0015584134755550053,0
0.04808665288457531,0
0.06603437324082559,0
0.033250777530374566,0
0.05285038251783409,0
0.19622061200585855,0
0.021399044262820997,0
0.0018095644155362042,0
0.24065478329989498,1
0.0015217014067497572,0
0.003507330832427263,0
0.27496884377188574,0
0.04524033722160439,0
0.2684224972873079,1
0.015350684940187202,0
0.11676491284708086,0
0.19487198512836112,0
0.032450158765551004,0
0.17968970171791493,0
0.2273258154315922,0
0.0738798085058469,0
0.9982212520926198,1
0.9990836064860387,1
0.18025347765839161,0
0.061267029574942414,0
0.14164997904186924,0
0.007170636095551444,0
0.12934973017934112,0
0.020565824105838636,0
0.16525478288668616,0
0.16135558817531617,0
0.025556367847312484,0
0.005376181212771113,0
0.2543769246558088,0
0.1626553109058188,1
0.08618425907796269,0
0.003780428688821959,0
0.1848462433435641,0
0.1454977409497737,0
0.015112979436169972,0
0.0018419144966844196,0
0.06755736427993428,0
0.13589171419950521,0
0.19908498731273946,1
0.25031803427977206,0
0.9760872445685683,1
0.06418141545388036,0
0.9745778245513658,1
0.041098980603232464,0
0.2263115373326067,0
0.21431696474535855,0
0.2757486709016915,0
0.04350684707066493,0
0.024198968732785497,0
0.11216656239588083,0
0.02060380634835064,0
0.043060137085848514,0
0.011406770168616822,0
0.1718847094208504,0
0.144447733999431,0
0.9926829252288001,1
0.10240517543054324,1
0.23548648053832516,0
0.025961092289792233,0
0.11704298105198035,0
0.26953497319397535,1
0.09934838953469856,0
0.2547245259178874,0
0.08934651869285949,1
0.17146334851293213,0
0.2221801976976834,1
0.023741095929501757,0
0.021007460888610746,0
0.005135363706626299,0
0.00022581408706666688,0
0.004912830355269075,0
0.17296645250800077,0
0.32046482418071254,1
0.1205719697836042,0
0.991395079916268,1
0.1888856534834113,0
0.21890927324492296,1
0.010798644267780544,0
0.11695350334412825,0
0.9961957544063417,1
0.18133223449685462,1
0.04060294646811935,0
0.12775921485944491,1
0.09264443811498844,0
0.38771530790142095,1
0.17584025399893555,0
0.1426580937219907,0
0.0893551563107351,0
0.0016885529147462096,0
0.2230430737563454,0
0.0233121553146217,1
0.21448617841792056,0
0.09011041611600734,0
0.004875543741139704,0
0.12223684336871421,0
0.02486406181190383,0
0.10183632611328819,1
0.003258673180800997,0
0.2018640955613828,0
0.005763212287922317,0
0.9990780207963053,1
0.06448239197036826,0
0.08809372340676369,0
0.036043888852367374,0
0.09921758580494783,0
0.4362002461053417,0
0.1749971742866652,1
0.002156097949615273,0
0.24452888631550793,0
0.07085905228742238,0
0.9978023274781415,1
0.31365573332294544,0
0.16649368559757785,0
0.015974232111987705,0
0.0028049033390592894,0
0.07248224745750524,0
0.11651936112713057,0
0.03237276228850868,0
0.08051594744579205,0
0.9908207732028542,1
0.6151587746642121,1
0.020974612593113305,0
0.18342397678031983,0
0.006589066649561908,0
0.07953718996207541,0
0.004096159850538857,0
0.24307208453427492,0
0.33428703738767096,0
0.9294191136908669,1
0.9747885829915214,1
0.11907607172999048,0
0.05554050234479354,0
0.2040599906741854,0
0.08179703401224749,0
0.14674662571953906,0
0.07872586887631472,0
0.07247863675943651,0
0.054787033942778014,0
0.28766496102999145,0
0.004372077474748143,0
0.10804134406976756,0
0.025065599066306076,0
0.01773447962617452,0
0.9175505974928757,1
0.10649185624090718,1
0.19170563289539141,0
0.6397231041590835,1
0.019536064365916688,0
0.028373854877449468,0
0.006446337615384298,0
0.14804417608427217,0
0.9557447159662559,1
0.014844299543480863,0
0.027917374805720502,0
0.00382623502021018,0
0.03292324827980093,0
0.9098847186827969,1
0.19431811892387912,0
0.04537148592028917,0
0.7883076405039242,0
0.015269638338850752,0
0.935955979930524,1
0.04171275438406333,0
0.12305917576641151,0
0.027785098242954873,0
0.03896759654765912,0
0.16557670854313228,0
0.023966315778265992,0
0.19729568433960004,0
0.08653682185644661,0
0.03901822406064464,0
0.03751113143639153,1
0.0005263027003282925,0
0.8784837811010564,1
0.9379441264098579,1
0.2249755648228283,0
0.22195110665094117,0
0.9878241998733647,1
0.0685497720385686,0
0.060453745387585224,0
0.012221458550191326,0
0.2956626154677798,0
0.18525892847535386,0
0.09477670093217339,0
0.019743463607984176,0
0.6086572585802922,0
0.10851985312792417,0
0.004998614412497639,0
0.21221450967543998,1
0.21192061864536568,0
0.013224531459575112,0
0.017434400641671184,0
0.11741076617621281,0
0.9850255583404315,1
0.12323805808033882,0
0.03618729581259124,0
0.1767198848434195,0
0.32237163211954445,0
0.04234477542036388,0
0.23288378774094817,0
0.002088633801143985,0
0.6700912633252428,1
0.11716127028786642,0
0.05269909651112132,0
0.6729593946888726,1
0.015386727659723733,0
0.19363353407544373,0
0.40677357414644866,0
0.0010557960545704112,0
0.3433490596797659,0
0.0029536726984915056,0
0.0540400104086845,0
0.9972437364171564,1
0.1636343760417301,0
0.9816350229721941,1
0.0004674478231798302,0
0.0802947407476089,0
0.1417767845730625,1
0.21184075676202188,1
0.03678715502282423,0
0.16472951949785083,0
0.07213652438296893,0
0.26843042146635077,0
0.8767148421080517,1
0.0031038876864421783,0
0.014986246024077696,0
0.12318483650383212,0
0.23990016955893917,0
0.049424424751421774,0
0.1093334218906143,0
0.21978110303432016,0
0.015448194776411331,0
0.11844259771018786,0
0.16885709167132107,0
0.08820882074169593,0
0.011948287845778243,0
0.003800037375333808,0
0.0321492807010012,0
0.0724588032560641,0
0.09573455771518538,0
0.09295241396104108,0
0.02191945293666321,0
0.9992350153418228,1
0.47185446410817306,1
0.9231099139067758,1
0.12275564835999796,0
0.23329957298146684,1
0.026958334633336616,0
0.004273070969494607,0
0.03949537380772667,1
0.24381785810246867,0
0.0056362715277379315,0
0.06139492551580761,0
0.1248438963526989,1
0.018543630162366476,0
0.09455389988608759,0
0.08072583409150759,0
0.05007273444025588,0
0.21876412799666228,0
0.22170897183255964,0
0.19040675384191647,0
0.0006581845750065139,0
0.22869337525943398,1
0.19747134511322015,1
0.128923731750902,0
0.2264814678669351,1
0.23008948680321237,1
0.15319375450663866,0
0.20399986074893095,1
0.24460665077766916,0
0.06690645784380224,0
0.04481951334353316,0
0.022806213392431593,0
0.22824635085082395,0
0.16041194718867163,0
0.2573418296071558,0
0.09066971154937553,0
0.06797815716977067,0
0.05462603709435641,0
0.14518548186124824,0
0.2501325786379812,0
0.1384550080871101,0
0.05707424654067863,0
0.1251513846793842,0
0.0749452998771904,0
0.0663694002212254,0
0.0656160019748985,0
0.2936245658948856,1
0.9946863365445444,1
0.048564911654883414,0
0.0042511739353021365,0
0.6284175995112353,1
0.0009372631113592791,0
0.09063601567852328,0
0.06397948351535206,0
0.14977882959994568,0
0.977791469672898,1
0.05894199673223883,0
0.0215813932476554,0
0.9240179034837473,1
0.10639780269474464,0
0.1272244808251683,0
0.052658071169434856,0
0.2252270257626444,1
0.008081022797766112,0
0.11800888352110939,0
0.003236569631668128,0
0.10522293070314176,0
0.09274252730428778,0
0.04686389039564315,0
0.005119847674665401,0
0.0049957441297875035,0
0.18531639981756498,1
0.003712864695417363,0
0.012405107443184753,0
0.13680092482462602,0
0.9964835864668932,1
0.4042766452847536,1
0.006887654500523957,0
0.9920689573344742,1
0.0005894689722165937,0
0.0009548908831435988,0
0.1403381903666507,0
0.08862331387134977,0
0.26052016208767137,0
0.32481627387090767,0
0.18680489051343152,0
0.1742555110513047,1
0.025471489372164643,0
0.002545403321896458,0
0.0007412713143009897,0
0.3399760304238367,0
0.0657593885795599,0
0.08393749642062573,0
0.0379508347662817,0
0.020430599586987272,0
0.004527525658928928,0
0.0017852359635710064,0
0.23474157382961425,0
0.028982803305168617,0
0.02103476047633309,0
0.020428855793339022,0
0.7595964217789903,1
0.2838362589424068,1
0.2541035998414164,1
0.15948284453801037,0
0.11658091134634488,0
0.08513283029743109,0
0.08637001702251844,0
0.23674834205478074,0
0.016312018493511785,0
0.03597263726952016,1
0.07266381879675946,0
0.039926633783020006,0
0.3453436302543902,0
0.0755050931985613,0
0.0014751213858422488,0
0.11866620519957342,1
0.4803128236889464,1
0.031252734762661744,0
0.02132618940461477,0
0.013686868408097479,0
0.4032737958203867,0
0.13703532089067721,0
0.9899309543689394,1
0.08542254456029058,0
0.022284653047234836,0
0.11421888345502493,0
0.0033305036215666474,0
0.034237783065149956,0
0.1643982038460031,0
0.14471978244326836,0
0.04442019525184027,0
0.16021589800850738,0
0.04238195762063609,0
0.0018197905411234446,0
0.17323723447110465,0
0.16657408548493116,0
0.5708623163780755,1
0.345038473989998,0
0.1304058817491271,0
0.9725801560881602,1
0.23958298434070613,0
0.08961606675353552,1
0.12736635979415617,0
0.05124539837675754,0
0.0055989509570205315,0
0.007277472921097606,0
0.05834985255322553,0
0.17299516808149137,0
0.005531561846713694,0
0.09456090393371328,0
0.17065929625361367,1
0.0026579006146918932,0
0.12507691103937896,0
0.2356612522940485,0
0.08454750244159176,0
0.13663731471382687,0
0.04229098531269056,0
0.9987123114803502,1
0.24600371552048128,0
0.0012980674108157809,0
0.09490214854904774,0
0.14052278712303684,0
0.2540985812999971,0
0.0020794130103813637,0
0.5272408417105532,0
0.010881870648817092,0
0.9428625732211596,1
0.13938630393665538,0
0.0011228613275152928,0
0.24125224744826987,0
0.01332252432569085,0
0.0833600688747252,0
0.776837100385483,1
0.00195536201966119,0
0.8983749312033097,1
0.012044351441488818,0
0.15098991013818952,0
0.12534518132610786,1
0.29689102911121784,0
0.24988219918446725,0
0.0054253749666990396,0
0.2443603270563461,0
0.020945421231707385,0
0.037997769422235726,0
0.03540665828252975,0
0.004724415603534765,0
0.018459762828913682,0
0.2169988180339969,0
0.044362530130663935,0
0.16757036995983696,1
0.021671158799226476,0
0.06613273326804905,0
0.020882206881489188,0
0.20095521928584473,0
0.004133173449682618,0
0.09162605325989577,0
0.16438301963077373,0
0.043667789015916,0
0.9423812513773893,1
0.11345083169185081,1
0.05280791421605777,0
0.15750015238523046,0
0.06373549075469787,0
0.3320805978673386,0
0.986260045600172,1
0.0037874797559065403,0
0.9679259917698639,1
0.17266955287990154,0
0.03784489850106246,0
0.055741451271320804,0
0.09542546732184791,0
0.0787208324930405,1
0.21030280185889233,0
0.9907811854897373,1
0.5612252556919676,1
0.12408822842480537,0
0.1913477694114898,0
0.9853038060449679,1
0.06432377555773117,0
0.069775625573375,0
0.015572034552624518,0
0.0967196672404124,0
0.10132006669719544,0
0.05640881832978047,0
0.4919012881748167,0
0.21032714729285748,0
0.4158559555662359,1
0.24286531551246757,0
0.016962291823593646,0
0.009999510550255612,0
0.1694528404585544,1
0.2919382157554244,0
0.03706264953529964,0
0.018431816365896313,0
0.0010135008613070724,0
0.24483927710545197,0
0.09205997964932268,0
0.05577486667481463,0
0.05306834234375858,0
0.06558443809844051,0
0.17983723459132492,0
0.9962525785979746,1
0.10426032048404767,0
0.0025748345037782863,0
0.14275556441112783,0
0.9997290919298851,1
0.36810452100957375,0
0.16812511112717973,0
0.013225629222612086,0
0.16803226908956856,1
0.09208830965986133,0
0.05926826637336439,0
0.14908724166803297,0
0.8941394380460359,1
0.132042807297738,1
0.19292305963954848,0
0.012214202325347773,0
0.1552340390708401,0
0.6342259230973052,0
0.09270553362123582,0
0.06528158927409497,0
0.09186301694086274,0
0.00473934123790416,0
0.14160894238876415,0
0.13295845402503279,0
0.08218411387720434,0
0.9346908917218546,1
0.1232006824722958,0
0.00286076445536698,0
0.03437628166135485,0
0.3512789283666686,0
0.12227833015107244,0
0.9529278695243828,1
0.006377123296448901,0
0.26254267852947827,1
0.0006133066363148785,0
0.07611145380009707,0
0.21554217742202383,0
0.04052307335691836,0
0.9913440022103102,1
0.04981874730228733,0
0.06207618767799453,0
0.15268827372224383,0
0.5398803403354983,0
0.13827982340511025,0
0.15920679977615962,1
0.2025170049446291,0
0.054061057897988644,0
0.48785804275484634,0
0.14402738719148725,1
0.101837442564418,0
0.014800656148215262,0
0.0901168126786039,0
0.03879477366417085,0
0.06865037564197725,0
0.990024506230262,1
0.8963516816174404,1
0.34001816623018044,0
0.023031527912844837,0
0.017113021286391375,0
0.004217945677842412,0
0.24987686452716798,1
0.14823501612140494,0
0.8095902462955741,1
0.14690961411625064,0
0.1753304892915552,1
0.6332796551990578,0
0.998390634619873,1
0.19494775681050228,0
0.0008702073808083606,0
0.47270611030955423,1
0.23752909499686667,0
0.0005555966516881236,0
0.006191232436081855,0
0.1566191540588421,0
0.177253375790529,0
0.11564578179046257,0
0.21248527937422917,0
0.04318851142739773,0
0.2890465711198792,0
0.19812901165921343,0
0.0025150507298062983,0
0.1708251766572268,0
0.26166514694555737,0
0.004557907483124051,0
0.009459885272114504,0
0.16148213310661894,0
0.020689611035498483,0
0.09120507237617503,0
0.00492337741550136,0
0.24651289954477745,0
0.12720979104949318,0
0.0224594197187823,0
0.13573194143851286,0
0.9928245454513362,1
0.02712467193135403,0
0.09751132772942041,0
0.5664630557351533,0
0.15973460563622122,0
0.9940307374152835,1
0.052515668548951774,0
0.05489039265925029,0
0.006649767469385522,0
0.08357157320253536,0
0.26799942934440407,1
0.012974651988907451,0
0.16461489591778963,1
0.012323153648401943,0
0.8544480136066674,1
0.015614870340344634,0
0.24706427290677696,0
0.02000267946850651,0
0.03170096906844413,0
0.006946974468149082,0
0.9738433318141094,1
0.007017137812599126,0
0.11522197934916367,0
0.20827852028119465,0
0.024441210101498436,0
0.0025698652375898967,0
0.9111988943067854,1
0.8232082616255365,1
0.08408446787355287,0
0.5014693628522922,0
0.017657750679717817,0
0.0033485883800110036,0
0.09939322306556332,0
0.07138258655152274,0
0.17302775939595857,0
0.16358092150865083,0
0.10917617492664604,1
0.4063140493522687,0
0.13208303505854863,0
0.004017657906453893,0
0.030355352781653876,0
0.04520995853837668,0
0.040430732291537125,0
0.19880267531192872,0
0.025303069978222667,0
0.01493532143095896,0
0.18572099682933949,0
0.00450839234823984,0
0.04297027807560164,0
0.014874397443403256,0
0.9971039862476437,1
0.07492742678904159,0
0.09677506549366355,0
0.11871735041175074,0
0.06328218397132322,0
0.2160940601828826,0
0.13341322291103883,0
0.05768297053918484,0
0.05996464020599535,0
0.09176864661689883,0
0.0014390590403740853,0
0.10171748565867565,1
0.3379580667720521,0
0.11434057740804782,0
0.057435871551308075,0
0.17844803560273606,1
0.016598222824024546,0
0.14026555296803353,0
0.07120261640037538,0
0.981852718101194,1
0.04781848475764449,0
0.10418903605308319,0
0.07815439463409746,1
0.0025283367723202598,0
0.012504319882735829,0
0.1819818937365524,0
0.9960036647911837,1
0.07489418404061123,0
0.06676871800025465,0
0.048188854349911214,0
0.9492842338197831,1
0.022697586535600858,0
0.13599036036372317,0
0.021588271234895744,0
0.20225302599759593,0
0.06014907512246754,0
0.150894814860605,1
0.14331096251751774,0
0.16634631718531423,1
0.024576824327515782,0
0.08676021336370197,0
0.03772924454491952,0
0.007251300029324373,0
0.09741964163003873,0
0.9991871226847016,1
0.10452860182396989,0
0.1159166956453659,0
0.1213820127093813,1
0.1213270624720232,0
0.043042892484609976,0
0.12178065777174568,0
0.13551103579037177,0
0.06839004527723112,0
0.10115909634331288,0
0.9226645281778136,1
0.01954853021024219,0
0.2117070132167295,0
0.12711338583691767,0
0.587254732122876,1
0.018165575798551464,0
0.14517442325908925,0
0.06209961119310875,0
0.05060681051600326,0
0.022863177614775496,0
0.06190996596815865,0
0.19806637065502794,0
0.21595870351082902,0
0.018095277299139335,0
0.23581008913251006,1
0.3408378520590684,0
0.07824895693110034,0
0.020957874355673686,0
0.00432289469742953,0
0.9714098921031038,1
0.14676109291374126,1
0.21044827607395203,0
0.9949833180726657,1
0.2752212057263604,0
0.21200912103354747,0
0.8054007535473254,1
0.0737042435632001,0
0.12169728938060445,0
0.7253557028590283,1
0.09864563146868555,0
0.01339694970333357,0
0.0005082288576143364,0
0.036854806498261096,0
0.0214008082944146,0
0.19817046629232662,0
0.059603333555537895,0
0.19068188682798476,0
0.0004904167878197216,0
0.22951660568687401,0
0.15175137813917502,0
0.019690411808486904,0
0.20400064956013467,0
0.11900176870393728,0
0.05953153630860829,0
0.09190137852732609,0
0.05147149395410787,0
0.08292804590740827,0
0.06138830003454087,0
0.04754613914812771,0
0.0011165994102346026,0
0.1934456495721498,0
0.4177305674302273,0
0.005131537478544241,0
0.0010565117080249822,0
0.04322949948639163,0
0.06693773616084747,0
0.012995260675347117,0
0.21331504362445197,0
0.049830349059515,0
0.06404031800208308,1
0.06219401490547886,0
0.11212166137764591,0
0.04721182232162062,0
0.11784795388535663,1
0.08560197331952903,0
0.06302136063975838,0
0.8469803120502242,1
0.14417803491913733,0
0.2050116362412945,0
0.1649152877405319,0
0.04363941072721538,0
0.001661007175613071,0
0.13005068267009903,1
0.25267741481588596,0
0.09299711708124261,0
0.005160491664434549,0
0.1327163409938274,0
0.1771121219915487,0
0.14576879598471723,0
0.24868546306793096,0
0.03316757869126503,0
0.015162576633980107,0
0.24077387178886028,0
0.04846596566611887,0
0.0271926039354057,0
0.37897299860791556,1
0.9746499788529024,1
0.11802105762511417,0
0.2961508542260105,0
0.012080618212205126,0
0.07285614324135153,0
0.03667785469980871,0
0.5059520693912717,1
0.0390969372780754,0
0.20269752515329872,0
0.041210227050094625,0
0.004475572794268174,0
0.010716934800659822,0
0.07724798285317835,0
0.0033551322615724055,0
0.06109430281776205,0
0.0014304754327646517,0
0.006133271180376628,0
0.1468840932072503,0
0.3254606716447696,1
0.06062519096694605,0
0.01792602730242629,0
0.1007854189074923,0
0.13665162309271336,0
0.0780685060517234,0
0.0012087099129380202,0
0.19611552825429598,0
0.0005498392931985246,0
0.0006840175222480666,0
0.0011427390151089935,0
0.11360278035753649,0
0.34710319985190996,0
0.19945426268480204,0
0.9979288094027223,1
0.016426569648630065,0
0.013788422113979827,0
0.046251170035742965,0
0.16593264427206686,0
0.00020094432063513942,0
0.014281096509259177,0
0.5092755164249,1
0.0016221697708188258,0
0.9978843939019331,1
0.8978742664619349,1
0.00042055125452153944,0
0.13363702762850196,0
0.12026909024480732,0
0.1458998956711979,0
0.14699947680370198,0
0.06491378146776473,0
0.022065452086012134,0
0.6759043652492108,0
0.12848749432056925,0
0.0793006990331321,0
0.1350956241378726,0
0.08456421514321703,0
0.0644152765476103,0
0.14940414697556706,0
0.13565388634822326,0
0.9197394149549335,1
0.008150299432410864,0
0.26649150652430525,0
0.0031271892171197326,0
0.9996085014562004,1
0.994797236489999,1
0.962020018116071,1
0.009280391449390413,0
0.025017687699898476,0
0.005221956660050226,0
0.06841712227134221,0
0.32885019760971296,0
0.10946572272003482,1
0.6324963310113745,0
0.8405172057450181,0
0.50964073119332,0
0.009521021079968467,0
0.19116363344894463,0
0.25337512360882863,1
0.0565062972930618,0
0.08224559792028621,0
0.6166045525284635,1
0.013570600503509295,0
0.02856365262856287,0
0.15756966346578155,0
0.21401108055380058,0
0.21934846395602073,1
0.007078732142371658,0
0.022354391367632963,0
0.1143915654089357,0
0.077323216890806,0
0.1480594942702927,0
0.11779899739615383,0
0.1872712793236965,0
0.0012650061572266624,0
0.15514606164355912,0
0.07329243325341146,0
0.050074938388623015,0
0.0795073638138865,0
0.4504254554217651,0
0.04308556953943217,0
0.254704410571895,0
0.01357010919072347,0
0.7177685816598701,1
0.17409455850290492,0
0.35463670633876765,1
0.255233005628934,0
0.10172341144993043,0
0.9988290742107361,1
0.014051018946204892,0
0.15203901423601754,0
0.1813452477532759,0
0.047323692724529916,0
0.016532042322876823,0
0.00024817501742996524,0
0.23674415819327865,0
0.021162639839657778,0
0.039767140627162474,0
0.03806198921534759,0
0.001839242472628112,0
0.16399991181755272,0
0.9301403246101813,1
0.012344033922003016,0
0.12218493292725725,0
0.0335500063681555,0
0.15060337556676937,1
0.05282825375358596,0
0.10485380633684042,0
0.05165500471821356,0
0.02869290330540592,0
0.042553335050651876,0
0.06630073513770393,0
0.0008191475176192098,0
0.20465779372152323,0
0.089322187242982,1
0.8091429526194713,1
0.11893151677563722,0
0.9891807872044271,1
0.0010614867410774313,0
0.004369267273980025,0
0.016538581317265374,0
0.0838992746404734,0
0.0053779449267593255,0
0.9949426528223654,1
0.15276915298903185,0
0.30450908789545433,0
0.21546263662294543,0
0.12839193094066229,0
0.2544692117069654,1
0.022491855996194837,0
0.0423393528076281,0
0.0003132818254231592,0
0.041499181578751695,0
0.16344850264752064,0
0.8943262013691365,1
0.017825294567467554,0
0.985026738408819,1
0.04849854927789902,0
0.24337414963457116,0
0.2295017715016586,0
0.35941786510528606,0
0.21462759723427857,0
0.03928180083974897,0
0.024504761947582217,0
0.13610962417602424,0
0.9950376079222456,1
0.0002863623336718364,0
0.14046248946086717,0
0.585781685275288,1
0.02309353134243772,0
0.06222877902659774,0
0.46451915404238064,1
0.2197387688297491,0
0.17668889803373575,0
0.9891188885709716,1
0.036714862125360286,0
0.004968583834914888,0
0.11154790724573047,0
0.14647552909604125,0
0.293931284724567,0
0.2622401878099246,1
0.2984578565538046,0
0.10454597154189418,0
0.06514402193031149,0
0.06815665412886932,0
0.0018772009254234294,0
0.04395180731789934,0
0.07742443750031394,0
0.01411127121019394,0
0.10378603745981665,1
0.005448246778234079,0
0.04788867771017695,1
0.9421465152798855,1
0.2409283193442927,0
0.00514917589207945,0
0.12170768909648197,0
0.017614165367356487,0
0.23298085610380018,1
0.27315431164031084,0
0.005996905108119585,0
0.07897814279044073,0
0.0439938879477766,0
0.0004532112805148671,0
0.2054506443260065,0
0.03726397576968184,0
0.01888953570726902,0
0.9771412550508185,1
0.0667739875904795,0
0.03222117050857708,0
0.0005172107562723005,0
0.051545122160082876,0
0.1233061963907989,0
0.3534812347862568,0
0.10486383309417911,0
0.0399165373579506,0
0.37254295529731957,0
0.11942268333568691,0
0.0867319248444705,1
0.23746268604319115,0
0.004112405991081302,0
0.2312913341008233,0
0.03217258757534443,0
0.08056547983284346,0
0.005081924281674126,0
0.09184127710002189,0
0.7246533803916839,1
0.13484268355989706,0
0.6239789308965614,0
0.08325992010639932,0
0.009694231839088303,0
0.9805531750134246,1
0.04964793849530031,0
0.040129558313004354,0
0.052101411070234284,0
0.11327329159206254,0
0.09392624581793689,0
0.040817002964552034,0
0.10751299311406448,0
0.0970389044285884,0
0.10202780807726043,0
0.020079708536967326,0
0.09809979177122528,0
0.0014716500205349846,0
0.1778754978078778,0
0.004318573289947088,0
0.09023956558442436,0
0.0029039194483890672,0
0.13214316048172725,0
0.39212474187079843,1
0.05180338754997316,0
0.3157189592036314,0
0.5902260281294145,1
0.11126584028877169,0
0.1297411215039146,0
0.04059492833821424,0
0.0038359744924608354,0
0.04759296294403802,0
0.13444509325000714,0
0.12157299078556254,0
0.11063439229560161,0
0.12327566333239803,0
0.05656167299294344,0
0.24673281208285172,0
0.01716663108247874,0
0.1929935153067939,0
0.015552436883866143,0
0.2669276861934094,1
0.08139014485069604,1
0.04393062932437947,0
0.04117513485136583,0
0.008203703875036964,0
0.15922070679234512,0
0.21305473224433016,0
0.06075765486131456,0
0.7131654188627976,1
0.02652864601568619,0
0.9919431772333331,1
0.027691002361717853,0
0.17926678571331156,1
0.3912576323682259,0
0.045681719794641695,0
0.0003165274800759532,0
0.8075996028361815,1
0.0975028891419945,0
0.017713027457126416,0
0.06480991973516671,0
0.004549082556085609,0
0.022705851029440234,0
0.1560444105044978,0
0.031520556376093356,0
0.012813115894101577,0
0.9891116450763562,1
0.7038809527719991,0
0.18116151005510991,0
0.9178676761363598,1
0.09557798747457606,0
0.1809073135464683,0
0.9261021858947662,1
0.2754338109673605,0
0.014226727745827833,0
0.041180528631951506,0
0.10323429399333676,0
0.04261897190199334,0
0.0005394770721596354,0
0.6223454655951575,1
0.08964923049218873,0
0.030662428346334526,0
0.4583819683442064,0
0.1712975562979711,0
0.06602519115631211,0
0.9973985902560107,1
0.10649320335916017,1
0.2532950622702793,0
0.9393346144938375,1
0.44715702231355026,0
0.12670523901563296,0
0.10484893875757346,0
0.9741711464732297,1
0.22697938422927186,1
0.0010812401659359983,0
0.11093440183726988,1
0.09268498826118464,0
0.08666385027601069,0
0.804090860867939,0
0.019334253504810064,0
0.9291080177668108,1
0.023050847971066022,0
0.8008363151001505,1
0.01118371745242081,0
0.014432128692047762,0
0.061467792305090384,0
0.07660214403324035,0
0.004658827224673379,0
0.3022239637240148,0
0.19907519658459177,0
0.04578575166412874,0
0.00808380030765403,0
0.12853219362609414,0
0.040292709018605315,0
0.09544028454549186,0
0.046596993501879735,1
0.1113991745235207,0
0.048203827009610616,0
0.25632747700278197,0
0.978551266835185,1
0.1943654123711648,0
0.30313426407166655,0
0.020214388164125092,0
0.054471658312106035,0
0.03174188046527903,0
0.07047359021640465,0
0.15015204444826324,1
0.1096154326367872,0
0.1737937661383818,0
0.006546308739718246,0
0.021191734976110155,0
0.05383588712108734,0
0.13556104114033682,0
0.09904647140695935,0
0.15366639208873437,0
0.29771971712032286,0
0.3070451507363365,0
0.15126272360107226,0
0.018735244118145023,0
0.16000270229223182,0
0.6130720012432987,0
0.0029550490771381864,0
0.08865695043549987,0
0.3732059046013943,0
0.04219947033188371,0
0.0012778462793332915,0
0.21980880359633378,0
0.09770299635274524,0
0.004506051386122313,0
0.013990633498788322,0
0.05841856773994753,0
0.26980968659529275,0
0.016053544805773076,0
0.11198373918253261,0
0.0035106803228064786,0
0.06819209685629728,0
0.08828027105555464,0
0.09837217733552718,0
0.0582992708119584,0
0.9634199051388411,1
0.0980428879174003,0
0.11217230841221507,0
0.012169664338523272,0
0.17656139680958116,0
0.05171395257312187,0
0.08075416430109746,0
0.04715527625525675,0
0.1220143489701648,0
0.004651172620464803,0
0.0525369965987683,1
0.09929195357033467,1
0.1685728132849449,0
0.0016161022345107013,0
0.1804629667611721,0
0.01243358966050549,0
0.07876133473284072,0
0.1386201195278825,0
0.37246636020237717,0
0.0398312727277919,0
0.9889473199709587,1
0.14252098185930556,1
0.11538959991274123,1
0.07819156219265282,0
0.044154609496336185,0
0.42456780834421703,0
0.21993272075725404,0
0.1254831924169327,0
0.9407753125298632,1
0.6583355905259635,1
0.00039656076044234734,0
0.45416586886206434,1
0.05999948197410038,0
0.09488559612158662,1
0.21006575296710814,0
0.3866639266893074,1
0.9599999516478545,1
0.08375036255225916,0
0.12349700498269499,0
0.17959394333790887,0
0.003911000069262103,0
0.23979384018621308,0
0.6695925623361472,1
0.13137837152034643,0
0.05792282668851707,0
0.19353403535000607,0
0.9838527003597751,1
0.1907740640544287,1
0.7147405449883142,1
0.09843494001407635,0
0.27785800412772216,0
0.16823085524728823,1
0.001448505496591637,0
0.10613347143964792,0
0.020152148651487106,0
0.995643360581916,1
0.14252399435818222,0
0.06917343258325914,0
0.09339054792437192,0
0.911285028075079,1
0.21613843159661233,0
0.10821470948677907,1
0.1463518316332572,0
0.4896231362773865,0
0.014764934443439317,0
0.04585895427872328,0
0.6481383198287007,0
0.1426145311594434,0
0.010637160015049258,0
0.009207203588891726,0
0.00034557605302451544,0
0.19814761005928447,0
0.2680026427792064,0
0.06792387740384143,0
0.2145294181610597,0
0.08844000330167821,0
0.16435884793226568,0
0.14031116420029,0
0.039071418854689524,0
0.3072392549553473,1
0.1974523897869501,1
0.045806469825300025,0
0.2096272512401458,0
0.03232964791080773,0
0.005929900850209945,0
0.11485910730353247,0
0.20189354341546673,0
0.15543416993027825,0
0.9937380047003598,1
0.09066721472728875,0
0.1349222686617608,0
0.03764707658489623,0
0.19004538411684682,0
0.004176592543185805,0
0.08858849848013758,0
0.38812334362101764,1
0.019450303347677323,0
0.35813902456304253,0
0.5279796195269881,1
0.2056285020330371,0
0.04355780636621782,0
0.05451812085281012,0
0.001586234988934443,0
0.0011311230858294188,0
0.010877370462549007,0
0.022255772707379537,0
0.05887241192234154,0
0.25591519054824424,0
0.00164709806575221,0
0.1363269346032219,0
0.026367516205581747,0
0.003439623834477213,0
0.0037881910194696947,0
0.19358165444270461,1
0.29509809887440575,0
0.04453481959147368,0
0.07130940235741791,0
0.9467205823418149,1
0.32498554777814787,0
0.04580880380281095,0
0.12138258068826976,0
0.07198116929716261,1
0.08487492198311748,0
0.34878064531198444,0
0.12128568691338931,0
0.1437924903703065,0
0.9081712055141908,1
0.18303390736897868,0
0.28957892620524545,1
0.04811154359653446,0
0.12857692568434992,1
0.04551630574503522,0
0.0028495036026112996,0
0.022663270943505315,0
0.022732963784792327,0
0.022765017772348798,0
0.2251357715861937,0
0.030956939990029943,0
0.05208509242915487,0
0.017332584100812867,0
0.36420602552193815,0
0.0020495725973054975,0
0.005515383914600476,0
0.0005422380038852799,0
0.03517041742976478,0
0.09266177645941177,0
0.0636764011510088,0
0.9202218133999864,1
0.19911548361325596,0
0.061250993344809206,0
0.9883070265419664,1
0.07489688440154986,0
0.0027672934354083354,0
0.12754876190518727,0
0.004144930002502287,0
0.186414825744288,1
0.00513735314373397,0
0.5126316523587272,0
0.9990175011648739,1
0.002453708974415993,0
0.9717917430472627,1
0.16338008329474926,1
0.1897376892419224,0
0.1420046661686606,0
0.06456772601548269,0
0.005796053330880356,0
0.004647214592466789,0
0.030163451998404128,0
0.2811735144852046,0
0.015455113312541891,0
0.5247046569788185,0
0.17043032908361375,0
0.11477840463289056,0
0.0012228252964635337,0
0.9873417699536751,1
0.001393786801342218,0
0.08098937715443069,0
0.8027106984204777,1
0.1677827754649375,0
0.1487123271854741,0
0.1162113741399325,1
0.2916749227485363,1
0.050692176790533804,0
0.15258945016748404,1
0.16392813018066635,0
0.19794193198390944,1
0.9967226997642786,1
0.054478867739623196,0
0.09521375927908904,0
0.09758129640803642,0
0.29050801129600495,1
0.2387068872389686,0
0.14190456669122134,0
0.46637758798196954,0
0.7920147067249244,1
0.02057203815646676,0
0.10382077496140302,0
0.17396185031259892,0
0.01307609688864845,0
0.02292267533487256,0
0.016536075681318495,0
0.04838339852791602,0
0.006478331975824946,0
0.12789877292102128,0
0.044841786788910494,0
0.05595567881925599,0
0.046685851526704646,0
0.01844787931148686,0
0.024203309763648328,0
0.14170489616069967,0
0.019167545513402745,0
0.009138844242892801,0
0.058089212083351306,0
0.02200629806549485,0
0.9970037887854856,1
0.18176532024318867,0
0.7141847157024189,0
0.002317607924779667,0
0.05913493932299821,1
0.2975132914729,1
0.06837931570099028,0
0.0797640723785304,0
0.05257537483668751,0
0.010892433050393148,0
0.29198399487154686,0
0.13633251090695572,0
0.042967580741963406,0
0.09427787551071322,0
0.17308783588505633,0
0.11785345880151817,0
0.012394484008463142,0
0.33051971156186005,0
0.26108680316628163,1
0.1510115297572438,1
0.15302485687576547,1
0.06853037618197808,0
0.10845092321923658,0
0.13144910594490333,0
0.01476507875591095,0
0.03766079811018792,0
0.0028974255075756394,0
0.08717909606546163,0
0.9171318729999229,1
0.04922063091852251,0
0.9968785358705556,1
0.00440565730767242,0
0.03088574887654199,0
0.00039117737691311133,0
0.9785510430892057,1
0.2188125856539376,0
0.9936163088138946,1
0.0695894830682651,0
0.16852755743385103,0
0.583048904634474,1
0.14407065726621346,0
0.04622233822998639,0
0.001091256624282109,0
0.04324552162980627,1
0.33989715388461844,1
0.3721560730221457,0
0.007618731225993548,0
0.20162250680915186,1
0.9258176360452087,1
0.06584343869230465,0
0.04337866573633258,0
0.990424306268603,1
0.2857536534198399,0
0.027510632860893523,0
0.22272645472624872,1
0.17139301743981547,1
0.08225385733592,0
0.10647503853068446,0
0.028495901828658656,0
0.07670354304315385,0
0.12804408340178966,1
0.9445705076208037,1
0.9896906026144318,1
0.8432043623983554,1
0.07797327328217085,0
0.8589598584467382,1
0.000319190542145502,0
0.005173776872598058,0
0.26687982742259897,0
0.016321062390768044,0
0.9987970194137188,1
0.15328593810606828,0
0.25307470383753644,0
0.0212467464740025,0
0.0396471336849249,0
0.003998309769617729,0
0.20035347314698074,0
0.09896086601624263,0
0.9975528698026196,1
0.163174419122446,0
0.2830134110956312,0
0.08754980710862711,0
0.260215776529703,0
0.1252535919024212,1
0.8786791242928785,1
0.9255875246040929,1
0.17774241569028496,0
0.06269476108507623,0
0.018688493624089718,0
0.10419043767747861,0
0.42125443671381324,0
0.07725807622178926,0
0.28086601682710016,0
0.04666578306642886,0
0.23522587575045584,0
0.07189729485235745,0
0.002255004951854141,0
0.004884028722618042,0
0.043710504500703296,0
0.09677854972206068,0
0.4263008150075118,1
0.9727583863367567,1
0.0018240045251148415,0
0.19565432366389574,0
0.014104831823335837,0
0.1279311504172321,0
0.9027688877859898,1
0.3153572100205174,1
0.01763528210629355,0
0.08242043338871462,0
0.017024091544462102,0
0.12535422607536437,0
0.06463213626897679,0
0.03016758710941403,0
0.1320746154982051,0
0.3786691789816847,1
0.11770372520669434,0
0.9929478262072711,1
0.07098481662901081,0
0.021129721300280055,0
0.006467309160030597,0
0.22357524569691906,1
0.9392494821747827,1
0.003663624333877011,0
0.337671806688232,1
0.06477854642536532,0
0.10018884919878569,0
0.0752161532194711,0
0.20472158445132446,1
0.05884536606703452,0
0.05722644272754326,0
0.022004954834271367,1
0.06306026546237667,0
0.0007088056095703381,0
0.01614665230543472,0
0.004253418875396581,0
0.942549107386624,1
0.08726550947919925,0
0.08578348566035508,0
0.1040592212071567,0
0.16018321932313578,1
0.04565116642672491,0
0.03847822313971891,0
0.0021336800987957947,0
0.11350929174950147,0
0.03829561472258426,0
0.054862805687768884,0
0.09943241939922198,0
0.35116620888294015,0
0.052947477477990806,0
0.059862641437887255,0
0.2967696870791975,0
0.11270187269011617,0
0.0009393905501920023,0
0.052526756396339684,0
0.01709176631765271,0
0.0017143256605869899,0
0.05709734794418,0
0.05673909367678918,0
0.0019600867417674936,0
0.08093745543340333,0
0.22799285620378784,0
0.15226175361636732,0
0.014877205940550553,0
0.9532570049639428,1
0.03249002835594178,0
0.9927923577081768,1
0.04579570720047623,0
0.14703700582116389,0
0.964008498962472,1
0.1435376312271045,0
0.04480682914762583,0
0.25216270619277226,0
0.99590249397835,1
0.9879366561235543,1
0.060835623646284254,0
0.15563091076255567,0
0.01599076149391553,0
0.0182178730219424,0
0.015124977954296827,0
0.001359672366740006,0
0.2957115882214162,0
0.9536014943846721,1
0.009420719755097836,0
0.0014982063328971601,0
0.05711848762360269,0
0.8678273510565918,1
0.07723008124573673,0
0.47890142943708636,1
0.0006776795594837432,0
0.2528899149415885,0
0.2849250760568575,0
0.12988847342355034,0
0.7348838138398277,0
0.12976665768493612,0
0.008731595496724517,0
0.9938447175875788,1
0.03955691026803774,0
0.04746657835119196,0
0.04037902731080828,0
0.07981595445125397,0
0.06654080583745535,0
0.023100388088555086,0
0.9719146292946114,1
0.2985596403322223,0
0.3327700513685101,0
0.9103043346170234,1
0.005334937155777376,0
0.24379865004079668,0
0.9911054471798676,1
0.2676672315613023,1
0.12568199995806983,0
0.010369699776880131,0
0.5905962598913607,1
0.04488594388009886,0
0.925073328060201,1
0.04513891023477478,0
0.024869142306271456,0
0.10738857238468316,1
0.005815082615950564,0
0.1660964593313447,0
0.08883163344126714,0
0.13177520456387157,0
0.016908727592662147,0
0.9878236489022865,1
0.01886283909053527,0
0.15150212623586648,0
0.22207975671460273,0
0.06399398333016319,0
0.02504744421113457,0
0.0018632633071618996,0
0.042105115628053046,0
0.11530744762298281,0
0.13507751838991255,1
0.04542085464765931,0
0.1686090258496223,0
0.004664374209669751,0
0.009614892286376745,0
0.004681948230616342,0
0.16540653022351604,0
0.9966492021584501,1
0.08984772307686316,0
0.09479511633776452,0
0.27578134994984904,0
0.05557942386402089,0
0.09423633214514353,0
0.04294414001014631,0
0.10751087971347334,0
0.7830302485442421,1
0.08279385725083978,0
0.12352107294340085,0
0.18378409712025548,0
0.0869047118651799,0
0.17905041964537974,1
0.040618873405952466,0
0.017832200699478044,0
0.09925015773578154,0
0.07146564745842815,0
0.04842872768752934,0
0.1711530851703725,0
0.05459892829494653,0
0.16033960901378178,0
0.003036437035031138,0
0.005806123713227436,0
0.1512373849087351,0
0.12407486735515698,0
0.014405066277183111,0
0.9180689184116776,1
0.07115882516392115,0
0.004418094664172479,0
0.11617239338737807,0
0.11759084404958461,0
0.5890523112589994,1
0.0012282717772355615,0
0.001239138468525703,0
0.15711720325103265,0
0.07664615540820477,0
0.00042865577712108255,0
0.013005403005811319,0
0.08818069650306384,0
0.11093195253353265,0
0.003270658632139944,0
0.2662285735567243,0
0.052814514915720714,0
0.016271253871225282,0
0.9788105659727833,1
0.2504789522445641,1
0.21460416285554096,0
0.08733745920786731,0
0.013833896105992597,0
0.11638696280302104,1
0.17183077006221023,1
0.7704669348552182,1
0.10496092884263952,0
0.04575905692837575,0
0.050629348086117215,0
0.0555003598288832,0
0.38915744074258773,1
0.20283392689570695,0
0.2322152975565169,0
0.0434741216975987,0
0.00424158725234588,0
0.18259502496470195,0
0.04047053815081412,0
0.1439574509320648,0
0.16247806746453816,0
0.6285201332756701,1
0.04909080035085127,0
0.18508422377686698,0
0.2897261585276859,1
0.08254091116291143,1
0.2915838704147975,0
0.108996206140589,0
0.24240831499594337,1
0.1455991007519284,0
0.016328223439272392,0
0.2908347957869687,0
0.06936994784436447,0
0.06269618284737592,0
0.17347026611017236,0
0.08671874939863865,0
0.0012333084189714621,0
0.2177960153149323,1
0.1586720321460254,0
0.08474855701750261,0
0.043710463142060195,0
0.13365807439843197,0
0.10163210092059013,0
0.9522294384062469,1
0.051778097896431646,0
0.17599192478213047,0
0.05758902655254147,1
0.001979771825772418,0
0.0037075088216851414,0
0.1767693277792283,0
0.1843334191236954,0
0.0008455936624286843,0
0.09259565842854095,0
0.9509058661336329,1
0.2407696712686125,0
0.18610931252090723,0
0.008962099110641995,0
0.3384216087352201,0
0.09812494813330083,0
0.003237338613203719,0
0.003093928136415207,0
0.12816681773391697,0
0.052078070615269915,0
0.10392914273823751,0
0.0714525150944334,1
0.07932271730169131,0
0.0028753167697171842,0
0.025506418854567937,0
0.194552608476199,0
0.19454834785570413,0
0.7578585336494339,0
0.0005098969403382498,0
0.01803490461214184,0
0.14779127679643916,0
0.0973978469820603,0
0.12122296870356472,0
0.13905046103188168,0
0.20976476001005423,1
0.0007181478499268492,0
0.7836094780052488,1
0.04431568628663205,0
0.662848186814127,1
0.030526589104189514,0
0.09616348309563619,0
0.08918831122093987,0
0.027578226621831747,0
0.33098503457427525,0
0.058270539258236144,1
0.17204385100169553,0
0.02560020484247963,0
0.9207165401382358,1
0.9345461803683202,1
0.43070668333506357,0
0.004192185899493383,0
0.0017592288669559149,0
0.06749814943253958,0
0.17270941337027906,0
0.16526223474481772,1
0.0265542396466212,0
0.09627125428728435,0
0.09183125473587386,1
0.028643879373171,0
0.11897439854637447,0
0.17422952123255903,0
0.9884397166199018,1
0.2060022468173231,0
0.002312822788480711,0
0.08385314690926826,0
0.3947573233945225,1
0.012772298757241394,0
0.09515502639713636,0
0.2570752458424434,0
0.10990789405760067,0
0.2766505212374104,0
0.0047238082982332735,0
0.041266949254382936,0
0.015916550192000646,0
0.7105144484074684,1
0.010544789678562415,0
0.015156905367619615,0
0.14863056910807282,0
0.9926051760256502,1
0.02016276433188661,0
0.024440681535005296,0
0.776326235625989,1
0.1011411543244291,0
0.20916217849655575,0
0.01945199540223619,0
0.13289765872606077,1
0.008997803153874554,0
0.004382994378361411,0
0.05590526534593048,0
0.0815914421102242,0
0.9312703911283337,1
0.8006620409938456,1
0.004677299460104122,0
0.11857778293515231,0
0.00027150374690025733,0
0.12720186601379158,0
0.0039045693021608997,0
0.044003054782439065,0
0.0035618767624694477,0
0.9712527405313239,1
0.0032294372435563365,0
0.08918955727884441,0
0.03890394495316697,0
0.0016432250613747988,0
0.10114191050027037,0
0.003941970281412355,0
0.21910520342528994,0
0.2285861839978454,0
0.046160755627849215,0
0.0027475479903734785,0
0.0029328795849561523,0
0.04324693678918038,0
0.1307278456269155,1
0.06391527841579762,0
0.05980142939746445,0
0.1438700234230871,0
0.2272258251790574,0
0.24383194903913571,0
0.00026715287309109307,0
0.0062576540769542,0
0.10986519602557046,0
0.02911201758437106,0
0.1347866995326073,0
0.10407084292789802,0
0.19588028978632008,0
0.9598893674828836,1
0.07238292625793476,0
0.2622628504506598,1
0.0024484062733539876,0
0.12576472339956576,0
0.060620753945562156,0
0.601228255556281,0
0.2130872519917288,0
0.18521516919449332,0
0.7117237399841961,0
0.15253839530437335,1
0.11403888525119471,0
0.0008760010257551726,0
0.030612168841601485,0
0.02985968810376934,0
0.2292150198724206,1
0.048469685389509895,0
0.057307710322370246,0
0.060403089650395855,0
0.19781954093520282,0
0.013008571629140459,0
0.022185544708768403,0
0.006153005304219654,0
0.9979840123853958,1
0.006883176526831786,1
0.08604495385386653,0
0.36412200615714974,0
0.055289986634375725,0
0.03338731373240227,0
0.018818366844255634,0
0.20489016714777908,0
0.11967766792527824,0
0.15443191195051756,0
0.2501645602003585,0
0.6366959974189,0
0.9988586213315979,1
0.34124653324261883,0
0.31162957549627357,1
0.9967106362153855,1
0.14109088678019324,0
0.06209704834810251,0
0.07547189074411931,0
0.11468963405700451,0
0.09613225410327987,0
0.023635553575976607,0
0.006249190985134904,0
0.0032172985850921344,0
0.1807925061413536,1
0.009499547800202134,0
0.27438785290838696,0
0.09169579290409122,0
0.1389885731903387,0
0.38230954591506844,0
0.05743627444489597,0
0.12801542962014567,0
0.06240999430277107,0
0.0018558803119979558,0
0.17606605518802476,0
0.059189273428581206,0
0.005416232897274895,0
0.005121567401649953,0
0.03491946391178131,0
0.10256321907414503,0
0.02595472501949354,0
0.25554691415361347,0
0.08486648856657773,0
0.17574969210534552,0
0.07616878686912452,0
0.05590078017733387,0
0.4414686645876962,1
0.0038102348044784353,0
0.1066340484739943,0
0.09411316939467126,0
0.035696919440140584,0
0.6430723538413414,1
0.1761460363278915,0
0.556318900510026,1
0.048417664370869175,0
0.32604480150773335,0
0.17836083965692742,0
0.08121347505563632,0
0.3300653524482882,0
0.637568513157444,1
0.3015008531718231,0
0.9938175070500198,1
0.18190259404694822,0
0.0002709976946911043,0
0.00798971729192198,0
0.9579606148047344,1
0.09016617385329616,0
0.16973870561140636,0
0.22404149814754437,0
0.3185694221869792,1
0.8685871560579949,1
0.11783972285293365,0
0.15914754364545525,0
0.01699247651556055,0
0.02147782149417787,0
0.34985009058871863,1
0.14824638516452782,1
0.10087095790209841,0
0.10018571622321693,0
0.011426125073799292,0
0.8639808132028557,1
0.014935309702500692,0
0.3088733664935319,0
0.002747686808555849,0
0.2833228619540316,0
0.08602904757676591,0
0.005241502381054108,0
0.1355207415814206,0
0.15973277826277066,0
0.09489925722943085,0
0.020554264858928323,0
0.9620687331491943,1
0.05537580730806453,0
0.003795947286286584,0
0.09878476910788536,0
0.9016314244205325,1
0.07177211783379878,0
0.0035352765040752706,0
0.10709891458549241,0
0.036824318773395696,0
0.13091211006135817,0
0.0904429985607972,0
0.004539056589280806,0
0.07383209909954944,0
0.004164204623022056,0
0.07821526582027985,1
0.1327328708730028,0
0.05767057800744576,0
0.039475570141739406,0
0.055066978798108554,0
0.23798351448887656,1
0.17169939732245199,0
0.004066759275194409,0
0.034577828572587864,0
0.42680885608796515,1
0.30925060484349853,1
0.06840168811662728,0
0.01906282697589576,0
0.07725893912873334,0
0.9984913047974907,1
0.17730101642981327,0
0.02155455272209341,0
0.031233652020164513,0
0.047255346767945544,0
0.05661078966169502,1
0.6571645242368753,0
0.16990480039575756,0
0.0393588838555426,0
0.9985225185214716,1
0.12090673331648034,1
0.11519863382018106,0
0.9959567020682893,1
0.014546308492305848,0
0.016569891824368223,0
0.015509094510095538,0
0.1939723337682421,0
0.0661501079084252,0
0.00916318726863003,0
0.9946761529365767,1
0.1901387825602473,0
0.1872227504690875,1
0.5424695939855113,0
0.09810825141985083,0
0.031080591437871573,0
0.9979834790648343,1
0.015919990585257365,0
0.019991423848074806,0
0.0018260066861425742,0
0.23593656040417268,0
0.06877619963263258,0
0.9979819038679474,1
0.1969078855506045,0
0.9950351097013719,1
0.0011628130358784044,0
0.9633366078817495,1
0.20059078679264603,1
0.0007364468280429219,0
0.1263637548503604,0
0.07913506752519017,0
6.754479210669736e-05,0
0.004397100708987912,0
0.004369268577352199,0
0.1763365327320566,0
0.13658672464019767,0
0.11601023459598131,1
0.15744994871380893,1
0.02794073336726403,0
0.7421537355729163,1
0.04885847642880706,0
0.8791302350570456,0
0.11290764373897594,0
0.0023720928130835594,0
0.11934526477222732,0
0.014646114392424744,0
0.08385638098492128,0
0.005145942695952624,0
0.07438277688745569,0
0.06542000325319801,0
0.012168679768977132,0
0.029050002842588688,0
0.006884779206484459,0
0.0927041721151903,0
0.18072679002828407,0
0.025683936336676757,0
0.2860293636147684,0
0.026062053215273585,0
0.05436994256994062,0
0.9936639018336887,1
0.16055463758671631,0
0.21697795653389448,1
0.21853114589796932,0
0.004779062747597667,0
0.12513081722614486,0
0.1837011801095092,0
0.0042878606343174155,0
0.13520140935954067,0
0.0012241498327489064,0
0.16200749272248113,1
0.005346870516443248,0
0.000631607041606827,0
0.0011813111698998854,0
0.042714623283634866,0
0.0890373274275051,1
0.12643221240758926,0
0.005997894454011571,0
0.1082352529920863,0
0.20199928524255878,0
0.04600748205335814,0
0.11797383535979819,0
0.07212426873112252,0
0.019966389541794437,0
0.19618314495490777,0
0.015233040028127543,0
0.9725879638930833,1
0.9945961298337318,1
0.0013206247608943957,0
0.26654684083360675,0
0.01932640878828738,0
0.20163996320902774,1
0.1958301061563305,0
0.01901967383678144,0
0.10141058324155298,1
0.004045168605987094,0
0.19729038699995155,1
0.9982493678995102,1
0.14517888718720837,0
0.25229428321227204,0
0.19158761930464616,0
0.1129417942769851,0
0.2555692484225272,0
0.9963145964072153,1
0.0670914198928294,0
0.07740136702410531,0
0.20058035664201102,0
0.01711704650073459,0
0.16563718283932707,0
0.060563722917945075,1
0.9850402595993538,1
0.18967836456289713,0
0.0959547388637452,0
0.1462306779277399,1
0.9380414264912765,1
0.009472193005942759,0
0.15987050135317468,0
0.021052610063443417,0
0.002340055997414057,0
0.006546920827214852,0
0.0294473685371994,0
0.018562226227798323,0
0.06916062091154039,0
0.08049568871322574,0
0.04141361919858026,0
0.9919855496075466,1
0.15063752942098574,0
0.05057140736703161,0
0.03628867840294418,0
0.012242268443654942,0
0.057807637877368166,0
0.21464360637070642,0
0.14673904153161613,0
0.012032314544780712,0
0.011282039435923224,0
0.17229757044333616,0
0.0003867687242147975,0
0.029024037918090845,0
0.1393649532706361,0
0.009362856057564612,0
0.28615856461567535,0
0.06027382854033918,0
0.015293517498914944,0
0.24525624446045918,0
0.01216243067563868,0
0.07852117255070605,0
0.0011550107595807257,0
0.004413443489662979,0
0.11646415681581379,0
0.11380825637155866,0
0.3221554445192117,0
0.03842082104436521,0
0.142281673434278,1
0.22086507069395753,0
0.1342619105221258,0
0.00901479734354949,0
0.44239983663356663,0
0.14358448622874087,0
0.23208542222589015,0
0.0863928945432453,0
0.2891527416271577,1
0.03691425774298185,0
0.9978695646426168,1
0.08593631640779287,0
0.9871569561132764,1
0.17695888715565142,0
0.19366843255137897,0
0.08942019196773197,0
0.9659653002892665,1
0.1973416056484558,0
0.9419175838754514,1
0.9846624082161429,1
0.050284172197091526,0
0.037326546255397414,0
0.2613475002494828,0
0.12917126031586393,0
0.025453135134098175,0
0.031230921105951086,0
0.05321351703877363,0
0.01668250863294995,0
0.9954778827953692,1
0.20104139114236916,0
0.00566294050045878,0
0.0900184061433829,0
0.06482764031277947,0
0.01002273357334711,0
0.002104360285867071,0
0.9638076141940226,1
0.3313316410492675,1
0.9982151473384582,1
0.0009487555220811677,0
0.010442286469283354,0
0.04434047161448541,0
0.09305897604843132,0
0.3011946278631868,0
0.0987621873516954,0
0.0012085144798666813,0
0.15047835672848256,0
0.16478454244967522,0
0.013333885159679131,0
0.1530567266670517,0
0.011214106033813573,1
0.13222091735816927,0
0.021509654812293125,0
0.013662339834572686,0
0.1840514613194597,1
0.23475398404407877,1
0.06955896553712677,0
0.3086116279770718,1
0.1450660330385758,0
0.053526711700286334,0
0.00021039054538696483,0
0.9802900391157314,1
0.8503345201531824,1
0.9932670517490638,1
0.1102936866828496,0
0.01895752040546727,0
0.048971437338286586,0
0.2923649561240137,1
0.13407805661043834,0
0.2475227818249515,0
0.00023427317244536754,0
0.1020004181634409,0
0.00324479773003882,0
0.05120640531446603,0
0.07361743103536748,0
0.16534092570520575,0
0.19437784605036815,0
0.1364895289906924,0
0.11712561851605574,0
0.0979772156700667,0
0.10261924946116298,0
0.20890265237791766,0
0.18161294881451442,0
0.21212830914781985,1
0.04422113600328741,0
0.2314988064587245,0
0.007221048080242524,0
0.059967223916254926,0
0.07847156161422336,0
0.002693371430630036,0
0.210666751121226,0
0.004272846066061981,0
0.37574877302571597,0
0.04180528641415109,0
0.13764733124253625,0
0.0020185710091876288,0
0.0825594622801055,0
0.22852763329009537,0
0.0025359942900539012,0
0.004633697867639052,0
0.10663823926854488,1
0.25946568322175145,0
0.7809154032853824,1
0.12385521172753544,1
0.05087732863065619,1
0.0007089992436921463,0
0.19894678285930628,0
0.11404422228938745,0
0.16963645056897583,0
0.013670868437055585,0
0.12166093915162664,0
0.001181196536824183,0
0.013787554125665753,0
0.05480510438622789,0
0.9547244456626047,1
0.12461612211759451,0
0.7876290772637157,1
0.09639606004244888,0
0.07084499742425361,0
0.28714858039153324,0
0.022173358445593924,0
0.16733828199507642,0
0.31896789277803916,0
0.1673567842285993,0
0.22308958407871235,0
0.14583552695970264,0
0.08390870993788332,0
0.2729143270099312,0
0.056688043767548164,1
0.9839398166101444,1
0.9212514849206518,1
0.034367063377795846,0
0.02206496133451927,0
0.01427065888928828,0
0.05689868594813427,0
0.07026427768261038,0
0.09625113011452328,0
0.21458014914123769,0
0.14409836039012208,0
0.17907205257086223,0
0.1362153324878717,0
0.13231609124164675,0
0.9959303205898956,1
0.21227621566573854,1
0.09969426084304976,0
0.9869294041025831,1
0.34643109695996943,0
0.0028515075936554543,0
0.25087139701284705,0
0.14519150125362337,0
0.03995518431404466,0
0.9441668475348196,1
0.1002691774019669,0
0.9975776512005662,1
0.2332481378140651,0
0.04631968721579045,0
0.2990314149036544,0
0.1305457544512906,0
0.05138540505092405,0
0.32343827784054235,0
0.31735189648672074,0
0.18454198318228873,1
0.2660891139207191,0
0.04348353870293372,0
0.01581304563653754,0
0.3459088647346038,1
0.027178489527964974,0
0.11707911105971366,0
0.01326855322188977,0
0.03697989478727034,0
0.16189257120733075,0
0.9966865107150603,1
0.03877817319443348,0
0.9972028531525731,1
0.07925834445308184,0
0.11491039935320715,0
0.4929898081402077,1
0.001017788678840932,0
0.10043599194525031,0
0.03385009214151404,0
0.0006333374272584474,0
0.0010672632986937,0
0.13596426266918846,0
0.04077834942377082,0
0.09637203138638926,0
0.11313818371197995,0
0.0008828734889808245,0
0.8636971653246208,1
0.11386207704855367,0
0.059347473027537546,0
0.11894891252829641,0
0.21411268079183307,1
0.0703066405487,0
0.05310458530875211,0
0.109099379953741,0
0.9968156530046368,1
0.13703658010026967,0
0.004287690583132764,0
0.11242732031133468,0
0.9646337649436004,1
0.0697281013656252,0
0.07601847029548003,0
0.056262211019836104,0
0.0025379438699689788,0
0.2638721699560174,1
0.09790210555589979,0
0.11337340912096742,0
0.02571003928354776,0
0.13780428808313835,0
0.1005142826772404,0
0.5685172469987081,1
0.05579540829884897,0
0.051604983272067556,0
0.012140214669040347,0
0.017577372924648754,0
0.17117226344804884,0
0.937103895436994,1
0.07326857230892077,1
0.0005006411444350531,0
0.43848788190603943,1
0.012272872494367575,0
0.003048134689551924,0
0.02998045602850979,0
0.07383215734316202,0
0.003857617925447137,0
0.018920505531650287,0
0.16248847262874763,0
0.039485695802048,0
0.012626852966197826,0
0.0014462787186088923,0
0.006093878972703656,0
0.4710309088283714,0
0.036818542388259955,0
0.9774368616553922,1
0.16624056670564194,0
0.13978137593369624,1
0.8227909437018441,1
0.15845721921478192,0
0.02759063787373119,0
0.04787633737827351,1
0.0007982849477761475,0
0.3731302309966509,1
0.03326937213153513,0
0.00010396813195830528,0
0.09919684972321956,0
0.5677550234336356,1
0.0108329761894134,0
0.013702463478719673,0
0.05746410050840998,0
0.09835683474715042,0
0.001078385517072196,0
0.09920492526282475,0
0.9983682639867764,1
0.06027058299896684,0
0.06075337901556224,0
0.004201643399080016,0
0.17198531389917016,1
0.006816013959528778,0
0.20852038634074102,0
0.32549427642684003,0
0.91801872603945,1
0.001423619262145583,0
0.11775709702458552,0
0.13398552167492442,0
0.06096432689956771,0
0.06913990790561322,0
0.1499509656153337,0
0.8421598529709752,0
0.1575442301663098,0
0.14443637430713308,0
0.14545748010502615,0
0.9875640956601711,1
0.0052633901721688605,0
0.06160903805319882,1
0.0009648873123745304,0
0.06938296085543988,0
0.3009734982294528,0
0.014444073322707935,0
0.947880084964965,1
0.18806730143043143,1
0.020292429957420446,0
0.911633164648795,1
0.010816128297900506,0
0.688768805033838,0
0.019338365122092922,0
0.16001710238020592,0
0.11185875764654385,1
0.17501053814790613,0
0.4085157538314113,1
0.0872310405576076,0
0.0034213848986360926,0
0.04739715975549607,0
0.1537871846304455,1
0.9761264526844172,1
0.07298536129149633,0
0.9966169682055817,1
0.15734912736309306,0
0.1739078860953711,0
0.8264437221325942,0
0.06516132777173662,0
0.9952272347537964,1
0.04486048536667049,0
0.35824844469804734,1
0.1531219922329556,0
0.001537304552933508,0
0.07527557010493431,0
0.2127945856397333,0
0.029759439261658048,0
0.0782437649016427,0
0.9481319471739681,1
0.018327958881410533,0
0.08312968779608501,0
0.06141428962771892,0
0.23378725640694037,0
0.9893059423657082,1
0.20315172125334968,1
0.021811311112569464,0
0.24127764183376071,0
0.0033116745642162836,0
0.0713813609751651,0
0.1107643162482938,0
0.28840687550472516,0
0.044578281465955175,0
0.026091873699878934,0
0.0035270610912037856,0
0.08014476637479827,0
0.014087031146012475,0
0.10180070427247855,0
0.04657129722540878,0
0.0046409144602487405,0
0.3149645335744607,0
0.10380963353311998,0
0.19528801267895698,0
0.08957176140730708,0
0.09651721979753318,0
0.1409909248669586,0
0.04810887786042988,0
0.04395849733220043,0
0.07875628495960264,0
0.09307721926241073,0
0.8625901234250194,1
0.001686851545695284,0
0.001091417306306136,0
0.9268121495205243,1
0.09033912105666464,0
0.22391155620733966,0
0.1445079439145145,0
0.0655053650988116,1
0.2379653991925891,1
0.10285917140300198,1
0.17753845419541428,1
0.16486835137087488,0
0.37429926426413135,1
0.12374211105206538,0
0.12355565344398457,0
0.029707102222219447,0
0.9963628110200362,1
0.018168385664386895,0
0.0003955524680807751,0
0.22324184893635887,0
0.02643444707390966,0
0.14630569333362528,1
0.374721787912155,1
0.12862125877646274,0
0.011495090744478857,0
0.2279366637620379,1
0.07759899235820614,0
0.19365542701355895,1
0.8931322182780483,1
0.06907285560963947,0
0.13364068262103848,0
0.004334446699929061,0
0.2064650066448606,0
0.310898198956963,1
0.23558208275242878,0
0.12787352262472207,0
0.019122397222879572,0
0.27762110726572214,0
0.14231906093861743,1
0.32448540200225123,1
0.0033816238307418298,0
0.0034763134041384037,0
0.12411570156468793,1
0.13682904933124554,0
0.09643245265588149,0
0.1416274368305949,0
0.0006269788293218746,0
0.03949053405057898,0
0.12952560349545394,0
0.10476622287460133,0
0.08763332086883699,0
0.008539441133756598,0
0.10960807641123271,1
0.1443909653990233,0
0.24981440349516637,0
0.0786514785107938,0
0.06032900191695813,0
0.12505583148812682,0
0.013344656710250003,0
0.09131317718272573,0
0.09907881925738654,0
0.016200505560707252,0
0.015887212643330106,0
0.0028786267970115735,0
0.2655041111171827,0
0.06983544704778467,0
0.04924852936388585,0
0.03332775814279488,0
0.05132492153447973,0
0.0142976279173717,1
0.01989214142970133,0
0.003559432843837878,0
0.9985281102101072,1
0.9281160656107453,1
0.07863234884702314,0
0.016867400143607023,0
0.09344445624185367,0
0.09331295021687948,0
0.011548352445208425,0
0.05661572581837931,0
0.18195076806442081,0
0.008590596457481626,0
0.05982061014955708,0
0.016321592468441955,0
0.08329237941045804,1
0.08910265400378511,0
0.05993086273926021,0
0.36378398283332813,1
0.2816606405663759,0
0.13935538270694345,0
0.022822095353643573,0
0.006525937217024362,0
0.1877971007513919,1
0.04031780386929719,1
0.019169812409885162,0
0.06206430145774287,0
0.08627958630253632,0
0.12048179161030673,0
0.027378060656531786,0
0.05860215325863563,0
0.016572028691951502,0
0.07326970599893458,0
0.30333759486263756,0
0.1298008046360707,1
0.0014133807519436064,0
0.1793571543759037,0
0.06921748914830878,0
0.01945908880948589,0
0.16388443387555593,0
0.13504504491595715,0
0.33774753969137944,1
0.004126982597247718,0
0.015364296150130033,0
0.0165879490529814,0
0.3749119639445636,0
0.13994786526329417,0
0.01214931577464156,0
0.326919029957071,0
0.011412861484960032,0
0.004196996624827074,0
0.00410285263943165,0
0.07452847178602483,0
0.08919569092469193,0
0.1288017056635264,0
0.08036098457925002,0
0.9157104414864085,1
0.26228467922792564,0
0.004290951430770622,0
0.12127217151735711,0
0.1531623739315485,0
0.026304383189174652,0
0.9963327011881071,1
0.8907339030331808,1
0.002603020432864291,0
0.09317730159107945,1
0.32887354489531595,0
0.07069282782883178,0
0.005657298173069281,0
0.004926997007852548,0
0.07189667847822606,0
0.19723639322583236,0
0.0032720589465611177,0
0.004461345948286945,0
0.1972722269131606,0
0.007776387933118414,0
0.1395114027478039,1
0.12348542482043089,0
0.011576893770015731,0
0.4042229884226618,0
0.9394030994656509,1
0.20345456097234293,0
0.004720079928166025,0
0.004009219191459071,0
0.039715903032449484,0
0.8773965132206859,1
0.2330999307012525,0
0.09630072753160268,0
0.95839793138511,1
0.12621339792665962,0
0.02455235728679711,0
0.25363136300645733,0
0.08525558658240259,0
0.026863152160042807,0
0.20789204262457436,1
0.21811314093334017,0
0.025355409463749878,0
0.004306013775904903,0
0.010249545193067163,0
0.3511816065504948,1
0.025874968579872336,0
0.9966385355052505,1
0.134226833613726,0
0.0032962245489939024,0
0.9822977433403925,1
0.07729433038266922,0
0.9113757611643983,1
0.1460473550028104,0
0.10668077591845608,0
0.14301376666379023,0
0.1834128991021185,1
0.9396929152864892,1
0.224378684609389,0
0.9980156698002397,1
0.17187396467641322,0
0.07424197828554205,0
0.997903088373294,1
0.20809224194459044,1
0.27223961838142724,1
0.005545483560265698,0
0.23479799835205323,0
0.03727685830531064,0
0.35510117492464255,0
0.10120397341971024,0
0.036763082801496656,0
0.008378503857489877,0
0.08893208086915654,0
0.16521472752286975,1
0.1861190282160978,0
0.09494810261113405,0
0.225103669127874,0
0.021592409974160464,0
0.20516564825438663,0
0.10919247010453029,1
0.003291389349037945,0
0.6496610427738068,0
0.2345057624285238,0
0.147233899945899,1
0.09568895264574312,0
0.14668632394488926,0
0.09153381517733555,0
0.09141151251743344,0
0.05981833933477524,0
0.013676072732486439,0
0.886517560807464,1
0.978466182688894,1
0.0005721620498122749,0
0.8896807151636231,1
0.9307950104135204,1
0.001453942379375324,0
0.9983550019006308,1
0.1100696310535417,1
0.12586467219806047,0
0.0009223582131520371,0
0.0026186568895287124,0
0.4256675732984377,0
0.022366292992054823,0
0.3465844398803344,0
0.21267110873952827,0
0.37550909844301494,0
0.19313611405710587,0
0.08561559783122372,0
0.31597780772770456,0
0.10777336414398664,0
0.038619351754398186,0
0.9885799091073486,1
0.06246714992172525,0
0.20240403590891326,0
0.4963296626338306,1
0.04720010609911855,0
0.9829214568789688,1
0.07985120312534157,0
0.15506481247099632,0
0.00039169786797074794,0
0.01712736930026512,0
0.1403724764550588,0
0.08327835059251992,0
0.17695321273207168,0
0.2535678475323331,0
0.20006343575153693,0
0.0053872085857114985,0
0.001115512384591244,0
0.03448424012910729,0
0.9483545546149257,1
0.13184846385768262,1
0.050454624996308796,0
0.1746745031403079,0
0.9821850553349952,1
0.13680683179786335,0
0.38348731527992114,0
0.3301628988106134,1
0.15103350971028656,0
0.06037997545203668,0
0.030843953165590066,0
0.35516961453089346,1
0.20088121564363104,0
0.06060111873831376,0
0.011048514271639704,0
0.15358222865536597,1
0.16790913309714622,0
0.12945252228119017,0
0.00028074206079637586,0
0.34379871105296533,0
0.08692248199973852,0
0.27522216431499363,0
0.19146084979626887,0
0.059095179494531844,0
0.9158352327675644,1
0.030588371451990504,0
0.1336057061147338,0
0.7929609530919768,1
0.004259784529162529,0
0.07969650677714916,0
0.6488265527034698,1
0.17184735833314638,0
0.0802837235095475,0
0.4348800898101673,0
0.42220668945985895,0
0.6996777879969418,1
0.1550695702420965,0
0.00033948438443727653,0
0.17700875185248047,1
0.031880796828823346,0
0.9970396701960399,1
0.08477021958904851,0
0.11830405671582807,0
0.8942025486890733,1
0.05761419213929798,0
0.05339365950995097,0
0.007909915093261936,0
0.003288655423017429,0
0.9179041566432902,1
0.08494086299058465,0
0.9965797496690891,1
0.18939793046734055,0
0.0520361330603187,0
0.08514726766437238,0
0.6617402480872876,1
0.003251505338962912,0
0.017922420523281732,0
0.28569043041504255,0
0.03496315982390178,0
0.11883777169912631,0
0.20520374365498165,0
0.2502390647604084,0
0.003616814751343549,0
0.20661259412898492,1
0.0016416029609666683,0
0.11646714267853345,0
0.03639755421440698,0
0.05155047114123542,0
0.9137574781956836,1
0.11767741511035623,0
0.2606475249747977,1
0.0076591529668569676,0
0.25716032520670484,1
0.023162148802007516,0
0.017751135505271076,0
0.3662524000976431,0
0.044261266710399594,0
0.07424812007877854,0
0.37516101274280933,0
0.10726761061472373,0
0.19907145175226626,1
0.07271874607614946,0
0.14602514006568582,0
0.3218666506475683,1
0.9983048522236041,1
0.09263782930849257,0
0.03861261268155127,0
0.011964698467352815,0
0.046011562395094345,0
0.08873978307239454,0
0.032945926049781186,0
0.10021737708503187,0
0.036936617552613814,0
0.009985562067029925,0
0.9987409758418938,1
0.04927290053431385,0
0.2655009250778673,0
0.17740104033139123,0
0.022906276633114647,0
0.04534866875456852,0
0.15251155439443947,0
0.03359286085398681,0
0.3954530743322994,1
0.02837106013400788,0
0.02361460977883753,0
0.9974510496278244,1
0.1669722506280202,0
0.10925934479554872,0
0.21058271405325815,0
0.0010169275842879478,0
0.011615899842512531,0
0.020693054729849298,0
0.1313008162876706,0
0.2012436544049997,0
0.10145117018372203,0
0.05024019611963724,1
0.8279667901628174,1
0.9883457206382509,1
0.21229582205331407,0
0.00013376518782780633,0
0.03315669319030888,0
0.02221754659644724,0
0.005331886477216846,0
0.012152015297777385,0
0.06014985863826618,0
0.47478151864082446,1
0.12294934234316711,0
0.15945158017401787,0
0.08205260700157006,0
0.18784880243665786,1
0.001871514401598585,0
0.153523918900534,0
0.003606848377636391,0
0.14970163443305984,0
0.9676771690569055,1
0.5494195647224313,0
0.0811755170217698,0
0.11299266914760946,0
0.055395209734440155,0
0.20737427494425129,0
0.24096596812507415,0
0.997832317603605,1
0.8917678585697982,1
0.9910601757570605,1
0.017226413191637226,0
0.09009079042101537,0
0.3245050005150743,1
0.993999895269553,1
0.002055812093526134,0
0.17927315879599065,0
0.06400797232469987,1
0.09741950800381848,0
0.1148760084291968,0
0.00528424093079836,0
0.006840733915897509,0
0.38237321180697,0
0.27983030658396857,1
0.0017385357661129162,0
0.02233921944994012,0
0.01036828612296408,0
0.053001743653816456,0
0.04900882472540249,0
0.09559764545040561,0
0.25577815367807794,0
0.21058693519825045,1
0.0680895877670612,0
0.3988616070094781,1
0.07288451071944738,0
0.03728279159227082,0
0.0012085052890580652,0
0.07354407392825879,0
0.08017176686669757,0
0.10694470251217604,1
0.4017505464630586,0
0.1923758739407368,0
0.2574189678859792,0
0.5854757390315418,0
0.02427991772789967,0
0.05609589904838224,0
0.08042034363765407,0
0.023403633476948807,0
0.014727175019041817,0
0.017959735577111176,0
0.0010043076887039362,0
0.05490667640855301,0
0.11017363194330601,0
0.19233835571695074,0
0.023579298178946065,0
0.12226613480210818,0
0.21167007599099852,0
0.06384460370989631,0
0.8616765341982212,1
0.20613152515182684,0
0.3190640819762354,0
0.004091618372436545,0
0.00359047421045325,0
0.17196830258545975,0
0.2173047587876108,0
0.7036984084664789,0
0.004020077468245838,0
0.023256051062989853,0
0.0004288869971749378,0
0.012580653888975534,0
0.21422846025888992,1
0.008955690281897317,0
0.0879460911616628,0
0.24274463274711866,0
0.11089816507872023,0
0.015617295364980055,0
0.2346339730049085,0
0.15575166411074498,0
0.11371215629205533,0
8.296930196367374e-05,0
0.04116703276690149,0
0.2518395051725652,0
0.25517699602625277,0
0.008401899308157,0
0.14398765182084342,0
0.0021481533522129752,0
0.05576643981464613,0
0.9329161033053734,1
0.20123521740778139,0
0.05421709642243252,0
0.020027665551917633,0
0.1363973741577057,0
0.11421357273250043,0
0.13327900588612834,0
0.0988994072316055,1
0.13352524584984196,0
0.19483481422866936,0
0.271533937588071,1
0.6103736094670337,1
0.1474167775817866,0
0.17850177380538707,0
0.06629797566939673,0
0.20055084391499312,0
0.05555920260072287,1
0.1231798955212835,0
0.002966520154333195,0
0.2777630763239218,1
0.017156237505090675,0
0.9790952923213964,1
0.2516446221773986,1
0.28598300670293975,0
0.045622461782881624,0
0.09609288555005177,0
0.03584139952472242,0
0.08966598161685856,0
0.16111263527889813,1
0.11999228072692726,1
0.0021133525958502036,0
0.11064967049388044,0
0.17126453946163425,0
0.09644717182214833,0
0.19234560523604802,0
0.013884512797330885,0
0.07419381409622496,0
0.10735917226687389,0
0.12342275343871557,0
0.27073948529151626,0
0.021053546326817402,0
0.1784267817433095,0
0.0037911271027108212,0
0.251445170737324,0
0.011579780242649594,0
0.9234036439534288,1
0.11030228519571526,0
0.006228607531279126,0
0.24697904543234278,1
0.035761732439835756,0
0.03921051457433533,0
0.08970719417757872,0
0.0213018882342824,0
0.011075259121075121,0
0.9738561774390471,1
0.0965200770645802,0
0.09921851622216045,1
0.12608878907188947,0
0.03486418517412142,0
0.2555496964966865,0
0.045061088804615124,0
0.11227193231417822,0
0.8184531150016546,0
0.09132123470528106,1
0.2725616412128959,0
0.24320683167713952,0
0.2411237806469856,0
0.05990868288164233,0
0.12280137715634305,0
0.3969076622913563,0
0.1069859227482658,0
0.12131688724053385,1
0.00482329046418914,0
0.00023369877460376138,0
0.14046676565500044,0
0.029256472202959332,0
0.2658276663513628,1
0.01747099160197195,0
0.0516887945355145,0
0.001070353894848867,0
0.08539587300744103,0
0.0002535835579288382,0
0.11953750835306595,0
0.1695398424362397,0
0.013243464286100806,0
0.0368050847735883,0
0.45276800069997236,0
0.0804039812311978,0
0.11528259285795524,1
0.052799208130712906,0
0.0498044534805646,0
0.13174842109061477,0
0.5064628272145266,0
0.09387929343839267,0
0.011425484064956944,0
0.5046472001683532,1
0.1346444211407917,0
0.07538244392987124,1
0.21680621094773928,1
0.04347214081288203,0
0.7532621076730307,0
0.03413303181657274,0
0.029118243633738453,0
0.9420597532176943,1
0.022403918001044677,0
0.11424737773178482,0
0.1549143089290175,0
0.043806694556141966,0
0.09531103306409551,0
0.010765215816098345,0
0.008360181872021035,0
0.060807080620510746,0
0.07626364144015911,0
0.06401842697435849,0
0.038536420390150865,0
0.9985203914051188,1
0.22425090420834184,0
0.0880930181954498,1
0.8868681833710939,1
0.2070169386957579,1
0.0860197853990611,0
0.15544462781064405,0
0.0011805148131469442,0
0.01691984473118401,0
0.12482596243133817,0
0.13912237734372637,0
0.04507936630423684,0
0.04326074861991492,0
0.9945327548093315,1
0.005316806405772513,0
0.9913116179281821,1
0.0017096057604509688,0
0.01960029799884809,0
0.019047113972152127,0
0.058550360441054196,0
0.056456317347592426,0
0.14321060838381858,0
0.07373878904927456,0
0.027715747873793953,0
0.40894162457029287,0
0.06649376395028883,0
0.2927008455248259,1
0.01621536114776007,0
0.020560341944285163,0
0.1949450296925163,0
0.4952826463450223,0
0.04034198282573205,0
0.14678928202202066,1
0.2213451944691016,0
0.9959181154598267,1
0.142276682219408,0
0.20625061287065097,0
0.05056950445614266,0
0.013711573164449542,0
0.007020770978365674,0
0.07069928827521123,0
0.9911748108255518,1
0.21585320743111672,0
0.0865507278234824,1
0.0009259093832259521,0
0.1565735392147622,0
0.005141328418266807,0
0.08256660577798948,1
0.0013911268105866207,0
0.0052091884599991456,0
0.0020535748526541785,0
0.1538092217464198,0
0.9751434041338728,1
0.048198193107120986,0
0.0002155146134552763,0
0.46889519142008174,1
0.2131789864291753,1
0.04017479841202932,0
0.07305150207867243,1
0.17677540093092453,0
0.9995959750251275,1
0.013294365965057984,0
0.1498511874606179,0
0.03354728248651253,0
0.032181558978971306,0
0.20058543055493408,0
0.11839641709242404,0
0.9885614744985476,1
0.2951029714711322,0
0.058256149008174704,0
0.12363686645283285,0
0.996707998336255,1
0.5680152110523409,1
0.9379954403997318,1
0.8563379823260988,1
0.0492238019526906,0
0.04186445954112157,0
0.12602685029495164,0
0.07182168457016969,0
0.06844546882917674,0
0.06913902075158841,0
0.17659117379911676,0
0.0003438489464506099,0
0.292821943676517,0
0.07720422075018517,0
0.8937291364419044,1
0.09414960107456115,0
0.11849890164710981,0
0.03774105499531224,0
0.37215508040099227,0
0.34509767314681056,1
0.021962816293738627,0
0.014079165676586047,0
0.13296842017338661,0
0.2899834945731911,0
0.0086601282573125,0
0.13965695754625443,0
0.30897638651248927,0
0.9965446349375239,1
0.005120486344739514,0
0.2644126107939571,1
0.02145267236843291,0
0.023017002058522917,0
0.14656645355277007,0
0.13756017851170818,0
0.08165749129873782,0
0.0995096619131004,1
0.17090921230573988,0
0.6014642971369686,1
0.39203391541906624,0
0.12001247017607643,0
0.07422006225621826,0
0.209994120129165,0
0.2820577824256311,0
0.008507047105127421,0
0.00047750692264733987,0
0.1695217109064256,0
0.057475206206182045,0
0.12170503861841943,0
0.016609976403103684,0
0.9098511740632202,1
0.10291628623184879,0
0.016228075155007383,0
0.29868058672609304,0
0.28901652735171734,0
0.033777761000726755,0
0.04990999280634939,0
0.06192735171855479,0
0.39047028538699075,0
0.3605909557466102,0
0.12598680046686866,0
0.04635358312266628,0
0.010773982153580502,0
0.016535428868959763,0
0.0850262858029251,0
0.001058160526722453,0
0.38665827489431626,0
0.000606636758470816,0
0.28347953272455517,0
0.09676194871129738,0
0.24058906374026393,0
0.09232548745108533,0
0.17337848761155017,0
0.16398098909282646,0
0.19300666996977978,0
0.018010361948419713,0
0.036044975434465734,0
0.1394392917268744,1
0.9564903355158861,1
0.23699320215774355,0
0.029161904906865994,0
0.01835627557944337,0
0.050678400548419406,0
0.31438906916512754,0
0.028182346472125995,0
0.1189780598758633,0
0.1658372167978906,0
0.11591778145056025,0
0.019272394195084527,0
0.022209614275732596,0
0.33117064451239503,1
0.08475941335766761,0
0.12833695249787316,0
0.003755421663233412,0
0.004739279242001574,0
0.0010695069967405677,0
0.0647144506618575,0
0.04267255131832612,0
0.19263452460246902,0
0.0010859234694904436,0
0.12234977725172679,0
0.015348652448260343,0
0.25716382029017076,0
0.18234267169159574,0
0.013410180894942336,0
0.004769699936092457,0
0.29156529790496155,1
0.20467517597652293,0
0.0015982302487440622,0
0.9754772992621821,1
0.1295200039212839,0
0.1020609452548121,0
0.07337540347570855,0
0.14945771433829658,0
0.13565102049630587,0
0.047477732949358045,0
0.05768730811808618,0
0.9936574283696558,1
0.006438576638333945,0
0.14647858180216292,0
0.05173745429646314,0
0.06317144886799173,1
0.9884416419715202,1
0.9802035937105987,1
0.06552817225596372,0
0.1841519037847921,0
0.07738914363123571,0
0.02573644977908667,0
0.17274113678765082,0
0.06080488319514436,0
0.020372215637144742,0
0.6540036207147124,1
0.02573740650359199,0
0.18179231719642594,0
0.9986831077254408,1
0.06738460790608614,0
0.005507985653636461,0
0.0045472018808181925,0
0.991900976238049,1
0.011947266623179237,0
0.13814353982277708,0
0.2972650595307694,0
0.05811680256671131,0
0.14803234452634353,1
0.06795367882147042,0
0.05837667016868519,0
0.1138189959393648,1
0.003998710046370998,0
0.03557670207749432,0
0.16901429559105663,0
0.17361459461277123,0
0.9504800748869041,1
0.06998304665203972,0
0.9575739170315904,1
0.2377610133885115,0
0.7673024352165125,1
0.08193957910862887,0
0.0006412010257918802,0
0.6386399707961193,0
0.006233045298320546,0
0.022330377650806598,0
0.05541465399828999,0
0.01972453475374969,0
0.24774696984004635,1
0.03555127401480666,0
0.005292261601253651,0
0.05329803645212478,1
0.04654600773964259,0
0.030823891160952716,0
0.2389095402097706,0
0.13265180510639032,0
0.08740864617852359,0
0.46549987718444175,0
0.19955740191894614,0
0.05568190904025972,0
0.23135716790755245,0
0.09567852837439494,0
0.038520359888601675,0
0.004039067059386096,0
0.4356818973452386,1
0.11165498908245237,0
0.013668886714459627,0
0.15946084515003583,0
0.006642407207905835,0
0.07498051610681122,0
0.058187227414428624,0
0.013668314699004569,0
0.02646066488073021,0
0.002425284790367004,0
0.02820917620510091,0
0.0003601359084540228,0
0.39148915365704773,1
0.07796761099724868,0
0.0276793861258559,0
0.07916839138891174,0
0.0006161350580237633,0
0.3859586064808011,1
0.3702250929879063,0
0.10553045255051487,0
0.9228275449709278,1
0.09187100580264594,0
0.1391930168224155,0
0.10622278538430094,0
0.027166520804605545,0
0.04723076846983042,0
0.34993980758315063,0
0.008759133534834661,0
0.23647147466673635,0
0.21807050185937069,0
0.14934767333571264,0
0.13653029901126676,0
0.9980673668908192,1
0.9854940364352096,1
0.15209009070921867,0
0.03860476309425562,1
0.0013889738329784036,0
0.09693419483566722,0
0.2766646090090357,0
0.38032392263742965,0
0.01893200493806453,0
0.12734433214953056,0
0.09966339969163866,0
0.01988162546452608,0
0.018853018681586967,0
0.3064674747727535,0
0.26292528182020697,0
0.9126541319047436,1
0.22808421606698528,1
0.1065263805853864,1
0.1372502915765193,0
0.1916912083684265,0
0.016337753178199847,1
0.4778405240265636,0
0.31246704366938177,0
0.9220605919456561,1
0.848932913194465,1
0.1642583242628968,1
0.1101783131499074,0
0.00756836516387829,0
0.010894246663046267,0
0.019482173196728198,0
0.20286945216204164,0
0.2812907564966881,1
0.6316003218188936,1
0.02402742276520446,0
0.18904523452467728,1
0.25156061126458423,0
0.07032660204097724,0
0.9337534611228129,1
0.12018730866388133,0
0.022757694198544853,0
0.13446796673806516,0
0.09799521203939038,0
0.1659165934304498,0
0.13500714374838926,1
0.14334520839666082,0
0.9979744162832294,1
0.5256408757104005,0
0.02310124712870582,0
0.04128791774370539,0
0.04290694129174827,0
0.0038490857772373135,0
0.0007521454209774577,0
0.03026662295955854,0
0.11755923001838584,0
0.005212994964550917,0
0.11880442258989363,0
0.08736450651979998,0
0.013217102658280544,0
0.15716233150478467,0
0.8607375671157187,1
0.0019141013566053794,0
0.9974561276643603,1
0.16248892490079436,1
0.004766925524826986,0
0.0020528166450726683,0
0.012149512053489905,0
0.14213108566222815,0
0.12621043940835536,0
0.08494583662093003,1
0.0023457482570431315,0
0.19475132267781312,0
0.07734121349971672,0
0.02192913250323361,0
0.027343267335025515,0
0.3084790112366953,0
0.20339911963149354,0
0.1845405116070674,0
0.3635951051500482,0
0.04726449910442132,0
0.024013540734949528,0
0.12113526179722142,0
0.0025469442183843256,0
0.9457859843876248,1
0.1381294829385337,1
0.994294993717986,1
0.1660747948405473,0
0.05146652004284169,0
0.0040456783104367,0
0.030290842787480267,0
0.03787835150552534,0
0.0579036565216075,0
0.17064236064584606,0
0.06093057094386789,0
0.323012920021051,0
0.24292489847911805,0
0.1411106715990786,0
0.0049361405367172135,0
0.12233008774271112,1
0.08957432105345797,0
0.3788517264273327,0
0.07223352427011619,0
0.001100763009083475,0
0.19465279897954146,0
0.9852347083454737,1
0.027073242465416834,0
0.011080070675771455,0
0.19870449893826786,1
0.003899559505100425,0
0.2039666742450794,0
0.003024301970125861,0
0.006504723108548304,0
0.9125344437687143,1
0.3651799294835283,0
0.14555211386362113,0
0.6423604230046591,0
0.08707048626502512,0
0.8271093103158891,1
0.2598694659430516,1
0.01587809321986765,0
0.08750941754880208,0
0.9897270119475176,1
0.042390307782585804,0
0.16186779099577606,0
0.9967883925912276,1
0.1317391195914946,0
0.10321068552789864,0
0.12897081699903679,0
0.3678883983848272,0
0.13147684098535808,0
0.00857455390869657,0
0.12765166909906184,0
0.0019066270143120528,0
0.006037840142101487,0
0.8116994099581306,1
0.1672916744262494,1
0.0959253134343471,0
0.015344208643508892,0
0.017529795501804817,0
0.07484604615606119,0
0.08962420595801354,0
0.028241418313326782,0
0.024121615706993445,0
0.0905140600038526,0
0.08883081807271151,0
0.02506603015369998,0
0.028135997302271804,0
0.24403680259263108,0
0.060369366766119516,0
0.12910589095964878,0
0.004281326077824472,0
0.029815075718759812,0
0.08254300645716064,0
0.0519499398658982,0
0.1351640773025203,0
0.01483007565306788,0
0.10533086768477484,0
0.10928760032759757,0
0.07881182380558738,1
0.004094143009057402,0
0.021097825267821065,0
0.9819340408683633,1
0.01611832286143571,0
0.041236853985553865,0
0.15697493826081368,0
0.2161041488755494,0
0.09538548734958051,0
0.24450715963534292,0
0.2617184762052516,0
0.005450507515103807,0
0.16577813627778112,0
0.15981291496716513,0
0.9958976792914819,1
0.03069211478855096,0
0.22352799257597358,0
0.008259859059494074,0
0.9977431374002318,1
0.044751411478098864,0
0.09794895283797278,0
0.2716927628884585,0
0.01498753378836776,0
0.0437751058657354,0
0.21516040026703082,0
0.1541361401865031,0
0.017212683451190695,0
0.0035302911383329086,0
0.0029905381655400036,0
0.05530522332872222,0
0.12593478785399442,0
0.07528239019903493,0
0.0730515457568606,0
0.003385027038535964,0
0.8814106860110783,1
0.0049431541829577106,0
0.2071517097454036,0
0.07316991093915902,1
0.9362283654982811,1
0.0027832247759436227,0
0.9712119123243159,1
0.0038661238086163557,0
0.9032863188399012,1
0.08367640794182825,0
0.46441825572105405,0
0.3113263383737334,1
0.23778044647063265,0
0.0022366292895375276,0
0.18663295139765873,0
0.00012979640533564585,0
0.39443056481150757,0
0.31322870464921304,1
0.004605489458458147,0
0.005884983786642297,0
0.35698417588573084,1
0.3891568663721673,0
0.2092748577173341,1
0.9773292396468248,1
0.009894765660357099,0
0.012750301419079998,0
0.0030766720530348603,0
0.09746254042932928,0
0.10195640612395632,1
0.015726601938759497,0
0.04630732826444427,0
0.0499285295815724,0
0.003554382382174824,0
0.10750191785761805,0
0.05735202035713037,0
0.09997420759159066,0
0.3155140233133396,0
0.995986866048539,1
0.7254496161738024,0
0.05167618501352343,0
0.08791889015793317,0
0.03141017243610992,0
0.8880530374640226,1
0.12391703866256501,0
0.0015457852409434742,0
0.14344917277050792,0
0.05028259584591089,0
0.004389086725364554,0
0.1142272703700559,0
0.026230789363978248,0
0.1891724540458776,0
0.8522456057678701,1
0.04231785363237843,0
0.04930155183275294,0
0.34499551291552605,0
0.027791164229390253,0
0.09071707245781455,0
0.05310041913637484,0
0.016702729447152256,0
0.28911969753472583,0
0.06457989373757973,0
0.7581227176502646,1
0.16166143694566412,0
0.14245724317699612,0
0.09108860838999812,0
0.18021238183130606,0
0.004267517475575233,0
0.029557264259109983,0
0.06181940868979787,0
0.02155273156951334,0
0.07071917099589636,0
0.022540432889974014,0
0.018817988671822782,0
0.16464600824676073,0
0.010627621703961827,0
0.11423367169500254,0
0.08321923418868413,0
0.0012949173942540875,0
0.06159799399328808,0
0.09269528858127257,0
0.15726323731258132,0
0.266752922300962,0
0.08190074293643182,0
0.966868686162849,1
0.13185038326818926,1
0.9285885814377061,1
0.03363919692474036,0
0.021422477539310265,0
0.11523762000224394,0
0.035124590095637336,0
0.32064928736133075,0
0.3176995817940782,1
0.2776124478098641,0
0.038989169919563936,0
0.0072241163574112855,0
0.010690039758455741,0
0.002365704136352679,0
0.03162940596697393,0
0.11009611932559726,0
0.025964495008053493,0
0.12946442348425893,0
0.08455626315840208,0
0.012912823682844445,0
0.005078051072724121,0
0.08019148626124223,0
0.14701227520456986,0
0.0010035672781592978,0
0.04687037628313342,0
0.07048310743831283,0
0.04936338962903874,0
0.005655914251217396,0
0.003960976176280758,0
0.0030863273623926942,0
0.0751445898234342,0
0.9946384606741298,1
0.0034111477084399653,0
0.015317828592829624,0
0.0016786378984834467,0
0.8479552794299404,1
0.14616129860677218,0
0.9955851390120587,1
0.5140929044645105,0
0.023271545318744962,0
0.05197651466931012,0
0.15074719374918136,0
0.0851567144570075,0
0.1871381884607626,0
0.2288728019574884,0
0.113030829870893,1
0.1812152179402881,0
0.0023476612045216284,0
0.4409521498876947,0
0.027408938610806764,0
0.07625776247375392,0
0.022837923171892732,0
0.2051009516769351,0
0.02296019034668092,0
0.014640683324655497,0
0.0005381532548122315,0
0.163000270461887,0
0.07530140415270446,0
0.23056210643291633,0
0.09074727394436292,0
0.021862871107222782,0
0.5047436591837412,1
0.9274108738663135,1
0.04091848734017291,0
0.9589861925650591,1
0.06815365695767538,0
0.12993879424263874,0
0.08833845595801575,1
0.04365239732606831,0
0.9941268969499891,1
0.23088130802419626,1
0.0090640424582325,0
0.0001459157187125557,0
0.22000335323086362,1
0.33475778328876565,0
0.027057973324032956,0
0.19864705469121596,0
0.17445922523742122,0
0.30404580516560314,0
0.007697493085092381,1
0.004260157221279753,0
0.26363096056893703,0
0.0008340753953075476,0
0.025606960969658494,0
0.058775171158827744,0
0.21137866653056886,0
0.017904552297848472,0
0.8083172987096294,0
0.007142047069567704,0
0.03438480778021469,0
0.17686372565442057,0
0.11084051847084989,0
0.08507145938045216,0
0.0704240915711323,0
0.019303224821406888,0
0.0021125299362740046,0
0.004316967389821596,0
0.5450324372674538,1
0.15360741482468707,0
0.20973605051277094,0
0.031694819687396965,1
0.016392665914877064,0
0.04150744716129884,0
0.021435669250604375,0
0.0018068485661253454,0
0.008871348040500606,0
0.2542091672887006,1
0.08500801949955893,0
0.050898606212326655,0
0.006023823804795533,0
0.11587045765066085,0
0.07115542729579095,1
0.004690598609856089,0
0.03421605189330211,0
0.07253017527152934,0
0.016960323043237486,0
0.22844046526480885,0
0.004649474086286694,0
0.1417489071786489,1
0.19282011115952466,0
0.11594903516888629,0
0.04144714508976573,0
0.22559445945972648,1
0.054630315552079235,0
0.016093575738519005,0
0.9847116689875274,1
0.11575907417610651,0
0.08886223496355476,1
0.00689197104984022,0
0.19506900301656632,0
0.9791520478135225,1
0.01817366779377983,0
0.16403813325032238,0
0.0169390486103874,0
0.8926579167461872,1
0.04131883928169746,0
0.028295268695822197,0
0.12198857822884662,0
0.9773515962534298,1
0.16328381840091788,1
0.14090099810588208,0
0.005231068624029497,0
0.11499941333916101,0
0.13013070429810436,0
0.3784431887887436,0
0.9971642038447637,1
0.052332524715147925,1
0.020945621797707665,0
0.9991435449107017,1
0.8624882637795606,1
0.16573479240170072,0
0.010805630710207624,0
0.1817679604761412,0
0.08557942996352187,0
0.059434166447178756,0
0.24277996059268314,0
0.8717043641834319,1
0.08885753184899965,1
0.07102869522557138,0
0.9895285076984808,1
0.11236895526203614,0
0.01540822762686687,0
0.016574133673950664,0
0.08303933851524525,0
0.07774065981573328,0
0.17274606523695643,0
0.07009632156219912,0
0.026466655948447642,0
0.3070802672700594,0
0.14919683409925016,0
0.08335050750491976,0
0.0004172962720348955,0
0.1802318045813831,1
0.05250153592950471,0
0.12764281137849795,0
0.021562086299230992,0
0.0584082403758851,0
0.5731312035153301,1
0.2630147216821199,0
0.07279774899273353,0
0.9924628090997594,1
0.05395252171477802,0
0.014532484675721033,0
0.048158209562466456,0
0.0009756242811841309,0
0.19339399758699632,0
0.13334824553077343,0
0.0020957592607180947,0
0.028201642037467493,0
0.10920054020554354,0
0.027599287977597052,0
0.014273482202284351,0
0.07167898079712706,0
0.22973210136870403,0
0.012181443526417528,1
0.014533054837985592,0
0.03459063718498979,0
0.9047671274924134,1
0.45156555734826576,0
0.28335402829886264,0
0.07115373376100567,0
0.1089127023954774,0
0.22764854868925713,1
0.9396388636184686,1
0.5787636503524654,1
0.03456636766191423,0
0.06120536369251779,0
0.6557666844804455,1
0.0029620200529442095,0
0.03860733257855532,0
0.002192099531445509,0
0.06472278154307601,0
0.10471395470559042,0
0.9910690629703477,1
0.10283415487860788,0
0.0018892809609974636,0
0.0620502398053675,0
0.1651122026919292,0
0.06328091956975662,0
0.07306507702807215,1
0.9942362235699603,1
0.00113210896324304,0
0.000873033733436738,0
0.0798265343598374,0
0.12485000740170193,1
0.10626710324750188,0
0.5401132475336248,1
0.06706692094191358,0
0.12823048222557198,0
0.1592526506634526,1
0.004829737991085292,0
0.06235480073678908,0
0.20639672071756177,0
0.277129715699849,0
0.020397701496981283,0
0.9885985625290937,1
0.9031015568553065,1
0.14009119171619397,0
0.1709281033736245,0
0.08293818525862169,0
0.026661769854458357,0
0.011086987844363554,0
0.1836948574941035,0
0.002589363297637875,0
0.568528980616126,1
0.13459252520408618,0
0.09767191045621108,0
0.024140171399704577,0
0.10192820726395582,0
0.04564630427026808,0
0.29612111170964067,0
0.019492638169552216,0
0.2067718923207797,0
0.9968201177609491,1
0.07549555281286909,0
0.062456518495328094,0
0.9896205056838392,1
0.05299758353212775,0
0.9799152270687534,1
0.9970805297416416,1
0.95479774933974,1
0.09048598355235432,0
0.0020794656596752185,0
0.01889199933324411,0
0.2752425318195511,0
0.0006815063809665394,0
0.15840507106482132,0
0.04296161104181351,0
0.0006064789523449621,0
0.821284702308932,1
0.049406262147113564,0
0.19252070639110297,0
0.003007408390165685,0
0.050877734025126735,0
0.012242889057943922,0
0.1742509843371868,0
0.10632726107344416,0
0.186368635203547,0
0.1523273943814787,0
0.2637326624012484,0
0.10853816172116758,0
0.005414371056016486,0
0.12702036427039445,0
0.18943851671709572,0
0.06602837312910197,0
0.07380898964999573,0
0.3941147009859786,1
0.14749582526139587,1
0.06099924982099258,0
0.10391490694481671,0
0.9288662245849335,1
0.012665459163273109,0
0.0021935784368305347,0
0.024542727815888603,0
0.1047262904708735,1
0.07519601037004325,0
0.07255407725253514,0
0.042433923144371215,0
0.0967474581829192,0
0.526937864553107,1
0.10353197985306722,0
0.1499883942128487,0
0.9966728945282095,1
0.2583347076528651,0
0.1358360597596516,1
0.07701639096167674,0
0.0036281470005725064,0
0.06656697125775601,0
0.6830209829867907,1
0.9156865873050841,1
0.01738939710193683,0
0.9602990238928106,1
0.07723116759813814,0
0.1493480726620482,0
0.01615832551976565,0
0.17019182387594464,0
0.13085588082040797,0
0.3706130569833944,0
0.0489820870311866,0
0.2853872400708866,0
0.0997710646990688,0
0.2085752465011535,0
0.8832729167467436,1
0.0603334516407787,0
0.1006746511116405,0
0.1830342711578046,0
0.006085160788561208,0
0.13655307730314417,0
0.10744251046816052,0
0.19771818491753093,0
0.13749104045425528,0
0.18817550086203014,0
0.1252872330299385,0
0.004615691029330779,0
0.27043886036872056,0
0.09664025944763872,0
0.11270952022470161,0
0.039804815242020335,0
0.00018228271005559348,0
0.11437211505098417,0
0.013786185757923836,0
0.2840696707109402,0
0.23400769114656514,0
0.27190711285495794,0
0.14838137460044798,0
0.017954749055149304,0
0.07442921815844207,0
0.0509035661165291,0
0.03207870547142106,0
0.1887933989553868,0
0.20147042285123481,0
0.05276938975315855,0
0.9762492616267776,1
0.0035975413331767805,0
0.24113115803808705,0
0.053166183296978864,0
0.2069449625474876,0
0.14036501579072946,1
0.010558692269032095,0
0.5455338144449575,0
0.006313969143814826,0
0.3035121856155223,0
0.05250624057224859,0
0.9103865131843215,1
0.26541380558216376,1
0.02188435326922403,0
0.2543268220050342,1
0.001488051269013244,0
0.003449053670232907,0
0.12110549521061803,0
0.004077577598172208,0
0.0011429376187452054,0
0.09443188507405656,0
0.047377535206280366,0
0.034601969179635386,0
0.0712249400293985,0
0.09583584530166969,0
0.05237004210858941,0
0.016362281257686427,0
0.040282360496700156,0
0.10169071514673603,0
0.10583397803127849,1
0.06809850375621071,0
0.13506699616771625,0
0.14131316307377711,0
0.019032003334124137,0
0.12566686882339173,0
0.6955355776091741,1
0.9872474163531422,1
0.08087807395675126,0
0.1628101204537977,0
0.137013416298626,0
0.07608571106924296,0
0.5329122643693773,1
0.15311754141917752,0
0.001412817865347623,0
0.057134636775919304,0
0.9900679069966482,1
0.9867646716207916,1
0.12618058614316116,0
0.9991243472386024,1
0.34531465670525463,0
0.09846894967493407,0
0.029637361600208908,0
0.27111660180207453,0
0.007568599117040434,0
0.19471191034267946,0
0.073670103537427,0
0.09976259636210517,0
0.08172632151241802,0
0.06429593105516118,0
0.14196060768348343,0
0.12072661649843826,1
0.0008730311009781876,0
0.048020421817538045,0
0.18505084873977345,0
0.13629310930405114,0
0.17088285358158528,0
0.9656871934694289,1
0.12576035508761688,1
0.00379363658978589,0
0.020840628273715328,0
0.18065567210176217,0
0.7976411071670587,1
0.2809009458740549,0
0.08556095845968367,0
0.020105243144517792,0
0.05082656335748764,0
0.00694053598332595,0
0.2056205103326631,0
0.9814291078032812,1
0.015455779720681993,0
0.004170338822183663,0
0.17593686012003848,0
0.12549953777385248,1
0.032638121283393454,0
0.2601049690483021,1
0.17818164187206953,0
0.017509003143494028,0
0.17781342152961266,0
0.0007030919262757059,0
0.11824493710188118,0
0.0026396017466843932,0
0.0019430300294577606,0
0.022877712644068588,0
0.11932809373127132,1
0.07688448628135465,0
0.08699311693029958,0
0.10640682498902143,0
0.9396087797648547,1
0.00554875883113324,0
0.004890796533944257,0
0.01373524062924562,0
0.06007233174094194,0
0.16111822188678177,0
0.019494009638843988,0
0.9703557119123458,1
0.23124092446166944,1
0.10037329602909983,0
0.12035933495382448,0
0.010424304631541268,0
0.1899036273621755,1
0.00697821310962456,0
0.01668995784220164,0
0.31063046444754827,1
0.0013793033467374843,0
0.1270631031526123,0
0.8609586655118016,1
0.1084982173260751,0
0.1623620014578748,1
0.19595213648851512,0
0.0016723541838935558,0
0.0029843677755827746,0
0.04529843551571157,1
0.001952529385267499,0
0.09165368203712396,0
0.10675728846188637,0
0.9827614818961413,1
0.018758876077887694,0
0.03862570790697482,0
0.06698354853570512,0
0.057125515192457,0
0.000706136643438919,0
0.2314461612891753,1
0.21038142807994767,0
0.09844189477426275,0
0.9503737536197252,1
0.01303046666588572,0
0.007332704377488735,0
0.9367942514600796,1
0.01482736265470308,0
0.18808970284813173,0
0.026873018289908467,0
0.005706915569556663,0
0.5784177736339559,1
0.0967350739640905,0
0.9857088298270176,1
0.0055793034428060296,0
0.09453716206780068,1
0.2996840204114645,0
0.19239730019549703,0
0.00038822707879856673,0
0.06056653257326559,0
0.0038349255368801305,0
0.07739275048302287,0
0.9158113625306338,1
0.2581885573820621,0
0.06507896812703091,0
0.9912923590463971,1
0.3749195405949962,0
0.10098393547367705,1
0.9977643602055487,1
0.2084744490045866,1
0.0750861923918157,1
0.014259223379451628,0
0.08069483080446756,0
0.08067220658600424,0
0.05439297948599494,0
0.16232435131631323,0
0.0759539406214787,0
0.05697363499447977,0
0.06953255031303722,0
0.09596295498925457,0
0.07764530620645743,0
0.27184718604541563,0
0.023424146546682897,0
0.12498430601063754,1
0.19312179844821262,0
0.17636973644393933,1
0.909069836114567,1
0.08453997241600499,0
0.0738850119681646,0
0.04686493951565502,0
0.9151892863082582,1
0.08182707581183751,0
0.010928466600987926,0
0.00438938390552176,0
0.21630520941185888,0
0.10488050727684613,0
0.09736793778621972,0
0.1474883669147542,0
0.0006646662306119183,0
0.7087757385011343,1
0.06061403436207526,0
0.0026148528970815475,0
0.09167082304338708,0
0.013463633147140228,0
0.025270536775610485,0
0.05293713548192698,0
0.0027427181061330927,0
0.1227123277234217,0
0.8624507131056527,1
0.02269766512943127,0
0.11015753301056799,0
0.8099937366486366,1
0.01612451196446393,0
0.2832121643328957,0
0.20545166407438786,0
0.9850907019975659,1
0.2075497183667903,0
0.0791251126711443,0
0.09255590565982072,0
0.2869240380231499,0
0.1186224001517512,0
0.016940908410217573,0
0.3828410052042062,1
0.02987013150090692,1
0.03445620733065966,0
0.30558323497373985,1
0.44469417434942043,0
0.09200133347885385,0
0.18136691805154773,0
0.01838869260989004,0
0.31648694538831534,0
0.04115829756593958,0
0.9990551305256269,1
0.004408715631923784,0
0.21942684570379714,0
0.9983560082810008,1
0.10718853840407233,0
0.2962153826951396,0
0.2558050254894756,0
0.019489355277194757,0
0.15719474193678903,0
0.0037654496731825185,0
0.09044552395968328,0
0.07623345378224276,0
0.11336634143216177,1
0.1394576560511167,0
0.22658842999827467,1
0.004109135197914441,0
0.01938240113869464,0
0.0016341153597160863,0
0.4127304855803689,0
0.3037137218794962,0
0.013779543689397798,0
0.11715772775755068,0
0.0012623721558568288,0
0.8846342857897278,1
0.07977588460188527,0
0.19059873769331223,0
0.05015011165822822,0
0.23866086924807295,0
0.0011349188414631292,0
0.14803591945296105,0
0.13838952637281157,0
0.10522675419400372,0
0.14242250550178184,1
0.10561913311483936,0
0.5398471129043628,1
0.0038714457840262457,0
0.1681016863470568,0
0.9849025325599648,1
0.20661128476144971,1
0.9438315248413643,1
0.1341313206742602,0
0.035785288329364666,0
0.0409283511577164,0
0.4437135536715749,1
0.4805547986803871,0
0.004486452297558087,0
0.01276369368916484,0
0.21094478795346855,0
0.036424999432794446,0
0.007626727278460835,0
0.3567509309573936,0
0.11711829723894164,0
0.43944207741640146,0
0.019796980561630644,0
0.2597283392480103,1
0.17792648561809057,0
0.023611804867699482,0
0.017219739387112517,0
0.1724730933085993,0
0.1395361791995161,0
0.013800523393529772,0
0.3221291729114199,0
0.07627259648865463,0
0.06978143493250277,0
0.31702640592000964,0
0.2273440829675582,0
0.01290318688950864,0
0.02251154328424287,0
0.05469563987949409,0
0.12130573635492078,0
0.024459772187231638,0
0.07888684417431742,0
0.004259122237475785,0
0.2686624763692154,0
0.011230902741934988,0
0.9952699154848601,1
0.07720932433120054,1
0.08588491085801288,0
0.338168306154053,0
0.0037187092988542293,0
0.2661654918810295,0
0.003333611301799446,0
0.13129146143155213,0
0.015610305330137172,0
0.9400550632543307,1
0.09803410520974906,0
0.014419665494776331,0
0.048339112406242835,1
0.03857490352219319,0
0.0034795016820374316,0
0.005245385657814594,0
0.09345535369756382,0
0.16662312560912979,0
0.2851832464333518,0
0.01787079148857348,0
0.019445383230253698,0
0.17388643021306915,1
0.058378977005849146,0
0.08651271270479138,1
0.06637638146376634,0
0.01982819641621289,0
0.006133395263907662,0
0.1298166075062476,0
0.08993729945236652,1
0.0057366292786483605,0
0.06891948542457102,0
0.2332914658364982,0
0.9977279658244337,1
0.1193348957581328,0
0.01777469513001793,0
0.10342933845881461,0
0.9835583262197695,1
0.10568356827353614,0
0.07614203976734178,0
0.1385837061543121,0
0.22717063838000082,0
0.9186291956759642,1
0.07429506882963012,0
0.32570631774310266,0
0.1434439106781679,1
0.21227912820757913,0
0.05407039888811007,0
0.0707997747385177,0
0.0014278092420418344,0
0.06817623605186031,0
0.030834587271866328,0
0.002456302685753042,0
0.0007582885580317407,0
0.2088386639593484,0
0.21742377443278654,0
0.09886285388673913,0
0.5771937860813202,0
0.11573062468041544,0
0.05496887615859409,0
0.07211214489474928,0
0.0007382590320204367,0
0.0017071829515528244,0
0.09912037692787969,0
0.9984119202172025,1
0.2130448127516591,0
0.003872940276284225,0
0.006114712473305598,0
0.19064849993138733,0
0.1480159376885918,0
0.17565098358747266,0
0.0027102891194428257,0
0.01483646449129368,0
0.003738663708425467,0
0.0020017218014804325,0
0.08053965241933761,0
0.035466837076083245,1
0.979723153890422,1
0.05720972527460994,0
0.04342870259717456,0
0.14927653914113925,0
0.09898303706242188,0
0.08933170684424079,0
0.08014021291406287,0
0.1543811939090716,0
0.022788741992810498,0
0.008213661908139271,0
0.013759958405406295,0
0.07957586413596766,0
0.025414379137716395,0
0.002917930509361702,0
0.013736504181019208,0
0.0030515834276318866,0
0.18579538569863652,0
0.3208701537126265,0
0.15326287700693228,0
0.18101293208488248,0
0.9233618883476257,1
0.001469323765459317,0
0.43248479058304157,1
0.3808865024967133,0
0.16686483875596778,1
0.1802052183845423,0
0.059296416548835384,0
0.0014408250199534217,0
0.172161846181546,0
0.18841314440237855,0
0.08726096836559502,0
0.01324967810656268,0
0.24755789657561025,0
0.01350892237067932,0
0.009970584763459156,0
0.9953243967066038,1
0.2010795379686396,0
0.017953698571942792,0
0.006227746523440028,0
0.09169145119311614,0
0.9033819316671273,1
0.9614930916419676,1
0.08457231303975508,0
0.2594060689419878,0
0.5075388961716352,0
0.001530864693436958,0
0.15113825790118843,0
0.12193616011961678,1
0.0022166838894196513,0
0.23181428160415432,0
0.0003842266266242113,0
0.13540328290631048,0
0.014140856122036236,0
0.260994184977311,0
0.033561438110911036,0
0.146292699733823,0
0.06778109356350762,0
0.006565916647152067,0
0.20702313514486326,1
0.03884422537348184,0
0.061374985400933134,0
0.11396411449808647,0
0.05437242233602856,0
0.10872127529003536,0
0.002166579611939679,0
0.0045166581078808325,0
0.9453188791270368,1
0.31121951747971677,1
0.0114556760278979,0
0.00030723076976149025,0
0.060347867380261766,0
0.21762908318711768,0
0.2071293011970018,0
0.01660992701355877,0
0.9974992052776039,1
0.009866985682139862,0
0.2406724521599945,0
0.023621293254404454,0
0.16623555055764627,0
0.015904196491394854,0
0.660978416939148,0
0.018535363717236464,0
0.48113343718405827,0
0.8120770746023133,1
0.8754884402667904,1
0.1121506149994104,0
0.773561220199372,1
0.0542099960968835,0
0.025061590282219527,0
0.08920155396354985,0
0.1922285152268625,0
0.9971629443216758,1
0.9952956819125769,1
0.2703700346923595,1
0.14443534826273124,1
0.9982135783143289,1
0.10810092228180163,0
0.06582750109116185,1
0.2579122914395889,1
0.9473595987478637,1
0.0012730820136644995,0
0.023158397858677682,0
0.1220978344611598,0
0.09088456819040032,0
0.002538165997944066,0
0.08838442151173573,0
0.081408685530947,1
0.006581296078579385,0
0.006791542039858106,0
0.14923611396378206,0
0.03292942655092992,0
0.07779009397577114,0
0.04549118526426356,0
0.2012872878141375,0
0.03825637672877715,0
0.014228359236520858,0
0.09455703452842554,1
0.02330667629515426,0
0.361899194297059,1
0.009406270881570596,0
0.04863464551059743,0
0.6598822449696132,1
0.24857389625702103,0
0.2295567731563982,0
0.21922485500897662,0
0.004824412076505258,0
0.1414861971522441,0
0.9984229701943145,1
0.22910454572412486,0
0.26068642574327877,0
0.07080437753173109,0
0.9991410528741862,1
0.1868731900931592,0
0.08863146341704878,0
0.0038939831274195725,0
0.0896715786929354,0
0.2947763776049856,0
0.013735478621976717,0
0.18176915514751207,0
0.991589578127458,1
0.7765266357284232,1
0.055337561428836814,0
0.35084472622953644,1
0.2588469925896805,1
0.11492334445653776,1
0.9441768968082982,1
0.3504557188130196,0
0.06937017944722762,0
0.045888769644901434,0
0.0705069096665953,0
0.015030312728135833,0
0.024697674245262386,0
0.18306724524032567,0
0.13229571701026266,0
0.992579111587748,1
0.06754334402856865,0
0.08041551943657099,0
0.04044096217042564,0
0.21028283488606903,0
0.047057182853502286,0
0.015210641695765229,0
0.040861010554153615,0
0.0803910784119187,0
0.9824497727846391,1
0.00028914186135254515,0
0.021981945803786138,0
0.006010003540814787,0
0.01808312988852989,0
0.08767584226257415,0
0.0830705070098219,0
0.07518601417106321,0
0.005107217338031838,0
0.06742685497529845,0
0.17625491558355505,0
0.07645267822245906,0
0.03101797237411255,0
0.2988131849725826,0
0.038890594725751786,0
0.0414420745288866,0
0.9643659225285279,1
0.12144321029426845,0
0.0162121785569231,0
0.1965079380779725,0
0.0025932206894955854,0
0.03805503571265446,0
0.12742756638057948,0
0.3148416258115875,0
0.04803925232487147,0
0.0019567686104320532,0
0.017107197555480604,0
0.052350352612099235,0
0.14557477435593058,0
0.016333091936810196,0
0.0034898590211023452,0
0.1735502500331932,0
0.01729680057333947,0
0.16742270226482134,1
0.8212818424990078,1
0.0013510373549797939,0
0.1619319656487576,0
0.11676418483913929,0
0.04354998089941505,0
0.09847849677457211,0
0.047920958853421146,0
0.0642565045075065,0
0.04659074361133404,0
0.2754129894159234,0
0.0682620783623007,0
0.1514645463363729,0
0.14866355629671385,1
0.14676016630458213,0
0.12768329312325202,0
0.003736660658281644,0
0.012231149065469746,0
0.14717970714320475,1
0.12030709887405062,1
0.0029681226402237804,0
0.0013632200582430394,0
0.1385683131509407,0
0.0027208008868048928,0
0.26032157089138225,0
0.0628596332487415,0
0.17187024449366187,0
0.9630778012517819,1
0.00394550346557404,0
0.003463163055177366,0
0.2670310793929073,0
0.144638515621522,0
0.2052945570655834,0
0.01710873444666374,0
0.06839309384668138,1
0.06394164018320597,0
0.17770850314874523,0
0.0003029098454249282,0
0.3555661858812949,0
0.001411317786824852,0
0.9889876525588254,1
0.9973110411293739,1
0.0011183215842677796,0
0.9984886058789205,1
0.03848503131544837,0
0.03451336830078402,0
0.058429578025197104,0
0.8827348396810563,1
0.12228354950211422,0
0.01502992385894381,0
0.005423502216425713,0
0.27714693542116936,0
0.19347272218525138,0
0.02455715945071659,0
0.08050889726123218,0
0.003760059778396811,0
0.16183903577374098,0
0.042307010513497126,0
0.02497862450280716,0
0.003852590487727084,0
0.0024120832490550654,0
0.20285117166539318,0
0.2155533194918755,0
0.023239200476149465,0
0.06798999216531852,0
0.9145783382129663,1
0.13888456760521903,0
0.11960753884418801,0
0.07412849327978897,0
0.1582249467141577,1
0.048279589619693225,0
0.07525140444203034,0
0.012624524993778922,0
0.04997117053289559,0
0.0845777746041746,0
0.19037203236691852,1
0.10057361886276109,0
0.07646252928139427,0
0.029587543981124786,0
0.0824380389930202,0
0.11049885366413523,0
0.2161606112897431,0
0.1984045302484658,0
0.014211495339080848,0
0.24995759623169475,1
0.05416063394524939,0
0.9965717791671136,1
0.09255288826917392,0
0.14097766465434153,0
0.017290230636865984,0
0.24212775108558385,0
0.0782897298654819,0
0.986802196370459,1
0.08613316400493388,0
0.3267438588616984,0
0.30321575437932646,1
0.04675451572845754,0
0.1606243648529901,1
0.22199707166749433,0
0.15147110409051365,0
0.115945289441634,0
0.0006548665307248801,0
0.5161736925351179,1
0.10947365702679314,0
0.9329604502796653,1
0.1532677890698893,1
0.23526319187344266,0
0.24847455216256226,0
0.14211922115239656,1
0.0058814220274638705,0
0.10630832578137955,0
0.6503151127812402,0
0.2601771697151915,0
0.13121559851312525,1
0.11588690036448199,1
0.31887772329131087,0
0.06271227202528604,0
0.929343479899321,1
0.1297798435429097,1
0.19452656250771108,0
0.04012069809555508,0
0.07000591931134999,1
0.2781048662502111,1
0.00818628929874909,0
0.15496794929032356,0
0.9357642950715613,1
0.012430477653066069,0
0.1679894702745214,0
0.03782318232656899,0
0.006554520025121571,0
0.3761481361458637,0
0.021551046824052476,0
0.13704050763390704,0
0.25395463607155816,0
0.9978604636252126,1
0.14290866897903112,0
0.18991845910698898,0
0.07249698823691124,0
0.10375711751983135,0
0.004786479835451654,0
0.00033929140698438475,0
0.0061281310992305615,0
0.00037393795641693146,0
0.0901801237987391,0
6.843042618608727e-05,0
0.9632275591747512,1
0.13978691078853472,0
0.025449920647698413,0
0.022113387813942,0
0.1669182529093118,0
0.018978838993188488,0
0.068094125487104,0
0.10954567924156004,0
0.02214754811475607,0
0.00025970361631622106,0
0.25973301200702764,0
0.16819813992041205,1
0.003983605499666148,0
0.28228430274852845,0
0.07395614577432623,1
0.0008645995844663632,0
0.2996111185892642,0
0.031929906655662255,0
0.03938063852105418,0
0.10697465105212481,0
0.0014898118404589303,0
0.2430670048016563,0
0.0052375022631040115,0
0.0050038281639968995,0
0.10955640847196449,0
0.01414873796764394,0
0.001685500938338126,0
0.053144140492508714,0
0.001735651655123105,0
0.009363475225938545,0
0.001417211285672554,0
0.20515889631772352,1
0.8773398019312908,1
0.12348590358946976,1
0.08432709785263177,0
0.9979721485417521,1
0.11616490869944117,0
0.18026268399764708,0
0.31562560893670233,0
0.026407679779699784,0
0.24287763116703973,0
0.2999405955530415,0
0.2473348735700247,1
0.0010494193107088326,0
0.13517170359084765,0
0.11187040739584192,0
0.020544077647689427,0
0.9252353903060591,1
0.43772453843831943,0
0.11802371830900081,0
0.26865862672350904,0
0.008312067783322361,0
0.014987301165600576,0
0.11898445935975167,1
0.006839703288138208,0
0.051669827006062596,0
0.16103323139984416,0
0.005573092407080775,0
0.010664246769637004,0
0.050262515438959515,0
0.1264903187925406,1
0.0627786280424518,0
0.22027579014217416,0
0.13708907024121383,0
0.001516455497170693,0
0.9936006109136167,1
0.05599798628017358,0
0.09928332323974855,0
0.4240177601679581,0
0.009277605784407441,0
0.11420164011182049,0
0.0900621480759782,0
0.0675445441549372,0
0.018542525648776034,0
0.044707906081290744,0
0.09085959964837054,0
0.06360681481590319,0
0.038323168591902594,0
0.0154259858513028,0
0.07710988455290492,0
0.008844160380873543,0
0.058738532132811515,0
0.11306022092788241,1
0.003512330987252338,0
0.9968229776494023,1
0.08002940273918496,0
0.08229567142319356,0
0.04507627144134358,0
0.9629662185614029,1
0.3479829647876212,0
0.16722303199780586,1
0.10622075579153477,0
0.07650812313644828,0
0.11243300327600374,0
0.3613912773990822,0
0.1009028896986663,0
0.1898151359024073,0
0.03623589645075486,1
0.14797184582211434,0
0.09602895129271954,0
0.03132808677971608,0
0.003422407969344589,0
0.14957733510737806,1
0.07335917069513159,0
0.08044490477138039,0
0.06371631694234565,0
0.9945880719107139,1
0.001226815781938572,0
0.11428888694224576,0
0.15112763575638952,0
0.30178410446043774,0
0.25791543599527456,0
0.017530547254208793,0
0.020044848009998787,0
0.14423730516570288,0
0.010557789509180288,0
0.11160756925886059,0
0.013829965844832927,0
0.999409800549702,1
0.20815001882587475,0
0.00014936381855763437,0
0.035801845640554456,0
0.09572118557053504,0
0.17678126924446597,0
0.8502699879443484,1
0.1631760633207055,0
0.9950859594450563,1
0.15804385116394204,0
0.18030465715689645,0
0.24079453207133505,0
0.12924579744291628,0
0.17737485113993468,0
0.045557200908264636,0
0.03733812756950346,0
0.017269477241118433,0
0.9995749291976675,1
0.04354188142791244,0
0.133017053755396,1
0.1169986227628752,0
0.020761107939058446,0
0.16927197532814256,0
0.007074942389090475,0
0.09947409861872297,0
0.11993774668690006,0
0.22673161327542762,0
0.1678526230985457,0
0.030275036111804453,0
0.11878766655458271,0
0.09799835543560691,0
0.9859173832666513,1
0.11361071204023153,0
0.9863871361596938,1
0.11277582385034866,0
0.15130318648986174,0
0.049502108676321065,0
0.003966683079808651,0
0.8534706252500326,1
0.06666536740631811,0
0.07007394186641962,0
0.11165318712873461,0
0.11659978665972057,0
0.18502418109895283,0
0.9604035981079525,1
0.06809651509303385,0
0.14826046608137963,0
0.08611993736124131,0
0.2290578344810004,1
0.051113624498197466,0
0.0705643427419423,0
0.006609134487166071,0
0.19430326618959753,0
0.860577685971458,1
0.01855536103316638,0
0.02243118455768784,0
0.053379493926922435,0
0.027321261409235697,0
0.10914564748334081,0
0.12774767724923586,1
0.009561771907355705,0
0.2728057711724905,1
0.7997034732012787,1
0.16314786884940313,0
0.0015035873798585732,0
0.15788853047958307,0
0.9790368805089957,1
0.2823489196658321,1
0.22416702479347958,0
0.10806083219321398,0
0.006712515449266826,0
0.0045389471653938425,0
0.032469549513604964,1
0.09053471167059356,1
0.4574216682859838,0
0.01630988449792458,0
0.9973841865298416,1
0.8459809852081039,1
0.2698358993047183,0
0.21723656258865887,1
0.04244593131855837,0
0.21399531339467764,0
0.9920664065224931,1
0.09570433255034133,0
0.0009938154395936385,0
0.19797959294747425,0
0.1825233519193738,1
0.26530290829660086,0
0.00490464325191809,0
0.013883370245568526,0
0.03915474680141589,0
0.06775583782472022,0
0.07190528863145715,0
0.02722692128450841,0
0.009427186724962263,0
0.16560498146118338,1
0.1684274885850724,0
0.04212380247986455,0
0.999010571974553,1
0.9713918963232023,1
0.0015520495145892575,0
0.047959489457128,0
0.11751416835965435,0
0.9948782822645826,1
0.014596422291934152,0
0.07860457180116964,0
0.0338758395123852,0
0.21864546481742744,1
0.9972811324866955,1
0.3975896696729343,1
0.25656509211579226,1
0.12062027813543603,0
0.008214601043204397,0
0.9969066820092685,1
0.0004669731928748887,0
0.0672247230290708,0
0.25498472972934066,0
0.26156794691636187,0
0.22833259746617757,0
0.028219486775980962,0
0.29213895683476154,1
0.8591064683431058,1
0.08792118941527029,0
0.11023001089948904,0
0.22332465651668149,0
0.26492890066143765,0
0.16870504422554267,0
0.9986047568714482,1
0.047734149745051246,0
0.12682505272263211,0
0.05545880523784535,0
0.0029185586784956697,0
0.992648868674285,1
0.012649181117742436,0
0.9851182662043371,1
0.0636646356417002,0
0.18754800846519937,0
0.017039491850527347,0
0.3263503980090373,0
0.20031049812367718,0
0.03434708457185962,0
0.9968689747290466,1
0.017589244138963806,0
0.8650246340530829,1
0.9278185742684129,1
0.9072650533999917,1
0.05015391642165488,0
0.036045898905754534,0
0.09130068506550856,0
0.09625170634961068,0
0.2574489619659633,0
0.014735987856237446,0
0.027775999630648432,0
0.2548321433623755,0
0.014343800221730598,0
0.05733516176055337,0
0.003575345768732485,0
0.023269981197623576,0
0.00020963951079082513,0
0.0027848762276176885,0
0.10047929295332743,1
0.10648202607817153,0
0.07997936730380664,0
0.40117086904325794,1
0.09087705650033451,1
0.9653327109441036,1
0.015560817386875113,0
0.030516298665063796,0
0.0413513829530575,0
0.25305464598794364,1
0.1684513454799024,0
0.9988773382494777,1
0.1570637594123688,0
0.019686583137341677,0
0.044961219426125666,0
0.9931884000871884,1
0.1427060248331028,0
0.25797157669758164,0
0.32243466491115796,1
0.1437901323775876,1
0.19483240887054593,1
0.0066505104872086945,0
0.15685897397694423,1
0.9658036806572371,0
0.2849004867355716,0
0.04856495123011571,0
0.015292465775804188,0
0.08488927435409231,0
0.9725849408655048,1
0.0042994680097479384,0
0.016960035299251455,0
0.003500029218232915,0
0.12552924727304396,0
0.964455182964272,1
0.15587398028909322,0
0.23476272104854173,0
0.010387346183082477,0
0.05883423294144877,0
0.09670365081909708,1
0.08297575052555346,0
0.11847346361008702,0
0.02297080512215197,0
0.311563248030142,0
0.12555737600226968,0
0.03842982084384035,0
0.10670638422701778,0
0.038326339445704315,0
0.2970179312251597,0
0.02858694058019856,0
0.0649221224554303,0
0.2767581055484924,0
0.045902677127025074,0
0.17314523206829954,0
0.0010195662439993706,0
0.01113725765550501,0
0.1597788807193213,0
0.08875074316638067,0
0.1305080396893642,0
0.00363118498196417,0
0.5689474822432761,0
0.5463914504303881,0
0.1357556218710225,0
0.23745663706787692,0
0.0017836361338499022,0
0.9826753319587564,1
0.1530776885669051,0
0.02335698731648205,0
0.9168353385726268,1
0.02359484768104925,0
0.1672970769966171,0
0.0028664535876052103,0
0.03951332153845608,0
0.2943875360122722,1
0.15155046872592737,0
0.10570049745039498,0
0.002844966080154074,0
0.1807663472032515,1
0.023731207082834847,0
0.005544065826900746,0
0.9991855462480264,1
0.06324932405399633,0
0.06652495009545853,0
0.00942199361666316,0
0.056682266495132215,0
0.08731609032478597,1
0.7594507739660542,1
0.10459180705552497,0
0.013327054139486524,0
0.01186794015954405,0
0.1296806999160751,0
0.21925627489563745,0
0.004885151271592684,0
0.12036433400009655,0
0.9977322315885297,1
0.000692331783638103,0
0.055264702206151366,0
0.5423368703733603,1
0.15608248444344577,0
0.9915317146445765,1
0.017991288431040572,0
0.015078707887961468,0
0.048665409569650854,0
0.05315943492787949,0
0.18201853894234993,0
0.03821241688957496,0
0.022803540155619553,0
0.05827951321859809,0
0.26998636382659524,1
0.02483214829446825,0
0.032835830717570715,0
0.20139015734985727,0
0.26920433382390563,0
0.5874292941740766,0
0.020455404580947804,0
0.023900444812287692,0
0.2504548142634133,0
0.9978929672286886,1
0.005615554304647803,0
0.014560173400769205,0
0.015180576655686612,0
0.09277762934354496,1
0.2042150553810261,0
0.19686115634945706,0
0.03792689791078811,0
0.019068373308414734,0
0.0451619854090911,0
0.9178151154458798,1
0.02928733251145911,0
0.0164973371857121,0
0.08088264615366474,0
0.040042209510413505,0
0.02840222779681573,1
0.25878610116209644,0
0.9601947393409951,1
0.06380021359304036,0
0.08613508377121736,0
0.13625720813443665,0
0.011341125014407552,0
0.05328571327969594,0
0.0036209867099313143,0
0.01607855451674404,1
0.0009691737429454635,0
0.007308855901627209,0
0.09114630718516405,1
0.5358548978172958,1
0.04872043611014998,0
0.019743779851675095,0
0.03243513587241148,0
0.09885065074418009,0
0.0014249526848636093,0
0.010127247835483187,0
0.10869167743101608,0
0.0045872542562729116,0
0.12670482550533338,0
0.10744265651729835,0
0.06794740476271577,0
0.21538125373576847,0
0.13707458523720145,0
0.14229779242911686,0
0.0801120243431487,0
0.023924160226069465,0
0.19570428542895818,0
0.38650257657150106,0
0.0010726174036227347,0
0.9083107996242921,1
0.0072129800638246035,0
0.9859261045283267,1
0.9637193198422752,1
0.06898978034937682,0
0.985274244885726,1
0.17703979493678898,0
0.007112746217663785,0
0.2703062190617066,0
0.03894451011361129,0
0.35188164786088744,1
0.2888776900183844,0
0.07464770658558537,0
0.055554862705556575,1
0.002692187163131445,0
0.08282031526823691,1
0.06682241178206631,0
0.017706290054574293,0
0.3618785876083536,0
0.10066108224324917,0
0.5313504396142321,1
0.267280967668485,1
0.03316186184343962,0
0.9973948202998774,1
0.014523707953028457,0
0.8024219349659852,0
0.08984441532859012,0
0.10016667016654199,0
0.18399982418589955,1
0.007552779154238772,0
0.0476328613242674,0
0.8500568356432032,1
0.3745470131842868,0
0.6648169885229026,0
0.307518339217139,0
0.03502957133951209,0
0.30483805834630445,0
0.017270823776833144,0
0.06315599860040735,0
0.1380323855678328,0
0.9383517591150926,1
0.02311859311190577,0
0.0015357421577000831,0
0.13106702341675883,0
0.07778336203618713,0
0.10847170673578124,0
0.26193932905208905,0
0.04653637894067039,0
0.003859558595623144,0
0.0865759975953038,0
0.19915749988346002,1
0.13328737490532144,0
0.029848825806089947,0
0.2356832630649382,0
0.1520944200573544,0
0.17757968523440876,0
0.13684449715302086,0
0.8979871177185091,1
0.02819328951198851,0
0.15690757898168659,0
0.009266367692514042,0
0.059446559198447275,1
0.03296369160421719,1
0.09885901945449237,0
0.024180760904334252,0
0.0014143876640023217,0
0.0007545098704078026,0
0.007979273232716848,0
0.20499519535372568,0
0.371481179423166,1
0.9966228341080845,1
0.21882134520152302,0
0.18884650599571742,1
0.45356800518103024,0
0.0011333543885737134,0
0.04270507375509007,0
0.017210381903894314,0
0.21488344279440733,1
0.08049607859507174,0
0.05594446191754103,0
0.0013652750105964198,0
0.21496192540709042,0
0.033049240075149415,0
0.19225663352646574,0
0.0836219269416322,0
0.022394300179899077,0
0.10341736534143266,0
0.004706102355662188,0
0.1451127740191874,0
0.035850761253671516,0
0.9724700969879089,1
0.015991715797048067,0
0.9710159944895868,1
0.2470008409370498,0
0.1710451816680749,0
0.022728694747654533,0
0.04657960965094402,0
0.0764978135164213,1
0.3442432858738578,0
0.09733522580824887,0
0.12335127494813694,0
0.9910797359285405,1
0.0052458435331421025,0
0.13621796513706366,0
0.12305846877921216,0
0.00593872665176359,0
0.13260514084021752,0
0.05851889471887685,0
0.05104894021573527,0
0.8666630411045512,1
0.14063824150274218,0
0.10272703124054128,0
0.0555348597047965,0
0.11340755238880186,0
0.01030764054574777,0
0.012288363554151065,0
0.13987651259735814,0
0.01837425521198734,0
0.08674267564285087,0
0.03778193134187519,0
0.07485723849319632,0
0.05779402846467312,0
0.030015033096626016,0
0.2867378551458656,0
0.0010850167026474852,0
0.001990788026393803,0
0.7494941941711011,1
0.1615014225768131,0
0.10138738862979262,0
0.24924489268496927,0
0.045000618427445606,0
0.03443003822388273,0
0.9661626403730481,1
0.09504064697355293,0
0.9857060268642666,1
0.03730220043234465,0
0.19875444632204073,0
0.02797386597177403,0
0.000566047716934552,0
0.00293402474762875,0
0.009187837806407936,0
0.15428513572953348,0
0.01048802362943398,0
0.031014744581245885,0
0.11897552351403569,0
0.11447910199916476,0
0.1464401731079336,0
0.0507161042333073,0
0.002642537500898542,0
0.0010137391229536566,0
0.264812729804517,0
0.00036846446280903615,0
0.00556518893529565,0
0.0008547302739655071,0
0.9800563098449672,1
0.05092796959982044,1
0.2647671758221681,0
0.23795112946645514,0
0.00034986621389634844,0
0.15980266695430173,0
0.9989995207345116,1
0.000206089562068416,0
0.0036000451258425483,0
0.6164709573746674,1
0.0010036138558358353,0
0.16200705009799632,0
0.21706181700254085,1
0.10938929939106411,0
0.1760993017150731,0
0.018907613736794577,0
0.9977261439808939,1
0.5057775398067678,1
0.08048341117263426,0
0.02261840532036057,0
0.13054188006955086,0
0.00108094742022505,0
0.05890850339314636,0
0.06824286393377561,0
0.0800932508477026,0
0.1220100728639225,1
0.003006626992315894,0
0.0011887614263596613,0
0.020009551697510692,0
0.0016534501527132835,0
0.037822416779954675,0
0.25660570744066735,0
0.16598727312972825,0
0.000850643354423914,0
0.0016231222488135675,0
0.33837323252918616,0
0.1354752019586571,0
0.003953046890949773,0
0.0008543063408764995,0
0.015555765740741696,0
0.44410857968923007,0
0.031284960453248065,0
0.1566710576707589,0
0.9983386967284198,1
0.13226187456091956,0
0.16943277862500145,0
0.0011972033634630977,0
0.01580285179082156,0
0.041625819275091375,0
0.3000880904085187,0
0.0009616903310813551,0
0.26610856644547504,0
0.2953374472589627,0
0.06896665945534962,1
0.987506174415711,1
0.017050981999834992,0
0.10075220003367624,0
0.0009668490389582547,0
0.9167181182418629,1
0.10152081101809772,0
0.004684182421222987,0
0.10616229808933582,0
0.072179703183568,0
0.0003466984542146281,0
0.10681490553198734,0
0.004467226518803752,0
0.3428806048802419,0
0.04025691069452528,0
0.07205750301137069,0
0.09161752232291863,0
0.0393440501291956,0
0.32506447251592746,1
0.0003358286328008686,0
0.08544111626630667,0
0.09626839972490063,0
0.1898750525125018,0
0.06604765736224254,0
