oof_pd_openfe_lgbm,oof_pd_baseline_raw20,default
0.006912888930549104,0.0013327517683034756,0
0.16188802191585147,0.17696871459375887,0
0.02173598516152034,0.047394779015601234,0
0.872342528833088,0.9424867444304611,1
0.09554782730342677,0.09863865388824869,0
0.14769924657954728,0.2158756579136049,0
0.07145630097603702,0.07644083325684467,0
0.9180079777871952,0.9968906726776082,1
0.1849266039962908,0.07135572164066596,0
0.21916551490474848,0.3235345756530814,0
0.03717174761076715,0.008239868501483887,0
0.1674358603268884,0.1243896350276505,0
0.2949980263361365,0.20770535410403113,0
0.17002102546078549,0.17074601173103188,1
0.17128850272070287,0.11651072813566225,1
0.15168230571022256,0.2600225054148944,1
0.030505503594369245,0.014079712193497266,0
0.0836202123538705,0.04457684800262749,0
0.8995335138056361,0.9742475790704573,1
0.12551641852428896,0.18422072592775413,0
0.014000610645870553,0.0025972275769204117,0
0.13712726914042098,0.11267021304815508,0
0.9248095285975892,0.9944334004636902,1
0.1436518039013636,0.089200563506684,0
0.03989442446603317,0.008278578757330977,0
0.19130087981141147,0.13660949316657975,0
0.21624731441714623,0.2477249429538638,1
0.6827208419544322,0.49982190208838595,0
0.1263600765232608,0.2992012288341835,0
0.1653109179815257,0.13797290713325092,0
0.9314698707563418,0.9433587008996,1
0.014595488215952936,0.014319344189158544,0
0.03522904004714323,0.017801775326208625,0
0.024450391778677288,0.015205096642320462,0
0.13152855866475358,0.11129139359342491,0
0.19437869429515503,0.20627341292955562,1
0.02886018016460476,0.022568674683751584,0
0.03254576595263286,0.009996265120916392,0
0.10460874773036877,0.06875569664175958,0
0.08199241252372831,0.07352851119701546,1
0.03649131968842023,0.02757034613522856,0
0.07452049235573215,0.0936604971603821,0
0.013221800179544208,0.0025951936700798865,0
0.1032160701933022,0.08550819228119269,0
0.1487471096714062,0.14036272834653926,0
0.4212018122266303,0.5614738694824513,0
0.13265322575174532,0.13425951763309887,0
0.02856847508034875,0.006361640614176824,0
0.06884933185532409,0.08041125671995349,0
0.04697294217200432,0.06174408231946226,0
0.11950375227758829,0.04443846264591803,0
0.03399923263095539,0.03665569500459238,0
0.029867066554077105,0.020440833010897035,0
0.13724882736736282,0.13760148402713077,0
0.23126062649531376,0.14036218731915026,1
0.15299257028966676,0.09690791842514833,0
0.17187166263222736,0.18139317441138683,0
0.1559405842684712,0.09803988281906036,0
0.029668175861715884,0.00714983175956912,0
0.16195480545092997,0.15072744619926237,0
0.017816946489781316,0.0015432301455820367,0
0.06253377711782619,0.14287600013512186,0
0.03947816029022538,0.03814575961162352,0
0.06282160585174859,0.004630483971144378,0
0.10278016195782838,0.10180486996794406,0
0.09614317347456557,0.08385955481468287,0
0.038250457560347256,0.05075105064690493,0
0.20499972965653454,0.16653831351021578,0
0.016963663431863577,0.0029385370739609612,0
0.05218639061906464,0.025672392910124114,0
0.05527735031083849,0.026787154119054083,0
0.0869944979987732,0.010741874640618416,0
0.6241699776710095,0.9547585435024353,1
0.8512085219252269,0.7997583708229384,1
0.9765325765690406,0.9950121983489797,1
0.05243787941534846,0.04396468155356746,0
0.02626325168036654,0.007169541781230602,0
0.13593998509093655,0.13679218033739995,0
0.16178434223005161,0.09771567673996255,0
0.18521262893253182,0.13911064869602516,0
0.14135580881563148,0.061141372772150565,1
0.027499590282752763,0.0037855231848564364,0
0.013960203499890425,0.0030230396866477733,0
0.2394236731267506,0.22540793112452556,0
0.20692421137452685,0.18218004631215368,1
0.032788488993637954,0.021898058218168703,0
0.025602132755501335,0.00935848835828979,0
0.19326047254859804,0.22366011683341958,0
0.01646725297093837,0.001152571614817077,0
0.06410047894117571,0.07411275757568109,0
0.02448939017791475,0.00904637690077489,0
0.015232447000951525,0.0037386038839416634,0
0.1079635854296276,0.10744517076027629,0
0.10215321385725658,0.11548582220213303,0
0.03605141398461238,0.034374608623302334,0
0.13313118191265952,0.16242994939972794,0
0.7712507238521626,0.7582652614656749,1
0.09475290705933635,0.16186888147964631,0
0.032411413528619336,0.02046208489607799,0
0.22304405529030358,0.27898861380047596,0
0.07424352590402894,0.12710344463236364,0
0.24660552789167312,0.33314753259056773,1
0.29133551266445096,0.3227813879639448,0
0.8655889812800064,0.9615750528672697,1
0.055686570857310456,0.08143657498710105,0
0.21125604251888144,0.4675823010598243,1
0.1094223657637816,0.12280495218268773,0
0.02105210723976683,0.013938751762853705,0
0.01196921567082947,0.0014720241919791155,0
0.19425461113679332,0.2590571429916389,0
0.27513101008292506,0.20500241806044256,0
0.30826692644805737,0.15840055690833874,0
0.2213783142224665,0.40634225023303044,0
0.07173342689220749,0.07569078733711773,0
0.13142008303141606,0.15607519302720102,0
0.05395868683926506,0.053536377023548284,0
0.18719975404156652,0.15457477293413918,0
0.10516746398895377,0.10088034261147504,0
0.9557700628103319,0.9899132023160573,1
0.09436710677430991,0.06307632570958306,0
0.03595080061231794,0.010112290210065057,0
0.9640341114631624,0.9954725828194281,1
0.13471912926639246,0.2254842038724259,0
0.1016895314284145,0.07333043251031576,0
0.12844756782080238,0.05756413709225908,0
0.09636733218343362,0.09664676756808244,0
0.04372347189695184,0.023628341995054324,0
0.0052032382222217295,0.0016332140796276105,0
0.19810417898440724,0.15966246678615292,1
0.03418266337284878,0.051213426780754114,0
0.0854823204758115,0.0857468814840221,0
0.04008835468981408,0.017560135233419902,0
0.0806232953873276,0.12865689866067628,0
0.16225035703557286,0.2272249765141452,0
0.25922468760328526,0.38002031299232064,1
0.042634910498321014,0.033283161408646914,0
0.11141173060900195,0.08841109621303586,0
0.04871211177742425,0.040157891929450254,0
0.17033008433250232,0.19712160328590891,0
0.021110137180532625,0.009290628011068641,0
0.10980786450073536,0.08597435547241211,0
0.027038810939058397,0.010241270298498183,0
0.07186330048129115,0.08620022870890919,0
0.024738404814468918,0.003591208891240498,0
0.017882197300660038,0.004736431800695767,0
0.9752253069677105,0.9943342530464491,1
0.04369771172668814,0.065974969675127,0
0.11404957371449193,0.07740731862925992,0
0.17477273551165143,0.2115201197644299,0
0.04315914426339507,0.041147966979232585,0
0.13922232766112438,0.12099361675280336,0
0.02916150421241839,0.007416737785785891,0
0.12583949697601926,0.1416887236586044,0
0.2073372723932122,0.3445247663602577,1
0.02871809306731428,0.025786932183224313,0
0.20074160395021418,0.18529309580918019,0
0.04082818203155753,0.04358679460660325,0
0.8387714487986835,0.8804020688281717,1
0.1844752123031989,0.16793931776636287,0
0.9827109695717503,0.9966584180441842,1
0.20845921918728974,0.19935351159238968,0
0.14592692805820773,0.10334970208240991,0
0.9800815406792353,0.990803100625442,1
0.14012671643007657,0.10883673463953493,0
0.1380032932623924,0.11931334146846578,0
0.12531189868228368,0.14755501749971445,0
0.03280619404754557,0.07542029734711361,0
0.023513056126197328,0.00787118466891068,0
0.10046744664014678,0.1118125696840359,0
0.04856526381873342,0.01389393460262798,0
0.9722107298808336,0.9875600903199823,1
0.008795464539369168,0.0012040640825606947,0
0.12215365433034157,0.12814264170506404,0
0.18689741170563823,0.17474146343524652,0
0.1369072592712759,0.1324139965531384,1
0.18155865301610202,0.19967736092665522,0
0.8519723654536463,0.9549023222402497,1
0.05312945016238655,0.027145308505063935,0
0.21613666251117677,0.19834779006250408,0
0.16481677551986992,0.2508463709405614,0
0.06812075529677913,0.06693879295411916,0
0.15127434592078612,0.09618194096698522,0
0.3013269608559945,0.18811575796607544,0
0.027709364900911772,0.009283356680322529,0
0.15227024499875608,0.16723474994191134,0
0.1141282759928606,0.0861322099227676,0
0.4328375751288709,0.40409730451639325,0
0.1877387536813349,0.19263421460789362,0
0.01217013189351908,0.0006876399065423957,0
0.022677549403654455,0.004309225284667791,0
0.02915104801261523,0.006394053153723019,0
0.018813118697498715,0.008491446891060883,0
0.01471713223165702,0.006794652481682913,0
0.009101843948291489,0.002685023623005336,0
0.4042120373215921,0.45673870551031664,0
0.013461214244863497,0.0019691670451470918,0
0.2058358530273271,0.21986020298384049,0
0.21039227462063256,0.41970413258632433,0
0.019233739114960003,0.00364870086331659,0
0.10052527082401011,0.03227608584076818,0
0.07751843567866339,0.037662018949322654,0
0.29646022176176157,0.16093446280664894,1
0.02257058865947,0.003347927540098539,0
0.009822857082539478,0.0033162827399454415,0
0.041832575589355145,0.013101874506822866,0
0.04247825562141858,0.035856510456054855,0
0.010488466844082266,0.0008030741332833695,0
0.013823318286065445,0.0026704575345238885,0
0.02021081789006447,0.004800254529726297,0
0.017869456260939023,0.003105819329588926,0
0.3000811176302574,0.25581443784040653,0
0.9719301298348302,0.9881914184812062,1
0.7006240556339229,0.7808325358332744,1
0.24783153058200455,0.36398038493139845,1
0.024765649167139577,0.012726389418495672,0
0.08320270222688445,0.08281308880829723,0
0.16112575725489664,0.16811510127913187,0
0.9568373339999081,0.9810046506925396,1
0.044913667568146146,0.04897915821286944,0
0.9626854993589361,0.9947462077170794,1
0.07590464816029466,0.13207450535950255,0
0.07865584263341482,0.012503518642530315,0
0.037785421838797704,0.028879862992012888,0
0.03158359190300649,0.01288293167187139,0
0.15399238376774585,0.14008597771668366,0
0.01033126191418773,0.0009751017099638052,0
0.13519427055225558,0.15167040084493166,1
0.03710043264002129,0.01776231960196815,0
0.0794291549337946,0.08065575679101306,0
0.13401138915876293,0.02199928478749816,0
0.09570386911027921,0.12577747120347338,0
0.11818507373609241,0.15295038662215016,0
0.1729685391113745,0.16351582537570164,0
0.028288460043085207,0.0011405192216374226,0
0.09440490208983227,0.1384402561707645,0
0.12034685144013138,0.07219199043776958,0
0.1689752635828633,0.2028916050798095,0
0.05790955687871275,0.043909473190250216,0
0.13542181132982875,0.12857604610723466,1
0.037620945979054354,0.019026008616377998,0
0.13183718461832544,0.1688007102623689,0
0.1031078512094893,0.08142596422115973,0
0.09327818342628122,0.07050931425026295,0
0.05881945124353543,0.0637360775731419,0
0.029090949525943727,0.00468780425739537,0
0.11783757224619688,0.14917059139721484,0
0.021460558957617042,0.021045559744415812,0
0.17647436659376445,0.18632000415324354,0
0.042377762254901065,0.004816670282398329,0
0.29045152452326783,0.3558817810528207,0
0.02981754279263047,0.009345550770177118,0
0.24631429802781443,0.23239288861875426,1
0.22045499747406339,0.17567830284300437,0
0.9335826149982521,0.9672255708181996,1
0.06846926455402198,0.031685443695579546,0
0.059982374604342394,0.05073815980354992,0
0.8432074469205142,0.891225183954232,1
0.05930752985910728,0.06223559417933924,0
0.24673887959556343,0.2978188306307827,0
0.019415722179082898,0.007961619722050011,0
0.042119106979465686,0.02486009528364509,0
0.9651046589025644,0.9879833021380104,1
0.011529787910695576,0.0023873877612625052,0
0.1266172893664754,0.17908833338849556,0
0.028124597206978862,0.005518321154285577,0
0.13865297925312392,0.12822905232478835,0
0.15114349156982643,0.15732699795371854,0
0.101739998468609,0.09986049753711253,0
0.7053552689122458,0.6897546696318553,0
0.08183283352029522,0.033841038730204914,0
0.2489939638484944,0.21903891940280354,0
0.06771786807670657,0.02349112906484288,0
0.034254846978450826,0.014021202522012303,0
0.15450338717487974,0.11988666857855096,1
0.9515970415148892,0.9852705572298796,1
0.01593881057939662,0.003361232796680108,0
0.9241686547516069,0.9821628520629336,1
0.15892964966833895,0.22721337998759897,1
0.22290804451743174,0.2206900870159294,1
0.32541289108906507,0.39654566114169437,0
0.005760688550700091,0.0007832676744348776,0
0.1525509893566658,0.2945515658413023,0
0.09707317071964217,0.06348424707899228,1
0.6417309163291415,0.6628216933973994,0
0.023479395571000528,0.011986180480865385,0
0.1244202611271851,0.1315689333789412,0
0.1138817923244327,0.1627135735607306,0
0.023768063564746818,0.00014337952083360076,0
0.1844005160650189,0.17541437588512665,0
0.12799677318595942,0.09121523494945027,0
0.036079200300515736,0.02389405167850536,0
0.11984295967235561,0.05281870781239542,0
0.04144591997125992,0.009478402066851048,0
0.3192421522505585,0.221461075834708,0
0.24773940123811072,0.14126647818432797,1
0.3218520732668672,0.2892032047478379,0
0.04439834384380502,0.030793758515784607,0
0.13230989794623507,0.1942512956150859,0
0.974293905498598,0.9946306941873087,1
0.9182724162552113,0.978077252060122,1
0.13896691656722485,0.16327481156035178,0
0.17188317335249187,0.15426722685689595,0
0.8083589671184924,0.8645205005471015,1
0.17554381523300944,0.2879734496546807,0
0.08533559003403314,0.05349957350086155,0
0.8120985195840135,0.8753484095909594,1
0.1553228829694542,0.15078255935084475,0
0.28460185030057494,0.276989318641561,0
0.06610010606333655,0.00937522385637191,0
0.1537627501800139,0.1839768341724677,0
0.9789956732382992,0.995648668629859,1
0.11304793182283387,0.09815512692192702,0
0.02237414056522584,0.0017167545148975962,0
0.29177241332773785,0.24570981413431384,1
0.8596217684072948,0.9087566733720138,1
0.03108225250301674,0.01661371961979156,0
0.8553703094363466,0.9314363301960303,1
0.02082450923235389,0.003243879321787137,0
0.011952059333791511,0.0025020866365957537,0
0.9226784726692152,0.9824834571229669,1
0.06613963686899416,0.1015474598875648,0
0.8050097317244781,0.8297374126481563,1
0.9496210053553772,0.9234022028208915,1
0.24615887873918438,0.4173053240237815,0
0.22302737991216778,0.23037707273174388,0
0.012507778337016716,0.002077706738240443,0
0.10352034127887708,0.12523373312927263,0
0.08506002541410321,0.10857339061039242,0
0.9581694193604994,0.9824144205055234,1
0.13210163781553275,0.12432233690689805,0
0.09177619538419271,0.145231777057453,0
0.17277105700534234,0.14851703572641656,1
0.12811547975275295,0.1872522783865349,0
0.16640588961313946,0.23297990736909283,0
0.10541599333056088,0.06839480931447403,0
0.11413174959084546,0.06012130652539238,0
0.08483575180888801,0.05077792279083655,1
0.978416818527543,0.9988189333052507,1
0.11495895885771618,0.10647350867313776,0
0.036449780319732436,0.009540573930549474,0
0.0575507615301438,0.05336463903264643,0
0.1343287896756582,0.143413425866658,0
0.07661893311077442,0.0546962081767038,0
0.07172863276753015,0.06907320308205779,0
0.15231952152929737,0.16287577167727874,0
0.013059301288825896,0.001789499000153713,0
0.04968042692493047,0.03656998155837606,0
0.21117427252423077,0.24202209914693448,1
0.08708796453625123,0.09944720094062326,0
0.12423164833259667,0.2518136208900703,1
0.05150244354475603,0.015348065439116616,0
0.02748287429854233,0.00037635936877674037,0
0.23697426084687098,0.20701476121336615,0
0.16375497547060006,0.12264187820270553,0
0.061910653347489165,0.03570900809474993,0
0.04522362841197112,0.01720537207864497,0
0.004101541881820327,0.0009653908121620088,0
0.0279928171871122,0.016174542543871604,0
0.032797184259749194,0.004902305504186111,0
0.13721419158147272,0.043440488764371926,0
0.17978506126742883,0.2095501319050111,0
0.05864968215403235,0.05571143005495289,0
0.03324055191316091,0.02856204318971064,0
0.025676522305712064,0.00042346844491037794,0
0.10817246364959526,0.12233744903325658,0
0.1867066874237857,0.21801956089398555,0
0.08184693499405782,0.02201196072941051,0
0.036462599562121605,0.006247763138612938,0
0.24783185154941875,0.31914680773025894,1
0.03463638237942294,0.00856237200805309,0
0.41111140844472477,0.3176522138954194,0
0.20322510913069253,0.19546981146221454,0
0.9725403792417098,0.9957503639833765,1
0.07709383524307283,0.0669749255145793,0
0.03709075631540976,0.011542308023460096,0
0.1758429020196162,0.2522288701494184,0
0.19501687224726344,0.1508932674686491,0
0.17401390624877705,0.41299173564072256,0
0.1051020914650522,0.09562438259994724,0
0.009850913528337592,0.0006843346283427382,0
0.043569403377509114,0.05362398528774108,1
0.5936223457089271,0.545477254815908,0
0.3884390343031203,0.40767161080853925,1
0.9713608668336261,0.9939130060108906,1
0.047423026519635134,0.00949648656306034,0
0.9636298713230466,0.992166857918795,1
0.12770672446867407,0.16428968021854878,0
0.8491511034482829,0.940603926549728,1
0.15505663976548525,0.11689108421797204,0
0.04264251743979204,0.04440453810186287,0
0.9690786086102731,0.9906035135133542,1
0.026353058697539542,0.0002772601983152193,0
0.9784650075991502,0.9959220034743977,1
0.02997350164259233,0.034385971780336276,0
0.10033440311472638,0.05731178941793909,0
0.2157043135338083,0.2436304433497923,0
0.10392553794875674,0.15226915451594408,0
0.04722728210249722,0.024433782362034313,1
0.025091217032313696,0.005578027012289549,0
0.16672815402136795,0.16177949077075524,0
0.09959720326416521,0.13636564079087088,0
0.9279704336645761,0.9637872492486044,1
0.015027028210042412,0.012512348720094792,0
0.07013599349023772,0.015249584619533864,0
0.160494001106213,0.17083808019542054,0
0.9698214370557786,0.9972793012620221,1
0.05747087441435801,0.08214905227240699,0
0.9476321385297689,0.9993168423144235,1
0.011218778409066384,0.00570967788980034,0
0.018870910024926014,0.005764725447302998,0
0.11703730554722541,0.15033836002433215,0
0.182007225666073,0.25856328007270285,0
0.18671301365791637,0.2531143312104101,1
0.9446846412520485,0.9983089902932913,1
0.04339970972368084,0.05074523526691704,0
0.12934133214774773,0.10821592366796703,0
0.9445017675375394,0.9838443368934161,1
0.18369641785633442,0.18707219249789248,1
0.03188935163035891,0.005111433364396248,0
0.16361512894510452,0.17960043852769808,0
0.8769859262548195,0.9879367149677658,1
0.1510082267874986,0.11691777009881345,0
0.29024749666055055,0.28031838172297424,1
0.22615597314331132,0.23301220802793926,0
0.18025619979808563,0.21547167879840726,0
0.03601033682002966,0.009895163037653153,0
0.0402989482140546,0.002711334135537231,0
0.20717962974393572,0.1892160475827194,0
0.16211982630413765,0.16227432491944496,0
0.7389478515286422,0.6679391951194009,0
0.08384597693129343,0.12703335310587505,0
0.41296783841423984,0.32472931465672716,1
0.06956614322488447,0.10194457387145707,0
0.006759708164325768,0.0010308717469744765,0
0.06616196208728806,0.05680004322083942,0
0.02573467913462591,0.02488656102916411,0
0.024718865787416576,0.0009221677158583257,0
0.11842253596750243,0.10604273103889451,1
0.0383284888760216,0.003975480545129586,0
0.1818698968097817,0.19734693349744528,0
0.08444003450020009,0.01573762663666055,0
0.04041932464397403,0.05251682712971497,0
0.17690749818737497,0.2137380397221516,0
0.028355004456724387,0.005141911020260334,0
0.012031339906164189,0.0024403400455142265,0
0.08006246469705322,0.08023555338431664,0
0.04707655276805298,0.05895087427996077,0
0.18132961297596173,0.14945455367531355,0
0.07566014729134989,0.08367820728601502,0
0.25901627578485853,0.18824039484960814,0
0.1853636928148912,0.1913382005195649,0
0.050569216486434934,0.05869291847053966,0
0.1868536478481029,0.18730152174115985,0
0.042467094979161436,0.01094399977142979,0
0.023931936301326753,0.008452034458707895,0
0.04976144028810264,0.028465111718695355,0
0.18402824587976924,0.19925164202349974,1
0.21206524216600137,0.19287380127018927,0
0.08060844791419274,0.07338937957602154,0
0.09943874413570897,0.07691373568419611,0
0.017859238060953887,0.005470806487290258,0
0.27424375313253,0.25796298046735405,0
0.07164646205018826,0.030580458608747838,0
0.06109798367408988,0.05972468698185313,0
0.9205959819188312,0.9939210967972021,1
0.10269112153951931,0.029989551944804207,0
0.21932032160283646,0.27010125014071495,0
0.11486270659803641,0.07434637873419633,0
0.21112285273513048,0.2824957305117488,0
0.3210037303946995,0.23411350643432688,0
0.14325726146714762,0.23094545520216886,0
0.9362667955777486,0.9861539075353685,1
0.011702343435373854,0.002622365019801494,0
0.023546660648439324,0.011015346444233121,0
0.02202981683387798,0.013833697581374503,0
0.06372821655747082,0.057505580090675204,0
0.15782776528897927,0.14887104520856714,0
0.9758871267808212,0.9977559411136502,1
0.9735091508266107,0.9933942656187039,1
0.7915225487083317,0.7063104983177327,1
0.11233752501155896,0.028795187051975996,0
0.041085365746664125,0.02423864751489966,0
0.09657140581478779,0.09020162351503834,0
0.13422736790198747,0.019746938586842153,0
0.24459924480986486,0.18486726872399717,0
0.06439002733232568,0.07689561859005954,0
0.13326994974418147,0.0358723219850459,0
0.2312646417133845,0.17916582173120668,1
0.05181149870790146,0.030505029972651372,0
0.18333693189078223,0.19985416518482702,1
0.7078229203673001,0.8486921351959682,0
0.8806369984245863,0.8569541079758565,1
0.21872376788129477,0.12294780101807334,1
0.17222992198605352,0.20128504377424183,0
0.1222925988466397,0.04185622329815874,0
0.9643598709803959,0.9905033968783974,1
0.9751904242335964,0.9920063542707064,1
0.04750174881958124,0.037516141694727924,0
0.2879221574717108,0.46785419988935073,0
0.023643387317075513,0.021466878652813777,0
0.09287271461830761,0.08014851851885964,0
0.06461462515246907,0.06293146615860096,0
0.9626286362028618,0.9844723758120004,1
0.1327967564002611,0.14522738301661942,0
0.06933882334717258,0.008215895874452862,0
0.07739606013887369,0.053602589711997946,0
0.10471501009535805,0.14600588750001678,0
0.05005723602116129,0.02667079063553718,1
0.0703531315070119,0.03461000953507943,0
0.9191463009728292,0.9917538890954629,1
0.9743922256568545,0.9960925618452239,1
0.9476321385297689,0.9990811120284165,1
0.2651963852966324,0.1724177681404092,0
0.22992933991303485,0.15805388576676266,0
0.161036111748979,0.26710353659500785,0
0.1309718068891538,0.14517771224684345,0
0.05548531403970684,0.048931817718842245,0
0.2730124642149041,0.4950987816146807,0
0.18046682850122187,0.20225147417431946,0
0.03985706444508453,0.03023598852579905,0
0.24940221370056231,0.22299286979759586,0
0.9817404048772369,0.9986672917572067,1
0.05871954358126699,0.07900263883088283,0
0.0939850913436556,0.09119861388055471,0
0.04721425594297968,0.028508509491183484,0
0.21106024575782387,0.24067144699870208,0
0.07655188799721477,0.04221693529982397,0
0.6776358968526967,0.7430819294326925,1
0.06007019984986389,0.05885098473995261,0
0.6968577089369119,0.7284224580489845,1
0.2681365467695498,0.1460104251476954,0
0.20633166756520138,0.21015794558351317,0
0.2230022212885685,0.3079569052462641,0
0.09368031278875616,0.09461507411095027,0
0.18016655371086623,0.17136484510512348,0
0.02222678646401003,0.009523920909434675,0
0.9476321385297689,0.9993267747643969,1
0.056438005897825654,0.052964791542717805,0
0.13529763070077983,0.16365119511086973,0
0.11416972190657118,0.14130929427229905,0
0.9774045439942105,0.9982081494906871,1
0.014221509355101133,0.005107041203088958,0
0.027062670263827325,0.025000331232210023,0
0.22304916351617668,0.2472158909915337,1
0.9389605924489797,0.9927624384504818,1
0.034443049061322686,0.00422166907151672,0
0.19145097048232368,0.11451901784576088,0
0.05408392363281438,0.06391071113734866,0
0.9285500791353181,0.9783399537801347,1
0.08909804497349981,0.01801011284212602,0
0.11876878646296801,0.13791866754343182,0
0.2884966037353385,0.27746301990949485,0
0.024677096994517294,0.005511515974168935,0
0.15707164192094275,0.1541217653296078,0
0.9789086091164674,0.9909057767786766,1
0.048478012012051666,0.03401956688917983,0
0.03622779052305936,0.02002774705009756,0
0.31632050853806104,0.30891457476417933,0
0.21171889679332406,0.11530489999957444,0
0.01895648935178307,0.007505925320285387,0
0.08777086590754257,0.07409867114776882,0
0.0864177276334668,0.07865584658435948,0
0.04838647785446016,0.015901870208242706,0
0.1827795029145131,0.10531268640078946,1
0.07095596551808474,0.05392075424205124,0
0.09299589808971664,0.025904228792499887,0
0.051684351176938474,0.014027446374935535,0
0.2703584963333144,0.27347272385517146,0
0.06682692608582926,0.02475340531392948,0
0.09582816936091951,0.09196221679544012,0
0.03201974287576672,0.00591897680996772,0
0.08335092098068124,0.09669411599059417,0
0.9791351444546654,0.9937578744348631,1
0.03063627078839584,0.016234525475222607,0
0.07680683944158748,0.07384815292452866,0
0.06976026204027029,0.05848313937250703,0
0.1660131532243792,0.09682829576352517,0
0.102560156099351,0.10714800204281037,0
0.12545167429463028,0.22086863161540124,0
0.1338997618494093,0.1619342710415981,0
0.07832684751445451,0.08640429670836504,0
0.019575766449947168,0.021124935185005002,0
0.04628428550276416,0.03490599191980603,0
0.07305919217041415,0.06883922946702788,0
0.03652289407770869,0.039109460622776884,0
0.16717700084197684,0.18772194631316494,0
0.00932979313947322,0.003786549029002897,0
0.20622515512038325,0.23355700208826372,0
0.9772148898823024,0.9980905253051229,1
0.11636780743356248,0.07347295778607499,0
0.05068640489835514,0.078096207602198,0
0.10689416668105273,0.08045297888198576,0
0.17188918381350732,0.15414564502519282,0
0.018480115812144433,0.005091154032989652,0
0.056521512992251145,0.0067692358276634345,0
0.3118173586759672,0.21326661699742155,0
0.029237469077276902,0.001374430865806135,0
0.12272373221513988,0.14111040526553542,1
0.021605092927545717,0.0003160430425336384,0
0.031074848200591226,0.017595313779604032,0
0.06745943035748504,0.08199812863447051,0
0.9763997842294276,0.996482413787669,1
0.10241346873686245,0.06280476138436465,0
0.1131376542033567,0.11788013451393077,0
0.6525678267077722,0.5829971267324578,1
0.12357730163359015,0.12938754918245945,0
0.17494228752141655,0.20191103952012227,0
0.04920266155750005,0.021421453072685948,0
0.10835951061419881,0.08739462480514225,1
0.1703018120326341,0.11808448815594223,0
0.14065745170021957,0.1395773534487173,0
0.2849610737359057,0.304738011252291,0
0.9877774086002029,0.9969160888464235,1
0.7332566534355057,0.7900329596295026,1
0.10590001083665988,0.02730364219355695,0
0.12595155285595178,0.12164417057806146,0
0.12436906277341048,0.11604231396568962,0
0.23471106485013618,0.20835568282312952,0
0.9865454770176858,0.9973658586322377,1
0.2405867098629977,0.2280893063686153,0
0.09659394157842756,0.11295236175326122,0
0.20732849402983247,0.11457897722434711,0
0.9423606494670884,0.9780832910496675,1
0.02685021256283797,0.0003046169079140319,0
0.08380979048927797,0.10850246155718705,0
0.20333583791639961,0.16821805927576608,1
0.17774001383812216,0.32395879346760853,0
0.12499736583670729,0.26549190323387967,1
0.008735673320336427,0.001282689700110788,0
0.20855566080202995,0.24895863944329163,0
0.9692331829550163,0.9927469449280332,1
0.031010822978055866,0.04345152837969158,0
0.5095755405674189,0.5576143929032691,0
0.05910726660988168,0.04926693656479966,0
0.13129040483391052,0.12094794013296135,0
0.1674602191929007,0.13477610470718554,0
0.044379189990361036,0.019896525673288225,0
0.2931726204389794,0.1878952613199609,0
0.061841276437623965,0.036159938965496186,0
0.051030985215038537,0.03860276530025587,0
0.053748537214930586,0.016278650953409454,0
0.0823550095036026,0.1066747047220984,0
0.02902755585999896,0.0017629971261203202,0
0.028945285669721838,0.01972696394521239,0
0.4345250828820932,0.18828065750713036,0
0.20064600248320544,0.23404227411084838,1
0.04182988314491153,0.030704538678879144,0
0.1406793470718655,0.14535272878950153,1
0.05885051798224415,0.0558691621414682,0
0.1444209225322522,0.12018262547886568,0
0.06262682647588409,0.0617957001932398,0
0.262268798021143,0.2518721158924535,0
0.15145745998525748,0.09012946593002522,0
0.14213373463744688,0.17298627306553432,1
0.18700889440080012,0.18973472742503292,0
0.04607065679512647,0.042294254539143344,0
0.011236722530517827,0.004212218388954212,0
0.9553419881597552,0.9930038027758726,1
0.018045791029485718,0.007549939155339599,0
0.07399712815864326,0.10795194027821252,1
0.13207261863512046,0.12302664583331685,0
0.04485516918260684,0.03951337805764542,0
0.1336230377767572,0.09881024858393452,0
0.15746352529327476,0.17292672001484366,0
0.02256731608055873,0.007908104654361897,0
0.04197407655576453,0.04238241277090989,0
0.23167214007276998,0.4081781675129616,1
0.19725974210298308,0.14442538530882057,0
0.014475717480454469,0.0034927903172803183,0
0.968266029369693,0.9968580622442661,1
0.254773977590007,0.1802678412301948,0
0.1967588141590107,0.45395450271015775,1
0.12929802661785314,0.15012746656622317,1
0.05871305396671017,0.057557608219239484,0
0.12105634220125999,0.08507933652688354,0
0.020726612558279435,0.004041514006983164,0
0.14254274368618902,0.15436336407164894,0
0.07504971604974182,0.028728009412032792,0
0.07554016096430505,0.08888954212681979,0
0.02833624296006116,0.005965580523615955,0
0.09813525631216315,0.08069516015734572,0
0.15290598857004728,0.09634669899587177,1
0.03236064291652808,0.022948121087325538,0
0.06528443216591956,0.09015835801771536,0
0.0424895311052228,0.0705940608853328,0
0.01569464121091216,0.000713497804275577,0
0.14609863639612164,0.19613740645091696,0
0.1664299300461518,0.34026464078880236,1
0.1682294635599242,0.19506026920806535,0
0.891487993470381,0.9578091568979107,1
0.18389649335033054,0.18009412443000863,0
0.9787577046062426,0.9936038509264222,1
0.006730115877530083,0.003988315416336108,0
0.1919384821225776,0.11066502583327459,0
0.03242091168997476,0.023103347139487553,0
0.09217942440579276,0.09281037994495639,0
0.134039513222561,0.11654122903081139,0
0.2151200153086364,0.20751433899461083,0
0.13993203661415668,0.139540284596712,0
0.07267647491866688,0.08000059556598593,0
0.08969704029784363,0.06393815664142932,0
0.16666350974212213,0.19751210678330816,1
0.19732440549462407,0.20169095267977444,0
0.2030373644195832,0.10018433770054827,0
0.014253937923579896,0.0034666790257596434,0
0.9601988784130996,0.9833172767383057,1
0.04924748957365432,0.0404150097514658,0
0.020991149373476157,0.0016134627606466149,0
0.11292260015443416,0.06471491605522185,0
0.16658081249698908,0.16438786876141592,0
0.970224108715181,0.9809940550734039,1
0.08795759550471757,0.08115746360859796,0
0.12786928539737052,0.10584683164664035,0
0.047087233270934274,0.06963640169593002,0
0.04119787464634583,0.0061730435789061795,0
0.04470514332799453,0.017816908021809522,0
0.9789617023685178,0.9958338491894783,1
0.07550581245846502,0.06890057743717323,0
0.057179351409326166,0.01139841632285737,0
0.24096511126735282,0.2012328910947481,0
0.10513035826748375,0.10971525548357197,0
0.13755738277119126,0.1185345291989369,1
0.017051422062647727,0.0014148858501689334,0
0.08107611729230177,0.14164511357122195,0
0.9078043403115929,0.9413448461742436,1
0.2712733162346677,0.23615480582734305,0
0.008967185603659139,0.002584312973174762,0
0.016232691612445165,0.00482467760364576,0
0.9809429779600588,0.9908992297203069,1
0.11098400996246706,0.17145060833689957,0
0.19351771980988067,0.12923839893245648,0
0.04342705024498643,0.017826180111935257,0
0.23043102623974673,0.2835292202871871,0
0.06983506562551667,0.042630318355986414,0
0.3171991988453744,0.31274433353294984,0
0.8496116454235707,0.9061334625581471,1
0.2185829277808237,0.1946944108406126,0
0.033597153844313894,0.0101820895087654,0
0.33264070115374095,0.3437899835030336,0
0.24759496883570475,0.14231123983744112,0
0.03632090386686512,0.011041056461775379,0
0.1114255338897621,0.07112915522714709,0
0.1508233395136728,0.2112974367905433,0
0.07778449649470516,0.03580224759101322,0
0.06445987514564064,0.01861884972049329,0
0.1127281453160311,0.09723194898195109,0
0.03242091168997476,0.014627494886277275,0
0.0641808868029976,0.04907781839393982,0
0.028043440294605326,0.0011636102105929333,0
0.19356385778643623,0.15779368361271445,1
0.19433659797310152,0.2737500334115945,0
0.059257359257387864,0.06524865055612068,0
0.21150822167817585,0.27220219308125415,1
0.0661588819850606,0.060190463713404314,0
0.02886480724589396,0.008703957613037262,0
0.043253747511288056,0.023724813756136328,0
0.06538361731300811,0.05323252719079412,0
0.09860437583575896,0.12135427032733674,0
0.07750886044912367,0.0447734141829051,0
0.09413757467957726,0.10929528377889311,0
0.3014163868395343,0.2571765563516496,0
0.2030586494469276,0.2350037646445434,1
0.3868425791072686,0.31537048950739144,0
0.0351630586832976,0.06419643018343626,0
0.11516882352533854,0.21781377435469315,0
0.08846070351519003,0.08402247202575737,0
0.2080756203492745,0.08848940837513633,0
0.07417960872506885,0.037122317115742806,0
0.01459569899852642,0.004151896450468149,0
0.00894449598348141,0.0012872538925592935,0
0.05525690491326332,0.02301563722978791,0
0.10427397560561777,0.09843227418723151,0
0.04912546814519959,0.03857604717151263,0
0.9693261984016205,0.9950332548580081,1
0.028253555978705432,0.0008189396848264409,0
0.009336015965079691,0.004903750787192797,0
0.01266658926522682,0.0026132567087999397,0
0.9720559350253845,0.9851704165935409,1
0.015574267443492893,0.003436427747318828,0
0.03441131040149768,0.001207635764553004,0
0.9476321385297689,0.9988067581643213,1
0.03720811631266162,0.0071329094319934,0
0.1709321403095605,0.1904283378941226,0
0.162547548840781,0.1632963634621758,0
0.2353393167159447,0.2010412860183114,0
0.016380214834802943,0.0018727146970949177,0
0.04892483477807512,0.04674190305356065,0
0.9657719586054279,0.9966093809922343,1
0.8919385784428377,0.9539331471340133,1
0.9191579675150217,0.9698841056023623,1
0.08277175261585933,0.08667944617974378,0
0.27051536475911114,0.27936702525515805,0
0.9661938299602718,0.9937622882531741,1
0.21135657083952927,0.23827464708644572,0
0.05317950991137562,0.02583149743079365,0
0.29011501346263546,0.32364691286074304,0
0.07233357855441828,0.09245738763986298,0
0.745225268022359,0.7779259810947788,1
0.17312236493790972,0.14630354941653978,0
0.052568313203216095,0.05691088271814744,0
0.17728265642898733,0.1384088756898599,0
0.06376388758957517,0.0363994859954621,0
0.9815856270178237,0.9955507388879786,1
0.2741371184603595,0.2388249332120265,0
0.3059393145724768,0.14589381617864564,0
0.02705287059402313,0.010468035739805075,0
0.20623582783115435,0.16675058740510568,0
0.07542602000198133,0.054388895009950644,0
0.14168571486321602,0.1514440676467422,0
0.12342654226111271,0.10749124927316522,0
0.784804754651535,0.8507848395705058,1
0.2599831860318739,0.2432240187780573,0
0.09376464194828768,0.1526316173419802,0
0.04591334142832453,0.02221213379219979,0
0.18733428850608433,0.13843929227728533,1
0.18096653980032257,0.14272433384913744,0
0.023611818582248412,0.0372353137320013,0
0.08459156013529477,0.11549244444516546,0
0.17685892167322564,0.10973352308036514,0
0.1912996243412779,0.13464084452202127,0
0.1838389729459331,0.2626164216422415,0
0.021478619698355496,0.017148577721171388,0
0.019112743501806317,0.005627103505166278,0
0.02432675196046061,0.008526144332494302,0
0.12627487556670253,0.21852074054730936,1
0.13794391639183853,0.174834269004707,0
0.6782318152728702,0.6758931288109703,1
0.04756968210537853,0.05072474646865008,0
0.012876105567025958,0.0005854148321698222,0
0.09821915131180195,0.12554512333771672,0
0.305135076276445,0.45780115601845817,1
0.06682188458025104,0.06712076219996442,0
0.059360671551764034,0.05514707033801569,0
0.1746882298704506,0.1474323422409958,0
0.19021420339106718,0.21702549832666476,0
0.0836047150352091,0.11646864762540707,0
0.10052311088285364,0.1185143065159996,0
0.04033092379330758,0.007804371384501874,0
0.06915160224128875,0.05547884155637855,0
0.2162677222613284,0.30044269814809604,1
0.1166693371154868,0.22640604318638166,0
0.18974859276254197,0.16168125129403557,0
0.18813707644024322,0.1323563353271877,0
0.1328041705941037,0.13111491054859398,0
0.0861326623970022,0.10363755231036852,0
0.20116993995838098,0.14469252822374554,0
0.011942384139803003,0.001931449825730272,0
0.0709171709433837,0.04956650714454702,0
0.023518952961854297,0.003447054316318863,0
0.7999057324969732,0.9588604478599523,1
0.08129136147813902,0.06761167755052266,0
0.12358485346737062,0.10426974329322307,0
0.040445791423747386,0.033350018276338385,0
0.18875002809610789,0.12593299786624018,0
0.6453332001212112,0.8235208765846039,1
0.028454360695511268,0.013454497058190337,0
0.17296065731842744,0.10990562311909194,0
0.09521666010654764,0.09452434606153397,1
0.0692377673167035,0.06070982377937697,0
0.1207716968316674,0.11727419939333682,0
0.02274596998530229,0.006520424709185265,0
0.14999927564291374,0.1664594869619899,0
0.75362307436232,0.8545267165798415,1
0.06653701307753473,0.06563262413405785,0
0.2750837946315448,0.2458560657038792,0
0.1907468011859721,0.16996871672859107,1
0.0743129802137145,0.07681186472067403,0
0.027495908161648153,0.011105804019332609,0
0.12492143926504974,0.1341000485090702,0
0.08745695946532557,0.07836120621056965,0
0.02821247427723908,0.0008819475639526016,0
0.20350601353126263,0.18120958993708833,0
0.3534488102446462,0.3030214185692636,0
0.03260253112236682,0.014418027969652124,0
0.07299926793461287,0.0648667107106042,0
0.024312582306004187,0.0139044981356943,0
0.7994342201833823,0.9108620590470822,1
0.17152440966410634,0.16651460155217854,0
0.027191289799636125,0.0262390883662008,0
0.02863241779831673,0.0003529636601965152,0
0.08091640839808192,0.07538041093774282,0
0.06215259460899655,0.09533851552399569,0
0.023804172891418195,0.021312099298989036,0
0.28033387562311096,0.23766241998773002,1
0.029399735683501255,0.009188050545448712,0
0.025699758200540462,0.004950011472778788,0
0.025852227109073388,0.02753305332265783,0
0.012834738560106413,0.0038391943151704425,0
0.10857845000648043,0.10992465996882578,0
0.6992634164703575,0.790341732318127,1
0.03384082198959036,0.035171939210563545,0
0.17593982187807308,0.14469703413708682,0
0.03946982756482813,0.03361216552493236,0
0.9711160158202288,0.9911875088144977,1
0.3085196141689894,0.16245232762115186,0
0.012069091299305551,0.006160772564827865,0
0.18050090230774118,0.22117297728585905,1
0.09275440731400897,0.11800787574551155,0
0.04265065445554188,0.07117726797681359,0
0.15446669196453783,0.20011489343827069,0
0.13816290446176613,0.1339630862764745,0
0.07857323146501036,0.05619505248146974,0
0.05567517160616704,0.029289373065915527,0
0.10903489185957298,0.19699000051492174,1
0.22400352675975832,0.23699528985523105,1
0.14910311206946456,0.07572075981844414,0
0.21087093760829356,0.25891765531916927,0
0.0404258473222239,0.041310141522569684,0
0.8727431068988851,0.9591382758546603,1
0.11406488341969839,0.045821894470368975,0
0.08074771501884188,0.13450352306044422,0
0.013671116685813417,0.003225943927917855,0
0.009976245461369933,0.0024123601266736374,0
0.15458866431814797,0.13141423711163763,0
0.15173266866034313,0.17201306309237166,0
0.10349305158755384,0.08122425981618915,1
0.9845022978186454,0.9964905726601554,1
0.10853890974319927,0.10792645571696229,0
0.012401822918540618,0.0008066527663250488,0
0.12007712683842428,0.08595678865027322,0
0.42440453370342207,0.31540575097473433,0
0.14864034909345158,0.0778747510213701,0
0.977412192469302,0.9969122095047982,1
0.27635254482307064,0.42597179763093157,0
0.13217557411908867,0.1443906906296462,0
0.9763995024294078,0.9944338795231161,1
0.04375671806381827,0.04996963058743427,0
0.24387138183693371,0.22983495498115786,0
0.021724056906355045,0.0051841615724759794,0
0.03411366659343896,0.018658900130069475,0
0.07683014410851989,0.11212167452532772,0
0.22339179852728064,0.10878814352260735,0
0.967813653561066,0.9968704426801266,1
0.20280529860905008,0.26509903628614145,0
0.05779214245611836,0.03371099330572541,1
0.12613505091614063,0.15986896062280787,1
0.024718865787416576,0.0005507467183119328,0
0.006411600907011824,0.002379847066153136,0
0.05066217887737444,0.022370431710225833,0
0.17722206486196232,0.15256835829715637,0
0.08630124464623548,0.07324195033290848,0
0.059503048439575684,0.008190579929881276,0
0.7130848422031348,0.8246334316717184,1
0.8610164853282343,0.9646643418166801,1
0.09813828497187416,0.0797462892958797,0
0.18696618981110294,0.2168106194607367,0
0.9727328642180817,0.983924689383098,1
0.06949581430511063,0.02122081295595589,0
0.15851768056361168,0.1381219772134555,0
0.104098687149778,0.06446623478173719,0
0.019833127474003065,0.005037615625484027,0
0.2637226438043284,0.1474529770956147,0
0.03493285298988004,0.042601244566641334,0
0.24743002687312146,0.23857978375629768,1
0.0930507975169508,0.018307794476427323,0
0.0357763468712589,0.015504630227762023,0
0.02272911870351827,0.00510919063893367,0
0.08852257564545826,0.08668221239566246,0
0.08821985090612416,0.06658401141206619,0
0.16822656387255644,0.14253896037830574,0
0.03676030107717261,0.009977795965682363,0
0.09487824637954692,0.08314253430842343,0
0.8928096090263143,0.9534264002162347,1
0.03497176360389778,0.01550009464521576,0
0.08440176708411545,0.02682013783376649,0
0.212825143684758,0.22855751378481312,1
0.026047112536749788,0.02029430819410457,0
0.9683142527807942,0.9964509063729443,1
0.2194168108586212,0.2655397356924866,0
0.09897981467967379,0.08729500276680115,0
0.0651743207254566,0.007315750164307703,0
0.03188935163035891,0.015654912084065085,0
0.031301663985756865,0.012458604129531533,0
0.11821705712163735,0.187416331576618,0
0.20517987201693538,0.1554209034908129,0
0.26891331380010225,0.2906103435202754,0
0.03445690784041605,0.016747069334267183,0
0.02335277877546717,0.0018818763225411088,0
0.257741229219283,0.25848258936570545,0
0.0812444619506871,0.07483811302727088,0
0.2073814868382733,0.2577774785771831,0
0.06273761879133696,0.03314905495647738,0
0.01656601871970498,0.0031673431170300454,0
0.0321935600418215,0.0015785184252135546,0
0.04604922518863013,0.0039140191180213986,0
0.05567990151289635,0.005625152533730502,0
0.0980823714179032,0.12478145000141634,0
0.9772249204397115,0.9971805343351676,1
0.03361787131146682,0.034344741409420565,0
0.07514126762388529,0.06323614897024353,1
0.007747582829350647,0.0040073108009320456,0
0.33587118516496195,0.22714732463018972,0
0.9674002151106652,0.9958146783343517,1
0.9380706329970941,0.9913865351043105,1
0.10978859426711068,0.08565569010634519,1
0.9697508431719145,0.9816108729208949,1
0.0617992959481921,0.035860191162147774,0
0.09841636999529124,0.11305017737139952,0
0.07835818743623632,0.04709408491590977,0
0.06647951132739043,0.020398329939721748,0
0.9753842816902145,0.9919731431235799,1
0.13699818190169505,0.19228004485020905,0
0.04514864891732766,0.041262640482131484,0
0.22716483662773554,0.1648764029607677,1
0.04251400765026831,0.05504183460071818,0
0.7057695908909525,0.7174189972008267,0
0.21263945453297176,0.2525504277109824,1
0.13845758306267816,0.10730772876355202,0
0.11582570420355398,0.07906878095937879,0
0.17568428329605484,0.211332261878056,0
0.0402328133414237,0.024105612789762247,0
0.40167350712569233,0.27651528916627066,0
0.28499140423161806,0.18792697120465315,0
0.9747065644890911,0.9928283652690594,1
0.26535515990005254,0.3029538996944803,0
0.07189987595336425,0.0285611582488892,0
0.06271964320661028,0.050874579229296155,0
0.24720336071030083,0.15982139703824114,0
0.05103154118662464,0.06429882886356182,0
0.06653186864161849,0.06687883721159522,0
0.09321713160570395,0.04746314030619407,0
0.08526845871497019,0.05658793817322332,0
0.048593043462685774,0.05503119921330708,1
0.1764255310952998,0.1553751791006177,0
0.12608912909801998,0.19724742648294485,0
0.023458014766733426,0.004448033898792619,0
0.16260613264028229,0.16594904055805862,0
0.06501779008409772,0.07919655213847239,0
0.9470726271077137,0.9832526375249557,1
0.0042575827084919225,0.0006152419959537345,0
0.15216613105577173,0.24775271676105626,0
0.05696623555713245,0.08613815696966301,0
0.06524144861749906,0.07649301660136777,0
0.10832656487080046,0.0957847091286442,0
0.1639276280438531,0.2293147319004711,1
0.4573677478370816,0.6484556931859159,0
0.10014808529754557,0.06003016084414095,0
0.25982573363178746,0.3247648510683955,0
0.08100996105647613,0.07387191002713682,0
0.14601273070396617,0.12617497822631615,1
0.2064278606545805,0.3077277211764997,1
0.026068066169529374,0.011278780564245411,0
0.23018864249230828,0.2574565268024876,1
0.12098452528406009,0.13162500210347153,0
0.0786840450481406,0.09713473503635826,0
0.018513112422228153,0.008516122539106604,0
0.05607222744546996,0.07256597030079474,0
0.03411366659343896,0.009918497179354616,0
0.0726705664373873,0.02119993004409467,0
0.04607541114108252,0.0039375114195078,0
0.04422863131196422,0.04970905196825969,0
0.4340405145488037,0.2783844005612618,1
0.15080148292968681,0.13897331007666353,0
0.05188106369539536,0.06979007237237814,0
0.013358206126042205,0.0023607945540467215,0
0.06594133316347177,0.07165517760087937,0
0.0656309370384671,0.08909734188192628,0
0.07192529827819268,0.030316211291116224,0
0.07672517271797735,0.06715815425867305,1
0.2241918981801567,0.33774322659256045,0
0.03427803660751355,0.01854839906197652,0
0.9573839418172404,0.994023500042845,1
0.2231252429306518,0.2769981890851441,1
0.17296065731842744,0.23350546293104144,0
0.022803393350255653,0.02380240262561994,0
0.13983940623798682,0.1260657105452454,0
0.04939075891392376,0.05311535554534781,0
0.04769436235477395,0.0468136705364316,0
0.030646121626126142,0.02653203639597455,0
0.22011193454914538,0.2547710136931508,1
0.021677650457460992,0.007394376961253362,0
0.10512042691517244,0.07714782675203659,0
0.011957753690851261,0.002359131152475272,0
0.26551884994761965,0.297713248530561,0
0.21186700400017117,0.11248173884966833,0
0.15835157942566605,0.11799530077256688,0
0.3109647942428552,0.24797280084288995,0
0.27456233490315635,0.3081323491843969,1
0.24243483565780624,0.2399467464871097,1
0.02422199233140284,0.013075121065922703,0
0.022537377953727584,0.008176186522460185,0
0.1469469467335806,0.18431360738073027,0
0.5022071076889809,0.5299398997966139,1
0.9395468209212772,0.9501231056120801,1
0.23231360536677592,0.28638253341339015,0
0.9666774464368256,0.997334474618326,1
0.0399307480732912,0.021908257358259416,0
0.19236183012337252,0.24106345952776445,0
0.054603973802394026,0.06978181659344206,0
0.026681355228312668,0.010541381526921986,0
0.07284504114089888,0.07894004059014066,1
0.15707341130415853,0.14491448610474042,0
0.9729080836232541,0.9928616496354687,1
0.1181220537791751,0.04931506937948459,0
0.01807633667756735,0.0038143804918542475,0
0.8532141073780506,0.9465120744119075,1
0.2409390081107246,0.2934712761005635,0
0.86841737881009,0.9478164032986695,1
0.11866929428368332,0.1799509824451814,0
0.031193334147336483,0.005173745049228281,0
0.20516843330250872,0.14501127322983645,0
0.08348239241014091,0.09077162560485603,0
0.7119525495048237,0.7297438249916834,1
0.2585879415607536,0.2319751807619895,0
0.19368059784117234,0.1648852925005575,0
0.9398219404518097,0.9976526602068136,1
0.030059251105492603,0.02110981880622171,0
0.18123818315748244,0.21435238601320317,0
0.08973238678147351,0.04228782493362885,0
0.09064313339891378,0.12537549613388885,0
0.06189894700427989,0.01931917615537138,0
0.04551455875051121,0.040298504216769,1
0.8369257126987113,0.8910396844694526,1
0.2678227782571023,0.2812145372559533,0
0.037436268363822675,0.047135183230803526,0
0.05619787113965028,0.053849958372373226,0
0.03982298989708261,0.03835596185418603,0
0.13836928628355366,0.18635120620991222,0
0.08202244856437418,0.10494724571738355,0
0.05590464538459193,0.033194030603732674,0
0.038113530371651126,0.02395520459567151,0
0.028187903715832408,0.01039446158155244,0
0.18993662359866198,0.13452268928771802,0
0.26177664096590003,0.23942059713603497,0
0.12004714875068932,0.06084875604190357,0
0.04370942677573747,0.07778026777664022,0
0.030715590720408307,0.032909131402735534,0
0.06924774801054424,0.05251927646826847,0
0.22832368008393775,0.2934247828611601,1
0.05202197510879712,0.019529593572586112,0
0.24190112015765539,0.1982924790074663,0
0.17296065731842744,0.1574303928860653,0
0.034900570117118286,0.01671520784846789,0
0.23566161819776177,0.19069665794289212,1
0.016048775663953803,0.0021927425135800337,0
0.04371465686856892,0.02381402670131199,0
0.12733872533001186,0.1222849486005508,0
0.03284997750073442,0.010740026914782146,0
0.15053528849957193,0.14994410959333637,0
0.35673546763442576,0.47534763445018086,1
0.020726612558279435,0.0072028828304700225,0
0.049130667217013126,0.032587775620417855,0
0.19927663007707888,0.1524430989952413,0
0.04217530922127607,0.02976004530638248,0
0.1891872224678449,0.2261317899019025,1
0.16009889493557244,0.12702050725789016,0
0.03831811477083412,0.02323674905014158,0
0.24534452796034512,0.2481131005910355,0
0.15121686529873946,0.14575655032804613,0
0.032851405192730276,0.004769309433759033,0
0.09496820337952981,0.07843501139606555,0
0.8582655047379696,0.9691951337744636,1
0.027020457992964028,0.01924489175865209,0
0.04152323982204805,0.04476209724085147,0
0.024330582352160863,0.005769768935560792,0
0.026325462844549362,0.007174078298614909,0
0.13418049787100944,0.15944898103463112,1
0.069277187071346,0.03254604804711051,0
0.1078914508258414,0.1346195257276013,1
0.019958072187640157,0.006375182255968915,0
0.08468532111372833,0.1275804006921531,0
0.03680389793356314,0.04094615708395584,0
0.09715938129658819,0.09482867979228861,0
0.22010362152509583,0.12392677768221783,0
0.9765736841917689,0.9905839568726464,1
0.1259992387353731,0.1155694924241387,1
0.28670291506840356,0.18121102618314558,0
0.08176755240681736,0.1700206364740146,0
0.07524337093715436,0.06267876901829236,0
0.22903878875778977,0.3718279958680453,1
0.026156436166697987,0.015147076225132443,0
0.16037669336333185,0.1946095988165174,0
0.0412673196373561,0.005816203251476763,0
0.2923646303745241,0.3577638712726095,1
0.20499849389325453,0.2735755066978181,0
0.09061632081286869,0.0724819376028221,0
0.06267405909911825,0.05006058098228565,1
0.1985816817286609,0.21569580594736934,0
0.1988292859548498,0.19877171682158243,1
0.8804833411610398,0.9606151079140878,1
0.02374277826362769,0.00192742158453936,0
0.15560121515675193,0.07503243386904951,0
0.24775513107064592,0.17671821519004852,0
0.009977231652985055,0.0037038235859681934,0
0.32908832448098463,0.2536847052284379,1
0.15806694530266638,0.2346050124039916,1
0.1409781732579181,0.1229022880850547,0
0.04678951307783776,0.030345853510874675,0
0.2774676370021888,0.40557025829477267,0
0.15819903822170153,0.15641030764471495,0
0.2919265244175919,0.19433119688351005,0
0.08707098187535099,0.12269152378976374,1
0.058202576751347726,0.10426450464125084,0
0.1779805649527804,0.29332343642866054,0
0.13954412145666217,0.14396871017353652,1
0.821912092189942,0.9479489796866182,1
0.9398609524564382,0.9859027106068677,1
0.02857154764108158,0.0008682435124657972,0
0.11733591094168476,0.08444225794534613,0
0.01810770813463493,0.004181728574514009,0
0.22617223834519815,0.2130382637117593,1
0.237111380672313,0.19912498511136967,0
0.21553654323025154,0.20924040940577976,0
0.1458546725287335,0.17454144114121112,0
0.07247922047550376,0.033232703222286886,1
0.33886615024245603,0.31432245448030505,1
0.05611095990504201,0.038238042842638154,0
0.01942471907664533,0.0054237570114340486,0
0.19986887972083162,0.26013960246730533,0
0.15996654789417014,0.1515346421303267,0
0.06713420132164712,0.04142671197858051,0
0.01765600515063498,0.0016052197285023558,0
0.028675056188885956,0.0007618639316641292,0
0.025048537213154167,0.0059116790854082096,0
0.0739250788332722,0.09579820743155655,0
0.03401887617665445,0.00662240030942863,0
0.011657522013059836,0.0031797336207175543,0
0.14172865377397265,0.1538918126255039,0
0.028872254682460817,0.0243008346979748,0
0.04993842350103948,0.03338302010891113,0
0.30039752308255113,0.18116042712042715,0
0.24058144841917053,0.1668001820238375,0
0.21252786950312869,0.24780228249583008,0
0.11170761918019206,0.12968087369768933,0
0.028688451890336527,0.00693362866453339,0
0.06884022364673864,0.05750974564229499,1
0.13141456457319972,0.18278254621123144,0
0.14692726953683624,0.19321743438950048,0
0.09280608055988007,0.10121619660583313,0
0.056160086961284134,0.020887841555048237,0
0.2770955379271356,0.37827215219313054,0
0.8152443576105068,0.9096583933975487,1
0.024532208183953214,0.011419885194954755,0
0.9622364269065129,0.9782497849581988,1
0.20969913323430675,0.14446661607286346,1
0.022415781260644505,0.004488242558382338,0
0.01765938982571009,0.004965896587257207,0
0.075442634402112,0.06222479321207367,0
0.14215050410385557,0.16897312943394688,0
0.04259573710613672,0.03614637249410239,0
0.08700263379082467,0.07561109012551993,0
0.019053094997426575,0.01076289635249512,0
0.012983402187912305,0.0018488650093173317,0
0.24780873394846165,0.27702443572694546,0
0.13507614871751056,0.148820628372799,0
0.12380300537799267,0.14133865848263136,0
0.13654554329782315,0.1107526659552129,1
0.020726612558279435,0.008482679268278958,0
0.026198785604515624,0.0026013054495104223,0
0.22436170124766694,0.32496591274870734,0
0.17968647656014577,0.28086089782399604,0
0.2203554226125496,0.25753527275261073,0
0.134146541687671,0.10480750188203303,0
0.16892913167525364,0.1720797346354436,0
0.06341347882741485,0.06107819692428341,0
0.9100768864664972,0.9524207750727005,1
0.19467022844143075,0.2525478900960467,0
0.10443771909447253,0.13308180624000063,0
0.11079840058714421,0.08476997794049365,0
0.18170380950785692,0.14237553377816356,0
0.9716939686947587,0.9881547022540652,1
0.20818493673757582,0.1313030910157944,1
0.24409002298858185,0.25685828822207885,0
0.9759270357731794,0.9945740677970835,1
0.02602121775932223,0.02079822557683763,0
0.04706395623502719,0.04127222569021586,0
0.2505387771105778,0.36493290739941076,0
0.11297508995895787,0.14489803400776757,0
0.05007516723913837,0.0375021307991315,0
0.16280206322353574,0.14236026884481465,0
0.1969282621595193,0.1539828252492463,0
0.09992827809386166,0.09898773444307236,0
0.167035919613201,0.23993521937958318,0
0.040144983364740976,0.014587238263833138,0
0.007515877076365675,0.0008282237501722881,0
0.02324778598599724,0.010063028880151167,0
0.9375646707997681,0.9865219699349812,1
0.10772625891916279,0.21892212861962346,0
0.1297071754417036,0.06962424969709509,0
0.3012278924145205,0.2515447676579329,0
0.05705050297267958,0.026610478282788702,0
0.05429665342325931,0.04651308315538164,0
0.026460713645422435,0.013667479730096993,0
0.027134666221860924,0.013060543875946564,0
0.23990477891801168,0.23279673979123286,1
0.04707308532115543,0.05210187081780494,0
0.34346675021420653,0.40853903184103585,1
0.9672890294165482,0.9948431611230988,1
0.1091183273801198,0.042261500267247995,0
0.03590389607576118,0.009828021988595136,0
0.965673926002754,0.9856859256267906,1
0.12188796165836376,0.131798177989662,0
0.18039627620665666,0.14360304128112866,0
0.041030419736590704,0.04294131437371102,0
0.9722032322114339,0.9856533379292586,1
0.16276613011421956,0.10811396937863933,0
0.16054382356884225,0.10156548376010849,1
0.08409036209943425,0.027089334510603753,0
0.9575368263760268,0.9810697081728377,1
0.01827579881830735,0.0025837345347674333,0
0.9328651690694013,0.9932801428061615,1
0.026844142346882215,0.008941436616978122,0
0.10093075163169575,0.15025894345509747,0
0.17611119538357267,0.17535139256064655,0
0.01784862006708587,0.007542494422929547,0
0.8625550868963546,0.9615157791291543,1
0.06269034260676892,0.03205867080262285,0
0.2308030440203895,0.17257473985759353,1
0.13133006235199304,0.1587088919319539,0
0.012906019907403421,0.0009721618038802734,0
0.030638945250272418,0.009597936638985796,0
0.047150823818003514,0.04244242126879828,0
0.19251196293655604,0.15517942689198977,0
0.16899456317970984,0.6148701714202168,0
0.3238514338883502,0.39466487842013304,1
0.037463165862496164,0.039246636755962884,0
0.8457569021105241,0.9316310010177048,1
0.058697591501146264,0.046581156106873356,0
0.2818673469142639,0.17973370694513088,0
0.14728526265746192,0.13003480206795168,0
0.2314720143106831,0.31622701979100076,0
0.039707135391775235,0.04539016325720053,0
0.9393512679130335,0.9742677764994162,1
0.07523805705283725,0.051561900523961715,0
0.05690471839029262,0.014802523009448197,0
0.13334817372644148,0.13680474474674703,0
0.027982123831044294,0.0012303703744640099,0
0.15754682216771201,0.17663149749405013,0
0.01923267270174081,0.00600140267712948,0
0.033103580100467565,0.001858389503425981,0
0.9776823313518922,0.9931118168470197,1
0.031170062886711484,0.0028690240294505795,0
0.030786863353483046,0.0263746281779065,0
0.20736165917822985,0.12094742290419716,0
0.04786902387966584,0.06310784979395298,0
0.1338688416945393,0.1486568731095543,0
0.36512651943311447,0.29316172128428186,0
0.2738758696676658,0.38933132399099846,1
0.9476321385297689,0.9990445327497984,1
0.15911966564660074,0.15255800275035805,0
0.938601933517714,0.9991694742928754,1
0.9375926615341585,0.9979570743356924,1
0.03236376072919404,0.011664431068242479,0
0.19082010758640963,0.3191771018270836,0
0.05478445042427855,0.03898372080028386,0
0.04325442388068665,0.0491080871853599,0
0.10248792018301921,0.09549991488923666,0
0.13798408203459428,0.09730917846354643,0
0.06242029511265238,0.05143267498806288,0
0.07079787242867006,0.10824800610943543,0
0.026974330881107626,0.000780566397943919,0
0.016324683783451786,0.00150583829580871,0
0.054729967892543474,0.04208220392271831,0
0.02030517297354589,0.0034484237494094975,0
0.014644980440168834,0.0019974965967657554,0
0.01280030399897442,0.003033312647071291,0
0.0456040027377082,0.014574439368263107,0
0.10105222681802113,0.12602161075889226,0
0.23425800832161942,0.19593007511166263,1
0.10828845891834371,0.11037980949912078,0
0.1851583596133043,0.23103884816167672,1
0.19601676509192828,0.16864363597817036,0
0.014070031726643237,0.004881592881753274,0
0.7422109734442414,0.7554396866949031,1
0.6983354255954775,0.8158114131331274,1
0.7106953815237804,0.8487447139753388,1
0.03591751279111693,0.026136642546118097,0
0.026974330881107626,0.0003123757387357478,0
0.03716522757564723,0.029294341453847135,0
0.1325015927374568,0.13207680215282303,0
0.15562623982925453,0.20434449360292004,1
0.2009633921671741,0.25368623017603814,0
0.019338943793814074,0.0086770697191909,0
0.21293979348725037,0.3229470562626275,0
0.20606043834223015,0.17467878734059933,0
0.13873067890763532,0.08014058900517375,0
0.9473450558602009,0.9877848361285354,1
0.03380977605119522,0.01897591195853209,0
0.05261354058715077,0.032839184862862095,0
0.046616432896050705,0.04712768381361564,0
0.09816486584856132,0.03941041721893237,0
0.2265013791945684,0.22027230167644354,0
0.220265406423848,0.19675316720131727,0
0.019760637604783908,0.005981581401888885,0
0.1998468864192025,0.1460025388585803,0
0.2528347766551617,0.2848984526061795,0
0.013981441492347974,0.0009462203735542535,0
0.19695592489935534,0.1598122417655584,0
0.9432402005132238,0.9695850416078287,1
0.022933954108138095,0.029072961133646765,0
0.018680899118091104,0.008079781400610504,0
0.9731212830022942,0.9923497419856138,1
0.05769550172632638,0.05012163658926886,0
0.0662767458907558,0.023139499380685935,0
0.19765258109307715,0.30505154038370536,1
0.08568724780894585,0.06851589832269629,0
0.19994100248676808,0.28368406074479624,0
0.20073564283512974,0.256866071620377,0
0.9682419713459751,0.9900582513679014,1
0.21520519527378856,0.20706079455476953,1
0.10012512238797766,0.09526555976979144,0
0.22108677868438262,0.20318053940715403,0
0.008322683767836852,0.0008332309304645314,0
0.029012918319508006,0.02801187162925331,0
0.14082749585267676,0.11907583173264223,0
0.06495051021654279,0.08040981360332378,0
0.03092331954726567,0.035624474494709096,0
0.10095625476456922,0.1586734368497066,0
0.09689825465718806,0.13339333171066706,0
0.05251012102742165,0.05624736135689562,0
0.02169283756600155,0.02221659892724248,0
0.21331557370401155,0.2404529922861459,0
0.012644122397766912,0.00269260413659042,0
0.09353481881396883,0.1279772471705421,0
0.9508377190369788,0.9637661970959626,1
0.03019186848879618,0.013999211469815606,0
0.9825089176541042,0.9964535958574582,1
0.08367460948691373,0.09067834547819827,0
0.02838890272908685,0.0075394087374953175,0
0.01638120746604905,0.0069836943951844775,0
0.011023669002604748,0.0026928775539890215,0
0.048076253398390875,0.02659851645421485,0
0.8562475489702975,0.8779003312155255,1
0.030436555647563274,0.02790277544966829,0
0.07859414325187833,0.08041318739565319,0
0.05234508999717499,0.02830793104149724,0
0.1275224498189203,0.10680985949132929,0
0.6280090940592917,0.6881088085567493,1
0.01038716423601245,0.0042025573924026755,0
0.022972112653409503,0.0064606655774088854,0
0.04795309714687733,0.01743947337347971,0
0.02709606207436325,0.001346686209871424,0
0.08827327519125396,0.08291845248984739,0
0.027932702018373987,0.014056622617571334,0
0.7288721834758596,0.5602667535081848,1
0.14636558979084227,0.10613093791064665,0
0.05066908697549694,0.09311551813191471,0
0.1761139510959646,0.20238442936872825,0
0.06971015803167174,0.06969825322240833,0
0.2883711899481373,0.20869901460279117,1
0.2401083179689381,0.34259025542474786,0
0.02144001743328611,0.012070761551849048,0
0.08108678803101516,0.047248041911386734,0
0.1965817790517599,0.2308387494289896,0
0.017385888227797235,0.008380212074440094,0
0.08109728023434962,0.06914263714385119,1
0.06670165731805923,0.08276669426580989,0
0.15581367456618486,0.1893755120183592,1
0.19423741777757197,0.35093226783326487,0
0.15656134694329693,0.2413524812757443,1
0.09780362487046962,0.09325288171705715,0
0.014668209975222508,0.013512443047563992,0
0.47050945446894976,0.20818949698499625,0
0.12205048418053353,0.13794062412532235,0
0.09573937365818956,0.07102955606921643,0
0.054705349847023306,0.04455658515911691,0
0.16957500614271206,0.19038150139460217,0
0.04022275287487657,0.06723259554856036,0
0.29674270987004797,0.2890568524560729,0
0.02632549152771017,0.004999362500327389,0
0.2322931339371916,0.20725100725970105,0
0.0993359294220576,0.12666131714232534,0
0.16464921101391072,0.0395678926398747,0
0.02606091611755189,0.02464206222543022,0
0.01250774855322987,0.004453715717801456,0
0.1587124160149444,0.2514434931565025,1
0.12361154411513428,0.12081234430952154,0
0.04120903575337156,0.04866244745116795,0
0.2752243862102256,0.3800865030008309,0
0.026315637225761808,0.009751223960954819,0
0.0446598770972514,0.021256074210850746,0
0.07910659114005723,0.09404107669116944,0
0.9790711313644199,0.9934890833485299,1
0.10594574174632745,0.13018724170428495,0
0.031156684726775376,0.005970437674385248,0
0.06249940692362707,0.049175833592378135,0
0.014632025516634914,0.001668785719891804,0
0.18041334266748457,0.20816313827720898,1
0.08967670298530402,0.08604643387887559,0
0.03762272466953023,0.002546031675269106,0
0.1668454729068784,0.11024293346130132,0
0.1216213934626758,0.09718234856640481,1
0.007324820260529994,0.0020181840476468323,0
0.06214087270557602,0.07986202351011948,0
0.14524684990643422,0.1992430993410448,0
0.27031577837672766,0.26465223408007893,0
0.21145745896373244,0.15967918276260004,0
0.2344546456314891,0.18842643734323875,1
0.9779996849247615,0.9985376985267183,1
0.8491516106147937,0.9298051166239465,1
0.05048810790069197,0.03921571822935565,0
0.20741784499026028,0.14511108258528768,1
0.20685166038158098,0.18590802856246016,0
0.17969050585363752,0.18935457199331607,0
0.27062331018689073,0.44256148064207235,1
0.21417449405940037,0.35489482816709805,0
0.07875392411278857,0.048477998175193555,0
0.025846077015552624,0.010429130603165639,0
0.051640976973267416,0.012746337392070048,0
0.06432324150215135,0.04055635185152996,0
0.7175042652714777,0.865543283611528,1
0.030478305936794476,0.008574864354748652,0
0.07740950427211658,0.042208002686552254,0
0.15060829444568524,0.1215270869601756,1
0.5449077406892572,0.25544657086047284,0
0.16383765790526905,0.11704998495772416,0
0.02728486851083173,0.0008902982198534949,0
0.2292510926420435,0.17065078301071684,0
0.03445020855093694,0.014808302452828137,0
0.14561772326532052,0.16746459829723132,0
0.017706550944790216,0.007887975371700915,0
0.25121881108128225,0.3455810988717801,0
0.1317827789263926,0.15964210266731896,0
0.14320373121129512,0.13333697314626516,0
0.0308234375215126,0.023989251754796204,0
0.14258315264352053,0.17825212020490333,0
0.035361065442295996,0.02859948922896761,0
0.06199983274243741,0.0072920302743151805,0
0.9525437546515712,0.9324407660658012,1
0.9380672037847348,0.9975526440935181,1
0.20645399734807413,0.15229573195415957,1
0.1423174008929474,0.15902421055202445,0
0.08145606255598271,0.05060976938582326,0
0.05324068568808115,0.06716477909878175,0
0.07047354931452476,0.08194918431006544,0
0.21832874818362757,0.24420363846381968,1
0.13176935783942248,0.1225400321816623,0
0.17774286582976173,0.221903170008251,0
0.22281330164825078,0.30779717733065587,0
0.014975001861830338,0.0028422595344306557,0
0.030545579373499526,0.0014307431786012834,0
0.18239178731920458,0.1972590742965495,0
0.0908800185664456,0.10775743107851951,0
0.043425856830515204,0.010862376669930313,0
0.14976418378922754,0.26571835673514776,1
0.11155471268921884,0.11596166287062502,0
0.0589580356002706,0.061299238464796284,0
0.006988546164553719,0.0018466382603998994,0
0.1926331751562544,0.1475094354908217,0
0.024964983915803537,0.0017241013036100661,0
0.03197421504421072,0.014164270615347937,0
0.0204529460033965,0.0036463397254273295,0
0.15639788289747214,0.18666195686671738,0
0.15111344980892066,0.2022801098034445,0
0.18349647536735378,0.16581675435342427,0
0.0376832759583149,0.013614613432606055,0
0.1914560653776137,0.14888696595194298,0
0.015046926986367235,0.006813442350866986,0
0.035759411622584086,0.014473210593865969,0
0.983965038598055,0.997907591134478,1
0.12569690286808535,0.0787064810236576,0
0.04778007912156076,0.04366181003799712,0
0.1449879348276663,0.17307588953480205,0
0.9748594388688453,0.9982052618747465,1
0.11955449627011355,0.1319218864211854,0
0.279645927979761,0.23995981100045705,0
0.1629289992393644,0.13330354198364722,0
0.07582008917073342,0.04687952288171325,0
0.02948835128388223,0.02119203853689579,0
0.12720472900786117,0.12199175163056077,0
0.22301480104493468,0.254267781708018,0
0.044405243543677184,0.05116736185159869,0
0.9864184699231462,0.9978587363030895,1
0.2646027437842764,0.2542389520718757,1
0.19857494979422768,0.20605177868050387,0
0.042970432648889854,0.0021274081948903715,0
0.054869906292661565,0.04615489880074768,0
0.04133655565680463,0.04814940791443792,0
0.008726748847771353,0.0018742531860847604,0
0.11323273512018975,0.1661180418258808,0
0.7905850860081922,0.8449051369194472,1
0.17013616364383471,0.15940644903893736,0
0.03728140533612637,0.007834336179223925,0
0.06913962427846379,0.0956282005810819,0
0.03242091168997476,0.018362968580815646,0
0.02244759011881105,0.010718237859513612,0
0.18723345333615785,0.12634202994847624,0
0.2724849410115504,0.32446450728563886,0
0.1455996048070623,0.09800313047813039,0
0.05248628316905235,0.0979895192164154,0
0.03945016450583618,0.037060212430772406,0
0.22037731034920474,0.5269549521070401,0
0.1933237390054205,0.26985769630764567,0
0.01003890073600313,0.0017769106376293677,0
0.06012135294464256,0.01616978920149934,0
0.0381190398314177,0.024524849518429943,0
0.980012412547368,0.9983161860055046,1
0.010153287750256056,0.0012437521943611477,0
0.04542483128450758,0.021863146757720654,0
0.14172085819275035,0.15689189126751313,0
0.7553666077809434,0.8353328354103632,1
0.13183440946722505,0.10801076532551991,1
0.18653914508951103,0.16118845931327094,0
0.023795708633731687,0.00867040617989594,0
0.12066184919086081,0.10393557990951441,0
0.14028177638772546,0.057691565721340876,0
0.11072653581299816,0.06029071747496413,0
0.020215017371728112,0.0018511747418153172,0
0.20480633627182657,0.16996650340287536,0
0.9722768909527388,0.9816725348289801,1
0.9556915684538964,0.9790552172202258,1
0.013115675610054353,0.0016402237425348187,0
0.07058439180581114,0.09533791376341769,0
0.044041748044046064,0.03784151070919496,0
0.24045961553218684,0.2817172230691708,0
0.03413955510203146,0.03907058397861403,0
0.09727483809702325,0.03407547869151157,0
0.05099498825376602,0.0574119317818021,0
0.01665033178512809,0.01704622959898816,0
0.03743177557642582,0.04908817097379672,0
0.05374504706148491,0.05140175532216408,0
0.05715394857007172,0.09895964974448748,0
0.9347993803147622,0.9888794076952224,1
0.03358627802545543,0.02444709447509206,0
0.11402170199783504,0.09186067991600953,0
0.5533970755261527,0.510902755272885,0
0.06720954510514983,0.04131307356461005,0
0.07456184287005606,0.08304016986044967,1
0.033904161910668244,0.00396472662284649,0
0.08234837643905449,0.08730686944957032,0
0.19715589744583523,0.2183004978920843,0
0.013513724304436777,0.0028432073952562253,0
0.7516599635864905,0.7576660065305592,1
0.06669501295925055,0.046568393321179145,0
0.13214997424829084,0.113013947407898,0
0.012200641355817473,0.0027312442910007065,0
0.7534118101599323,0.7516708939106533,1
0.17642777124891107,0.21414079009320797,0
0.14167395227533017,0.1461672892719511,0
0.14264350489341487,0.12522173527017078,0
0.03150873263606657,0.013115239993026538,0
0.8584019240861035,0.952822589381541,1
0.041843203352873136,0.028434828724842775,0
0.13833922827427264,0.11438420839383454,0
0.13707009231026956,0.17860481597934996,0
0.03973780257748331,0.037247262847233675,0
0.021605092927545717,0.0004013258923455348,0
0.12374285735425891,0.14717446065190468,0
0.052796162205459296,0.01770901592114765,0
0.09003098173304923,0.0841998848247533,0
0.06355655998188701,0.013685548931443935,0
0.23572233007673973,0.1899443113230817,0
0.2799627340019875,0.18687626048808692,0
0.30226015816726653,0.3924196885168563,0
0.15338920280452137,0.1734572775253712,0
0.09474753218355322,0.06323001364667094,0
0.12882010286613937,0.1518544213283644,0
0.13537940849147237,0.07833527442050438,0
0.5376395110707229,0.6045662750425975,1
0.08467795033019901,0.030570990426833294,0
0.1225400475744829,0.09793881856002944,0
0.02356761941986666,0.008308841646886011,0
0.019749958500726805,0.0054007468127774795,0
0.02368751405073705,0.014228335449980683,0
0.12030551148945384,0.060475701043949746,0
0.10921912783372544,0.0803490172075504,0
0.19307037492704626,0.1364874931747697,0
0.0951261279923813,0.09218743118092645,0
0.75638601047895,0.734960882507509,1
0.034709596673574365,0.032938539275161,0
0.008415868022296198,0.0009215725128604633,0
0.023580470258550756,0.00028666281929721105,0
0.04590391129438499,0.1366896634002421,0
0.08103615850160373,0.06966947001920167,0
0.044484809593287024,0.027102167966585627,0
0.13554229919417823,0.2520048240160332,0
0.19447372005039798,0.16917903371757337,0
0.0859596694509602,0.022263551754811563,0
0.11753818813227787,0.08525909881610429,0
0.031214905805343925,0.03631947523048873,0
0.2697486666302693,0.34971553616346335,0
0.1980061654812521,0.22389914636977626,1
0.026353058697539542,0.002865692380295107,0
0.08501799029950448,0.09516024151509904,0
0.8329397049788093,0.9597376741794628,1
0.08424115805687661,0.07658339554774701,0
0.029424962931906634,0.0005525169121609878,0
0.107842791993632,0.0987224479708858,0
0.27173475942606007,0.23292776693652212,0
0.07186064865951329,0.05737908396473921,1
0.22822730804262598,0.1706766597414625,0
0.13862013671675158,0.10733042378177608,0
0.10323966113485566,0.13136600950369787,0
0.02451913365845663,0.005418808235199204,0
0.016324012450794446,0.0011465204833442386,0
0.12443582453205511,0.1100083241662696,0
0.554588406512641,0.750167072467759,1
0.12274753527787631,0.18767485491005376,0
0.14297110485962433,0.13042954376050217,0
0.1087686458861577,0.03835760000831647,0
0.15087899147752584,0.19073484090829995,0
0.055011551915164145,0.036729169953027725,0
0.971453621130804,0.9835823449587374,1
0.1680469554545044,0.1592921860759278,1
0.07700801923716556,0.06435924036368341,0
0.8787449102688757,0.9208191440567973,1
0.8678476255615395,0.9682244529028846,1
0.03824604442849652,0.03568182464751046,0
0.12654433067568677,0.09687107953905215,0
0.09390436028634258,0.13271274251382636,0
0.03824651081749697,0.029397930952244987,0
0.04586877639893433,0.05542147817261511,0
0.275220628704882,0.2867124002471103,0
0.1787978902362709,0.21998999720807086,1
0.08699043888769856,0.09852076475906277,1
0.10963007296581301,0.07862304312808961,0
0.08064610020075676,0.07853259003779656,0
0.10390470257497107,0.1288448323963809,0
0.0432299124614666,0.03200035158395121,0
0.02553089093751669,0.0109909973822321,0
0.6578959465770282,0.6385888740783507,1
0.035429428431567385,0.03440603946535234,0
0.0756147327326001,0.031005021748149137,0
0.9745317010719096,0.9955393233275724,1
0.09232782719201624,0.08384489579977898,0
0.12394286250325447,0.01947599688333588,0
0.18887129146551065,0.32591898958273685,0
0.0364983711744661,0.035184305308322686,0
0.13264360804836822,0.11014112001276022,0
0.2081413708096228,0.3284434028094463,1
0.08655907188061945,0.0667485804286193,0
0.21803352008510188,0.23008784890885464,0
0.23476956529758194,0.26257806302029374,0
0.010044081784129834,0.002813026441353942,0
0.13808607053612257,0.1411505586759692,0
0.12289825628469107,0.11318893373982589,0
0.11107707672149536,0.12868675700996726,0
0.9778068636236741,0.9974186547301906,1
0.1724995769259394,0.08246218858640636,0
0.013028936186104397,0.0021262327658364936,0
0.08101480819958844,0.09470560915841629,0
0.02738375342832693,0.010241217074209469,0
0.2653053909769789,0.19873445364701187,0
0.13592494325921803,0.03899028718585633,0
0.13193214066993436,0.06626792294515191,0
0.06463564713134923,0.044129792553913395,0
0.1990594071940052,0.17385315965171785,0
0.07994787553402183,0.12909765276332197,0
0.06637710446284834,0.12315966141085374,0
0.24989646178989564,0.3986065908243896,0
0.2456884656467509,0.2223626416867421,0
0.8554163694355618,0.9353846795291164,1
0.9567097044934679,0.9915291826325162,1
0.1915696338765127,0.25361257450003477,0
0.020448404942709608,0.003508565498565527,0
0.20241528384248625,0.30854581775012835,0
0.04084530241057563,0.0259335020271864,0
0.09331427960088104,0.030329432149390427,0
0.031888749943887226,0.007990794849516841,0
0.2010517546178471,0.13649823695986352,0
0.8924889288777628,0.9234954316437214,1
0.8846488773993169,0.9299594733162752,1
0.05644098621963344,0.024134420801657546,0
0.05445483076277722,0.03010987055272761,0
0.03376460149521257,0.021991891934693784,0
0.2725083403573655,0.17684356181241428,0
0.015687651888412875,0.0014266655384877773,0
0.11799380316298935,0.270181077512289,0
0.09362570661550917,0.011198879292003128,0
0.22922027061317082,0.19481817083976385,0
0.9211653816328319,0.9899857530889351,1
0.17320118936238982,0.17184511264407842,0
0.017736635324799313,0.004546947114271653,0
0.11933072022834595,0.08532504435648187,0
0.022083134429276487,0.016920615252898032,0
0.6589201065929753,0.7049906975664579,1
0.06002959281950385,0.014807698941909345,0
0.8849185958656206,0.9881979320790936,1
0.16731682228893832,0.17210855291914237,0
0.04552717847344792,0.011397321729377087,0
0.04012693583716673,0.018473612217753045,0
0.014434783461822562,0.001748290098626249,0
0.2913635753183772,0.2799183797396884,0
0.9078367183865621,0.9936937534419681,1
0.6908022042070119,0.6225546796881246,1
0.04687176479303021,0.05552892407283065,0
0.015284071989081847,0.008192069514016758,0
0.03161613135438059,0.03554796091346921,0
0.8406015181092764,0.9280683185319003,1
0.28723008673285366,0.27945277971820576,1
0.09039135640500322,0.07154234225735484,0
0.6120419919161317,0.5487436203824676,1
0.5210728063391898,0.3258772574825635,0
0.13974917304907628,0.19607396034714197,0
0.13770483154669377,0.06882250423127224,0
0.1992722257174057,0.2845085048166422,1
0.17341625095383537,0.13438962645185185,1
0.041896937961816476,0.025404327772962577,0
0.09349428508578045,0.10787440405338401,1
0.8967467961705017,0.9732581466267302,1
0.641486147226186,0.6979592791223912,1
0.029398884242216223,0.02551700038979251,0
0.09913097195600837,0.06938026132683921,0
0.015340299512961798,0.0059191902384070445,0
0.12822180193818386,0.09524182229424867,1
0.10353586486937212,0.12699791883305298,0
0.8921105109629347,0.9198352847513727,1
0.12262077531009147,0.10273702880949909,0
0.03212014197777216,0.015086136750067616,0
0.14441061882883802,0.1011640430404676,0
0.04013928756917599,0.01642684886920146,0
0.01354377165078486,0.0025324207070763338,0
0.08923544170555277,0.05310870910948727,0
0.06654692639702163,0.03837392960497523,0
0.04302939311874655,0.014910580075636089,0
0.17898833635547476,0.25835026799840055,0
0.09834952783655611,0.008398279817699007,0
0.021488871096874765,0.009459942340134666,0
0.04211875970849804,0.05324449473722942,0
0.0677436446766216,0.0928361130976073,0
0.08132696413630718,0.0664303161156269,0
0.0744124513353262,0.06572862963071938,0
0.022701907798823077,6.499705235427605e-05,0
0.01936992158813817,0.004441246423576961,0
0.9760791263599502,0.9971800715741566,1
0.08020345421670556,0.04226602539841414,0
0.1148590486204779,0.11766465094872972,1
0.08289917872265559,0.09120684116835846,0
0.1828083396367263,0.13932118679322217,1
0.07414946064264832,0.014431102352754117,0
0.05010947723278071,0.04806519249044198,0
0.15154390162258455,0.14298303995637915,0
0.042658041020026884,0.006172615273151075,0
0.3021801959380281,0.2161035430398973,1
0.023900878675314634,0.0005082669934702297,0
0.11472748947542635,0.09895071479624334,0
0.6883187325763853,0.8519827669697516,1
0.09424133073873135,0.06950758442709147,0
0.1784495142726779,0.2585771145849291,1
0.9682727318096568,0.9826403684339962,1
0.05157717557847775,0.06591323267622155,0
0.02271413345734995,0.06095306768772938,0
0.9453525956377221,0.9984470277319029,1
0.2612894570694188,0.4618150763945459,0
0.2550040203993524,0.2111374935884529,0
0.9434437476065748,0.9947440864530593,1
0.09435496806885967,0.10396539949731393,0
0.8823257962589153,0.9823825703073227,1
0.26350991829551745,0.258640216220384,0
0.03439315274888215,0.014761248170358243,0
0.01675638114953863,0.001746692855111707,0
0.6498362304979576,0.5387356808096807,0
0.010685572876349176,0.0009929887778063959,0
0.05775965280089645,0.022689255980192606,0
0.2682277376142619,0.2568801246589471,0
0.27840552539951907,0.22413230090507905,0
0.052650495681892125,0.05079768890881598,0
0.032567381614337525,0.00851153042509689,0
0.06249345078447591,0.06350431783256047,0
0.053691267586705005,0.05625117944229386,0
0.23053910026357896,0.2132666357495615,0
0.042590367686071606,0.07921287357090265,0
0.018933454795866573,0.009363677771004325,0
0.3399685146255537,0.28746773920624913,0
0.031139230064799774,0.014109233812180426,0
0.08599365164932668,0.06932422376034562,0
0.07421500267972454,0.05763976137408394,0
0.9430585670693121,0.9622299893198906,1
0.2327146138736535,0.25611503160834986,0
0.06341361109379948,0.03681299314083128,0
0.051539167186424026,0.03471275814023536,0
0.20315273673694711,0.2467759050826533,0
0.0316064595830601,0.0035713227322416085,0
0.023076821257184653,0.009155509507423639,0
0.6452192995365887,0.5840146690039936,0
0.1460458179047102,0.13216230723233538,0
0.089006421587034,0.10861880499739567,0
0.15318590286621392,0.1552460798739197,0
0.050556713535641076,0.02749461160662129,0
0.08292838307387118,0.12670833620724836,0
0.21089532008077422,0.18732012479643545,0
0.1140814385868268,0.1094104619534584,0
0.9421456274168859,0.9683575290614345,1
0.23905917685963154,0.21196080999234357,1
0.1041583605577151,0.15262835459999277,0
0.08638295107393103,0.09728996255655276,0
0.11337939842869796,0.11920822587696503,0
0.264218309470002,0.183954138482404,0
0.01765372385923603,0.006141672591721671,0
0.23643731719633115,0.2267517935911937,0
0.22110193512823603,0.3503477272410558,1
0.06233869458416539,0.029662749948180318,0
0.03188935163035891,0.006042926491547897,0
0.19776936017294597,0.24502244206318619,1
0.11072491919486474,0.07980979036880075,0
0.9802697167335136,0.9942288826710549,1
0.1150068595822041,0.08049111640536157,0
0.07098733814332456,0.03499462360719491,0
0.14261606191774606,0.2581600389939754,0
0.038421988155673124,0.037141080735059784,0
0.030922429477138927,0.014876201906113657,0
0.14805978390101654,0.13982067197691378,0
0.2062434301377672,0.18226482940586106,0
0.24472923901933358,0.2013961300058093,0
0.22513110227106606,0.2346740198809716,1
0.035340373110111324,0.03660731100122013,1
0.1442388402301403,0.13259576580174165,0
0.02628358111507086,0.002972237611516324,0
0.16377675098363806,0.1614650251415602,0
0.15239754489395763,0.18206593556098827,1
0.02789123191226337,0.017382383451829526,0
0.13119797664256674,0.11915812488866473,0
0.03648448930571639,0.0448720864138449,0
0.06270848839879281,0.01641155258536206,0
0.34109852983270433,0.365802022478244,1
0.03673312275184815,0.03995363696932901,0
0.9796683045313805,0.9977083196457307,1
0.030685071797180545,0.015512332485719673,0
0.052402418661327464,0.04880267419311925,0
0.9302374612704415,0.9948273355113634,1
0.17025966831215494,0.18926766079199864,1
0.07688942469358538,0.09299905822157233,0
0.09932597961290986,0.1284676842886073,0
0.0650160261893552,0.07137515530509501,0
0.1003914648962734,0.15589134719620326,0
0.31877982981019976,0.3604307566564633,0
0.033501053450118196,0.019418210245011152,0
0.6767450765364994,0.826577335237878,1
0.09407738173129594,0.10667735888919577,0
0.03884626826733988,0.022438288780921675,0
0.7171855275864814,0.8320042135982175,1
0.22313173421643107,0.2883451511732649,0
0.230100201113904,0.23848458764247402,1
0.013678340963154697,0.007168040265124465,0
0.08960486337611144,0.2102366076639477,0
0.07774679484551951,0.03638221482307468,0
0.9630356215629762,0.9946780719394633,1
0.08336083278425543,0.10438038333965313,1
0.46807045668742614,0.41235900505346723,0
0.045950316468755234,0.047404639862138755,0
0.1959012345508017,0.16560214716129912,0
0.031024210570700574,0.008196036667376819,0
0.05603106650952885,0.06567103647507466,0
0.2290727566735116,0.14347712572539556,0
0.2352045537302183,0.18558474183988907,0
0.10221800867026024,0.0941997286795142,0
0.034626866838073644,0.008043660114011999,0
0.015014965505250001,0.0069350085632240545,0
0.13961592181457452,0.14867134480293787,0
0.17868851651146275,0.2302123199325752,0
0.0898670862177474,0.1428269082028727,0
0.03993391111133142,0.01619617880543715,0
0.7461496805640712,0.6682712522321191,0
0.20058099044940966,0.2056065582173889,0
0.968266029369693,0.9978108984420033,1
0.16574198411075663,0.17306322239952757,0
0.10917254575110985,0.08134726841687323,0
0.0832692525553798,0.07770740823329025,0
0.03143757652632487,0.04953295208306466,0
0.06637315908841464,0.040405626975601135,0
0.048177507771951726,0.03420736942521,0
0.30832367747118644,0.2142934967474765,0
0.10687461992611674,0.08383308740901088,0
0.07836428245209416,0.0932804994526989,0
0.05511487333313841,0.03851733983568336,0
0.19495100451092356,0.12566019302373613,0
0.9434443031116201,0.9953873477943722,1
0.060137146566287596,0.07902487918885268,0
0.8100214369970583,0.8300054316119,1
0.07352214997451616,0.0671624972677808,1
0.07968069865306426,0.07450980683561009,0
0.0561874621010513,0.07182471805146488,0
0.7640091409012973,0.8757342927167363,1
0.10237360924385734,0.08984207425116005,0
0.058292725834139664,0.03212098863319948,0
0.1593908442273463,0.16289445988951992,0
0.8391564829458673,0.95171568883841,1
0.1681549677226975,0.15013013627197558,0
0.07336554037550441,0.061477377573903244,1
0.35431426473835137,0.2429817928642472,0
0.2892755923790524,0.22609029538071096,0
0.9810996827799137,0.9949604119552264,1
0.2317409883232541,0.2547282491475594,0
0.0544048526929871,0.0417390192609571,0
0.21437600661419673,0.2934387002110286,1
0.2292548935559526,0.21331428621754725,0
0.24220389315426832,0.23017054216344726,1
0.18557280113492597,0.10370415600691921,0
0.0399900376132305,0.03286748150176538,0
0.1862067699402244,0.1679851245330962,0
0.1940045454796416,0.13359371082102542,0
0.08988520483272523,0.10733110585516134,1
0.14330964938059076,0.09185459723348872,0
0.02289603375371714,0.01030594150993648,0
0.03194946473983994,0.020532097963688573,0
0.2876016947761224,0.22222111170261327,0
0.20219851878120296,0.17636537966146745,0
0.16072835592922796,0.11289350669556783,0
0.652031236189007,0.577586674513655,0
0.05637392493759307,0.056971087738623756,0
0.01418265244341679,0.003089294401120376,0
0.11985044732062806,0.10797384304879754,0
0.16511356003068603,0.08785250988424453,0
0.12722060135754198,0.09314675350406225,0
0.05041183524609462,0.026473143819218645,0
0.2372568854183421,0.22156619263776248,0
0.031653839263211726,0.044772579459183136,0
0.22508496806284523,0.3017268317734626,0
0.0266222715456815,0.008530696614222242,0
0.25655903688535125,0.2176448870852831,0
0.22512155227706057,0.22736209874202892,1
0.23856946558389527,0.35371931502483017,0
0.09399963070979535,0.1076914048537225,0
0.09932654825818878,0.1300138304218488,0
0.12107163991779765,0.05979952950480166,0
0.027853690248604634,0.02186339737156238,0
0.12918634857371267,0.11828797555300567,1
0.020473825085107613,0.005360936045300547,0
0.05484605389249466,0.032663726414838494,0
0.040474839925582894,0.04803289290997397,0
0.03188935163035891,0.01577593988232326,0
0.019701620843563226,0.008952194241481113,0
0.2790471035857498,0.26631480348595865,0
0.19102277083109714,0.1530351519972411,0
0.1313590913825652,0.17589378379580392,0
0.23715173812680307,0.24672543251384915,0
0.06437914960908463,0.05483028820951506,0
0.17819111583270072,0.1756180021713592,0
0.04610521899804964,0.048935764928851676,0
0.10744016475111814,0.11657220774263469,1
0.205413534100556,0.2393635624884064,0
0.04016456048563389,0.033304110710341145,0
0.9434437476065748,0.9975131509796856,1
0.08171231503877786,0.018237230399000888,0
0.027015906956543653,0.00910381686235712,0
0.030821886131075484,0.023338934173723628,0
0.017232322568798034,0.004025715802706978,0
0.1442516020021313,0.1690252859813718,0
0.03254576595263286,0.0227917224263129,0
0.028838555788434476,0.015171864226373653,0
0.2021679874713239,0.24530856114310956,0
0.1151306367665481,0.12684130203126534,0
0.19225374413014829,0.13803552337547365,0
0.04358092547914815,0.03254789018591999,0
0.04265361534361128,0.02036380554674679,0
0.9261303604178905,0.9974474800754722,1
0.060273555664431044,0.07285852994971151,0
0.17434999204516166,0.15335378016018758,0
0.16599953248678057,0.2123095964436531,0
0.06146623945515193,0.018122118991530586,0
0.2197889336899576,0.22300050815801115,1
0.855760754407245,0.9334298421486605,1
0.9466048280004615,0.9946044333672815,1
0.19268563965756128,0.13147939565759356,1
0.054011800512722336,0.037297623952199724,0
0.5400055409567923,0.6850961680003448,1
0.9406453445892718,0.9730327252168282,1
0.0518067878265736,0.03914773422136693,0
0.010740276417553409,0.001278201013325524,0
0.010883776286580587,0.0007661550836733768,0
0.30683931395933695,0.4162007368749576,0
0.9735571024097677,0.9922876541030148,1
0.031255058021042434,0.020026601397176918,0
0.14827705142287817,0.11480109514607223,0
0.11484494276500774,0.14200045239437317,0
0.041455979678784914,0.06506062983824767,0
0.019861954574849697,0.007070274903594583,0
0.680436677254689,0.7133850305760554,1
0.2742920836465444,0.3481089130757273,0
0.06717387298814913,0.07568801469301957,0
0.03013419442974184,0.0005267270626122604,0
0.13577281338857877,0.15290611336281154,0
0.12980704098660786,0.24274698187915367,0
0.9866346887518167,0.9982167958035376,1
0.039257561090923,0.051111944614871396,0
0.11486134342766091,0.10889754339761012,0
0.1382999061972158,0.10565880983165427,0
0.6942510976375561,0.7632501760745856,1
0.04992206942599279,0.04396832021030464,0
0.0971240879734524,0.05867495129643923,0
0.021972693920018795,0.0162030006318464,0
0.03534734640983522,0.015146574826713525,0
0.07837942684103873,0.08794890843389924,0
0.3323492874008729,0.19150662508225874,0
0.130812212250058,0.14944881855360412,0
0.004463794863366539,0.001332209621708967,0
0.014000986391929638,0.000814671199774127,0
0.10089472205619499,0.10319824259553917,0
0.0235949331202701,0.005936452269513941,0
0.07528855243067362,0.08932660026636018,0
0.04105865733126715,0.04929895981880402,0
0.24689189296541134,0.16374708814829533,0
0.21571984583443288,0.21466583136276632,0
0.8657887499677519,0.9463143872355348,1
0.12680371282189778,0.13320195865625659,0
0.028841173596350345,0.0008761607622339289,0
0.049053199812538244,0.021068686907963475,0
0.718241542394653,0.7698784092196955,1
0.03248746345611341,0.019301098795007642,0
0.05589254343430198,0.08142855332325981,0
0.019278726533446536,0.007637687281056423,0
0.2164445724985615,0.37509150727286555,0
0.02030517297354589,0.005832058771794536,0
0.24555155998319736,0.18506034270381627,0
0.07444538791259701,0.09860657021284225,0
0.29597208678125086,0.40127464367349097,0
0.06629469013222748,0.033866989838205096,0
0.053436483718371015,0.011046666528509396,0
0.17719732967036395,0.22052504233343068,0
0.13897699366037752,0.1647258588461162,0
0.06991393558374576,0.08425605701246977,0
0.0514597214986166,0.01658310782663254,0
0.2328814662611144,0.23762215665388434,0
0.9285547415997489,0.9750496252200912,1
0.03675415107817919,0.01365312405800621,0
0.963131639821859,0.9945474482907026,1
0.0317842966544076,0.004854354391738133,0
0.040140607229328454,0.04125243032673446,0
0.21770041746579183,0.2249241869847969,0
0.6337982593544572,0.6234749847515759,1
0.04295641085533385,0.04191902860214974,0
0.07298533307558741,0.018183797961546667,0
0.15078253452171664,0.14378602705354704,1
0.13781760544787094,0.08850100463431632,0
0.027778626274119644,0.008405220962129142,0
0.041632643928154675,0.027127858811550793,0
0.2263866747993489,0.24022327525355158,0
0.024730209483827776,0.0021768170559676586,0
0.7860079497047284,0.9597128363664117,1
0.1524904567927888,0.10113330508198277,0
0.21375831358851538,0.19338308455986894,0
0.18546599312647363,0.16639501881563093,0
0.19950555510843337,0.20801929501617827,0
0.10026512039812112,0.12045926581866291,0
0.9820121579230875,0.9964482067937138,1
0.051274188516012634,0.02912841064802679,0
0.19231371156913996,0.41247075981882547,0
0.02632683958655408,0.009208916764590742,0
0.11864447584662863,0.07052776734201069,0
0.011605816505978247,0.0013397500803193605,0
0.9777098260968224,0.9883230104529658,1
0.026353058697539542,0.00041157563636196834,0
0.21526420908480162,0.1896918117894964,0
0.29084698002441933,0.2508587460516818,0
0.15259901113749028,0.09496170839509514,0
0.11590091681628256,0.05587827761753468,0
0.14821732097851614,0.13941563040671986,0
0.16274198396552447,0.24237050271828386,0
0.23833183288403773,0.39967012797837265,0
0.11601216481472067,0.01046035543905929,0
0.1761165623471557,0.17911557496742145,0
0.512214225596419,0.3254242148647531,0
0.22291144992735074,0.15029731156297804,0
0.013722411070586929,0.00576492525546466,0
0.08772101698395977,0.07745629050947407,0
0.05157848576186894,0.01984346923369827,0
0.019633967048336833,0.011226353864357006,0
0.035544306748430406,0.029712981059504776,0
0.19968796425497484,0.1483369137287383,1
0.08336234552439892,0.054052132389909475,0
0.8148219272772349,0.7675311362963392,1
0.03055162986218462,0.009870450861934126,0
0.015914902164746808,0.0038306163260917437,0
0.5071776813199453,0.3817828560009515,0
0.030518761873081196,0.009531474231472815,0
0.028054430727377185,0.020476598861648376,0
0.24446631083714418,0.15599569954230255,0
0.06587909929015323,0.06481590541637966,0
0.19333641954445852,0.18644107529260182,0
0.011942839038611123,0.003387213867128878,0
0.05947097066923976,0.0700035494465143,1
0.554063621507863,0.43670722334947737,1
0.13085829780546956,0.15004933594863848,0
0.28914016329339914,0.3718311408955885,0
0.009132877576757325,0.003173322278349602,0
0.1723640451066237,0.15406658822231153,0
0.23746240693908074,0.1747110236027034,0
0.8115313579282896,0.9557698026279622,1
0.5052163775367539,0.5515956590845974,1
0.07679184008259594,0.06411096466697126,0
0.11751519640017102,0.16146907157288007,0
0.11637160815603029,0.05437308189804604,0
0.8689454909865069,0.8849812183720959,1
0.19090592818113641,0.25307526183442036,0
0.7378341113619512,0.7967264628488953,1
0.1425763781229942,0.06204843605190012,0
0.05238134997944269,0.05698167398235389,0
0.023723112144780185,0.005287823356896061,0
0.8359960899418993,0.8024970800974414,1
0.1662023248072492,0.18457037818848598,1
0.01569464121091216,0.0014366422792663899,0
0.10549264036214874,0.09701644924645184,0
0.09450855338573116,0.07701068310129204,0
0.9588597028417251,0.9886204687299119,1
0.02350131419515167,0.006638557813232608,0
0.18554711688537695,0.10545475605717343,0
0.03240564038789676,0.009838266785700057,0
0.1538863797264077,0.205447369283681,0
0.8302395440596645,0.8916525812877547,1
0.08767375227682273,0.01146480516160247,0
0.047871541325427355,0.05747669634208937,0
0.06568380131615136,0.04656573780900543,0
0.023213603357869417,0.022799729210807102,0
0.01875831688475965,0.0007131971501101103,0
0.16766868507169208,0.13498705944038802,0
0.7199295379100512,0.7759019898276269,0
0.2761900467223618,0.2911668134770622,0
0.04035996155581729,0.023884480361427877,0
0.014622357405800281,0.002524118018044467,0
0.5257151088639367,0.6410299882399028,1
0.9580166219536114,0.9929940922947765,1
0.04912226525537451,0.07580699847664953,0
0.9501447833601258,0.9699113921210551,1
0.20649390122078842,0.21149759936059284,0
0.15076264940780168,0.10840131201289094,1
0.09415476924572785,0.11022943641469345,0
0.029559559122870557,0.01229187634779436,0
0.11024123908169445,0.13975454487609965,1
0.1976196764037486,0.2336835549737231,0
0.2070573337423506,0.1796472412581942,0
0.03290942287435536,0.008180883228015266,0
0.9750373864021075,0.9933036801572057,1
0.08139251707027255,0.057792490295060985,1
0.021716916321589563,0.005874780201320561,0
0.08402854950455313,0.027469566108415777,0
0.03242091168997476,0.0237406783925503,0
0.05321939868246762,0.026667613511367316,0
0.1906965365890651,0.17548980900496938,0
0.04550563356195304,0.028778674948684066,0
0.019957419868756147,0.008305808134012443,0
0.17593358979819754,0.23138574724018662,0
0.046560075616671935,0.013473046313640623,0
0.8273415868221077,0.8898934208755565,1
0.10124856752444095,0.08617850159656479,0
0.14497437293180251,0.26005283629262027,0
0.24991998387032707,0.27635761270522174,0
0.0840609158713318,0.07719221387274533,0
0.24014810307453197,0.2227958825584751,0
0.058209440164519226,0.08065008074685405,0
0.01646327484721194,0.007188354720857715,0
0.9688911086089305,0.9980898474178281,1
0.18977785516531506,0.18651082617206613,0
0.18822587493162873,0.21368741226423787,0
0.13952850271741601,0.14757846485286,0
0.18726316242770724,0.15982385527682336,1
0.206344065970718,0.23510299936938533,1
0.07006202702912648,0.04188932719995507,1
0.1671533258602751,0.22469725329943213,0
0.22093313813635151,0.3355983831963513,0
0.031085029584093933,0.025207445858284053,0
0.18034342748913262,0.17828297536976254,0
0.10792478802251036,0.23531320561498345,0
0.07616577546750186,0.09022927908458649,0
0.027355273011544383,0.02731156253216022,0
0.05710057591134824,0.08429307313928662,0
0.19820344081884034,0.3169667444602847,1
0.032413627750778634,0.039360285636521136,0
0.21051118102923536,0.19306125730613677,0
0.08408615209148464,0.08589343698536593,0
0.45321442736464246,0.4225001888645983,0
0.14182213781333752,0.23765257765608006,0
0.1827029567173724,0.15519286395324408,0
0.2923889330137543,0.24375948464256791,1
0.19214827329399095,0.2612692214498757,0
0.024241522913403844,0.005871591529919983,0
0.041239331991459155,0.05655826630128561,0
0.04420094428617963,0.03645246163433144,0
0.029225199736707643,0.013312451549014405,0
0.050634698613947836,0.051590714969881,0
0.015958449761383196,0.004025953522978097,0
0.03216135021718228,0.018332859189941764,0
0.09078208648813317,0.07747245052509012,0
0.02350864279548953,0.004733778714653512,0
0.9587174970714819,0.9825477177328159,1
0.12287630703487855,0.12599504959964464,0
0.9470741897892001,0.9542168526024762,1
0.06540392986950457,0.057092899726976946,0
0.1691612477811597,0.1750958927605423,0
0.28957099142723575,0.2415769388668718,0
0.21519723347455874,0.21237726026451423,0
0.20497239427339178,0.339812945041087,1
0.26671927779702187,0.284909275848122,0
0.061563153404445785,0.09594036711174678,0
0.18734624821261664,0.17784456719891026,0
0.1663283129672477,0.13551319685049848,0
0.021553758237881505,0.00582310478219534,0
0.10268516999446027,0.17667133241767702,0
0.06402995539201106,0.0200671215233115,0
0.052129996442733376,0.01091920331572906,0
0.11629632557090307,0.2059075243112371,0
0.016872377117969597,0.0025924203376113905,0
0.2336314202453509,0.20206572751585947,0
0.031735324210001296,0.021343351978134032,0
0.9582858365800945,0.9736269436259163,1
0.053269163389025785,0.03491577595882328,0
0.18659229397245478,0.19781568877450473,0
0.16942631685433895,0.17150726961042087,1
0.07668693317727852,0.047876962195950945,0
0.025638697867552327,0.03226173129919364,0
0.030884047865026375,0.0046556380358092325,0
0.21295717737728237,0.225423999581122,1
0.9430563911557199,0.9719535366939458,1
0.17936195066267857,0.20783866337484289,0
0.05939159838635229,0.01703894662619659,0
0.1600526835618104,0.17590492829077753,0
0.013886842681422911,0.0013221481209671501,0
0.018132620559147664,0.006335651704088375,0
0.24756270656356472,0.24269727964696036,0
0.011896051132154424,0.00199983128081856,0
0.03810511397294283,0.01536820378829985,0
0.04926993556019882,0.05059124533821517,1
0.06690696415758855,0.02802830682408257,0
0.06830064934412548,0.10647347429022982,0
0.17914418223765324,0.17334423479455668,0
0.181831289021004,0.24841560983350472,1
0.10962524302835716,0.09422039862558314,0
0.17512735498836307,0.3059356157987807,0
0.8210359774489405,0.8636114829608948,1
0.1248638015379566,0.1756835010323927,0
0.20523284820213916,0.15924162256147703,0
0.028531483570846495,0.005353377368466041,0
0.18700495225203648,0.15877577138707866,0
0.05250204700885933,0.011660900447065714,0
0.19604630300335738,0.1239757778452579,0
0.10231049407576472,0.17246549824052035,0
0.7048154297450379,0.8861107576106213,1
0.2638259062251728,0.26067262802496577,0
0.145652756005611,0.11402140042798083,0
0.1455911471077166,0.0591772758416108,0
0.13111945182229756,0.059068040582439266,0
0.10555365662681514,0.07777412705528461,0
0.015089331032281666,0.0030005267922785074,0
0.08994776451296298,0.21512931370281418,0
0.0419161009773467,0.026359347496464344,0
0.13380840878040964,0.1318711601033709,0
0.0997154689992403,0.09140361289257586,1
0.19174094523299412,0.15215477250844078,0
0.03520044048732984,0.021033198559819676,1
0.8616514441074253,0.9249783017192743,1
0.7825120387951637,0.8249608498395106,1
0.04066696636066267,0.034618160539699426,0
0.019700678409114603,0.004593176843574414,0
0.20735870834895526,0.22518496812002028,1
0.008733594980654446,0.0021273204329445164,0
0.0932090002837773,0.0947465712385967,1
0.09922075179653067,0.08497795328563203,0
0.2832764923405771,0.33329340658160406,0
0.14475607280739666,0.16466169362161645,1
0.17846991258560674,0.17184851885459132,0
0.04670099484378034,0.09334448029330746,1
0.014382272680764828,0.0066481456421727874,0
0.30501611704377757,0.3603900593869758,0
0.8559605114645323,0.9303517148102052,1
0.037562760388845845,0.040483400055932574,0
0.04343355283424665,0.025416882335497507,0
0.07069481977582366,0.05583294352675275,0
0.03221982748690813,0.02216933810379901,0
0.06057890089978074,0.031462515876077284,0
0.29054057627914087,0.4230848108776538,0
0.02238111701507083,0.013016264487347167,0
0.19855906926906122,0.21435290397940468,0
0.27018246841024685,0.3020752883280508,0
0.09185050691047236,0.12346812764849609,0
0.04750586290516146,0.010855230996088329,0
0.030491470251622514,0.03635086047607781,0
0.862368761044901,0.971391892989275,1
0.1923091897514746,0.12197553254609618,0
0.1284156492242666,0.09548751558619027,0
0.05403635102778753,0.03389151487967385,0
0.13759261691061808,0.11509313679468644,0
0.05512144646560684,0.015518664556476174,0
0.046208450175925245,0.056762613188014725,0
0.6612712891183061,0.7165742788207055,1
0.24745819119361412,0.22774006518672807,0
0.20427506158298217,0.20422325700219587,0
0.09922941902338282,0.11273215334265006,0
0.017813560253849083,0.0025176134332024493,0
0.19535025006568238,0.17215716893286237,0
0.14622423202187937,0.11924586793074574,1
0.059346839180782755,0.0635477138365645,0
0.022701907798823077,5.292761829722272e-05,0
0.2008064597074149,0.2578450865192396,0
0.9705081101753062,0.9982199917263368,1
0.08394537378579817,0.056135816821692795,0
0.022132904344778933,0.007420248317817084,0
0.17411483636826924,0.2087722527256746,0
0.08548872597342662,0.09346501764359198,0
0.2986668323018262,0.34258549135949456,0
0.17606291738556593,0.20698072780756846,0
0.2464815617455799,0.4115275397990758,0
0.1434885180641956,0.08103085212589103,0
0.016631276646289384,0.00469429914493777,0
0.08574420747979726,0.11239806697643977,1
0.12216941654022248,0.12519864580772527,0
0.21808243545042227,0.39857295559289946,0
0.05242260061358846,0.02169634766875532,0
0.10619449705777406,0.14261534750627958,0
0.1730150686323289,0.1411834032255103,0
0.934481985677041,0.9939192135511883,1
0.009470093691555371,0.001049059157120468,0
0.18135946978264783,0.35545415322423096,1
0.11004520163596404,0.10350340426246761,0
0.03211592523018297,0.02101967304432646,0
0.1625707696467927,0.1543526113086801,0
0.19081647866281942,0.22446382761305428,0
0.1926616593214228,0.19722607200354803,1
0.11535431062124812,0.08804620256261432,0
0.18048702671453903,0.2170350121954522,0
0.9609034774990732,0.9916796144825283,1
0.07665970814429529,0.06788072295774883,0
0.04453682066658081,0.01037726569097893,0
0.06512772171913384,0.05191267448773946,0
0.9261473897252515,0.9553979061546855,1
0.17870852183481659,0.0811431090369438,0
0.29040463508791875,0.22202905460453395,0
0.054361001715775875,0.07551998796554649,0
0.3951369666749729,0.36936423159574355,0
0.03475399766625914,0.011249910593213692,0
0.061197368530429536,0.0774600310245788,0
0.044030761332732385,0.0557799858464542,1
0.8309400856368955,0.918922396815996,1
0.01173334681547864,0.004765436611333802,0
0.9476321385297689,0.9988363800460672,1
0.022210633789295737,0.011752026722353993,0
0.025596335192250186,0.021761047233703527,0
0.2809008702626927,0.10675665833277567,0
0.2431335045955021,0.1939538134156969,0
0.9730883554411918,0.9912116692014855,1
0.07913053707892982,0.08760092369225374,0
0.2184685975579981,0.23830777200942005,0
0.08720500846434819,0.0902882669541197,0
0.9351555447056858,0.9954801126551901,1
0.1325424037293617,0.18651097167111572,0
0.04034167597541391,0.04160065481324731,0
0.1572618521775069,0.15013199638269464,0
0.2636701334283766,0.1973023064642527,0
0.020549058296365143,0.006835746759898757,0
0.12762980425894435,0.14747553578179484,0
0.19054517096043577,0.18699666755440608,0
0.11893526277691467,0.11044275807737097,0
0.04064657432250654,0.029872126833959626,0
0.032760438894667364,0.02079669447235167,0
0.04422786605139137,0.045643843372229626,0
0.04785107305400916,0.027538054620844635,0
0.1600683061578671,0.18608921527813954,0
0.04673620973241301,0.010682179397055971,0
0.9625753145416447,0.983763438675069,1
0.06451113427861561,0.07444082610784081,0
0.20322543622764222,0.21448202940629083,0
0.016645360941967256,0.004290618880258687,0
0.17560416658190217,0.2780261400824285,1
0.12332934763137736,0.05537084321189745,0
0.21835893656363964,0.3150799200523472,0
0.04554721039442617,0.030961577968971532,0
0.07737762412624315,0.03876748487407529,0
0.2097925762913387,0.20118095464881933,0
0.8080496101957007,0.8903492498399371,1
0.9466526947931603,0.9986580555993092,1
0.016036303474444083,0.00792482057215282,0
0.10165103852184615,0.09291769789998489,0
0.14312942830163303,0.06367896166334851,0
0.016685833964948077,0.006753161856172767,0
0.1465266744804197,0.16274775538662692,0
0.9689051822993229,0.9822030179828575,1
0.09531874694824993,0.04586268748456773,0
0.018622289701609302,0.002422246133640571,0
0.09019452532749594,0.11243620761131098,0
0.0796381056536663,0.10353220419547138,0
0.1619798617445036,0.13740869687538243,0
0.090555000524589,0.07858307754887434,1
0.9769277447467511,0.9921749396400662,1
0.20511239870374467,0.35244050160801405,0
0.2517382568243545,0.3452447147402322,0
0.16701525361806538,0.2461719846429066,0
0.05437447871727794,0.04210817348456411,0
0.18074448792421116,0.16889712834821677,0
0.038224774487772534,0.04304207202884189,0
0.10602410032672174,0.12386672769177505,0
0.23289426847121786,0.30525947234885314,1
0.24248661385719675,0.2933839642196998,0
0.8279340357897987,0.9889173913505033,1
0.17018788800931212,0.1744228952506288,0
0.10065358240894198,0.1508241379002069,0
0.2822076010797731,0.28890986759207143,0
0.0989568544623777,0.03875540635321122,0
0.01752760942982653,0.003013698450006984,0
0.04593318890749772,0.0463118160146675,0
0.1759540601538255,0.14525271380402663,0
0.023704746768349237,0.008651296112403626,0
0.04380736188952126,0.0555741681709496,0
0.26005170180412857,0.1762894888919136,0
0.9718769723171526,0.9852311966269975,1
0.17642484533744515,0.14223652966760192,0
0.1325882913914062,0.11712715725601447,0
0.9608435249273323,0.9847555575790915,1
0.22842993929657948,0.2434976641603753,0
0.03977081405983184,0.0032013082200012706,0
0.25558156971213736,0.2197527085432314,1
0.11310518870534711,0.05900010779524334,0
0.05623869607284213,0.08200624931489961,0
0.051602778216425275,0.044722276877118404,1
0.03370096239910155,0.02463726737636932,0
0.07428497383856045,0.015005103927958464,1
0.04045178799964699,0.0016680802512439368,0
0.06413363267834375,0.0787908159607416,0
0.12527243404774938,0.13929959256637148,0
0.08578970403017065,0.08142462643890887,0
0.21464593701607357,0.1566150694553128,0
0.025973808501135336,0.0235655026763525,1
0.25775788340575845,0.195609228701926,0
0.03204681061303791,0.08626386493501673,0
0.1037527464971886,0.17353499898111538,0
0.028594664285486966,0.026785163364002405,0
0.2664999426249792,0.3026907156710857,0
0.011274849305173744,0.004511602467081368,0
0.05369481808735623,0.055424378700364,0
0.19989898857267968,0.1946381431426021,0
0.10959033903426234,0.13690448814650816,1
0.07877740601910387,0.047391191212345564,0
0.05717386395452941,0.12086660735265342,0
0.24544373991916177,0.16698377796943864,0
0.1720682387477816,0.23109341208585937,1
0.18963732731333488,0.15014103411308546,0
0.970152981513698,0.9887206973022622,1
0.013879579803029353,0.0008823050241723283,0
0.19994460694324712,0.21550287234496,0
0.20781790671692757,0.18323381448337234,0
0.02816641185318358,0.009486761806527647,0
0.026353058697539542,0.00016099901181924358,0
0.8052585320175082,0.9345373226989346,1
0.04093251368931296,0.02037123639383326,0
0.16195198382645182,0.23693869243401303,1
0.02039054182989422,0.001741286185299668,0
0.10590974029249108,0.02676626855359386,0
0.01646652733224963,0.005864791015099827,0
0.05637428904843566,0.046069904008530775,0
0.17105337329187978,0.15649771667102536,1
0.013318771462614553,0.005569529471692885,0
0.026205519954031056,0.031569399960116554,0
0.1183244647193881,0.03689441108141528,0
0.19457627146709686,0.07619141620062647,1
0.10276633174469875,0.10245071458236762,0
0.8409848251551942,0.9154163378299661,1
0.676589446543009,0.6858329160360804,0
0.008967185603659139,0.003662278035879963,0
0.13524786889704016,0.16008677204143856,0
0.04198176159032586,0.05011337771796329,0
0.061229616672444254,0.03668334200991967,0
0.06528709227677673,0.06315807700416308,1
0.07825012727569777,0.058547028713483155,0
0.027831979261462865,0.0041918728460017506,0
0.08715944188773421,0.09107986060038091,0
0.21833719372129404,0.17388175037020648,0
0.8955696675976583,0.9677252826331202,1
0.10880705945182298,0.10338075053451524,0
0.9110414344172104,0.9674311539939285,1
0.02769970160608107,0.012729512007993932,0
0.14443661643380476,0.12615960681404087,1
0.02874840261625211,0.02611384420081157,0
0.0963164373619051,0.18757985291644488,0
0.05744784109094006,0.0486503209029213,0
0.11926381495051495,0.084179121450801,0
0.01714348416906259,0.010334895221701708,0
0.07919715113204666,0.05287305286065405,0
0.07814344288515228,0.027482859665514357,0
0.23615885530055752,0.22564416997860637,0
0.01114317722389191,0.0017620605265125334,0
0.056747729500274194,0.03303532500382568,0
0.13670561268278167,0.19437673688913,0
0.9773161465239917,0.9934686021066305,1
0.22390771039483637,0.25530310139398527,0
0.028113757745573904,0.010631925103268,0
0.048867000469941545,0.050635607351650916,0
0.13997806181402098,0.12804292564772504,0
0.1459637455061642,0.10895486014558349,0
0.9087427800329243,0.926839159094103,1
0.16752720839042975,0.20523338604330127,0
0.22918269536334362,0.3383858323516912,0
0.7957816421785465,0.8018813606378619,1
0.08786014440336844,0.07146212518261663,0
0.028043440294605326,0.0013314303259574175,0
0.9814176850569686,0.9909284746160285,1
0.08417405068305552,0.03121182719262414,0
0.13642890553695164,0.06260850691816142,0
0.04369401790116866,0.08137383531322429,0
0.054658663559469946,0.06723611344007178,0
0.019312022771428808,0.008359509089355273,0
0.20711993356673974,0.2230689351492158,0
0.01753549119482553,0.007144526767848251,0
0.02888315194044218,0.0021286304092320687,0
0.9779947902171726,0.9926717852639665,1
0.17311154173394164,0.18214807433719274,0
0.06509603746714984,0.0497696669709636,0
0.1265475661555078,0.06497767720430297,0
0.12151798326353283,0.181647310924841,1
0.08656828572736344,0.11640146743405114,0
0.2843910168693893,0.2622011422357951,1
0.6476226646543174,0.6565556139158855,1
0.03803068637242977,0.03150645065637511,0
0.014276329399487194,0.002579896446349922,0
0.07988707537776807,0.06564051347110833,0
0.9466048280004615,0.99473197025046,1
0.9682419713459751,0.9915933881653904,1
0.017052204060914882,0.0013573732648887616,0
0.09939092982794052,0.09822723583569723,0
0.07111064606030254,0.04694541623896825,0
0.03386244553201597,0.023761338959691635,0
0.12433435986645658,0.11339863249740571,0
0.28200395164471925,0.2830852667805045,1
0.03850493812786217,0.003005271172421723,0
0.07410764369720979,0.005830585017811068,0
0.1643472062425277,0.11455341189500655,1
0.13830917223417832,0.13031375290915395,1
0.9476321385297689,0.9984536428369973,1
0.10907436255473724,0.062053696568389265,0
0.9648234546188187,0.9916351141505025,1
0.1426484191741301,0.129037911173519,1
0.18558089314197151,0.23850845465479237,0
0.02415251142718706,0.002942973196316439,0
0.011001303744145515,0.002930753104295098,0
0.939752988802572,0.9965663957893017,1
0.036816657888933436,0.024556457064719005,0
0.08590808475279753,0.026209890169682074,0
0.9706303198183344,0.9865048899909888,1
0.11191739879932258,0.12350061435645533,0
0.026260609621255177,0.00024087728411207725,0
0.17212043354316162,0.12093492233830451,1
0.10578769438444614,0.06487610869874509,0
0.0959508692932735,0.11589919482531075,0
0.04883322027422204,0.04610587171075697,0
0.07200206863387809,0.005855528058509433,0
0.06865162683792088,0.05630803606830788,0
0.08591469414004906,0.09220515544925693,0
0.07709710276078004,0.035847863348798005,0
0.9747934614336808,0.9942441999027082,1
0.16498486144072733,0.09660019409628458,0
0.026974330881107626,0.0009980885046993342,0
0.9632833533567383,0.9723153937464707,1
0.13909719152031,0.13702592113262427,0
0.02861254485827625,0.0036026577226592753,0
0.4870004034085911,0.4107773648214461,0
0.08147651664087317,0.04413653158637357,0
0.03461525449997423,0.014325024368367197,0
0.09092624222801707,0.059081986704842736,0
0.14048785128593683,0.16054192663251388,0
0.026353058697539542,0.0005954597567741808,0
0.16937688946603827,0.19862958875581366,1
0.029983938518429155,0.01507529148980048,0
0.24933395789087212,0.2646179901410884,0
0.07761947714504885,0.05267697934588447,0
0.10590464173487985,0.1251289255335333,0
0.018933454795866573,0.013930484399657331,0
0.2383066768067538,0.23620514762197437,0
0.12160620763439661,0.0988439122394535,0
0.09731070457507987,0.07362942907439668,0
0.9759626841287087,0.9948890099274762,1
0.019635230700919475,0.007494743668503436,0
0.0543482619342782,0.06069214379527117,0
0.9563069232952763,0.9822349573097793,1
0.028964784303728213,0.03208104282850112,0
0.09332421693267033,0.1567179397104282,0
0.7759306014783783,0.8331811854142449,1
0.07742831313597204,0.06378411168826957,0
0.2932461431843119,0.2054732412499443,0
0.05212017041265874,0.04261935515329768,0
0.0280444098081569,0.014543167098695194,0
0.014418641818137777,0.0020820546656818745,0
0.0716386481574734,0.033426453598697094,1
0.3087134359996083,0.3168108688326387,0
0.04355260068119471,0.020429590360687,0
0.014404415536553023,0.010106215768579258,0
0.17221453479225488,0.19390731517080562,1
0.17148177526933558,0.21689228466485128,0
0.07270522894757726,0.05468163036998392,0
0.20062423203111898,0.25608495052709984,0
0.23403739534152423,0.2810958398917856,0
0.9657759862077498,0.9592881582512012,1
0.23293486052468546,0.20821378294149154,0
0.03824160039538751,0.0423545675004917,0
0.23872674276667918,0.36624561635257413,1
0.8678222787612762,0.9401738896643538,1
0.013608556346909231,0.0013412896589327847,0
0.02867002207264628,0.005644549442979191,0
0.051174153231304455,0.06819088276040676,0
0.104016761559884,0.0750278401049294,1
0.07166965456579738,0.06626795135638011,0
0.23150058491552555,0.17494250817543675,0
0.1536309817520686,0.21101755138461362,0
0.05007830553016084,0.030433671820055765,0
0.1984899633572371,0.10850455990517828,0
0.1329721183315659,0.16182012305840138,0
0.25058740407957514,0.36845648947100224,0
0.1268240538769354,0.08582321593343509,0
0.010389993291468164,0.000669595651298835,0
0.026611094662419437,0.011797327772918819,0
0.05113840568787648,0.053754378214353755,0
0.12752967576423266,0.0878520075969244,0
0.28134021511675245,0.20633043070914012,0
0.9464026346812293,0.9992010484112231,1
0.19476171168101186,0.19484459746608052,0
0.04930043396888356,0.05309260855021152,0
0.0254808145286579,0.0036596198306208397,0
0.22443586223650006,0.2881510469915417,0
0.8447167146393268,0.9100320901367849,1
0.09495433220373482,0.12890527123524284,0
0.07043684114136675,0.02182414930423225,0
0.028043440294605326,0.0008377987038634917,0
0.04479827476014332,0.020940607385009437,0
0.00727482486052517,0.0012672247010476812,0
0.1902317639848942,0.1963420300162458,0
0.06891926921925774,0.07065664237853625,0
0.025638687874526344,0.006748736157578722,0
0.1988869356719916,0.1915328144210939,0
0.9573026376073902,0.9852407021242862,1
0.452686088873799,0.45463752346254716,1
0.08593610949468025,0.05740751679527675,0
0.037589985507101666,0.021762573088755698,0
0.13638835037776262,0.0772679775618864,0
0.01115870178053407,0.001727873276166226,0
0.1632309527823737,0.15627594673292758,0
0.017277186862762098,0.03041564945053711,0
0.015536986658804812,0.002088015521317552,0
0.21048676033607083,0.217035332132928,1
0.2798110928531363,0.24786954359565247,0
0.18325817150178836,0.17393029304717678,1
0.980623435364953,0.9961857197605923,1
0.08472796987138288,0.026274617277662914,0
0.031158501806223024,0.0022683681648368015,0
0.1803301926365653,0.24584537254078145,0
0.9573432666664615,0.9927122424999208,1
0.9698090128519443,0.9978631936816529,1
0.10485447934673485,0.10546050482613793,0
0.9307499440451349,0.985203530357938,1
0.18672514399692064,0.14699497815972476,0
0.08464734972585632,0.07026143947590523,0
0.1677730989511697,0.1267897787230029,1
0.0549604379652631,0.08514013510204745,0
0.052685080942480686,0.0687170646224678,0
0.09669777028598336,0.09744496902938077,0
0.028562020480199644,0.011612079013501914,0
0.01835199045532096,0.009412570226426192,0
0.18749655874533516,0.14337278561341907,0
0.23706157608340445,0.1592162442411887,0
0.9041746975842649,0.9913308647197884,1
0.9155344612918239,0.941833020510016,1
0.28304949380859445,0.25792477059028407,0
0.03529748785567589,0.02365127335752994,0
0.27274253874298204,0.21300585221337728,0
0.25887475186468584,0.2579728828266692,0
0.09188996370925452,0.025773703932435076,0
0.21313663659509788,0.24777441337326744,0
0.6460298961463266,0.6592017064146728,1
0.958271523130535,0.981776024538679,1
0.13872283876182626,0.12412492903317963,0
0.09340938923435474,0.13149566325327652,0
0.07008989199886899,0.15585543400806248,1
0.06066921395489374,0.043973491016881416,0
0.16448727289506646,0.2505816141382199,0
0.2039161187841787,0.15461954785080267,0
0.03457828968620783,0.021041805630554727,0
0.17968371746832582,0.1720339797615199,0
0.9391278724844798,0.9810699547747391,1
0.1872381710491081,0.2783103581671809,0
0.15000030728369634,0.15878294530065584,1
0.08936892106332046,0.05740338059097185,0
0.08954886275411358,0.05498173202971989,0
0.09996307390877338,0.105430612308643,1
0.1010920278425798,0.11790199945738902,0
0.16731527786096922,0.13424287051024975,0
0.14400382627177194,0.11466878763992863,0
0.0979338884636578,0.08608643279728631,0
0.21333262264490022,0.17204863223090494,1
0.8949612857854584,0.9251005087414806,1
0.10512844650719745,0.20148415028613964,1
0.06426515556050173,0.05962777444245336,0
0.07351552429766363,0.031134885042627448,0
0.05206072925023949,0.04249228845716181,0
0.11201177028830309,0.10638694311777214,0
0.22540259546797836,0.15759447471117985,0
0.049680707950945764,0.04350355300223292,0
0.0584152360258328,0.0067970847221548395,0
0.08337773936233846,0.042280221270585464,0
0.10266718926715618,0.028327135090539853,0
0.18549523791636374,0.15969327490386953,0
0.02656300164164233,0.0048655813014006075,0
0.17899730140782916,0.25464976137976025,0
0.02790807208224027,0.016424499074939165,0
0.03818172876934527,0.015620494982746794,0
0.006968387903478514,0.0016326859346139143,0
0.2914874607163851,0.26270822357207263,0
0.024218232720535825,0.009864860690330974,0
0.3849850905681138,0.41013692980713523,0
0.9039929486395883,0.9583354711370098,1
0.15374669697148213,0.16337593630542896,0
0.09678444468392627,0.06385946730625278,0
0.10516746398895377,0.1280343827437792,0
0.15889450277101577,0.1408099719735079,0
0.07175046117190242,0.011538999486804936,0
0.027515152820455455,0.014870157949105458,0
0.17661483028214858,0.24297011777307653,1
0.03604462356672482,0.011638157272865665,0
0.11534588565996182,0.12525978385055253,0
0.22576784910431774,0.19590215560999155,0
0.011771518207513975,0.002046348574613008,0
0.09749755915702372,0.07404045799204534,0
0.15849504962498429,0.19790800176738274,0
0.07892667282993789,0.07687542117245605,0
0.1444707684694342,0.1271438602877585,1
0.18750961668267152,0.09295372493162424,0
0.013790938732143427,0.004073367676336733,0
0.1941072330244954,0.12324855477184571,0
0.09853350062244332,0.10768964523423157,0
0.16547360703610067,0.24023379669732625,0
0.0160491903573847,0.0016617456873004879,0
0.2268877130332743,0.3994020800725121,0
0.7401093283752989,0.8511229497340829,1
0.44148835486762283,0.41174981148649914,0
0.07592791514998186,0.052080412029305204,0
0.07080490560715991,0.05937540864035048,0
0.0905934230345561,0.09061286515383987,0
0.06458601571882946,0.02438960452964149,0
0.16344785847685325,0.15591285386606976,0
0.06593223801169935,0.027855129377624247,0
0.2317821999680081,0.13188657187188105,0
0.010827554513989935,0.001659799161839224,0
0.9212385096829073,0.9944864507076825,1
0.9828683443160587,0.9975074571476554,1
0.01907155241251377,0.013656193774619282,0
0.3512691425305969,0.17968213841044078,1
0.8189148175750245,0.9124433495258665,1
0.01573901354603538,0.0013292553943110134,0
0.05727404164443165,0.053154591262241174,0
0.12578321825185398,0.09113130753873656,0
0.02249752956307148,0.005417861899195975,0
0.09180417337996015,0.09797545146289097,0
0.1975774477165843,0.18738304435834044,0
0.5729047803046522,0.5734656578853425,0
0.2092715085166354,0.2184512069509026,1
0.6921137946454339,0.5091334418776929,0
0.03137603439420045,0.018183512497002265,0
0.06961942741000061,0.0787436273109855,0
0.1727067721565687,0.18165024719530914,0
0.9524403941453886,0.9869084119396113,1
0.053992840880767785,0.03583709701856904,0
0.12702476176014685,0.1095087715126035,0
0.13061740420633647,0.14440569010672832,0
0.1604023756973749,0.2008851462707055,0
0.28658927057918654,0.2319523608899316,0
0.06820507358504126,0.018022709001934468,0
0.10085964541288255,0.10138306565905754,0
0.0968584025809528,0.08262820345798967,0
0.8031241093159966,0.7861790449614285,1
0.927528576294921,0.9728679073751675,1
0.24436844535849878,0.32602393761151494,1
0.1962024804205956,0.16063812654162385,1
0.13751724524178013,0.12853424162486388,0
0.31396570482780606,0.28201289113848765,1
0.18226141909622462,0.19689260994113472,0
0.1494237266670867,0.13594861300600253,0
0.09690764706193221,0.08621822305397944,0
0.14030803473674366,0.14317158125786017,0
0.04976653450278439,0.039227145031082544,0
0.19444215716781407,0.21081758036185688,1
0.03534899942007797,0.043100469508040695,0
0.14543805850587732,0.05864169730824354,0
0.028954002385870047,0.002454110764711907,0
0.11041311849539881,0.08529051393942033,0
0.31262166662347396,0.27261264752660674,0
0.025066836671961686,0.00024024227568798088,0
0.017022988414878225,0.01696545128926547,0
0.06038199641555124,0.07238938428911382,0
0.06755685828041279,0.02469601591174721,0
0.06135473276548248,0.05893790145585233,0
0.014805799899331862,0.0008927125269529664,0
0.09208530964127477,0.07506850467488592,0
0.11565022661907795,0.11695448344550097,0
0.025440475042864823,0.006350046322459165,0
0.02680161454894776,0.004197446127526209,0
0.14853842873760553,0.13230853799973213,0
0.030280218283924305,0.005057475096960002,0
0.17699446385343795,0.32400405600462934,0
0.04350211942105767,0.05713219055026412,0
0.03726996732101279,0.023618726873222053,0
0.038177890832764245,0.043003213612849624,0
0.10009531054733076,0.15509578649563732,0
0.9388589329818144,0.9962039881174282,1
0.03998851672672755,0.049095285008594836,0
0.01900275085137409,0.0036004253487156614,0
0.12185305755412411,0.04726878182446058,0
0.09676999372452245,0.14728206341562303,0
0.09397540111802406,0.03964751789212931,0
0.022054061807505073,0.0069699702057647705,0
0.04287646960397211,0.013715154431631906,0
0.04624280298853715,0.01377801041331717,1
0.23429942320962294,0.1874403887670882,1
0.04377857152239945,0.0481983442408867,0
0.03385360757831916,0.029723398145933753,0
0.1594532079636827,0.11995290613272455,0
0.1618527277406589,0.20940518135396122,0
0.012145261256332848,0.012018542557668741,0
0.03116848906101173,0.02252857733026296,0
0.03545542807365534,0.013531129365811169,0
0.050767555585969966,0.03722421003278439,0
0.0789925493672946,0.06690490006514603,0
0.07366922275730568,0.04165547922234441,0
0.019249885889712416,0.009192628622658593,0
0.19400956493142044,0.1842236838280277,1
0.7317228424877968,0.724620695549801,1
0.2632246402476083,0.32570182849381457,0
0.11391849621849061,0.08920123722284154,1
0.06895639943639123,0.11502686478993852,0
0.0390047182476272,0.0033809708300918733,0
0.024526965343403095,0.0004959792599084393,0
0.8935765757173186,0.9297431646700995,1
0.06094094525204251,0.04532248940790477,0
0.15421870543784208,0.11570349284231916,0
0.011197650975852848,0.0026091005772924812,0
0.9195999440622985,0.9753157194156505,1
0.01023020331573421,0.0005750427961428814,0
0.028288460043085207,0.0015677535093345813,0
0.022155501963097034,0.01186774830140226,0
0.2537629544442777,0.17891118988211482,1
0.029653312930093635,0.05090347791466825,0
0.11686722811917104,0.09278857535412255,0
0.20449983720938625,0.1968853405467791,0
0.20416786311742036,0.21642718005943745,0
0.1841982930873944,0.18436924803811292,0
0.18877113050191804,0.23805401637588441,0
0.019469209601557277,0.019694099078309265,1
0.1027174940041426,0.049225887936032775,0
0.17352203426831492,0.11941230123101233,0
0.13391143087671867,0.1118800764955357,0
0.2743635685311529,0.43700228132395047,0
0.1058089317803669,0.10990298747033912,0
0.13586445779376774,0.18439583141884416,0
0.683409845647288,0.7124197183572625,1
0.0643206775472394,0.1341546072990297,0
0.28207169084973704,0.3427029400560886,1
0.2173954141394797,0.15152950897793416,0
0.04607795106790319,0.025640324253795938,0
0.034433442744256484,0.020954313128514507,0
0.04496600091265351,0.022992334274000253,0
0.05119322332823264,0.03414500136379369,0
0.15173266866034313,0.12858373974751888,0
0.006481469534816189,0.000782293980011582,0
0.06504637515496232,0.017072674275777234,0
0.023772458372042355,0.010550667354888766,0
0.028863763222257196,0.010912296338736268,0
0.1341868099558545,0.1568464021629497,0
0.11318421004830015,0.09189981267222594,0
0.23210399492753164,0.28000954852280735,0
0.08631948424379571,0.06579240645485838,1
0.15075053986083412,0.13355776144767573,1
0.1439140059509872,0.11137980525493198,0
0.9662877020916497,0.9932697970355095,1
0.21076463976054127,0.31547351660461204,0
0.08568425635788424,0.021276606037227596,0
0.23609132822516118,0.18252007527347697,1
0.021310355472745904,0.006872644098101278,0
0.154834884901187,0.09302482034003454,0
0.04161373655263051,0.020947437344434477,0
0.837833375149911,0.9254809159109407,1
0.1911406793589873,0.16316125358957417,0
0.1218233553836344,0.07962330651131652,0
0.1512808888122071,0.16289744015309024,0
0.9744267177600875,0.9891126788067528,1
0.26393319410057947,0.2193809025387887,0
0.02045881894327678,0.014080783647123675,0
0.10980262171208205,0.1048354642094702,0
0.03180304833884013,0.018783703019565313,0
0.9790717503184645,0.9986479210626257,1
0.17608470405275417,0.14605594770518424,0
0.06930908217029198,0.10571563745738179,0
0.04808588492585001,0.007659850730888726,0
0.0677357580836745,0.07090113959745287,0
0.21059136094555697,0.2016222641621728,0
0.13287649676852137,0.21069963719050117,0
0.26126655034464785,0.3765510323324405,0
0.1312164138510068,0.1240030312816448,0
0.06465282796159907,0.013069687310771176,0
0.0805907669906692,0.0989677154017749,0
0.12555979257876296,0.10993726514422864,1
0.1815254753309317,0.18808105245981174,0
0.024770093667044427,0.017499640163880927,0
0.01839433059998531,0.014256917857515346,0
0.1932542012462243,0.13514636428753213,0
0.036455487844200524,0.026719639671224673,0
0.11985000146113717,0.09239058244325941,0
0.013028767783164903,0.002312387364703857,0
0.8759797987826807,0.9435744507316013,1
0.9753168171019193,0.9938074021295613,1
0.03145659293618546,0.03416446751297718,0
0.09244426965674951,0.053619694678962826,0
0.9476321385297689,0.9996172029156021,1
0.021295414876410457,0.00798024040081237,0
0.07322019605903367,0.060971095487253775,0
0.012885925603520714,0.004661505517234421,0
0.2743747436743231,0.19398430012661103,0
0.14927126899342952,0.20278564020945603,0
0.8163101562841881,0.9597494789810478,1
0.00593467314799475,0.0027866858802692157,0
0.01411595230825182,0.0046479413641230295,0
0.08726389724448762,0.06198971650811912,0
0.14591644196226924,0.1478682056624101,0
0.025314217769415434,0.004898727552641776,0
0.17455560046452015,0.16889898606791187,0
0.057925163138812796,0.02571293997369542,0
0.12588591934694737,0.05546289969916001,0
0.04716926490332507,0.005058302048896983,0
0.21790724944288528,0.18928446589902595,1
0.2492395037359128,0.3709956458950828,0
0.12506944719925303,0.06885833274579324,0
0.2664314078405099,0.20109014170891568,0
0.7520238555054232,0.8875241798727983,1
0.011526449414507783,0.002744219166187284,0
0.6951882737920038,0.6783065753286514,1
0.024079778749968972,0.01688663509470662,0
0.13357630505142382,0.15854357389993626,0
0.14099353777251086,0.14957482279678663,0
0.9654711524803536,0.9949865778682009,1
0.057660711815879964,0.04288262770693501,0
0.11347030929189167,0.10731252887192866,0
0.023460440552907785,0.003926990285734676,0
0.016905786150970697,0.006073451192440877,0
0.1221887153622442,0.12454503457839262,0
0.039591152793520545,0.00811868785047767,0
0.0792834438840363,0.04238807245778955,0
0.020900867228689723,0.00578532785340626,0
0.10644313922606158,0.10299744503832911,0
0.19966951793626664,0.21419088202110884,0
0.07061262424826521,0.05835869879085442,0
0.14515804338637148,0.0910473331651238,0
0.12405807340967914,0.13234410142074607,0
0.21646730743855963,0.29501607655877504,0
0.05583681015710967,0.06242963026321756,0
0.2497931653959412,0.16606136321736392,1
0.24787858667299212,0.1794051524436041,0
0.5420096740035572,0.6953486194353377,1
0.13508284487829492,0.1526152735440893,0
0.03451355110500008,0.023125378602785147,0
0.9566471291879219,0.9901619566032673,1
0.023518952961854297,0.005003968041816089,0
0.1782854634932805,0.20024130252616665,0
0.9416326259793071,0.9874344076777583,1
0.761182133979753,0.765087995367281,1
0.03188935163035891,0.008048627704707684,0
0.7783940604659587,0.8850253714138654,1
0.0183609349004131,0.010697656128953648,0
0.025197238671168076,0.006975979591528826,0
0.2700575818779243,0.3161000941143353,0
0.06478387117471852,0.04196637190992013,0
0.07898576769532727,0.0441196542413791,0
0.053878227075864635,0.07008463176107366,0
0.07772311971396842,0.12191410293847924,0
0.10275868063048031,0.14872569172768338,0
0.02279007792043221,0.0029161983405635488,0
0.9466048280004615,0.9941214588882081,1
0.09485115278531889,0.10451423676385743,0
0.19738684933157183,0.30477814887106197,0
0.07837874162083096,0.0342810285917495,0
0.03433614317557809,0.029757676789244614,0
0.03680371020527401,0.003654498674935124,0
0.21989989969007903,0.2781409998878372,0
0.05592058375589979,0.07092962277290467,0
0.08078164297312489,0.05932328300236424,0
0.18374727163730561,0.22383600402186066,0
0.2920019053561401,0.2717897899792385,0
0.7732079269887162,0.8731125883684432,1
0.9165716703396268,0.9920206835729096,1
0.10738851935717043,0.10852947791569108,1
0.016688891800265476,0.001395211211396384,0
0.12296052786919426,0.1494115698672962,0
0.07271710682861493,0.10668516035154235,0
0.2143664811284329,0.21903538723681293,0
0.06787184429724966,0.08107221374009195,0
0.08010719622902306,0.07974839557194614,0
0.24982683956169185,0.26625358824529194,0
0.03250127981714254,0.010626401472426833,0
0.027848960187122705,0.010013526746305278,0
0.24468494076876673,0.13790993533023505,0
0.13786037556846734,0.05967258406312988,0
0.013996002450072376,0.004674408429452744,0
0.02273384418673832,0.01725430658631867,0
0.1833938347606012,0.14463020329694273,0
0.17077891499905948,0.20115626912608836,0
0.16236631682182678,0.16357838520412735,0
0.02080563394459895,0.004866619213905038,0
0.17240921451736455,0.2178760006726686,0
0.25094414350593836,0.23841881664794348,0
0.35071424650048183,0.29646024479380206,1
0.07441024927783396,0.05695414191265308,1
0.07569622654090649,0.0766579614796982,0
0.34226695434204907,0.37450433077194173,0
0.15153042350880985,0.22149433495985746,0
0.049828144696945055,0.03861683626357897,0
0.16905188061552015,0.16428293344310724,1
0.08163735963926133,0.08672889123589689,0
0.024748096771833813,0.01371472315891335,0
0.08950986785847367,0.06945696444876077,0
0.6905391494398437,0.9470659380750138,1
0.059193235444093946,0.04326015221227083,0
0.04161036936187157,0.0393799093807921,0
0.11237069608011535,0.05212430095972466,0
0.08487075998708334,0.0956420595017876,0
0.056254827791018105,0.054008654497321604,0
0.05237583402030406,0.017300960565287935,0
0.10609480811665221,0.07694086842941154,0
0.6696189264915366,0.9253450194146516,1
0.11739772130361535,0.12889115016407762,0
0.1320251918555415,0.14671691298660464,0
0.10640635860797198,0.20581016149281464,0
0.013884342914611835,0.0025112206647974248,0
0.0227440292558631,0.010042031917719883,0
0.18653914508951103,0.23588383106418526,0
0.07116175023770285,0.014378338619229108,0
0.23675825455486732,0.24509698577062122,1
0.24187048783948023,0.4027477492289893,0
0.6061205028319832,0.676723540454227,1
0.09687329268266369,0.07630559194756358,0
0.09568809764155664,0.0631672092613398,0
0.022867210908032266,0.028622219392198587,0
0.19485764301165787,0.19339998338682116,0
0.04728771589697211,0.0670887481548591,0
0.017263030022711914,0.0030836755517133904,0
0.09798360377745256,0.10315982561964677,0
0.18661448035358605,0.19408619061916357,0
0.7266494939489495,0.7070958905988983,1
0.11705841914741667,0.08158799211869087,0
0.014050593084470655,0.008075816195179077,0
0.06408018968700963,0.08158342909727856,0
0.5254567214085477,0.716355926529313,1
0.0672730988141403,0.0818085534338818,0
0.025600996294448494,0.014018583201491257,0
0.0207115238434301,0.010821654652213852,0
0.0640562179329987,0.05458118876024987,0
0.045257942797949,0.04956819533857409,0
0.029255012015061185,0.01600829309568675,0
0.10538124503419835,0.15945811668812476,1
0.19618892071936367,0.24331102767454046,0
0.004363259227242183,0.0027067919467950643,0
0.23075133721864458,0.25023604394376275,1
0.24661449278938585,0.6362297624171245,0
0.025408978292815344,0.005337365285612931,0
0.09515113620669753,0.10239520463644926,0
0.10014240332929876,0.03948780287844144,0
0.014474610170625703,0.002247168305048039,0
0.07037884451884201,0.09818884640926949,0
0.03267435932637291,0.05135181228785195,0
0.048480067761836415,0.0313333561430039,0
0.1394926357714542,0.13261759072801102,0
0.025793027390223964,0.011266263131917986,0
0.8503572447152462,0.9337771560831175,1
0.9617205719915485,0.9844064669228364,1
0.1742183161275809,0.19036078067160117,0
0.04988849311259433,0.03972018147531272,0
0.9379103666444641,0.9962510611225336,1
0.14347976039100807,0.133077916031224,1
0.06962034237418875,0.03954700285652424,0
0.1265099729774428,0.19164761514899015,1
0.06707165214091369,0.048232362643951726,0
0.04633678667844946,0.04148751505523504,0
0.0989001098512295,0.029668284287619934,0
0.24267516623172516,0.3001183783662324,0
0.14585840766792593,0.1494092815480069,0
0.9778415637473122,0.9944151118127831,1
0.040797447567778575,0.035124057673848734,0
0.2524381328925875,0.2278814218032542,0
0.0176513016946658,0.005360626096591327,0
0.19518413525359424,0.1820309235330342,0
0.24847705726094468,0.3364609792068261,0
0.15973099419273137,0.1832222531591318,0
0.9744123546295296,0.9909445903329651,1
0.06849226363277598,0.06076336270863342,0
0.18322022662532683,0.18080424264673295,0
0.033906250119127776,0.016268253458486214,0
0.06627145235223263,0.08164352208689313,0
0.02250458457469926,0.009008135937901077,0
0.13912421302077416,0.10525374027917371,1
0.060430177259142924,0.10456467872975916,0
0.01739440808717728,0.004231902651370995,0
0.5799747680699772,0.49791659334148936,0
0.04074543689563328,0.027755711129569278,1
0.016749173735480374,0.0069142456604896685,0
0.0904123346280105,0.0017453275935593504,0
0.024688996026840226,0.015017907283978617,0
0.1005759740299865,0.09603921963886054,0
0.07087908685580768,0.043466408671188776,0
0.15843210535763702,0.10985606649268916,1
0.14458803003760054,0.178806941992709,0
0.18711037320596582,0.20680457052034087,0
0.8496283824423724,0.9325176526219824,1
0.0290764610900724,0.025243727360678356,0
0.1443728466116226,0.18244747974111042,0
0.975051978126968,0.9904428944590493,1
0.026353058697539542,0.0003111293147461547,0
0.03978780702891276,0.017575453669089542,0
0.04687307098463118,0.04790619231199831,0
0.09649711863291786,0.06596083100643096,0
0.12069593684852988,0.06489027606069298,0
0.2323955573582488,0.33460680844855145,0
0.05320050681858276,0.016438958678914935,0
0.03868776543519468,0.02037836577074678,1
0.11727833548365588,0.0297733197456347,0
0.1589038944907435,0.2182309523684374,0
0.026251379146491532,0.0010451789544917891,0
0.1861358289183477,0.18713707091981618,0
0.19280083627023334,0.2847438468911389,0
0.12635613249099872,0.15135189445603733,0
0.04167298820581434,0.03784249547985599,0
0.1937141396193049,0.167030918154495,0
0.031158501806223024,0.003136490301838459,0
0.15972913718197032,0.20747762165955208,0
0.055508943322277744,0.08447085122574223,0
0.04604922518863013,0.004538305002385579,0
0.012841886351103922,0.00045395183397703285,0
0.16737595474588718,0.2365456501377124,0
0.08269128641439731,0.09332121344579376,0
0.5054423710789521,0.374911154959144,0
0.8172249035116839,0.9634782878176171,1
0.0665708271853407,0.04963824150020373,0
0.22694713721947232,0.2013731215105502,0
0.07707107236237119,0.07986940275649604,0
0.07206893675448046,0.006961021983448907,0
0.975828680581412,0.9972704240930245,1
0.12125322694956754,0.12149155047266347,0
0.11016365698597917,0.09515164875365606,0
0.24627090277537309,0.21418325115040954,0
0.005775616805498548,0.0010468890801745901,0
0.0848297085249278,0.07128315914905911,0
0.05444025936732867,0.03429579019177609,0
0.9466048280004615,0.9942287307773173,1
0.13018552405361064,0.10195148848192637,0
0.09605473809672738,0.05335961319970284,0
0.019780443869906416,0.01823957261609478,0
0.18795998216550233,0.28535930741025406,0
0.06593223618387502,0.03308566675930277,0
0.12456027525258244,0.12253173666246164,0
0.14088487706452626,0.14944255178331978,0
0.07580396859075329,0.03965149366297888,0
0.18442118297030363,0.19915897732389096,0
0.0676557732445044,0.03381688796130116,0
0.024054937006708833,0.003243747056278883,0
0.20104071016666653,0.19772622731776157,0
0.040235721947673414,0.0010210187344012963,0
0.1784980122787513,0.23711682589876787,0
0.02196090848542931,0.0114228249765912,0
0.036279024820864765,0.0350778543994892,0
0.014746070639119192,0.00334577448278731,0
0.013895840639849803,0.001000016407676273,0
0.06005594887196821,0.060866469246526334,0
0.08422791698406426,0.06486992658138489,0
0.2877498017389759,0.3601667531665518,0
0.6275217098985455,0.46772613513621075,1
0.061377509584624096,0.0516895836876492,0
0.09889877493384769,0.06601705027425352,0
0.10501949387747214,0.08735034041880259,0
0.02650318159829197,0.0053112628889220425,0
0.1624932669383468,0.15306979146054434,0
0.05679496509774173,0.08191328196569259,1
0.12566626378786427,0.1250739787240029,0
0.17838372862978874,0.1558792123451239,0
0.9707605329763579,0.9911702290354577,1
0.11417439459586859,0.09464545755328888,0
0.07432390462019016,0.0857018769730907,0
0.07220581387712952,0.07860248984151269,1
0.05216472134513383,0.07508204589382718,0
0.0317052961903942,0.027726653468928626,0
0.17736864839135508,0.23722986845942157,0
0.03161980399518666,0.003148994133717241,0
0.9670242675744253,0.9669161909034385,1
0.20928331188170168,0.13129791327674134,0
0.17292794186811464,0.08612711333852939,1
0.08845790743793774,0.08848902866088859,0
0.18474246094769017,0.26624498320257867,0
0.23247992088214367,0.2803630344334652,0
0.02428626209356751,0.013595610645364081,0
0.8511397508539679,0.8931103466228425,1
0.10731422283661288,0.15035889053254237,0
0.151218258255894,0.0635502411722242,0
0.9721029130191812,0.9866324104812142,1
0.0571076528499916,0.05448499158904259,0
0.082604910842024,0.058890290533320094,0
0.06153798527208509,0.07192058010262146,0
0.19473799497462213,0.17985328619547897,0
0.1641266075450364,0.16365821115262874,0
0.9662743932783888,0.9946015781541234,1
0.014597158525297712,0.004005849228991428,0
0.1078372250916071,0.16596194796312733,0
0.22571569707652822,0.24561567701032982,0
0.023069309805086632,0.008335814197982655,0
0.060265362951894254,0.015544560217551672,1
0.0776534351729925,0.10304546809099241,0
0.12147774608773787,0.17168474791943256,0
0.21075529194133247,0.28593338514630917,0
0.14991317004606985,0.1081148985592462,0
0.20980300685244319,0.23760575468944795,0
0.24161363438197866,0.24925553767351083,0
0.13702452723385497,0.09963058274135625,0
0.04034723653370979,0.051288267382154834,0
0.9762790917389558,0.9933849286914914,1
0.01841777427325674,0.002652857819150179,0
0.05258446013085826,0.00814564520031396,0
0.05336369810730746,0.08228280081842222,0
0.029948682256523,0.011485883005399006,0
0.026319309470691082,0.008231735549121162,0
0.06526258395467499,0.02089350946697364,0
0.21923103049771725,0.2732246312100481,0
0.011942684823293546,0.006977188125269685,0
0.05860015500414547,0.05168537085582576,1
0.2001586415242229,0.17753785895030944,0
0.24387709348285513,0.13615483394142328,0
0.07479288555836905,0.06056618457487711,0
0.09518490436825738,0.10460334001769514,0
0.24941158140732453,0.19373739316229643,0
0.19132416831958107,0.24527102986991445,0
0.17141806796038966,0.07953199371803994,0
0.11033609783894302,0.1990634570500062,0
0.14813112905920828,0.1582698033754009,0
0.01291448950880179,0.003616555173259037,0
0.2076798760277798,0.1661977025195174,0
0.056516910021547774,0.08929139618480508,0
0.1416470523317365,0.1496018159293813,0
0.1284124410699569,0.1574341832306843,0
0.037967044145655514,0.04178462530135428,0
0.06672587596492661,0.027678110005125982,0
0.0943648215443844,0.09250912235481709,0
0.17497289138107822,0.19509538591270753,0
0.37590081858019764,0.8502653835975023,1
0.10436517866191494,0.04890196887330872,0
0.2740997879976079,0.18179846575886657,0
0.15803407539237577,0.1901058638966001,0
0.17298364324511145,0.12860463393326185,0
0.02977714322301338,0.01973476560967745,0
0.04679275756592526,0.03005928019210459,0
0.09139563379699281,0.1125522225385447,0
0.2631510725938453,0.31748396152501124,1
0.20889259917414066,0.24341754798405338,0
0.03992661279565568,0.010572807421532068,0
0.035887973794347876,0.01088100643648403,0
0.17510653690510045,0.13684274133064495,0
0.03174514855084642,0.008823058796238828,0
0.18482730577755402,0.20998023241628727,0
0.33340598905173724,0.41588516660481695,0
0.975395294966974,0.9948993997430173,1
0.007378660401492495,0.0028288394623682852,0
0.2143460706962591,0.350559758539475,1
0.10807153218842754,0.10829592050360409,0
0.04987274544053197,0.05490326735855561,0
0.04401942350384609,0.02006252848326971,0
0.018895571567379015,0.00867367046841062,0
0.259973377854082,0.2808200227459308,0
0.029609824983674152,0.01655653615112694,0
0.042599755472562104,0.025438329593784365,0
0.1510435614052419,0.20215373192891034,1
0.015723554353421106,0.011288172006576133,0
0.035988050973210055,0.00944619863040055,0
0.07647164328880279,0.0867708816074935,1
0.8873599928759864,0.9408608257899542,1
0.1913439848985214,0.1815610110292305,0
0.03009948424228968,0.007608401816195182,0
0.08459576174657123,0.08744634852756346,0
0.07300411805424815,0.044572389335860295,0
0.07182963959998165,0.09253274263417396,0
0.1135142035686177,0.09413208484418753,0
0.16174996495405525,0.13680728426739616,0
0.0408509271388741,0.06805964917059792,0
0.2246975812539894,0.1987786547197349,1
0.05605686782743082,0.0630074354913307,0
0.14565320351474528,0.24757741080878032,0
0.9503218171556151,0.9528476436933927,1
0.20263162699364498,0.15592634311539036,0
0.037574153350895804,0.030372240922146763,0
0.10805861735668779,0.09236904138201,0
0.42042638341096134,0.48361466404505216,0
0.18063157704595337,0.2226825090776246,0
0.19127932733353573,0.1784491941138546,0
0.9113789989411815,0.9682867501634257,1
0.02748287429854233,0.00128174556624721,0
0.03217448536789662,0.031010398551240752,0
0.2611479871867506,0.24201708495088978,0
0.1006402510675763,0.10774047126710758,0
0.9655058395291314,0.9870690913968475,1
0.04420519251624136,0.04808121366959185,0
0.019163750112629514,0.002230858257175793,0
0.06301532586890037,0.07833972221434077,0
0.15089451898840706,0.1090179130515097,0
0.17248972004303417,0.14866631132090588,0
0.06446246097418028,0.043156633621937106,0
0.0421903244838732,0.016055273895323307,0
0.058096428746471196,0.04478195003209128,0
0.06056051439950668,0.09514801337882357,0
0.017756381697611186,0.0035921686601577602,0
0.20625841743449402,0.13165235886676954,0
0.29870092344575017,0.299722632517796,0
0.032111842229452285,0.014821570369073276,0
0.1962350443642524,0.1807667468892925,0
0.10686398724420462,0.15507625660677518,1
0.25985217184477133,0.1902831364238311,0
0.12189839454148525,0.13575108902604568,0
0.22527598028120918,0.347928600471783,0
0.04724810812898138,0.04988127733239163,0
0.14625252375358522,0.13145480677465843,0
0.9318899872429369,0.9908038872763644,1
0.1782980075465211,0.16420920681601497,0
0.19610905873703413,0.09813160815440868,1
0.014504798113120245,0.002355974735461023,0
0.11016121010522038,0.2613674129688487,0
0.1368544988865017,0.12342815123483128,0
0.1918396477039829,0.1436690329479226,1
0.03646078173308693,0.018136025505699215,0
0.011604812734182677,0.0015693358224125379,0
0.14538950011269167,0.12160705689143843,0
0.044544727049751105,0.029380335336616534,0
0.08365757046990939,0.03116073049206307,0
0.03538103350806038,0.036544039165142185,0
0.08741441489821725,0.11678490045492328,0
0.010377933349130418,0.0024888614951183285,0
0.049797325573340906,0.04031644386557559,0
0.03573893040234103,0.006592351967832847,0
0.03002367556876762,0.014744588683580459,0
0.3445108709393899,0.32595346190075175,0
0.04095444106775411,0.041540746656374306,0
0.087593905339944,0.07189049874932828,0
0.1295169414124202,0.10118747770785615,1
0.0159970425156137,0.0020945676906809255,0
0.024501857742552265,0.00038100368991292544,0
0.6122947295361814,0.32814390581113506,1
0.22857750044797726,0.2687745288439221,0
0.18021861370067788,0.160096728042051,0
0.5026409511323157,0.7304372066057916,1
0.15133920499341694,0.21104828079395951,1
0.10161057710623887,0.1514148464624148,0
0.9418213173086816,0.996247544439073,1
0.040963011422206465,0.008989489133812803,0
0.10333726474683899,0.16078780757564617,0
0.8858810799521055,0.9419058535397697,1
0.01700807516810239,0.014877780507886011,0
0.19177697696007232,0.17544757648282047,0
0.18543545763596367,0.25844857968091034,0
0.19037946226462057,0.23438126646961535,0
0.8136882916302773,0.8999362623817034,1
0.017572026507820988,0.002811072519762212,0
0.11219706166979454,0.0943990470936163,0
0.10518441576514814,0.14589779238065204,0
0.022222177422612052,0.006064608368184285,0
0.07457350654392789,0.047231167973458776,0
0.13508621633352838,0.09317051171635857,0
0.13608839297758404,0.1718478435291157,0
0.0354671541707189,0.008393426813193721,0
0.05841241848133067,0.03272835844716073,0
0.12450991710922933,0.07197337538406741,0
0.14629700283043756,0.14728373148681487,1
0.08482703673444193,0.05550609270822276,0
0.08353763404917938,0.07353897876698351,0
0.019600837862982532,0.01051866594875274,0
0.0865490261197425,0.06583628183922069,0
0.23961608370864482,0.2035531775420109,0
0.15739603030502067,0.0750830838305268,1
0.01820269102506961,0.00734409164065489,0
0.9106761864475335,0.9686257886946322,1
0.035279647032039084,0.011982509864133841,0
0.9464293463445784,0.9856919179717406,1
0.2767451876090266,0.22181033185862412,0
0.13298478564239335,0.15783139565586693,1
0.10495515615735106,0.08264195077202367,0
0.874075940058598,0.9026880580789609,1
0.08894443982145811,0.06238091201944331,0
0.1381544562965793,0.15486994376270874,0
0.209738111533774,0.25629233858880474,1
0.02330682597263009,0.006480843686692292,0
0.14164418502277754,0.14656166368935863,0
0.25163191783928895,0.40386668063515385,0
0.21085106449367624,0.1277473737897961,0
0.0790254342254549,0.0340508660849703,0
0.15923430526371657,0.2829713459662208,1
0.9386029945887575,0.964801362119266,1
0.28179952692101146,0.17622786075143596,0
0.1618420702352135,0.10059654553574489,0
0.2526469713445945,0.18321682319506305,0
0.02027264393875394,0.004103519218480934,0
0.028017458754110477,0.03152203955772626,0
0.021304664028732042,0.008684097259567083,0
0.1070671992321202,0.09618508273169964,0
0.48191857608640637,0.3196155992713088,0
0.16329263948039419,0.2046844805441486,1
0.12910571287308376,0.11494710879299111,0
0.04112912826664724,0.03535223544811385,0
0.1551049686509366,0.10381917735459466,0
0.025697907835000772,0.023185300711289776,0
0.016985878904999033,0.011939114811405003,0
0.17476463181327986,0.17607505460582365,0
0.33487846451969194,0.2364486275000369,0
0.03573528038407925,0.0356983359718266,0
0.9757622604787839,0.9942027479844554,1
0.1625921809866273,0.15907149224254888,0
0.11913566499013378,0.14882715454720555,0
0.18353232166383424,0.1780121748938852,1
0.026091599107448026,0.01623511438619072,0
0.046916486520394714,0.013124970821362754,0
0.08286840280852234,0.06581603175278403,0
0.9798291963429817,0.9929539141708391,1
0.7879557702679071,0.8668100977828255,1
0.060196277708812834,0.05206895095164578,0
0.08860019069854227,0.10030560615348659,0
0.10152707236167166,0.09461951600356135,0
0.9752742562176774,0.9900755741670604,1
0.03453654700732412,0.00336695400154507,0
0.01843532663433421,0.0024112507798022082,0
0.06305017052663078,0.008794566635645377,0
0.06404573473241815,0.09744117640110753,0
0.28333728678161907,0.09462044802558091,0
0.21258779821769527,0.19355255743601618,1
0.024621965844524824,0.03110155008972229,0
0.08409191147513334,0.12022500725707445,0
0.025176940454425888,0.00712922870928285,0
0.14368420247790925,0.12256948555603066,0
0.05204262102099366,0.05250597576029719,0
0.21012742996130748,0.18996736389345412,0
0.061700188444673,0.047054068001221035,0
0.06830957357500003,0.08960734867644007,0
0.07063075222553603,0.06652646966997487,0
0.0894491652169297,0.07213255722897294,0
0.47040801595108805,0.3657313579661461,0
0.2344220659943352,0.20388248132334766,1
0.0382080390024327,0.007274810254561824,0
0.1968802954688638,0.2307269263761446,1
0.026974330881107626,0.0002275513825355593,0
0.07190418199824956,0.06467563305255894,0
0.07287261141004031,0.09043703688307418,0
0.2924707375088084,0.3289787343908045,0
0.19175583348320005,0.1456382309942154,0
0.09792529241922415,0.13221767516887503,1
0.13146264586225745,0.16483964560392447,0
0.07599586747315525,0.10487108999947373,0
0.1660076597099884,0.4364533540769379,1
0.1095533908976396,0.11574676891830242,0
0.08894562476227826,0.09148118037384437,0
0.27432458282255123,0.4134602186260979,0
0.26442228864311773,0.17233077194557672,1
0.038889915114422816,0.041168556298662166,0
0.11965294586961484,0.05993099208460191,0
0.14267727187193274,0.11038688475745462,0
0.9556402629205114,0.991305766052886,1
0.9476321385297689,0.9990185448971072,1
0.21208689554162655,0.22196636691857444,0
0.11067960882088304,0.157949152068959,0
0.10024474200998221,0.03657001627377178,0
0.39659075121622145,0.4930701577085768,0
0.31545392435484787,0.21729390858654504,0
0.04388133825597793,0.052561022162726914,0
0.030151560331370165,0.022984569826266378,0
0.14338779521155082,0.12788561393080927,0
0.06741521413750715,0.0401302319209545,1
0.8857109389089559,0.9660228177041438,1
0.02902755585999896,0.0012800270784960838,0
0.05594043297451994,0.07154539044316206,0
0.07088005670259881,0.07094164396700185,0
0.04407366307556857,0.03496668588606268,0
0.18637051958713513,0.1877769503011691,0
0.0688305092849943,0.07059677468767275,0
0.1872212584545757,0.2506942674588364,0
0.10717580366463993,0.07162351307169652,1
0.11433192417242842,0.13766846702633234,0
0.33860695486009373,0.5870483842968699,1
0.12774225741869477,0.15882251810329856,0
0.13870087091710054,0.1875226785354017,0
0.17984722765760985,0.19580036970623946,1
0.37768715106977474,0.2580450289484236,0
0.04716689782128717,0.03319665237725479,1
0.10594662021534706,0.05374130127228939,0
0.01131634319690163,0.002342772660822298,0
0.0268450478501702,0.019974284339311792,0
0.019604330459723842,0.0044086634564835985,0
0.20988931574767938,0.25504894940906103,0
0.033571990999092874,0.025693588249507782,0
0.025769201294191205,0.029376703276918957,0
0.12878224011681513,0.12175716394757642,0
0.1020431248075344,0.08018731708307321,0
0.03448071785308173,0.02982008429495987,0
0.03466399779879326,0.03976704385410319,0
0.7954134467000319,0.8447936579790034,1
0.26901274322346463,0.35660599845006263,1
0.021257583093789646,0.011774927541383675,0
0.03598886607222459,0.03300322418020823,0
0.17898320410395724,0.16828540932320168,0
0.09232154629350203,0.045274727614431305,0
0.1508732866607009,0.17612206980814932,0
0.9716162227872327,0.99455324487022,1
0.26332067134012366,0.2216317581665941,0
0.016417430415845785,0.011543480519504523,0
0.025467580570124132,0.0035824288142280738,0
0.1549297193532149,0.10467209861470618,1
0.3062352524057402,0.22110186905497506,0
0.09922696726808142,0.1938400856114496,0
0.2263403360793996,0.24505121324162327,0
0.2296408350192404,0.28690882848780636,0
0.030788067182225386,0.021055448877392347,0
0.8320608309422008,0.8971665503725306,1
0.21362598313507405,0.1813725540565139,1
0.02530263416616843,0.00957034620809493,0
0.018132979693391008,0.006905793557679417,0
0.005994603948492206,0.004533335792019915,0
0.30740784746026073,0.26598334395127016,0
0.26334227393814424,0.35103552088861045,0
0.06949581430511063,0.026598386128185214,0
0.11319799635415836,0.11300159151045185,0
0.016284971665828384,0.0130329845617383,0
0.3447053071157471,0.41792716552755166,1
0.029695364088943493,0.01844590270520233,0
0.08707714581194734,0.14656119063567008,1
0.10112456829582187,0.0912157174235071,0
0.025648894183879705,0.015981623183609614,0
0.22292081183846513,0.28699543849262116,1
0.24266285452259706,0.19526221367458918,0
0.10668423107548818,0.013450213912494825,0
0.14025314824101648,0.1418853889752383,0
0.037131519189505344,0.012386448663780069,0
0.9477029619224718,0.9601756118318918,1
0.07859824567714545,0.07791758010973265,0
0.2328092755076933,0.32096013523123273,0
0.02859982829865765,0.023848157623136957,0
0.2002534620308987,0.27171382585061626,1
0.032175580187744184,0.027167012739187497,0
0.2205911125701385,0.28062796195893275,1
0.10503293425807014,0.09227365774501917,0
0.07082642933324151,0.04290661868073188,0
0.24067361906158166,0.2500293964576834,0
0.24689782197728272,0.2970972123117326,1
0.3780892545580943,0.1604123668634981,0
0.09445066395772005,0.09122704122578681,1
0.21361065163623627,0.22099637955851942,0
0.05811463507693377,0.07493381187827043,0
0.01549377597284922,0.0038297317484663365,0
0.024527579926460215,0.00398165096874935,0
0.8250078892368757,0.9034032489079996,1
0.030248483905559724,0.004147297422877324,0
0.17596295284976693,0.15316462377116738,0
0.041625060478320125,0.018422806898742122,0
0.28150790740984755,0.4460414767997864,1
0.32817447535542027,0.38990900483596447,0
0.08049967360238176,0.11593433712740442,0
0.10879722647498428,0.11767578530288032,0
0.056967443036181835,0.01356068326217842,0
0.026977997850257545,0.016503349967356206,0
0.07869555225776777,0.09062696517915715,0
0.236303214391451,0.27208871490188596,1
0.14996860937531267,0.19143419308817053,0
0.05010947723278071,0.039500608980258756,0
0.07578880150747938,0.0418407839639808,0
0.5738117638685039,0.42658352647724884,0
0.18937177105459632,0.1756379985175795,0
0.09890068982781045,0.10567758966301108,0
0.23047809980615797,0.31425080087596324,1
0.02971002307411336,0.0028746973432521956,0
0.01317916553163394,0.006908620698225432,0
0.11365237274164303,0.09785403590088085,0
0.37013530682629575,0.2194401450677338,0
0.1344655306403437,0.1311504495029676,0
0.10055658368387334,0.0607098631881034,0
0.26582166455789125,0.1546732771819524,0
0.16211553357103425,0.1698615899967156,1
0.026263211985219803,0.025200945488692686,0
0.21666382242351878,0.14902525823446047,0
0.16237036294266527,0.18022327662083554,0
0.17920563066175327,0.3283085903044315,0
0.33813860885985797,0.2821520580277416,0
0.04786940399643272,0.006534126344603275,0
0.2461654733536134,0.2507790190758287,0
0.2418299468166184,0.25918114119588015,0
0.3928326529290797,0.3204478487322226,0
0.9724697944206288,0.9922214421567725,1
0.14422026630128626,0.26166184842956675,0
0.061772450225493256,0.06087615689630983,0
0.017006218368550683,0.01013823540892025,0
0.1831178782814138,0.15112764933041029,0
0.10594009161386318,0.12632804422796268,0
0.19959776220944572,0.14104623547744605,0
0.012658366412682746,0.0014070489876335877,0
0.84668097306957,0.952405230465375,1
0.07474145355064922,0.0886266954142399,0
0.02614375558841773,0.029702378658358203,0
0.05986958185771298,0.09571223872538671,1
0.03674863964220159,0.021321229036798846,0
0.016405234969218734,0.0015457353851979388,0
0.09688660341869652,0.09925390529423982,0
0.0508070691483319,0.03239779796953752,0
0.04279736443607014,0.05340551143531914,0
0.1656522916618283,0.1350831891149115,1
0.05862626308323009,0.03458491158876371,0
0.003866293422882042,0.0003527412113141381,0
0.013607993620074758,0.004207680943767622,0
0.13252252297208472,0.0907403984434759,0
0.06777202655616597,0.09163831788870508,0
0.03784463077867502,0.018819438277423106,0
0.4107572200896009,0.4380510938666958,0
0.038939161565891195,0.019002808079362613,0
0.22123392872743863,0.1694034369288034,0
0.05880872836714052,0.05419861846796151,0
0.03157197006756003,0.011475297444216622,0
0.08334098610617127,0.06510375873667221,0
0.9697084814883719,0.9895575315116812,1
0.15859819265035227,0.1609709038127003,0
0.0849994929238318,0.07153161967849982,0
0.8939343502412885,0.9865281868819485,1
0.1668200664043196,0.11231556790600192,0
0.9716979462162287,0.9923690967643475,1
0.023908392035262318,0.010284108239515498,0
0.16548005549390865,0.2592189166575788,1
0.018822049341434777,0.00612819981930226,0
0.09350123706219007,0.06844083946748339,0
0.026319309470691082,0.009126733206132623,0
0.05949100965286759,0.005239066698988357,0
0.10587765723615551,0.09438230053011974,0
0.06870617785008386,0.08462996471830914,0
0.04811808257517406,0.011795417903651398,0
0.20047599662931861,0.16970317675219598,1
0.04259299630845772,0.03490474977051349,0
0.01761974567468799,0.004440554714130896,0
0.09918301078454629,0.06374634618789353,0
0.05716216101008876,0.10331666916895105,0
0.02458077234325582,0.0007393581383169874,0
0.15088824042959711,0.1599229411101105,1
0.09901038443555563,0.11049625431364021,0
0.291023799165846,0.3688449074071226,1
0.14704938363782782,0.13945100068550642,0
0.03442434235339947,0.012908801366240709,1
0.022112441378190874,0.0024974841921011418,0
0.0901894557066611,0.16063886321377183,1
0.020909151699126168,0.012719157518773937,0
0.7192124501944013,0.7933955274341835,1
0.058698426121617006,0.07405467895346964,0
0.9447923113153172,0.9936706408664583,1
0.9605996179341847,0.9882233780404577,1
0.22209265990490182,0.11973991595994722,0
0.22998986447385705,0.20497009875408598,0
0.07296616235180749,0.10410221986206165,0
0.11549166244315177,0.09864644827024875,0
0.2954506855616886,0.25525570837166395,1
0.11182831181589671,0.1145966223867316,0
0.9360217328873839,0.9906071828058859,1
0.01935252345026185,0.0046094690417439405,0
0.05988758599035168,0.012696350055746885,0
0.055444467147020636,0.023977131104865313,0
0.9784427881058223,0.994771163239396,1
0.9246766986627678,0.984466004044952,1
0.019362925213639498,0.022397921779159752,0
0.2291957482346253,0.2478097236896019,0
0.04541028454500438,0.03378792572907939,0
0.15769389747421064,0.20405564033363335,1
0.15826691359292536,0.22856389065734534,0
0.10393448221137631,0.1463782832543917,0
0.11536235713055612,0.11914597749565717,0
0.06652985474144178,0.0568614371472764,0
0.1499267289675413,0.16428072473167205,0
0.17527816270621918,0.11300120479311787,0
0.023104706680238427,0.009915197295759964,0
0.9695088402288741,0.9953423946161148,1
0.14858295739289037,0.15239128996559737,0
0.1626410566714414,0.19397186384320764,0
0.9843775823753955,0.9980329249568244,1
0.28051445400046543,0.2722286555819899,0
0.1474538371033733,0.21895703840690853,0
0.9847401761345606,0.9958783760816996,1
0.17581971972434846,0.35181506253129985,0
0.03183318042599553,0.012694741784796248,0
0.05085330976007749,0.0703333709359345,0
0.15942735365304014,0.15765175281441834,0
0.05551325483239666,0.06156771325162104,0
0.14146185448294724,0.10994395776408439,0
0.3081981978157008,0.49665120311489275,1
0.09707488952699958,0.0563444297047219,0
0.01675133271385115,0.0042223939100469714,0
0.13127968750856803,0.159538079730329,0
0.07325915981455215,0.01669663187565001,0
0.9733888622386231,0.9846066648516737,1
0.03322130130931154,0.02302540258836178,0
0.1989983541242946,0.15421671696010114,0
0.1397647210236259,0.14376895907536044,1
0.029635394550342413,0.029113882835406984,0
0.2195569060839219,0.1812457959380258,0
0.08120225110797448,0.01783060240684252,0
0.011356578908119246,0.0003939438235734828,0
0.05935311233663443,0.016431220626759696,0
0.06247924191088653,0.06107857532660662,0
0.22773709545905266,0.2822083809749019,1
0.3099608584487633,0.18480854223909712,0
0.0741636298010022,0.09811542476899435,1
0.2196921316829117,0.23238832655348016,1
0.11580243266364915,0.13908136743874133,0
0.13299639296615126,0.19502504029576906,1
0.18710990939192898,0.16192022412959553,0
0.008732142646059128,0.0012887746381974202,0
0.10283901092430012,0.13865343655898368,0
0.2824600483429368,0.32961232348873254,0
0.08986518316543263,0.08876126896856337,1
0.01417043666580533,0.0014733323301924595,0
0.16012560703378903,0.13933009371823749,0
0.02619858347553433,0.025350725973862252,0
0.01992575506061894,0.019937900327402565,0
0.05180699766497902,0.1061132229494644,0
0.019406572926457238,0.016446646438574235,0
0.0115152635805852,0.0026769094664254303,0
0.08174794702200726,0.06357138003111636,0
0.2125603381685337,0.22106872762373916,0
0.21983050370257945,0.2716458797748063,0
0.7518501971036092,0.7715265052700526,1
0.19954494461290198,0.23234230688697752,0
0.21500936333962684,0.22276412263074638,0
0.13019365114008113,0.0838569692860285,0
0.2318938800381848,0.23789334168864285,0
0.8045853881134251,0.7971203705562312,1
0.02723297138861729,0.0008136155263754331,0
0.05619334286665197,0.013332255689693491,0
0.007085350850278198,0.003970201026549127,0
0.33465937925943345,0.4239247371433775,1
0.1256682487033157,0.05590971365217086,0
0.05187367732220546,0.01993748750899541,0
0.04515984894184871,0.029811604224617417,0
0.028607787604672388,0.014594835660488152,0
0.028522205811280846,0.020137208557269453,0
0.26344891936109666,0.22711893388371765,0
0.10922657374068717,0.11925341260403326,0
0.0951097959907369,0.09598495302222684,0
0.1497256175662334,0.12993540232518375,0
0.3988871050642802,0.3103921490292208,1
0.0860075661028591,0.11674211461994544,0
0.4662291003342558,0.2876073363760019,0
0.1690727340938429,0.1397423373216653,0
0.1497584639346257,0.15290137127282408,0
0.1246520876322372,0.11178473363347,0
0.9700181174017282,0.9843893084850829,1
0.13783000839528087,0.17276024525248065,0
0.017736635324799313,0.010138316223227055,0
0.09083466508546346,0.04869175469278995,0
0.03386155415482007,0.04121433609216724,0
0.0670991401646284,0.09014474697229566,0
0.17344196527499706,0.21084567698998882,0
0.10146160840799415,0.09148701189128103,1
0.017699774688136126,0.006205049401128911,0
0.17457312407088404,0.14591992808764992,1
0.12855252503032338,0.1321738927168763,0
0.2476614952554803,0.201436874339574,0
0.03566239907267349,0.02826605233799634,0
0.05594531488284529,0.062011229448549546,0
0.011340124612919474,0.006087289825846874,0
0.18385176597919087,0.11389031029594492,0
0.22710908309804587,0.15558408863815734,0
0.11217594903467518,0.11179454275957179,0
0.09888199057355922,0.1596210806829217,0
0.20600095394315446,0.15892760364907077,0
0.09524563362781475,0.08970972597682142,0
0.04162925532618211,0.013675311913371152,0
0.18522443969418018,0.15226035847742792,0
0.03879245874732879,0.016170060135150103,0
0.06504801342834513,0.03151489840494887,0
0.16563804743640498,0.17569036352091738,0
0.03091360610745429,0.010492018228741021,0
0.06469852708723647,0.03086842618407023,0
0.10320412874371453,0.07724585250056777,0
0.021596888732754168,0.007412118977061887,0
0.07268421056814837,0.055955935536688664,0
0.2258994733664663,0.32508025016767256,1
0.03165239050730403,0.018792826328698938,0
0.2124521972756578,0.16900941881783388,0
0.25293316571690116,0.3235755496543703,1
0.05640057070810239,0.07869578339513711,0
0.17079733220013682,0.21398128206652478,0
0.9375926615341585,0.9965864547828144,1
0.2784916586991383,0.19518477833418968,0
0.039374313366782106,0.002468736217729053,0
0.0939010411061656,0.08749677847391887,0
0.19214815883009348,0.19752218751155262,0
0.10237593321551684,0.10054548460939565,0
0.014027443999183483,0.0019846808132426724,0
0.640747227924388,0.6291265759232719,1
0.1017564727759509,0.1347245134973201,0
0.035086016615070666,0.0033677598646111484,0
0.19261289078883279,0.19993054028527432,0
0.029230542901711645,0.02654638108561818,0
0.23341026635900597,0.235768998778795,0
0.025667327246798873,0.013440260010895176,0
0.14395862985363114,0.19948716069767233,0
0.02078239672734182,0.005420039994133766,0
0.1604475204698005,0.0608262426135604,0
0.07058805211266748,0.0343762735125011,0
0.9718787294202036,0.9875762076495115,1
0.0338951770093796,0.03849702048067265,0
0.9682419713459751,0.9950262022828247,1
0.031432522866402614,0.04115297144778569,0
0.03314662849239339,0.03209674192380955,0
0.15123363001281315,0.0764698214621291,0
0.9776645561136922,0.9938957452681593,1
0.10831513240157348,0.009902276346416147,0
0.1835888055324037,0.23108002024054072,1
0.006396339365162186,0.00212997958579258,0
0.07514882966987038,0.014948541652577023,0
0.971135101725867,0.9969955540307648,1
0.9653669369654053,0.9967944900949814,1
0.17686519182815286,0.21574241263708677,0
0.054256592699455194,0.04284702323337802,0
0.05395358574685084,0.05383767600756784,0
0.032860461274115016,0.03837558941704228,0
0.027855127543318047,0.00799922273944213,0
0.11750074164120339,0.11602022509919542,1
0.2415831355368341,0.26219468968984055,0
0.15342666297691274,0.1517524726132029,0
0.12621045486167604,0.08482623210198761,0
0.17938192547849316,0.1561376124290135,0
0.08993772729407601,0.0957636156836379,0
0.12615276136842768,0.10577367183714542,0
0.07134068931189289,0.037927755127540014,0
0.008967728120200389,0.0011344893031342567,0
0.006080101671359882,0.001243840356542368,0
0.14461956868968628,0.21279745416270837,1
0.017706550944790216,0.00428371927261725,0
0.00904057165459744,0.0006371166202796374,0
0.027434691631539096,0.012544297219773107,0
0.09993925773192927,0.13682791631440192,0
0.1432944371220422,0.12417223593376257,0
0.028768862275774396,0.0076524179046080975,0
0.017715265194047525,0.0031205785485594753,0
0.015154375650252815,0.0036184830518215133,0
0.031158501806223024,0.004589623554688309,0
0.2381884384845222,0.3778126788581976,1
0.19345609631572763,0.2530916193834402,0
0.02120605792041784,0.0015222376721913816,0
0.2589181405945854,0.4507345492288639,0
0.23123818767198073,0.1508489169127107,1
0.16458768616551145,0.198348431911127,1
0.024318327273953173,0.029348748617228075,0
0.12891034323533934,0.11833195025351771,0
0.35167173495185894,0.25345075433030095,0
0.048340511474230394,0.02392492455836432,1
0.2017708144633773,0.25398050864258714,1
0.14095342123303442,0.14305232562403716,0
0.09388481618432247,0.1682583217488182,0
0.019383892264829203,0.012804946611380314,0
0.13369697333242483,0.12867476900249145,0
0.03061806088715537,0.010531587918197572,0
0.042536816432577666,0.020845898280474187,0
0.2306019494304972,0.2424123433513675,0
0.03901099643249092,0.01918172080421269,0
0.09276911512851961,0.09316650817867368,0
0.7243977598896065,0.8312586831845117,1
0.09920391091917073,0.09049503896847919,0
0.22155458631096173,0.3252328416385884,1
0.10067668467769669,0.11055447537572131,0
0.01749498118557632,0.010798018180789485,0
0.9841251763545722,0.9981155832600467,1
0.9644954285640478,0.9849683025943231,1
0.03489392276828248,0.005835624491975569,0
0.9593227261216719,0.9855484307402275,1
0.15120691768887115,0.1747428863890228,0
0.7742986093607689,0.6428067027807096,1
0.17507757626804582,0.14373250274196514,0
0.19589760172551487,0.23624416786889188,0
0.05383439144557623,0.018688041087636203,0
0.022507908620125666,0.025341178944966163,0
0.14193532055029837,0.21848992339598206,0
0.17524243098640876,0.2034457224538633,1
0.017406949265619247,0.005081864612797781,0
0.056351919019973676,0.06718075162911925,0
0.3148226896429828,0.2226123316426449,0
0.13414202028650812,0.15009808434492886,0
0.09800682311718918,0.100811202033463,0
0.831020602926312,0.9190282209903262,1
0.20309054015400183,0.2185374676508015,0
0.03761791666982695,0.03987759548455591,0
0.08325295922452984,0.09373273744096096,0
0.8100623429426964,0.9767012059766962,1
0.12501988823333596,0.12115095205928918,1
0.18227576408162863,0.2687683704948758,0
0.014173463344491809,0.0007532030321960252,0
0.14117879330363114,0.059207953223449065,0
0.08552188048925177,0.09352697565889062,0
0.0322606875096002,0.0025809449459610902,0
0.14164489344998651,0.1019665646067774,0
0.012958631293850009,0.0026196326603348187,0
0.039672905364927326,0.014801079438273402,0
0.11148845265410023,0.1325944298113638,0
0.6101413040478366,0.4482874653583673,0
0.1666175939888917,0.1600793085964433,0
0.01921202872197954,0.05458928296186351,0
0.21926607462461656,0.29536698363903346,0
0.07720091638124599,0.16915109097971148,1
0.0271436486119356,0.014514236213346642,0
0.0436338374657116,0.008777445813207992,0
0.24178634796233134,0.37601351752159606,0
0.055544790388099535,0.00954239614046174,0
0.059313646089985614,0.06818383482861375,0
0.029529362320765352,0.023777617345731927,0
0.5515000648448715,0.515172067883814,1
0.2583023447753329,0.39646681275250756,0
0.036320628502115614,0.03600343003762516,0
0.024089373022969745,0.003604184386012224,0
0.18468836445880324,0.24029268591869413,0
0.15890181257123118,0.15490612832112033,0
0.2100466789225317,0.24384992727357435,1
0.09602105924642154,0.09172934222020623,0
0.9476321385297689,0.9989847408329106,1
0.7657333269379997,0.8665939476151522,1
0.13470680903023707,0.022693671240380076,0
0.08014335000030524,0.09167923672240644,0
0.9739116703647375,0.9910517959759488,1
0.16780193946274993,0.14256682175085955,1
0.018462969788100244,0.01408532216530467,0
0.09489610730922668,0.07845260606934602,0
0.27199272642178135,0.33608256385350505,0
0.03238665987240267,0.011212632095988407,0
0.022596065548638543,0.006203853523160631,0
0.026974330881107626,0.0003080927384478619,0
0.029215726557566168,0.0012565541268533514,0
0.1131804089060444,0.20508532354929765,0
0.13866596674473705,0.2365964244750843,0
0.1001849833926672,0.0537053437776852,0
0.054736248951536566,0.0997711645390599,0
0.07067671499345944,0.09800362528345945,0
0.22280351469770227,0.15122248892446372,0
0.15310747407935021,0.1408264108552721,0
0.014460216334809919,0.0019382332721960807,0
0.12660548635459654,0.13131102330071515,0
0.036760676439494266,0.012995382233016115,0
0.19992933154252587,0.16744005585687177,0
0.9732212342541467,0.994273541889917,1
0.33261852652985574,0.19601679214121756,0
0.12982267588365937,0.09721162151381317,0
0.11300440030641516,0.16107523919070238,0
0.07249569804042505,0.02427325863801413,0
0.06623745662732372,0.027760636807691724,0
0.3666775135619656,0.23727869804369606,0
0.18302376011363797,0.136031099738861,0
0.8580499391435276,0.8886838673374289,1
0.9653217645387553,0.987496340044446,1
0.16222666992902082,0.05964652867668131,0
0.1512251766295403,0.12120564790398412,0
0.013003476348198867,0.0012460034711204132,0
0.2161083969834294,0.23099847558860234,0
0.30671464083023275,0.3905927739738051,1
0.01773854276438504,0.0057589664148721504,0
0.10203787601027378,0.08596117548918106,1
0.09617466392986915,0.13069337877178294,0
0.017234221953345015,0.007695264938360442,0
0.29635174131685527,0.2890276047370357,0
0.07396925617382927,0.05017653619949898,1
0.10308050431317729,0.09662466509567606,0
0.07583396929576308,0.24104895483785335,0
0.1473188627447029,0.11537189717252413,0
0.09910501092783087,0.058858401821710045,0
0.0554371124641157,0.0035753277064182426,0
0.06674496648321541,0.047453341747354244,0
0.10521118484220664,0.09415857124813255,0
0.014408375124877557,0.012369098143924643,0
0.05606270522091079,0.043507291062623146,0
0.04197715252041779,0.07542187138801291,0
0.009281809209796616,0.003232400617207913,0
0.9476321385297689,0.999620203920287,1
0.15122574508698713,0.14623460321097298,0
0.031158501806223024,0.0012037097014756834,0
0.009034897680997932,0.002007571587029252,0
0.1439733883945435,0.15095289831483374,0
0.05970013743326682,0.03388406826358737,0
0.025786612411176687,0.002762138396885696,0
0.06568779353298,0.07273319934661031,0
0.14701729416125228,0.17814794734396727,0
0.11490652950407387,0.12041373516102599,0
0.9769423853153145,0.9933545692173974,1
0.205120600791764,0.12715447594059284,0
0.10134113651293643,0.09303048695230956,0
0.8604768896433825,0.8283223310263194,1
0.8845844367830649,0.9248811171784819,1
0.3588326554173646,0.21500162911217421,0
0.09847943166749239,0.10713243591891888,1
0.24970058364957148,0.2404572325419461,0
0.1688274395360898,0.14614575764148602,0
0.041322164596499046,0.036563304928914984,0
0.9607486787356988,0.9859291912524357,1
0.016229091541907027,0.0051292735781234295,0
0.10029281467083735,0.09609144358197252,0
0.12702280976346783,0.03503837056176026,0
0.07467409122924419,0.06993441407761819,0
0.08116714791221508,0.057586008645746416,0
0.011721833446613057,0.002522172000484595,0
0.04174075193500537,0.013491228686738523,0
0.07230572551333417,0.07731601967635163,0
0.008215556937462053,0.0011262819021805206,0
0.008967185603659139,0.002987779623442944,0
0.2307770674651336,0.25237524727564353,1
0.17724391855136964,0.14736117875784413,0
0.024175450533683498,0.007690621716457598,0
0.9781398549837501,0.997993274721352,1
0.051610082864981886,0.026052253505080614,0
0.059639332255626266,0.03420486915921811,0
0.006569876675716749,0.002952179108749156,0
0.02768182141009764,0.0056573939904591315,0
0.11201748784667973,0.1385273758781382,0
0.14683192914494037,0.11801213877327668,0
0.15479363333026705,0.24672841592300415,0
0.0440653119313294,0.0672791286333746,0
0.12676042489942008,0.14096349192199736,0
0.98363879358242,0.9972603414622241,1
0.8450225527758211,0.9550142795928658,1
0.2057095695705319,0.12834968653692297,0
0.015334804287817205,0.005445672106477393,0
0.0702099091431444,0.08109183657980563,0
0.026353058697539542,0.000911776589008946,0
0.4343290608931233,0.34127502614096245,0
0.039061276367617505,0.04449837740861083,0
0.2986018980849895,0.4751606924088555,0
0.10569305859516516,0.07220365478221517,0
0.1315338756363618,0.11248717198250761,0
0.03481309090475486,0.026947486315139983,0
0.2184627915841418,0.16073257665292684,0
0.09725552582687276,0.009781960402066492,0
0.07923092849421681,0.08179601431560651,0
0.0989547501065977,0.028930685444986358,0
0.02468802274901789,0.009011961398587098,0
0.7042463895856221,0.7313821190812192,1
0.05465312439971207,0.03343041060201287,0
0.11531721870908604,0.13174332208876827,0
0.12187837894374064,0.06718591327948935,0
0.20904190433179543,0.20420891024167667,0
0.44141833255075213,0.3633535581911566,0
0.10215371870589984,0.128783621228595,0
0.06455406901703692,0.04297788994799224,0
0.17913195194831832,0.20275291529002215,0
0.27016314819651427,0.24833352025689454,0
0.9653001144416059,0.9962950051592443,1
0.16371760941270927,0.21701485360152312,1
0.0408398953741002,0.01771235790043271,0
0.027674795838170327,0.005938123458173083,0
0.038935146668961286,0.02345995995237135,0
0.027152601985930176,0.006850130898175219,0
0.9715528999694307,0.9696399580510912,1
0.11847597685633325,0.13298881810677043,0
0.07827429873564938,0.05945292355779368,0
0.25495522730695724,0.22868661014570252,0
0.09447178920020716,0.1620581390742607,0
0.02027264393875394,0.005182498318151921,0
0.17457237569339143,0.2846199119364235,1
0.015687651888412875,0.0019813608318167185,0
0.03341036484087752,0.02355224390595115,0
0.07347645959786683,0.07412662082959072,0
0.08441583390252357,0.10876246256057495,0
0.025460503621210235,0.012153953042197303,0
0.06581667971253077,0.04674354689024794,0
0.10141046764879075,0.1576508802859687,0
0.35275635480219664,0.3988807853476768,0
0.03935572420145893,0.051792297007904255,0
0.9754731161012674,0.9936294181975802,1
0.013951354798612918,0.0030107010297029655,0
0.1879738414562284,0.20079097754377156,0
0.9669444341484095,0.9754045296859933,1
0.08202025267987452,0.10264590646339765,0
0.13152442731882777,0.12931789003821392,0
0.024596659810396534,0.014347901071912151,0
0.021661853945452933,0.007952065118381707,0
0.12509907340945992,0.20128924611389942,0
0.017480024550663293,0.008990462309053381,0
0.011404407358312321,0.0007602472041109994,0
0.03764615986507973,0.018004128646629758,0
0.022399904126605263,0.0076436875799539205,0
0.23485051894671735,0.19400463693427458,0
0.2620478135145197,0.22393132757218354,0
0.15747552411481516,0.16259630814396783,0
0.12076353991859738,0.11690243460766096,0
0.11946064245857789,0.09230459790753878,0
0.008328295001406534,0.0030973075198228936,0
0.021684069578838786,0.00337065844784163,0
0.27739766473182115,0.3012729458865962,0
0.023578497423098064,0.00590571625284146,0
0.2511283182297317,0.266835800931308,0
0.9719689604080419,0.9938627790011648,1
0.042429219063189215,0.06833060375723975,0
0.19464437066098927,0.17041334053453355,0
0.04050515502371821,0.025045267565733376,0
0.030431832142205493,0.03321606931914477,0
0.02505458297491892,0.026359040097411617,0
0.03999057517028463,0.015099913260116914,0
0.17164441986868753,0.23473911283924376,1
0.9746920364237941,0.9923146490754,1
0.6120134433557255,0.6704328854309793,1
0.04417089413361296,0.04421002180632188,0
0.13652002349622583,0.13383467042650066,1
0.004489294718572762,0.0005854970171031542,0
0.04201649956069818,0.04287967856571285,0
0.28898528335025364,0.26007265563817383,0
0.03391466768312272,0.027861874541073813,0
0.019436407942435813,0.017999192033330644,0
0.0849993040366897,0.09624085074467173,0
0.16177989613700558,0.14277944993108543,1
0.9254743689135646,0.9576626278645588,1
0.012108969288110191,0.004127271488695999,0
0.13569813027487673,0.2295379568853195,0
0.10089661063004177,0.11564737966430903,0
0.005941570681265729,0.0023483137582251765,0
0.2457428952544016,0.16595161706793576,0
0.09237352584508962,0.11721300928625276,1
0.05812093844213194,0.07838671526440501,0
0.14848850012951048,0.1295389952610409,0
0.022490492175398898,0.008529334579213567,0
0.058306970144310105,0.05845695265119929,0
0.13914467067759198,0.15575406157383656,0
0.06525547620283197,0.08011022005049014,0
0.21492511446358764,0.2649149052687201,1
0.02821047453480662,0.010029238671649954,0
0.013843857454595113,0.011812957582822125,0
0.07492966573478126,0.01811757316234599,0
0.21398178779165855,0.21949074394374382,0
0.1857681389857161,0.20785546929550014,0
0.11064335002526635,0.14256755252728978,0
0.9398037993503764,0.9909619971702558,1
0.09268657184678694,0.22672736202070598,0
0.11207270096262902,0.08262706803237758,0
0.16154074637364113,0.19308301904532088,0
0.0686555098833606,0.08539051636701318,0
0.03503171051894421,0.01704962189357153,0
0.09784095826915981,0.11987740679724762,0
0.03510701659621137,0.027610137226671314,0
0.23783666059790914,0.2476112716479136,0
0.08840022222744921,0.08723908719469904,0
0.031158501806223024,0.006187979961407418,0
0.0913053275115322,0.0749510834420647,0
0.19293000727657386,0.28187917804256796,1
0.0638178217911234,0.06222596570902887,0
0.06476659586736629,0.07183293053682109,0
0.1625102059996666,0.10397480127355604,1
0.10073916124607368,0.16081476805534112,0
0.0477331837056263,0.03714326549664259,0
0.08814200767001765,0.05732326373476571,0
0.009254447597260738,0.003631293451553026,0
0.04959365778842012,0.008562171559363323,0
0.03754344187901119,0.03296664976185905,0
0.8871174612532096,0.929459887049853,1
0.017775250737066813,0.001965649743136397,0
0.09317750857426588,0.11939735486854297,0
0.24969771269652644,0.38230197276210043,0
0.19740871442344438,0.17698729602448116,1
0.06845132690548499,0.03718480485205737,0
0.08509421642802001,0.13216392890953055,0
0.04818513882081379,0.03368198322317437,0
0.16849232186777,0.2537678252777223,0
0.18355317694881224,0.20563177255316023,1
0.08424845786069086,0.09561294442558009,0
0.16084024088337903,0.1558876087766917,0
0.1506516855248715,0.125178409017651,0
0.8072274642963165,0.833202205238492,0
0.15012793431799784,0.1748329681602288,1
0.07686761455728919,0.062101474325599385,0
0.10392081431191691,0.08842997929493038,0
0.25658115112952656,0.1972704885429709,0
0.019544245517986794,0.002712492955109405,0
0.32276229121392636,0.2826494519135032,0
0.29710483896791706,0.27387033581229464,0
0.1777741235388384,0.15238047163074178,0
0.09339930325937726,0.08124242524763943,0
0.05474441900759129,0.03176193780105483,0
0.09637525256527775,0.09755551049846857,0
0.046647560638108855,0.0569068152377145,0
0.012595106631758916,0.0034583975823672054,0
0.23827789758598922,0.23561822735565888,0
0.28361995115817534,0.22987859371210745,1
0.09008050462016741,0.07711403324170724,0
0.10054666062503537,0.04573730304138316,0
0.203502661740356,0.10734263066997705,0
0.02211181303317267,0.004106037034499089,0
0.8262252705362853,0.7669062103634582,1
0.026773644034212705,0.009489724729486573,0
0.0680446372329986,0.04212715696756764,0
0.27041154989886024,0.22338775132977906,0
0.09272990632194648,0.1010873170001084,0
0.21939935912516828,0.3135909414879653,1
0.017442423264031157,0.007952141073267922,0
0.19815192332135803,0.25877384479316806,0
0.19212238470425794,0.31910611548595796,0
0.3065453126852219,0.3748778450132773,0
0.03166585006511595,0.01719404840009734,0
0.03856034772304034,0.03612611459900388,0
0.0497539874964627,0.041197132882415055,0
0.0975344108358555,0.02492781337125395,0
0.08557281371543912,0.055815727983572774,0
0.025140095650966747,0.01995939129315311,0
0.07902971338210313,0.07513086471913066,0
0.0548478727743379,0.027328972789428887,0
0.1965519422417473,0.19382132203690133,1
0.037474350739210543,0.018015915246844275,0
0.2882029871790713,0.23735005163176326,0
0.13134561551810972,0.07730101211326632,0
0.02268781516366372,0.004587509076261737,0
0.9781302677290008,0.9895867046270114,1
0.023348695554827423,0.0010529566365722776,0
0.9746539481170887,0.9952172358745558,1
0.19142188556032325,0.2111375889999412,0
0.023843210843230187,0.015191080574915175,0
0.05077675218967555,0.05422387108054597,0
0.09524802813771178,0.05424267585724618,0
0.14918055245528203,0.11794125924818845,1
0.11431359660778107,0.11204123169041863,0
0.10351651377651215,0.0812917602143555,0
0.22259905288792972,0.13222061940952742,1
0.038206246083637124,0.010172944617210971,0
0.01748423584151603,0.0069806737017379964,0
0.02518598787328906,0.000168686055659664,0
0.12350269716955807,0.0059113073596616635,0
0.04969526278300078,0.01460709345446137,0
0.11536703106633577,0.03791661885475676,1
0.2895381472440672,0.3958873819952453,1
0.07362689964752618,0.04432810769191931,0
0.04301685012802085,0.06146534519024593,0
0.04458914400276533,0.013611682694025127,0
0.026639075321463195,0.013670363903932333,0
0.5808271866985691,0.49265227612160006,1
0.012672871151458945,0.0009297221386593293,0
0.26103131631593174,0.16545774398564636,1
0.3593120379342156,0.24670303860552356,1
0.1726066244660397,0.24082055179733877,1
0.9740771677227239,0.9950850870673202,1
0.053122734925044525,0.04658493432385637,0
0.80828933462953,0.9046041268560168,1
0.20485850448403292,0.2706828416734399,1
0.2277454152625413,0.19837375149617997,1
0.30017584604974573,0.3203274038197236,0
0.09702728803317914,0.08884940352910961,0
0.9759699666484595,0.9972377892337879,1
0.011938124313140796,0.0027182561637939086,0
0.1203120414795874,0.16134819857355126,0
0.9844548512057243,0.9970590582409452,1
0.8059440496320945,0.9484673484380505,1
0.18072193866432365,0.23611160023707747,0
0.07509467189885356,0.07136700650591571,0
0.036973496241689614,0.029752586009902306,0
0.0060774008956657076,0.001215293993071885,0
0.9700015254252073,0.9915517379671654,1
0.9810834213352458,0.9938886840645403,1
0.12180511406607607,0.16343930865210266,0
0.09805906829702316,0.12353806821137472,0
0.013627187454702962,0.0012891381777912563,0
0.05630951975158883,0.05793026233397699,0
0.025488349559795932,0.0011683231392058116,0
0.014381815845747293,0.00817238460305471,0
0.060612192716314676,0.08156708505118829,0
0.16812742843307385,0.22251508369852094,0
0.10221860218291001,0.043024936300264716,0
0.0733917827894748,0.059982247281009135,0
0.11045209030543542,0.03463388833297286,0
0.12791509094651723,0.3165079274892483,1
0.023837579257392615,0.00653604894708832,0
0.09368947001536909,0.09142800367639439,0
0.15120471896849466,0.11018753880228377,0
0.2851043098433142,0.23116843769504924,0
0.031158501806223024,0.0023028489045663074,0
0.2689608689873369,0.26739514436383416,0
0.8703569369867848,0.9547525764452922,1
0.07357378026516621,0.05869519455616639,0
0.09508721688369691,0.10320655422407173,0
0.027542735733400207,0.01767693143518015,0
0.9725604504468184,0.9905238916777701,1
0.08051823848515732,0.042375958984247994,0
0.03788750366712839,0.04120014555490146,0
0.23472756649223744,0.17991415970443664,1
0.06701422297276376,0.05929403322550153,0
0.9428247160992849,0.9730876500495834,1
0.05961361630313642,0.032307107248938975,0
0.1761249867088355,0.11398548411985451,0
0.022416509608010175,0.02629147335608695,0
0.9293831852029132,0.9916802617453798,1
0.026161256156385215,0.0007449188536276674,0
0.04941749277992512,0.05632792987618702,0
0.2103363956637517,0.20618703180068118,1
0.9357997124315665,0.9360386878452367,1
0.17116545521076976,0.2478544816977066,0
0.05950472351011819,0.01513919781761028,0
0.5201927348789925,0.6472246088821079,0
0.9437161239933978,0.9935631684523207,1
0.09769656011142323,0.1822221377949708,0
0.12605322389287382,0.1220450435487801,0
0.224124515243761,0.2922933228708307,0
0.10882497148456635,0.15023688068752022,0
0.07469124007669484,0.1440257535459978,0
0.02437123335507048,0.035738452876213474,0
0.4462324305953782,0.17192242818523687,0
0.06135043432350855,0.06257265443788446,0
0.15458094732607433,0.22727645978663577,0
0.15435560972949888,0.12876108448327478,0
0.2165162198985866,0.1608371000417463,0
0.18370831876774665,0.18901759849651903,1
0.9699789284450945,0.9967400446051642,1
0.19490965645885341,0.16400345026172922,0
0.1888754463089721,0.1766519768996383,0
0.06850456563453469,0.039809824275242836,0
0.09364193890702857,0.08538386241423021,0
0.025662062756298187,0.005628913791372697,0
0.19247425997598067,0.13262764163614688,0
0.12596566869846512,0.13057161406806214,0
0.04269017310829209,0.04832579528977736,0
0.7471179982240413,0.7552749335638204,1
0.11603429832066517,0.10406635040180999,0
0.17834437267642944,0.14969326368415334,0
0.07309606958919791,0.09029770338695475,0
0.22013945927213538,0.1631576637985616,0
0.11740928068292818,0.09362630935233522,0
0.032890044829760705,0.0021926223948185854,0
0.21219982448112715,0.29447180064650963,0
0.16115056575630202,0.29617356864952576,0
0.1073154942902619,0.1155457073728092,0
0.13275988029475022,0.09908466657019903,0
0.17759598158589837,0.09863411539309092,0
0.14482083347664632,0.222594348850009,0
0.12289274061955423,0.10631203359765112,0
0.03497142247771201,0.005326231677645639,0
0.014242902999906793,0.010231220911044156,0
0.9035281070291551,0.880564039970638,1
0.23910036966171647,0.1425102135818222,0
0.09844220542213046,0.10425785621372326,0
0.7279960319392543,0.7298316733725273,0
0.9466048280004615,0.9968886746773991,1
0.08862487363488741,0.17514314656606986,0
0.09627031843835863,0.07149640105154703,0
0.04329936153921496,0.07623841141876597,0
0.18304244444485498,0.24867283764567202,0
0.2281308394040677,0.25370441956733875,0
0.21117644208129854,0.17441660709536214,0
0.03865350026779144,0.02321585066074077,0
0.10340155214990714,0.1265277096567234,1
0.19138267513266374,0.3063598498071206,0
0.046030723771385486,0.04821833533499245,0
0.9119636171879454,0.9822515476948895,1
0.062065530239098346,0.015999878374346816,0
0.10530280054317427,0.0525296245711245,0
0.9672720930720444,0.9952173467678357,1
0.20640688037673066,0.17723907052647503,0
0.9804546365172156,0.9952025356093022,1
0.08820305440568399,0.10749992026585044,0
0.030167495960865886,0.034363884007717616,0
0.021920829496984207,0.006702237852297758,0
0.06172409347209021,0.098023571231974,1
0.07848881742218017,0.0947682891397822,0
0.226070571345789,0.34602262659156624,0
0.19356766063173209,0.19934512753236577,0
0.05575797236321867,0.05293791129220231,0
0.03684286483471539,0.020630483210175663,0
0.24387138183693371,0.3001518516242871,1
0.012249578025877467,0.002308389545903042,0
0.08087762636162794,0.11193752139907481,0
0.11529948515516726,0.10231704133553343,0
0.16784808919335722,0.15121812760577857,0
0.09150011826102926,0.0917010909274086,1
0.08346157154596255,0.058326591310753406,0
0.9768216586064661,0.9915900090623954,1
0.00978396447760664,0.0031813107001855945,0
0.18405850637426951,0.07424715917261661,0
0.13070948544976746,0.12299135130193926,1
0.9747254888161861,0.9920471759736912,1
0.18368795393041404,0.13717027310389,0
0.17590448902398642,0.23335928694371905,0
0.1435600081792845,0.16021743155403306,0
0.17746344940207978,0.18309706334316164,0
0.07843517968037307,0.03695936042690035,0
0.06599916049660612,0.0471296389476339,0
0.030849304251911194,0.020859450509108344,0
0.031687110242448274,0.005683091495963579,0
0.12519686438586153,0.13408700788109645,0
0.007724869418203805,0.0012144256354225203,0
0.19999355575921446,0.17788923455865596,0
0.22394249723725954,0.2385580598044798,1
0.05162728226699902,0.05925972630634812,0
0.07597981220074063,0.07049931226899096,0
0.055628968227217496,0.025885694310199187,0
0.07096968326725511,0.0448900136707503,0
0.03655528734714153,0.01684904429190279,0
0.17672513566575435,0.15085842761890034,0
0.16852819113474019,0.10905861212269737,0
0.08849060207200586,0.04170010384916583,0
0.014450866751200234,0.0022807660424479796,0
0.02304235918957625,0.00564202239080646,0
0.00703154300767658,0.0011991913515877275,0
0.026974330881107626,0.0007400201723865684,0
0.03507455799740224,0.006955218609986542,0
0.08249933001575009,0.07417703270385227,0
0.10696332727069985,0.11688232654591509,0
0.11293593953204728,0.11344797204079489,1
0.08005056840570997,0.0758650924427831,1
0.025314217769415434,0.0016839976991883492,0
0.08896561991740516,0.0652725251549197,0
0.10620146602610074,0.1031479574352275,0
0.024740521144006954,0.007875937593977306,0
0.11769796522771359,0.17866464700907522,1
0.18920117711252135,0.15818611070638902,0
0.29107136345055346,0.23773322440822106,0
0.0054371971584004095,0.0006468022087759938,0
0.21036858390654903,0.20929874336457516,0
0.03173353642536434,0.00449223505542246,0
0.08646180114536826,0.04931175952194117,0
0.3942506174351456,0.2761112208106682,0
0.586343405351428,0.5650298580078071,1
0.27692810976627674,0.17908863027985267,0
0.1332321843905833,0.1412201142545421,0
0.2561339267895545,0.14555392352945365,0
0.2084211159774605,0.13646267929773867,0
0.27258572682421534,0.27561613710029853,0
0.01956229943655679,0.009481789616475406,0
0.24973553578260577,0.3543775377644945,1
0.05973902375881126,0.04835769952062144,0
0.20235915091765594,0.20916096731831785,0
0.06038786555217037,0.0591465557019791,0
0.12134381251946819,0.14914661173150368,0
0.08893537428816321,0.0784299227987931,0
0.08058316534426631,0.07658466897559947,0
0.19421199986561502,0.22278671789086793,0
0.2835158169411442,0.4504520665484284,1
0.03647601157334823,0.00240656680655288,0
0.012831293131709085,0.0018658731974823194,0
0.1135554652331171,0.14237367990353478,1
0.3556451509860782,0.11277605327090726,0
0.08836235429190184,0.10855906461791939,0
0.018435492223208234,0.003893865765165083,0
0.030903853994809563,0.005447680297040013,0
0.23207609695889944,0.18267341136935863,0
0.1784836280743983,0.16568105264896765,1
0.2588697401006374,0.17875754434098856,0
0.1989328136351419,0.1950846312801617,0
0.2347407892544558,0.2951517519953784,1
0.1267074673569792,0.09447391514576156,0
0.9478498753005324,0.9600493440556962,1
0.02148043227793223,0.048807348590435354,0
0.24485580812990757,0.2322203305684106,1
0.7800589731333109,0.796059859786751,1
0.7750549319222619,0.782571075512651,1
0.07521783653140675,0.15512485509494184,0
0.02022801095788156,0.005062040358546418,0
0.02414117908575131,0.002398294032276219,0
0.1150462645933992,0.008421738276075123,0
0.10150859672022876,0.09133313239622431,0
0.9434062859580077,0.9896942937045597,1
0.11256419946367295,0.1272669032574318,0
0.05193993297557679,0.06482165307240699,1
0.09907484302193671,0.08336730058986082,0
0.18093993082631196,0.1647423099043377,0
0.05219737467497601,0.022477835948121323,1
0.26925408626251796,0.3347472068838145,0
0.0190488112528965,0.005694415670576552,0
0.2670436914389998,0.39091407618617613,0
0.05477317891471617,0.06945194061662069,0
0.90539206179513,0.9341675946846381,1
0.05802513767646379,0.031585755312921106,0
0.06078153940311968,0.04286385854066862,0
0.2148107708035688,0.25883475552551793,0
0.10178078841472556,0.11059786472461772,0
0.08368168492937016,0.035393272220123215,0
0.1055203620778164,0.1062475388968595,0
0.16210236257882243,0.08055757026871097,0
0.06808336245858636,0.0926304717672111,1
0.1694621336236839,0.0976864282428593,0
0.02697277997802373,0.03720180176522056,0
0.22178591935959488,0.20163283032327559,0
0.0696885152398341,0.014480215719512033,0
0.017261176256647366,0.00662538126332475,0
0.017097859895984786,0.0026951553191818215,0
0.10155018889075576,0.06345990482784145,0
0.0637787897217128,0.07213566721518713,0
0.006315413587831281,0.0007191696763935327,0
0.968614772367439,0.9828563029984279,1
0.1330881091360229,0.21477647766486196,0
0.030584073207735627,0.014429285694151436,0
0.06110642359880957,0.04538191906462154,0
0.15056290623567534,0.18944992768605187,1
0.007587117788720216,0.001638849703709307,0
0.18768923107305946,0.179147409401186,0
0.03816085189295613,0.00420402334572677,0
0.025550276327289134,0.0017257296926473115,0
0.10436339370420167,0.07132591809548093,0
0.22095224467347882,0.1850339201557947,0
0.030778244609565075,0.008117430881527362,0
0.09657649080113517,0.057876006713938215,0
0.014652192571678343,0.0036913607489703635,0
0.03242091168997476,0.03189398680617511,0
0.08831036052157688,0.11025913570085868,0
0.05753174566048633,0.039588113087752716,0
0.10800034240143892,0.011975932355797308,0
0.022043754624658327,0.005930056055066153,0
0.017557462048761876,0.006681170201199999,0
0.21777930046346938,0.3318949211067141,0
0.1084953550248554,0.13201136121038132,0
0.19102601313087741,0.1813552842950861,1
0.00889067094264892,0.0007036529913536483,0
0.21964342257863656,0.1338473742304027,0
0.04639075034275167,0.011063845233178915,0
0.052276742498869794,0.03165079285734116,0
0.030406103760482677,0.012919151952051216,0
0.10399459471287369,0.07305756323447256,0
0.22795283458346557,0.268922718554091,1
0.957399209449225,0.9907677871829214,1
0.0446474112054184,0.0372163182105264,0
0.02485128504434372,0.0012370462404152787,0
0.03782983127017833,0.021536050409396726,0
0.02927946417127776,0.012375173623765584,0
0.11542902603554143,0.011758210160194184,0
0.09742353801828768,0.05208830926383206,0
0.9233035832394029,0.9694967078539894,1
0.06158791229104924,0.060440554706699505,0
0.8788505422928711,0.9403077334661066,1
0.03230769659527817,0.015311719984980487,0
0.022701907798823077,0.00012448545366883435,0
0.10053511048419198,0.15086723116965317,0
0.08509096794840565,0.047525388307699916,0
0.013740030256660088,0.0018879687225033187,0
0.14070008435803905,0.2117128348864635,0
0.11206439445734,0.1087407299759699,0
0.9855162306059283,0.9924740575751096,1
0.16798035618329404,0.1506233893999581,0
0.2516616825826364,0.32065179871295835,0
0.24246033410311826,0.30621811782312447,1
0.216046958180501,0.2163822631364225,0
0.08181790716842109,0.06316960418312267,0
0.10146995642847992,0.072818356332143,0
0.22107541121668828,0.14517248689087392,0
0.8937884235896213,0.9642139332132227,1
0.07724866865819628,0.025425187532265848,0
0.9621393455159876,0.9921068562465213,1
0.05955950407674045,0.0696109790273324,0
0.2064887522607355,0.1453012593177935,0
0.038930783072389404,0.01779245988628292,0
0.03149155782143158,0.017161030968631672,0
0.24142873595112085,0.22160054965862133,0
0.9724330330863894,0.9905002673812533,1
0.10060321050561279,0.10706665680123163,0
0.014670640637732858,0.0030058137334446834,0
0.7848930708841957,0.9652227598384594,1
0.9682419713459751,0.9975929435136591,1
0.02056773184974994,0.007362217711667532,0
0.19161606293528352,0.17075453624519402,0
0.22730961995084362,0.3108440913209524,1
0.02488590392386034,0.009469989065028047,0
0.04132477327479139,0.017963183616115982,0
0.1660249284569351,0.23657745081071987,1
0.08897020061534225,0.043159482894284174,0
0.02960523951522093,0.002761655988749155,0
0.042662939782677926,0.005744575515662039,0
0.04285832845987627,0.025012457801005396,0
0.974948140392917,0.9905069134450718,1
0.04981321432651026,0.06735366461508054,0
0.09381101090670076,0.08639325724349349,0
0.010424604052769227,0.0026343064834798606,0
0.06118226156047186,0.04286650481290304,0
0.21292933713499512,0.2192213268024234,0
0.10860747230044493,0.11284981663355012,0
0.021771544129894658,0.006211985141409513,0
0.03610571379526756,0.04820032472527165,0
0.979871410667619,0.9931055682553488,1
0.16740612980417785,0.1983223769430666,0
0.21659288128552617,0.2288934101167077,0
0.049185002312196746,0.05705179375617585,1
0.10734707637577771,0.1691765023416807,0
0.22038577475412297,0.24070258630106298,0
0.656050900327726,0.7078642133764345,1
0.06672365486624315,0.07024064218829247,0
0.8605636423102243,0.9570790739742486,1
0.09594178410456862,0.07106066561611765,0
0.19653802112643642,0.20875974984500853,1
0.21838132480474537,0.27970415769130974,0
0.06092302812706767,0.07430175239285282,0
0.09256663438607529,0.13800697073322216,0
0.21174638229369797,0.20793781415077114,0
0.016511361639858356,0.006743553982847362,0
0.1083155410663185,0.08917428271678927,0
0.15281325807042329,0.09609133660860524,0
0.13368560916201758,0.1416152741885831,0
0.030506901886632496,0.008390303880497019,0
0.02089984508967536,0.008406738152787483,0
0.010571719190813747,0.003041119954285902,0
0.9731161385311373,0.997279038419943,1
0.040193244895958664,0.0323082935143248,0
0.05328058695444368,0.08596656120329053,0
0.1905125617494898,0.11261301755786936,0
0.039551300795547646,0.01582317455920346,0
0.08292738168994637,0.042887165425397215,0
0.09355435205221818,0.0320065733171877,0
0.02674000846489581,0.01206186065451289,0
0.05012930005209717,0.04342042527946766,0
0.14777427041708113,0.18558146133959336,0
0.1573687219466042,0.14285222590522847,1
0.019434934060688597,0.0020922941076675612,0
0.07035987663101267,0.0916201193133693,1
0.15156928293822078,0.12495306741073131,0
0.1887304104967659,0.188034664673296,0
0.14400165694717648,0.08873640510299978,0
0.04219211143534891,0.041219807321034016,0
0.16348082907547942,0.237075714391872,1
0.04253711195845754,0.030254939132208825,0
0.16568612163076196,0.10273485843108295,0
0.5443376813852039,0.5508214399638595,0
0.016761453903292513,0.001962672335886641,0
0.055166732803038916,0.029670825192833133,0
0.11595972997701112,0.07047326237912233,0
0.021572955822659345,0.002414599546369912,0
0.17476469801900388,0.131410690008589,0
0.10879527471500988,0.06030426840751197,0
0.019403474698885335,0.001492118159328725,0
0.8766102910107381,0.940508082936235,1
0.025687081554783678,0.006369958545404875,0
0.012257007040564335,0.002057999909086099,0
0.9682475467509625,0.9760724134238808,1
0.26588838172043916,0.4238651657465746,0
0.8375342068453488,0.8543149038635156,1
0.1454892835262641,0.1335533886618797,0
0.8594565650957358,0.9659345470428351,1
0.17572620701015507,0.13816738971670126,0
0.30866075572501084,0.31134170531323174,0
0.2608731822789321,0.27091997635872517,0
0.15439123907462124,0.08815135482783878,0
0.8302770406378281,0.9125493404290634,1
0.05101205879575922,0.024787574389564585,0
0.11738483061682164,0.12228613604583104,0
0.16254236164213626,0.0964371631747423,0
0.028103217896360253,0.0015917419751688797,0
0.2118046308533928,0.2948819254064121,1
0.7785244580848412,0.7460107557151403,0
0.02918641831583976,0.017256920956163165,0
0.2871235959998954,0.23761509229060013,0
0.05211162436048885,0.04457935473925071,0
0.024210745308911975,0.02060270927571381,0
0.9786250398350137,0.9983216581056601,1
0.9284483967697869,0.971958705637619,1
0.9595631423860312,0.9849269764797297,1
0.028361611500198638,0.01267197159127578,0
0.040211537943126575,0.05061634946307082,0
0.08198623167138983,0.10618829841030444,0
0.053427314154680744,0.063664158481577,0
0.041309803370004367,0.03367762178192998,0
0.10281915988773349,0.01850825540266684,0
0.08160458727797423,0.11456480088587181,0
0.11237098083682096,0.13107763191233077,0
0.03839802533451852,0.019099672702491452,0
0.9191463009728292,0.9932454576057658,1
0.03677031029491982,0.02922544041255376,0
0.851286628908585,0.8919874364687722,1
0.23198227038043712,0.22870007258110217,0
0.1395223992919282,0.08636529825437432,0
0.022705916592820348,0.012063739235259148,0
0.04726077800775793,0.0018734992058002252,0
0.12488098916405675,0.09357371426232684,0
0.0721117131830005,0.01809708698969234,0
0.017477854089725204,0.004860659501545763,0
0.007311412641265635,0.0016570531335907204,0
0.03392000220157113,0.030790980417516177,0
0.24496988295446195,0.13359418349872768,0
0.8320889751970935,0.9346746998899387,1
0.8250224245709418,0.7787252248701474,1
0.1763348575144956,0.2515204810150457,0
0.1133777018956853,0.12285378571924507,0
0.25451335004087594,0.3378037908351801,0
0.15723459676854198,0.1337105457530485,0
0.2226703603377086,0.22411923490427582,0
0.05333509169032944,0.05642033341683552,0
0.14502918805087545,0.08661090489515035,0
0.04460096011325578,0.041410638874503275,0
0.8277530745813522,0.8193264066217131,1
0.1265786546744528,0.25215529337932086,0
0.972952509176542,0.9966766011103289,1
0.012672871151458945,0.0006036477889927118,0
0.035518213864767265,0.06873898446269446,0
0.18616128520503886,0.35869791822653535,0
0.02611243427354761,0.010047853667029507,0
0.06035915736710325,0.05850698316432009,0
0.11217528808626612,0.10307348679735011,0
0.0063320776452641695,0.0008565981325056253,0
0.09398635966426991,0.09091931951963796,0
0.21402912277439876,0.229467383135749,1
0.01782255858440457,0.003940235835988699,0
0.020004443726672153,0.010783172673204524,0
0.15862639644973464,0.2103587148154042,0
0.09211621672549734,0.07451486491873734,0
0.0804043182225363,0.049543156142460965,0
0.15552335475247928,0.14777573251070728,0
0.12446140240225952,0.09808444041911482,0
0.9753237195636457,0.995680774789781,1
0.08488625343664347,0.03500444087843163,1
0.16273095227905995,0.11640772682331656,0
0.037220695232738424,0.008904932168276194,0
0.10289442960515713,0.10766627130720685,0
0.25579750474485075,0.2181806315727501,0
0.059955588441069095,0.0509588187809535,0
0.05629744888493103,0.03658062234672084,0
0.08269559448868902,0.07322768227688363,0
0.09321419227659725,0.059083876148996406,0
0.03693849033092,0.0160064367014061,0
0.07043244616734697,0.0827343408703171,0
0.17428894096292483,0.11195964561332421,0
0.014095736867455811,0.002931581870583516,0
0.9476321385297689,0.999560851221567,1
0.20006410015881257,0.12575327498836053,0
0.10707583585093129,0.13397800519233533,0
0.2281568540085414,0.18613864315554965,1
0.19948744453368128,0.20164556504601605,0
0.13783302114877957,0.11634239396616398,0
0.038061511951187794,0.01730198123553807,0
0.8570856586661063,0.983000819730628,1
0.10564189397712599,0.09216936933764339,0
0.17251431387610502,0.16579877684475433,0
0.021688687180278023,0.009221884466766592,0
0.2529835134842698,0.14151873918791105,0
0.1374921148678445,0.10376509787164569,0
0.0516321826838374,0.05283532255766994,0
0.032231541796053524,0.04972803419604608,0
0.1570604072524761,0.16559518196752993,0
0.07649520909911198,0.09608331651546714,0
0.09604749246091644,0.06346387601864235,0
0.030611635637457862,0.017850947264699542,0
0.15974935991282405,0.17167078978617634,0
0.06492554754353201,0.0498677053517256,0
0.2538770350892049,0.20071518954451337,0
0.25082816871606545,0.17969278462903054,0
0.20602054300013156,0.2319879318890347,0
0.035360375395812486,0.024266062556761916,0
0.9600695961735006,0.9636193695335884,1
0.12855303458761116,0.14540339387214432,0
0.19599187660265385,0.1871933279937701,0
0.02961735070332342,0.0039149279301595565,0
0.20304324140582916,0.3463866622734615,1
0.04360258925184208,0.0056857935199438134,0
0.8186054591224904,0.9208731186068126,1
0.05620584683431283,0.06612015179074254,0
0.9596819481236609,0.981665644683892,1
0.018868721373573198,0.00909136877678672,0
0.21008172751861734,0.15032795502485127,0
0.02353935023735654,0.02430795259877781,0
0.02988706020576339,0.001390113740817415,0
0.940706171225496,0.9976736991031512,1
0.019948075404653105,0.014642433025141916,0
0.18491829541818086,0.18431742447266788,0
0.02305911324595472,0.006249116824039649,0
0.048806788914354984,0.013141375877824385,0
0.19516483317930738,0.1859764640198218,1
0.13399748677795825,0.10496010146306357,0
0.13236515153589903,0.12753953820686817,0
0.9210564967213111,0.9790127519388339,1
0.9412897859344822,0.9709596276300317,1
0.03077803713467005,0.005250467822938359,0
0.01019649462949119,0.003433025229704234,0
0.0304491240561338,0.022134984947333413,0
0.1299647657943497,0.12801279059363058,0
0.2199884729769368,0.13692100357116388,0
0.2630169646782307,0.2656696133212659,0
0.06992608643341798,0.007816956198184432,0
0.10362328759703504,0.07916988135459234,0
0.017230981837869364,0.00239454088862903,0
0.13431667889870405,0.08336061741902957,0
0.10829987218303637,0.08775421074889454,0
0.031469436966456016,0.007385308094987586,0
0.9758300889661058,0.9931806968063103,1
0.11578646430962582,0.1457501341257693,0
0.04286047153735429,0.020277666052908802,0
0.1113487660915342,0.12016405539906921,0
0.07822277627737721,0.09505070559370978,0
0.9296378847942087,0.9346874763584948,1
0.06623277406954609,0.05405627842256117,0
0.13214258788352604,0.0812892734922041,0
0.09760849282677778,0.07912080384053564,0
0.054199455032486965,0.054496054041770915,0
0.21495886667646186,0.18975245967454776,0
0.012178946524861678,0.002818114441812041,0
0.011033760236829648,0.0028986335326419885,0
0.025214317251424784,0.05832086361878446,0
0.07392456266721228,0.145956831229048,0
0.04238625202180413,0.010895876524881583,0
0.9787726318111462,0.9975761622687455,1
0.10252512813651206,0.027563925231527515,0
0.27204277381939734,0.237212418840787,0
0.023647950317315702,0.009661703289306022,0
0.058897383792820876,0.05819899758352199,0
0.16516414120255157,0.15438779579205605,0
0.16785186767648866,0.17920629415172568,0
0.9456072731780011,0.9962743782026734,1
0.06025569248980985,0.06602462312647915,0
0.008555986357393157,0.0019631915696945073,0
0.017052204060914882,0.0014724273562927892,0
0.04121242171427612,0.03612480447528886,0
0.21817100199173775,0.4224197041090344,1
0.010443138109913108,0.002419367741961751,0
0.24394928273938374,0.23383040925964088,0
0.13985709332157062,0.09852828889376526,0
0.1560490287571191,0.18143173926817197,0
0.9698583100100227,0.9950360374766923,1
0.7970420999415527,0.8570300131158334,1
0.2466922985805344,0.14243281593995513,1
0.09795688730311106,0.1075590037899265,0
0.01947248085482709,0.005979844642088046,0
0.1274685488352802,0.040124024289643935,0
0.1846432136640824,0.1926325714442387,0
0.1999885512832499,0.1365802029037494,0
0.15529467297908095,0.15253974869545026,0
0.1498245166799214,0.09348108362734248,0
0.0668194565667998,0.0525799430427734,1
0.10287276943287571,0.06498231676282487,0
0.07100620453843617,0.014246367763997876,0
0.024825192458355214,0.017669281220294368,0
0.03037684663277313,0.020895684693724548,0
0.08031682204127631,0.07370855054765137,0
0.0767960998884355,0.15797606628763314,0
0.03433089629890016,0.008089380487149031,0
0.12256257344915046,0.23722030160541985,0
0.7772134101781715,0.8115994771481432,1
0.11991462919079779,0.10357680757222294,1
0.024067860598077955,0.01634616969551156,0
0.03761548691827767,0.01067783857051378,0
0.20644212548516544,0.13271978501455714,0
0.9476321385297689,0.9992200884990753,1
0.08616341688527296,0.07504711366504138,0
0.14711582813930954,0.07337151358785908,0
0.16677231860525615,0.1445079334216811,0
0.09099123528619303,0.10524254197865895,0
0.031118076353010216,0.004206704220688657,0
0.2479149596855517,0.2134267007065648,0
0.3295836362099995,0.34796184422153187,0
0.027313050030468952,0.06265344647022875,0
0.1445872712766237,0.12246593330963865,0
0.14598957745183924,0.12611916458327893,1
0.01705140448249829,0.003923315511319265,0
0.10424497491718968,0.09170069561372558,0
0.012383672862591063,0.00260777828323479,0
0.018461352768979675,0.005704793055913747,0
0.015753839464141522,0.0029534478246333678,0
0.9684934649932976,0.9963893814971341,1
0.10373151591080527,0.08017708489291953,0
0.010407367969684623,0.0005598196885633137,0
0.027289686857524528,0.014010243500610973,0
0.15677455138552157,0.19488869432623385,0
0.4919190923950181,0.5845636987826356,0
0.19764695193738172,0.13887993142217592,0
0.15582987679907329,0.07772503571157903,0
0.01688442758320971,0.008130650906364384,0
0.06579463555970991,0.06112133730968294,0
0.10087271275383561,0.08822495875565228,0
0.9429474201589595,0.9988016093867095,1
0.018253481876989785,0.009007388176873198,0
0.18358196214832684,0.1815226026711782,0
0.01075433076372204,0.003924577068503145,0
0.06510089939132598,0.12089930886291785,0
0.01434022873182641,0.004915814470200553,0
0.013502848809854988,0.0076052375108680405,0
0.14743925974700128,0.11423708998434708,0
0.27271911281951855,0.6714068760681212,1
0.15542662072129332,0.13474322134881767,0
0.10609422621286269,0.23640289759485694,0
0.9773505930950467,0.9968243749291467,1
0.12575600655224503,0.20035136654633562,1
0.08952697948262195,0.06817767612077143,0
0.25309949584284697,0.2689344442904299,0
0.061315847711275066,0.05454678948946915,0
0.058780156044049195,0.061668711767564686,0
0.0381260111046949,0.020511610359400585,0
0.029765234055183578,0.0009411013079596114,0
0.9182265889456395,0.9841549686564052,1
0.05722370967712315,0.004586800601149349,0
0.12554491407785354,0.19257230238956882,0
0.19807336013467972,0.12834731328215182,0
0.18422266579410543,0.16662403793402236,1
0.2082338545447331,0.22565183532055913,0
0.13135508271194707,0.13353615210686617,0
0.05565532798304237,0.014157721913998092,0
0.04639271496279174,0.034176565168692934,1
0.17993377669838487,0.14517658011452836,0
0.026353058697539542,0.0005876032362637047,0
0.1635680484258572,0.1619451195624632,0
0.15915707278986924,0.13925948352622985,0
0.1003914648962734,0.15896248035053753,0
0.04146086923370929,0.013048679593665532,0
0.17402884344595526,0.1773438973749532,0
0.1466328799226939,0.11638620103201758,0
0.9793293999755357,0.9957050070844806,1
0.8999552101753047,0.9187945638320288,1
0.0301615320327513,0.01657748888055883,0
0.028014808812666863,0.008297731150463065,0
0.9439790125667661,0.9948075958486629,1
0.02302843792460297,0.009979598422763556,0
0.159035569980249,0.2049753809054556,1
0.21765444998109834,0.2735574127232722,0
0.16135976610991765,0.09664135179917144,0
0.159714179640211,0.142383198845063,0
0.0936733509127739,0.09635864443089916,0
0.15903632109043517,0.0976289775783441,0
0.034695579273857746,0.014085481311383308,0
0.03524612547784169,0.01401127243492009,0
0.06157889785870384,0.06048321917141342,0
0.9466048280004615,0.997318293312432,1
0.021626024617682472,0.02068220336023054,0
0.05285196695927331,0.03738294029016322,0
0.028385008104087325,0.006533007636906167,0
0.23142168476831637,0.24845909533445215,0
0.01168816729392651,0.0019958505151440173,0
0.08410028122988342,0.10898835052883084,0
0.8890191641825899,0.918818677242518,1
0.03554943245081274,0.007435667807091691,0
0.0662021293629395,0.07324731918611152,0
0.10109744893841895,0.04479718640938572,0
0.06041025917967517,0.06650174433901304,0
0.019072938270169402,0.003246028467415854,0
0.021609523779238707,0.006330208414772192,0
0.22230195388369603,0.2560168588567782,0
0.2089165806321482,0.14054911127752304,0
0.1089396900818272,0.1134234079726931,1
0.011606044384052897,0.004422270261456275,0
0.9799391799096897,0.9956399465543505,1
0.026843119732144944,0.008923506138098844,0
0.11547778715543101,0.13008980268935086,0
0.15138033126642178,0.15615435347118092,1
0.13673668841906403,0.05334161857836403,0
0.20231795392209143,0.20411645902749329,1
0.03976940239289825,0.01722112307471269,0
0.9716383753392115,0.9873601077168553,1
0.1986763886088499,0.19098990932385682,0
0.03583528197202425,0.022844779468555926,0
0.061373702246543274,0.04536030661276779,0
0.2177846202554186,0.17486396455161707,1
0.16615987945089114,0.14545681235449506,0
0.05773393234249415,0.05386923622726838,1
0.04791391476173384,0.016912361054620014,0
0.21617459721978877,0.22151107000795278,0
0.06778016312010812,0.10815003032366283,0
0.7356693240092768,0.8563266150363665,1
0.20393844382434417,0.16843209510129104,0
0.023583571456774574,0.015592419077054456,0
0.03538881826859143,0.015193038137508977,0
0.2828474722877232,0.253646350750496,1
0.021882842984852657,0.0038286045437267535,0
0.784363265763963,0.8306988245936409,0
0.025735024218524225,0.011215266858466851,0
0.05568581543399498,0.02670887159203716,1
0.04085541518337119,0.04802641505904085,0
0.032752702539706906,0.021291275503474153,0
0.04495465766244177,0.02773416587301705,0
0.7860079497047284,0.9548949402143102,1
0.1072496896179758,0.07250942467944,0
0.16265551069263307,0.13399805518015784,0
0.2232237919418741,0.15225757089431488,0
0.021952840061113598,0.009991432199308726,0
0.17893425210904412,0.18925515217887895,0
0.0693917677148739,0.02278989049767545,0
0.00769623551955182,0.006359475960588116,0
0.09539054535356069,0.060853766949881476,0
0.03980706758649595,0.015778547600482917,0
0.23929281759228502,0.24626610811419058,0
0.939752988802572,0.996446129788336,1
0.018148250766128124,0.008222109071181753,0
0.10266358255254218,0.07428965421085279,0
0.08224284810105209,0.01297055154151516,0
0.19200960851851706,0.134845129277,0
0.055895377387273154,0.03999436225666333,0
0.1456414514712481,0.12614017461264942,0
0.026293366552430097,0.013177806153783705,0
0.022222177422612052,0.0030867337363368066,0
0.05512606027916703,0.05786546540905062,0
0.13795300274396444,0.18269806146449508,0
0.08758163647915383,0.047426743146266374,0
0.22411629507579794,0.22822535951495349,0
0.23720569587661416,0.17684708785775144,0
0.7315330509113475,0.8732944830255638,1
0.12963690462301375,0.1813831811225041,0
0.9817117122488876,0.9989413967443068,1
0.05330708303436894,0.03751867967449754,0
0.10217497938471404,0.14537273551079408,0
0.01592117780559248,0.003040679902365724,0
0.01101902769375892,0.008280914844855523,0
0.015101029436414561,0.0009517253311160388,0
0.1982230137347044,0.21243953199129414,0
0.07753100252138735,0.05059684599542942,0
0.10508255914517746,0.08158741023249304,0
0.5552188723021196,0.40380347833603053,0
0.035350589147683055,0.005463259429098906,0
0.023863657870795273,0.028154972824088676,0
0.02933624652217644,0.02938033262543104,0
0.15200731344129068,0.15041998536331116,1
0.10163769117482503,0.114613068358978,0
0.035137864149813854,0.0034796972569884664,0
0.1389709685608025,0.13854443824090465,0
0.133926833573814,0.13044160900596682,0
0.19205908846863312,0.21065432909731252,0
0.1701558735521974,0.12070632884402711,1
0.09845601868499844,0.24633113860956224,1
0.2046017160856943,0.30922250673057516,1
0.04733165236533517,0.05328418384946663,0
0.017012570089521308,0.002543498624543117,0
0.08846139152868673,0.07650003081855047,0
0.21910843972087884,0.2234277776907614,0
0.33274799719508297,0.29743868344947116,0
0.020462746808311335,0.0033002934292104442,0
0.6741308294702306,0.7651275146739067,0
0.036365988954032535,0.02653301953794355,0
0.04359082606685274,0.029745062313592807,0
0.29532908601619706,0.32006963780293485,0
0.0913793310679317,0.020952169417960884,0
0.0781865702070006,0.08918480502948764,1
0.17124886682503457,0.21021851111208428,1
0.2563973423197678,0.2365645227504751,0
0.03200063172367556,0.018437676757822073,0
0.12312152832429586,0.17353756582421628,0
0.05750918252483365,0.024396229768697115,0
0.18358769920233142,0.17163803506478906,0
0.04164186213558346,0.07859757904134021,1
0.03213488554805582,0.009976679194413349,0
0.1610018698481105,0.14643604434800742,0
0.04755891012942248,0.05153001184554258,0
0.16250637534411524,0.13785716628398234,0
0.1490759299129083,0.16821922438876752,0
0.9599432377567673,0.9872732057432914,1
0.08469325801672657,0.049807445619608516,0
0.07763325517143466,0.10820159318649658,0
0.1211144795100138,0.14934205163878433,1
0.028285642392301958,0.01081904644503789,0
0.2159541081831067,0.16189945690225377,1
0.014622707034021645,0.006374248869786387,0
0.15175681092226417,0.18606816216843183,1
0.2877878472165272,0.19928415344161643,0
0.9800325047637461,0.9980643865953965,1
0.2169611599823036,0.1657283237073903,0
0.07514465334563378,0.08214566618467539,0
0.17781584878584275,0.1855559684728661,0
0.21615190184343436,0.2847254997277832,1
0.1234901723057934,0.19131179077899327,0
0.13826681565433735,0.11454573731946316,0
0.0399489914730658,0.012934050081834573,0
0.09427280300177024,0.1299154526061996,0
0.08125201107724604,0.04242420411806752,0
0.030937313487140947,0.0021681027700302395,0
0.16551970378751626,0.12258051587002596,0
0.17296065731842744,0.28583370490890414,0
0.008610443458955156,0.0024198597899458135,0
0.2632802497838263,0.35259817978169455,0
0.028368756999111233,0.012560304297086367,0
0.10028933038987276,0.19904175857619338,0
0.15614543490468155,0.17176207025392093,0
0.04425120864255604,0.0146887527475461,0
0.15401830744813683,0.15320919402418784,0
0.08171610795146687,0.0795293001369313,1
0.07773918873481399,0.07733383824913478,0
0.27488609640035566,0.1905959028691376,0
0.16952539494604066,0.18215880817871108,1
0.04611328450471375,0.05315845081171502,0
0.026353058697539542,0.00018440154466550885,0
0.08300734719649729,0.11152093109567543,0
0.1455729844437332,0.07385664349445871,0
0.15002910253268475,0.14921402543304452,0
0.03235810955845496,0.042821827658501496,1
0.1595813635019053,0.11025541795115322,0
0.03328449426097611,0.01147440129541069,0
0.11330622400319462,0.10735249632558803,0
0.07958994127882951,0.07641474154610021,0
0.09017959573956773,0.09389835539065834,1
0.06864623671570892,0.048057629203144485,0
0.06251409591685916,0.08926311671695407,0
0.7379054735348448,0.7984094146283046,1
0.02827828914736151,0.0006785025905368174,0
0.9613393842164203,0.9823198237587014,1
0.11188431406934286,0.14033995702470087,0
0.11692573155507577,0.08200371897674304,0
0.12301412176711919,0.11924527756564135,0
0.17983530274002274,0.1491360000594136,0
0.9175932513816139,0.9608945996677652,1
0.008004145447035533,0.0022568946353446833,0
0.14967425493098477,0.2221199945295247,0
0.13294946025263366,0.10195454601287558,0
0.16840672180587926,0.23085224956879646,0
0.8875465792388498,0.9584573139551138,1
0.11796008012925897,0.20452706771440765,0
0.1543315582938956,0.2219871465632236,1
0.8721963878385747,0.8989095895870646,1
0.0800226639775079,0.07401984554847,0
0.061909982154391405,0.04799037243045252,0
0.6939524746408284,0.7761526306102313,1
0.30322656352285904,0.37837467477392156,0
0.1702658106151193,0.15957665409575508,0
0.2071231563220507,0.1926696356731863,0
0.12030438569171684,0.15826296725758082,1
0.1082705980320588,0.07473517478861395,1
0.019409713213231875,0.002978202151919846,0
0.15644347087235064,0.17667008738656947,1
0.2558071048877444,0.2679136903486205,1
0.12409337929826732,0.15152170460110495,1
0.08865554784005777,0.10380722637585613,0
0.4149670326711023,0.29287260615167005,1
0.05529803439153781,0.04437254895584428,0
0.07850664935481806,0.01978928710507359,0
0.1264270168126761,0.046207063858539066,0
0.03947623671554002,0.03011111821813174,1
0.0888820676381218,0.07779370601711344,1
0.23586780931419485,0.18874927361726124,0
0.06536192388000599,0.11276477432430139,0
0.03398749593058448,0.01117316763179422,0
0.9632463788114225,0.9852189522926025,1
0.16635922997977023,0.11637768313576974,0
0.027552796623887266,0.0013709054204183737,0
0.13383942438460017,0.2612140503500892,1
0.03967605714971093,0.046744224528863294,0
0.20913306176046298,0.23626853871178546,0
0.009318633643215574,0.0020713902481689747,0
0.218158251462853,0.44260181548200006,1
0.07767440468178946,0.06070264906557745,0
0.031199562847978514,0.014855387464451307,0
0.05408730762343034,0.08057989459615122,0
0.1365757793768077,0.11757923308911608,1
0.09360817172989103,0.12423062031757538,0
0.04686905868370473,0.036794238240517856,0
0.0909199089526437,0.0735703880367742,0
0.20030427814395713,0.15810253719719108,1
0.099793872589603,0.10781291658368483,0
0.03449481402774965,0.03548724321231775,0
0.024031267768878185,0.014321273933403654,0
0.1297778761936919,0.07912171630578971,0
0.2306044095427133,0.25378783143416345,0
0.13164694594277898,0.09896995292416798,0
0.17219509609248973,0.2340500807436108,0
0.2203768277041375,0.21904646078574602,1
0.017594264916096246,0.007086082202288292,0
0.02962125254449968,0.010547726753083266,0
0.1368702962779422,0.20436389839220534,0
0.014554391994638025,0.0018344360967479584,0
0.9814629094959179,0.9964057738681873,1
0.16900016653564548,0.07326071386595126,0
0.1800560895589841,0.18938173477438935,1
0.014144360029010743,0.002826895264974959,0
0.021964501244229915,0.01658022585782383,0
0.012333500195219256,0.004824239034069443,0
0.0249769036260193,0.007480979033336285,0
0.17021321014269294,0.19013015129458408,0
0.11697135033424177,0.14115832730354552,0
0.049542427064667174,0.019501272076689165,0
0.9319152723238524,0.9711538849695814,1
0.31578135520485506,0.24028297133292487,0
0.0730412814551794,0.070405304424102,0
0.0901123029918757,0.0633498452794953,0
0.29744786562619796,0.3937637129784574,0
0.014795552905987731,0.005782421802012555,0
0.11526017233611374,0.18434010972355205,0
0.1373362931794447,0.1506481657830638,0
0.17866704993057425,0.23152453301394266,0
0.03423682207571735,0.010760903818502648,0
0.0311164718452055,0.026911927486158452,0
0.039510876093816365,0.008788325245389889,0
0.19519069988839122,0.1979194550943277,0
0.04288494017860182,0.046638210889421466,0
0.15161018743439625,0.16123341303174624,1
0.061374236202240876,0.035986771495913554,0
0.09140246841424861,0.06096522649133472,0
0.022850280330103615,0.006558481424194461,0
0.9554716941723805,0.9764951495393066,1
0.1862845369806566,0.1918580177602376,0
0.05322395460618863,0.06520343437250478,0
0.22493490878565567,0.24937737077359215,1
0.028263245190520665,0.011011157899560899,0
0.01217013189351908,0.0004813992195249037,0
0.11649797904713544,0.14894753803812363,1
0.25697059139347106,0.28619190816229473,0
0.9752068510061488,0.9946239258336863,1
0.051137911740433556,0.021964114896379807,0
0.016963663431863577,0.0016961667504422555,0
0.07953748939899785,0.07436180526670182,0
0.2525504716939195,0.30387086731885415,0
0.12311528222924621,0.12691823027733462,0
0.026974330881107626,0.000443841082791543,0
0.14761924592501954,0.14826071605341343,0
0.9793795965381246,0.9957744464371182,1
0.11851290470668897,0.08580731781398532,0
0.8543313440893836,0.8821406265619041,1
0.15058397765113152,0.1454432924233171,1
0.022222177422612052,0.007259619062847345,0
0.04340651343057173,0.049227972447011346,0
0.287124603125792,0.22684565888107594,0
0.08731139394647416,0.0797661346586712,0
0.08415943463268757,0.08890416703610339,0
0.02218428751422446,0.009258624088959045,0
0.14821535842476416,0.0723637546498297,0
0.03948304202852604,0.024979948243530312,0
0.15711405330351588,0.22403692898177385,0
0.0229156668759806,0.004426520600262115,0
0.030120141435680786,0.004473931778427795,0
0.05098222724357691,0.040316550806844265,0
0.040652582955006906,0.02915210626494615,0
0.018750347390417636,0.0018383529303936349,0
0.2459372142190465,0.21215628320835464,0
0.09932119265389167,0.10891635827537087,0
0.10043168443501964,0.13310028686293557,0
0.01723220100155473,0.0071567693497882464,0
0.03476953638424791,0.04139560157161666,0
0.06936296803341693,0.08398715084418672,0
0.04612964312136342,0.03708653371398369,0
0.1972943266108658,0.22485740763736148,0
0.9850639743660187,0.9974783864777141,1
0.1466412878756528,0.14506583944627297,0
0.03248746345611341,0.02110779871526399,0
0.017682388062794964,0.009274921111716173,0
0.17608229293748584,0.10885795353429598,0
0.1915572694208673,0.1440065183298356,1
0.06402989395279163,0.0946731291304914,0
0.05784320622248931,0.10286265370015156,0
0.21045857099557763,0.12543677196698208,0
0.11574755846830746,0.11356105128377866,0
0.028650026733391308,0.008005901241705133,0
0.025129441019167705,0.007604479444594491,0
0.10874679158156625,0.08692320877520095,0
0.15405445993707367,0.1975113039864801,0
0.008848932631941392,0.0023323147083651697,0
0.04451284708626255,0.06927466577380126,0
0.14172085819275035,0.1301628346901981,0
0.12017149748338249,0.16431379517040393,0
0.041157430754062925,0.02399281065425996,0
0.1813371585704746,0.11599519147122081,0
0.040386284671497255,0.024648614922947974,0
0.831115932052019,0.8998500956441078,1
0.0457591756334743,0.06461467822324198,0
0.10388011874065076,0.19608651175293834,0
0.1819551330665753,0.1294373465339775,1
0.1593458722080991,0.14571599011346986,0
0.25156000131505757,0.15680153804969382,0
0.30016871508185655,0.24331829466596622,0
0.9476321385297689,0.9992565441912091,1
0.06275797627694131,0.07912888266442433,0
0.01584126716423885,0.010421017100828588,0
0.917978799346392,0.9704308768744473,1
0.29494603303874445,0.21842626187579245,1
0.015548130938595962,0.0016349414359190305,0
0.19264504472893837,0.1939745442871523,0
0.08028545898132035,0.03898961759087298,0
0.036851262792679064,0.000626251449156714,0
0.9442849723972677,0.9885611525310626,1
0.16389111710172297,0.1929453068277038,0
0.17095380418354264,0.17381948264975342,0
0.7536514157797053,0.865611457838267,1
0.031158501806223024,0.009676740673613803,0
0.013524169874159752,0.0010540180671975772,0
0.03815425181292697,0.056561058990542055,0
0.03269607789247935,0.004069677485512353,0
0.2376454299217728,0.25189233945254386,0
0.1744728716038417,0.17573714722970532,0
0.0187380976774311,0.004308042532165165,0
0.1736218704683345,0.07729401658068903,0
0.22228578675675936,0.29570042360392085,0
0.9674936462173114,0.9923348554651414,1
0.07884288768244023,0.021839012472323602,0
0.1684277707071079,0.0960354752504456,0
0.08197319750766205,0.0657000901130518,0
0.23317432038695918,0.1884472794903995,1
0.10763677217400419,0.12243704181483749,0
0.11098352152905462,0.0924463655530876,0
0.21772016275107842,0.1861940049357476,0
0.018409076006592796,0.0043833523923963395,0
0.021652165350934557,0.006531407910381716,0
0.9264048633716594,0.9652752396858206,1
0.9434437476065748,0.9950000033991495,1
0.05039029092199614,0.05259062447710071,0
0.028770911446965614,0.027268450296418854,0
0.035948163276433194,0.015531396878751456,0
0.030699525915819308,0.01593245693312901,0
0.9639316745279963,0.9933041570495208,1
0.16746492094450413,0.1623237804996399,0
0.021055383212344694,0.0042739812958736195,0
0.03792574782658344,0.02190700894510535,0
0.02909251908132238,0.0017645358689866461,0
0.03932773016142253,0.00793750830665603,0
0.111309363041688,0.07992320883778731,0
0.07290239501162898,0.07204856498558974,0
0.029774490793251715,0.007616870755396115,0
0.10965427624366099,0.15438482685347987,0
0.12462099575933629,0.1246190184457884,0
0.18660475716011285,0.09059348788443398,0
0.12921813801360368,0.08384140951229514,0
0.02904162651261234,0.017574677077355313,0
0.07897511898091499,0.052599546283587276,0
0.040822688562440715,0.0054749643047851335,0
0.03582500852539777,0.03233294959356757,0
0.6105217283830455,0.6598795447231557,1
0.03488060877120594,0.02282497561809469,0
0.1063026491616775,0.0649250668890471,0
0.16094622552317037,0.20345697204838492,0
0.10612590400257493,0.10457376132643097,1
0.26635836662473256,0.35340892239559546,0
0.03235088940026598,0.018111295588601542,1
0.11772587505375309,0.04170795010757379,0
0.053194330003477175,0.08075108288773099,0
0.9751677575613037,0.9889516336291256,1
0.18179619148147724,0.11660464647246217,0
0.0939336372014712,0.016135647795189313,0
0.33351601739501074,0.27676202289619645,0
0.17021255677787892,0.15753560070270978,0
0.13726883989575264,0.11194059944176532,0
0.07375961261624976,0.04508241568701576,0
0.2835648905883924,0.4089283770570134,0
0.245724701792148,0.1310508323958646,0
0.043778363289885665,0.029436441741212037,0
0.08500620784437453,0.07373108836641203,0
0.13764798482515855,0.11535836933534797,1
0.031237285812498895,0.028128336951620328,0
0.12213996548725074,0.12897921757434322,0
0.01787814186324332,0.0071631213473202,0
0.05045044717729491,0.056098191789594944,0
0.07055982344989893,0.012509609611488889,0
0.38711581230098163,0.3288056577944787,0
0.04430793785066443,0.029386045297968743,0
0.1967834196947693,0.1399728886369697,0
0.12924230789893704,0.10204871727797861,0
0.8876048430214724,0.9483086283826588,1
0.028619526864833548,0.015982509319236785,0
0.13878503997582659,0.23420682346406263,0
0.22297454769799266,0.18207472790434442,0
0.3059357014468242,0.36533121090015064,0
0.022451340824052833,0.008294976431150522,0
0.082292895041596,0.023778006643267787,0
0.19388761539844704,0.16559791012326205,0
0.05456404463342068,0.03055121063693986,0
0.18209735668267496,0.4172994726327853,0
0.1541305048569274,0.11258546790299605,0
0.20500704791158508,0.2612527056894328,0
0.6816985284595715,0.7661288249260936,1
0.03650603675685635,0.016059958094433,0
0.2124309596257077,0.14231815686404373,0
0.020206056306794177,0.002366232873486724,0
0.02941893573984526,0.003211093904100597,0
0.8869692718787083,0.9382934639757405,1
0.024529335761043724,0.009501903910261985,0
0.22570309349754133,0.1503304731665734,0
0.07028713903298375,0.05520317561982721,0
0.9523193136019898,0.9742494697991456,1
0.47549864578188566,0.485778122776321,0
0.16882505174440657,0.1691951599072877,0
0.3935565906391455,0.25629266349137975,0
0.17191063145905475,0.1261642979110166,0
0.17386951904127532,0.233594016109912,0
0.10968791886791487,0.04111686178912313,0
0.15898351548200446,0.2131616636056135,0
0.1434583348726583,0.09151134901070261,0
0.2730450434092066,0.3282745635071387,1
0.05838788878878386,0.048782741434357915,0
0.011616471747241943,0.008037728082472476,0
0.7719243205962079,0.861213686717151,1
0.16800788726972127,0.17568084814866805,0
0.9012073795447808,0.9261299412769048,1
0.08538067345465174,0.0662383227549077,0
0.023071933133239162,0.005134788081936286,0
0.2666881841385609,0.17601945440573027,0
0.33805561816637,0.22782027622605477,0
0.07395464799609025,0.07415036111479026,1
0.8647366332921302,0.9605486155205061,1
0.17187085844568617,0.12177444844236447,0
0.055139266018396534,0.02096294607804799,0
0.07869802983265295,0.08768517365267994,0
0.18529400339565572,0.20257349771772032,1
0.03169081823209997,0.010628282237495125,0
0.19128967390681956,0.35772926148280276,1
0.9575700587064537,0.9930634397082854,1
0.190983568011322,0.19329493312790957,0
0.18578565731577015,0.11171947672233105,0
0.2670026954305431,0.21254878023091614,0
0.15325983222456724,0.1194941306541149,0
0.019315825731807207,0.03241208087325328,0
0.06257929209100824,0.03824165037010723,0
0.2031592284133823,0.10746530775463745,1
0.0860381171646833,0.07428487389987139,0
0.04644135575443232,0.01318651082987134,0
0.9664907581600845,0.9952355896418142,1
0.011634429110081994,0.0025249088811972803,0
0.1491356633188524,0.1798434236067931,1
0.04628449681532788,0.018823683495455365,0
0.14890948426298323,0.18909493931902988,0
0.05285371436296304,0.06526739158057575,0
0.08773315269828424,0.0936105360250569,1
0.012859668945432362,0.006303087292538516,0
0.19293497130695828,0.2793494953895991,0
0.20505644905427198,0.2220437627955786,0
0.10606554841694792,0.11381003701543449,0
0.9689295215507593,0.9835610851389163,1
0.9802159485559514,0.9896959549088709,1
0.17665599276829222,0.18006188185101743,0
0.021964938810444312,0.004757162214153093,0
0.03430630394472844,0.017591291452554177,0
0.11389970249410655,0.15060635587503973,0
0.15182395223134212,0.07776032330832237,0
0.17226377067634532,0.105173626445726,0
0.9476321385297689,0.9991090164588552,1
0.9219344062049832,0.9796375204020262,1
0.035763375653558964,0.014919721285863975,0
0.2519304355444481,0.31583414830485657,0
0.9763502564700391,0.9965857041669463,1
0.7295127381382158,0.528319428122915,1
0.018787584476619566,0.0041640859216387485,0
0.03051030119866382,0.016074883963045853,0
0.2719850362455626,0.30246353282078214,0
0.0073263242281413465,0.0017020120994128993,0
0.9788414741073591,0.9974248691412626,1
0.025986971359571117,0.007038329894168391,0
0.14022728563361875,0.11204632032888157,0
0.01660954704814371,0.0017553062158496221,0
0.08150927632260321,0.06874484840699385,0
0.843334084948428,0.9182459815090408,1
0.1273784168767368,0.09974087537288595,0
0.9605179196889706,0.9774740032198279,1
0.20909297919150724,0.4142562682248247,0
0.05734526855497459,0.06310388026023431,0
0.04468562068722609,0.01418853082722271,0
0.023783796208011233,0.006048840939475587,0
0.03863901590019926,0.007901307120874205,0
0.15506553286691577,0.3352040233107118,0
0.07342019171773335,0.05555072043273888,0
0.2051015109000818,0.16086760688069615,0
0.053819084031554325,0.11029433757438162,0
0.3011526817881009,0.28419522920314244,0
0.2673631741426678,0.30600898966582846,1
0.30409954457055904,0.19118933448642364,0
0.23998563377188423,0.22803357532609445,0
0.12619255822145786,0.1641977643077427,0
0.9323618794292209,0.987739881075265,1
0.2051680710498327,0.17076399035764037,0
0.8586185360915055,0.9205719241508135,1
0.21383605423997182,0.12856314759820486,1
0.11051853530375894,0.08047556545950944,0
0.08359384354278915,0.07371583332776042,0
0.03376749910098295,0.006853701834685289,0
0.09493897502923035,0.11389930879172683,0
0.10159414603847429,0.06200062761025515,0
0.4117870779525656,0.32627237977936857,1
0.07285592932066638,0.040641374284262136,0
0.01949729996482435,0.006751009333052648,0
0.9569442306841177,0.9770942496655065,1
0.19137167546395478,0.16601549740111926,1
0.04660406480108371,0.04246632642940464,0
0.024349984303862343,0.006621007976242522,0
0.16049801025483,0.1844077855189197,0
0.14876907580133364,0.15796736837769423,0
0.009966382397765731,0.00262110004064591,0
0.05131554355620699,0.05337532360860616,0
0.16151643973245294,0.10448162701713803,0
0.15928253812577,0.10866525526277557,0
0.1268877210023085,0.21671688861966065,0
0.009238180707328852,0.0008852519171930816,0
0.03030466427122838,0.0014066317288035381,0
0.02502082668540696,0.01359600980298346,0
0.02077458108060591,0.0019519124195260288,0
0.014644029261748653,0.001232895486999442,0
0.06529021307113157,0.06939736968525714,0
0.12165304358802637,0.13947269004942278,0
0.1949199465944921,0.1762030184417856,0
0.018862092296086843,0.011109278955164146,0
0.9142127117369238,0.9485236073862144,1
0.08319866461158697,0.07622712305466854,0
0.08988213883201622,0.045518348617525684,0
0.21592244160971721,0.1718454865159717,0
0.03492102886021415,0.006020592628049947,0
0.2124221084139963,0.2548572451462138,1
0.09999325691444347,0.07978559799293206,0
0.2651289212290184,0.3851596884681245,0
0.9672055999524856,0.9964984290412392,1
0.12640736128072688,0.13031190937977796,1
0.026350556096606872,0.010260042512174956,0
0.04601100367296351,0.04412900920693235,0
0.012017519509166994,0.00044052196696388096,0
0.13064365880223777,0.13673705201847008,0
0.15944235685221408,0.06713363604039246,0
0.04228684675664415,0.008449601530636024,0
0.18946213924445368,0.1789994781980999,0
0.46798582515724396,0.241220698947243,0
0.24009897110147552,0.19446642650694929,0
0.02799733551851352,0.0018980878080335612,0
0.06516876728671249,0.08556446870911114,1
0.8167727510932652,0.8534783402665579,1
0.01995434977036186,0.005234137551886346,0
0.03249348205000587,0.010302496154754471,0
0.1997866907319148,0.3462987943509503,0
0.03788929248731075,0.025661804790013548,0
0.9704487390200955,0.9806490984259425,1
0.3002175941463158,0.3016395141384899,1
0.08426709932694353,0.08237702885997183,0
0.0328595295352417,0.021952861600876963,0
0.018324721860848558,0.013635576014435102,0
0.17685995818514536,0.26498575167693783,1
0.0635830912024435,0.018266176702834952,0
0.20321654824935734,0.17619584731022817,1
0.06724093570301186,0.059499594598220226,0
0.3099000477538955,0.48696291004204995,0
0.02677492365203917,0.010975943103273059,0
0.09564110041899322,0.13917420095844177,1
0.9533162969389545,0.9717811856068952,1
0.017852101017439267,0.0019795274230704893,0
0.09775296043228357,0.06574793825800627,0
0.4822902489488476,0.29376322410485556,0
0.057549299425965046,0.0380592993351178,0
0.07442502644154644,0.04931108047404071,0
0.23191915812319644,0.46009192268021076,1
0.11998190554240852,0.07853082419691962,0
0.07280488949959424,0.042180603161425925,0
0.010518578147903865,0.0020312323018438732,0
0.1058664278430599,0.11037849052645006,0
0.9154068783041497,0.9366942892467334,1
0.022679492305940224,0.00014437069360099015,0
0.14217552282720466,0.19683406647204246,1
0.1107386682361076,0.09802338561272404,0
0.020446197106363424,0.0054890207296586745,0
0.9692233276834697,0.9959171864790876,1
0.04431099710642274,0.04082686556626238,0
0.8547443212134496,0.9331564945744453,1
0.10732647528673994,0.12887370017627672,0
0.381668982255401,0.4353644213260952,0
0.1401427071584496,0.22694930397134183,1
0.03981313817998266,0.0425293077870951,0
0.07860404116363992,0.09245339001507862,0
0.008080205775225537,0.002245676156601616,0
0.4662827829344919,0.5156092713836392,1
0.020327257599638396,0.0017050171305007507,0
0.26754327031325936,0.2919833091245632,0
0.9846915759234529,0.9956136350238652,1
0.11740153750790708,0.1534292667519777,0
0.04612950788042216,0.10599500741412614,0
0.9760320224658084,0.9930920124583313,1
0.02306101328737271,0.006286540260811613,0
0.9597313769555961,0.9963836824880818,1
0.07840455284570057,0.08055369560534348,1
0.9255245136372737,0.9955305177970633,1
0.09027657462217226,0.17004776163951882,0
0.03418308311971012,0.02733602719529409,0
0.06630846903439122,0.04556376146959316,0
0.10423166814875577,0.16233911151415498,0
0.018619810673503556,0.004423590378800072,0
0.011509871291776181,0.002030118588138575,0
0.04553847355903316,0.013288145517397432,0
0.03393313919843266,0.017168442763957157,0
0.030478305936794476,0.003938752387243053,0
0.1720334149244067,0.1765750984856572,0
0.9709551618409074,0.9949561198748303,1
0.21017185639794683,0.1771873854837396,0
0.046308331630362944,0.04206159086917174,0
0.05849190455384656,0.06967233388062892,0
0.31436083704624335,0.4277556923404813,0
0.2876060091252937,0.23141718476303832,0
0.04270688327153567,0.005876302608435184,0
0.04111806494772476,0.047565374118146035,0
0.8957658656950709,0.9151174998918405,1
0.06524884662317293,0.04352544431339274,0
0.1829930002917899,0.22596186522067827,0
0.04326658645021682,0.055321673752421426,0
0.029926383200787398,0.004542752801572433,0
0.1275857726181434,0.17418878827767303,0
0.03625984777925315,0.03868402648667031,0
0.16721545560151238,0.16926708074309932,0
0.14808915125568803,0.12810046777056638,0
0.015467276573272359,0.022711491763447385,0
0.2133808195477167,0.19428420717772674,0
0.1903826165160947,0.13295419230975217,0
0.17930702497060652,0.11024440876518947,0
0.038850298335826115,0.07130350623137009,0
0.03177588003349335,0.015537333834285093,0
0.2859628728591498,0.18755028883538608,0
0.323402375028039,0.3607989538520345,0
0.9499585875134655,0.991213276691801,1
0.08064358552736876,0.14848852075417043,0
0.051388911287635654,0.048562240144020725,0
0.0731589808425027,0.053529643838479024,0
0.06677477465437681,0.058173205471619076,0
0.03174335538559896,0.011411477133344446,0
0.05548531403970684,0.04830650053388689,0
0.014624671145501195,0.0028103083909427453,0
0.021391099184132126,0.0036221746002320808,0
0.14806924175710376,0.15135758861243293,0
0.08492466315396477,0.02396857595201363,0
0.21101305954237784,0.27211941321675964,0
0.061289084186984547,0.06033073572792628,0
0.04703016795784624,0.035618682879429514,0
0.0350991834348957,0.002950077566993042,0
0.25207225032782027,0.20327433702737585,0
0.1080369628481886,0.14041206356600344,0
0.11617189244590126,0.19384775930214102,0
0.24817097808450964,0.2871265487928529,1
0.04794243677502655,0.05035280294907483,0
0.07969821156300555,0.0687503192726397,0
0.022689899943931533,0.012034571331972114,0
0.09757270246326882,0.12691035201635048,1
0.24863370889083103,0.19165527910580354,0
0.06540869809503011,0.04603682091976582,0
0.16880252403236348,0.10356194737851217,0
0.08700469828823587,0.13832077203693577,0
0.2103131920254433,0.3423753612547292,0
0.021526305075969632,0.0076926028614877715,0
0.06589748622016493,0.038390990549427816,0
0.3046137934196379,0.3648355185952816,0
0.7233655370468864,0.9280794872117688,1
0.07528784312554102,0.03307835364703082,0
0.0907839222105318,0.10083620571970003,0
0.025916241847433276,0.0051482177738351185,0
0.03555807420628721,0.03472863706372569,0
0.19038798988854197,0.2616970407627976,0
0.026952720080809452,0.0373433976534764,0
0.02910456598962715,0.03247527097847037,0
0.03833448808886437,0.02626586755465921,0
0.14132468366431541,0.1060010148850669,0
0.23499280170197878,0.18297764698347183,0
0.1401302103893914,0.032948475605495575,0
0.2009624868837283,0.1736323548039995,0
0.1089829759890978,0.161082209572293,0
0.012051256319915086,0.0027723668175029773,0
0.8928272418242185,0.989892758421865,1
0.1642469849832071,0.34484641760119633,0
0.958326350716321,0.9944517113677452,1
0.08666158446170316,0.049613262648147034,0
0.09592229181027774,0.09458137491710512,0
0.19179739598335524,0.15789523325270272,0
0.2049370519177839,0.20673356613300384,0
0.03197895692855282,0.02588823424775468,0
0.26017552563588253,0.29419184684006394,0
0.15698575935669343,0.20788656963209756,0
0.12445829076816542,0.12921156598369207,0
0.1262141441362871,0.07940823800437148,0
0.4782114945164069,0.37716210242233345,0
0.043023898438329385,0.02369896669188164,0
0.0358872754874468,0.01368388858406644,0
0.26396087942744517,0.20349465308963818,1
0.039541573766811965,0.010874081269437128,0
0.041387219299997016,0.03182470627169469,0
0.0057866518065353865,0.0014400732033602534,0
0.1147590849612771,0.0746148309616381,0
0.9599704022352353,0.9930770817916111,1
0.019355891675321146,0.00579092196311459,0
0.3221076742433173,0.4398840878645253,1
0.01899263866013086,0.0024652458444029135,0
0.9595842672544697,0.9932460985046243,1
0.04387412983249078,0.08803094114889834,0
0.016722950632086498,0.00975420172156556,0
0.0396742716251823,0.019554705188003743,0
0.04005233155585996,0.03451248605685909,0
0.21082296977209605,0.2072436663789266,0
0.13060405346035991,0.1416927040059945,0
0.06728327468839324,0.08571674043095387,0
0.3766858263296908,0.41804379484462356,0
0.08836289907360662,0.13012059482440125,0
0.11631577733888629,0.02705370945486597,0
0.17707832068315033,0.23994099628053148,0
0.04147731737261131,0.04414607235309291,0
0.18337821133232265,0.32220086800149306,0
0.11587531211869612,0.15635877320627406,0
0.027778048675258557,0.017756061744636335,0
0.19171604609283693,0.2542930715769537,1
0.9715900495844526,0.9954401463333891,1
0.07198366629122914,0.06540447700476193,0
0.19079513119464875,0.2756474511286049,0
0.04642024363731384,0.013869888810416956,0
0.10666638590945501,0.10275623387891453,0
0.05488164460609002,0.058688235901277155,0
0.027820353487075396,0.015489240377044121,0
0.03687315585852571,0.013522853041541513,0
0.09394322295112033,0.12047147109895943,0
0.9472274310811053,0.9641395280519416,1
0.0905533842602611,0.1542890281849601,0
0.02296138104914525,0.006479905401999484,0
0.7090861185211519,0.8245373276456637,0
0.028103217896360253,0.0012856978421909,0
0.1113719899139881,0.1312287425996589,0
0.02041342448771771,0.006375137380758757,0
0.028302991765587905,0.030222812137073483,0
0.024973993737587123,0.0008724033389908859,0
0.2080968460019776,0.22181615815047978,0
0.07912474350828215,0.033944957337094066,0
0.026353058697539542,0.0002877079611812328,0
0.07066156689369123,0.1344950373937678,0
0.4142538013231016,0.33755966943983245,0
0.10522372653125955,0.0855474858649574,0
0.2096814245813244,0.21488979004973013,0
0.13743724704454116,0.06334244665500977,0
0.046596689427991944,0.1340495904433359,0
0.16845376216991537,0.11363008199350699,0
0.028812736414081667,0.026281279648048644,0
0.05655305751984687,0.07199909795920285,0
0.0776077343585719,0.051775002604553554,0
0.038462461832159976,0.029450522864670186,0
0.20711616799801866,0.1683182643864354,0
0.08000500465916024,0.07538970184388058,0
0.019372597308324975,0.010356529377986548,0
0.02860154238053235,0.010715000952871732,0
0.269086675536053,0.2622774810478755,1
0.018965853730877356,0.005200905842470763,0
0.057199413903925404,0.0877320441322724,0
0.10859588605743771,0.026925372292458744,0
0.08661187814710068,0.04267487224302165,0
0.24160555060061095,0.3328182971728109,0
0.8628587635803567,0.97804862082972,1
0.10950847640617131,0.11981404779671279,0
0.046267234488960605,0.0045472365976496525,0
0.03315314689548863,0.015318338763865716,0
0.05842538775997115,0.0606154723762566,0
0.05293508013575532,0.02140882320801205,0
0.012601709761857727,0.0015938592945221003,0
0.19217197017601806,0.17666668763802282,0
0.052891372024570754,0.06643977721607494,0
0.9827419016075044,0.9886632447609743,1
0.23801284727248587,0.3991626245724504,1
0.8656046716092421,0.9821335555991987,1
0.9693770176478309,0.9925027700614468,1
0.1612636390407896,0.040002458961330645,0
0.0278931078947877,0.019310198310666955,0
0.04442886778002995,0.10782871816878595,0
0.10215533415025034,0.051494882295814295,0
0.2170669154657914,0.15475822471677458,0
0.048119125264159575,0.020884454870584962,0
0.04190092005468411,0.02119820887352778,0
0.17802588261517455,0.1743310583283851,0
0.16824920541950855,0.19985676753198045,0
0.09234987081472251,0.11551556820971204,0
0.08566483564708703,0.0955228298601813,0
0.21524662378771126,0.20772505727691015,0
0.04053061619819167,0.0662304940479417,0
0.052165727985032516,0.06703236248991284,0
0.1484303945748268,0.19709348014730277,0
0.025048537213154167,0.007272009765703951,0
0.9764478652189204,0.9897848441248122,1
0.07375673330688795,0.13473846015317345,0
0.06216137348243876,0.06561207175917753,0
0.03394401458799375,0.004095664715799288,0
0.030486788992758328,0.004093034508236582,0
0.01067518634049382,0.0016883403885852779,0
0.05659871871192672,0.058761203566666025,0
0.2354364649026995,0.24144813215368266,0
0.15224725219814828,0.023844574490320188,0
0.10857594600645411,0.08202752260613815,0
0.24884084264611234,0.28297084114842125,0
0.2630784613931367,0.2254779712753741,1
0.10562822308273571,0.12582968328634908,0
0.9737092670583993,0.9921484084455114,1
0.955012976075117,0.9901291892125696,1
0.0700823629386642,0.044422842400339876,0
0.02620454278395894,0.005225836743075622,0
0.09494413740517066,0.08886010347742712,0
0.5876555657349303,0.6398331522144477,1
0.10660035649157668,0.058901532377632224,0
0.08455034926594789,0.019745059609244962,0
0.13168939263969817,0.1265327305492591,1
0.027234855686676614,0.006484921773140291,0
0.11757289145029128,0.08109968964604734,1
0.02037985546280587,0.0070344160957364135,0
0.19647295641755871,0.1037794432336141,0
0.03934917246520063,0.012076593243978305,0
0.9796491826794304,0.9952755019817302,1
0.10046737689466671,0.09083842241805101,1
0.04280947100196691,0.04330875628738926,0
0.08629918745449902,0.04400615207961284,0
0.375479331058324,0.22481301867590037,0
0.1432659094245955,0.1582661565245163,0
0.33198196035771443,0.2606981801159622,1
0.053533131015275404,0.035549315612955525,0
0.2976414904137672,0.212073793917844,0
0.028018660041190684,0.03508711869223923,0
0.19450621708843094,0.23021290816259188,0
0.03449216522223822,0.017441731152441645,0
0.10321943447482078,0.08475368044624966,0
0.9618822494457567,0.9914314080348812,1
0.21552875143399347,0.24467357638291978,0
0.15039347293240657,0.08014517011454127,0
0.033247009089429236,0.01650571700255549,0
0.19908269957839933,0.26132981688448653,0
0.1313468763898973,0.19144495738224585,0
0.28115874443637245,0.2607271997556698,0
0.8572570391095196,0.9250687288385784,1
0.14264863075585626,0.23553156322521698,0
0.09316308070474219,0.04533295402505538,0
0.2012200172216909,0.17335510391340084,0
0.14355573043906963,0.10493125300650798,1
0.04479040530507324,0.057885180063878085,0
0.04363625817732652,0.01895287246328255,0
0.0556284873895164,0.019868552891768688,0
0.9682419713459751,0.9954084566839849,1
0.12967687952685852,0.06490816216096239,0
0.12890275969563536,0.08600515438825974,1
0.2793850136181256,0.28689017577251374,0
0.34249266455890526,0.32459250323844524,1
0.20697307856495187,0.15979978304930229,0
0.05765978235966088,0.07872652806102502,1
0.21871030436445338,0.21158172246767254,0
0.09021539425639714,0.03804284559973389,0
0.12514852201210144,0.10323177797248982,0
0.13504563999268207,0.1444022561766514,0
0.07593190198316002,0.06385812332883933,0
0.1583776565504259,0.15290356378481534,1
0.07316350557802118,0.05749222099458963,0
0.08839366242063307,0.15993550655421418,1
0.22675707356060126,0.19006132837691542,0
0.9570724270467406,0.9599002711392634,1
0.026273043691399604,0.008893694467395989,0
0.023358692612594052,0.005699954888918743,0
0.059285860586234966,0.054082591120388546,0
0.2729858682627325,0.2759574793408228,0
0.12683101115772433,0.12679840797710296,0
0.07647869360082724,0.04096783234281276,0
0.024105090586757444,0.010351563086384444,0
0.5707004486034595,0.6577729394993718,1
0.11859049468325303,0.017085404541436814,1
0.04531019617535422,0.03256436891541068,0
0.06526432931194047,0.050795622382176456,0
0.9764137069391826,0.9949454602828489,1
0.12446598089287657,0.10117992510342837,0
0.13177038147667366,0.0717981344653606,0
0.20622779911572697,0.2795750034855611,0
0.22705321881820206,0.20324751277120814,0
0.26140901775057307,0.3091561937132814,0
0.12700801638801376,0.0950751767729363,0
0.15008647820714,0.1656997528243757,0
0.05868202191326035,0.026801546374174954,0
0.04851479663459783,0.03866285996593423,0
0.2791519499722884,0.2186533065711638,1
0.18385389110410932,0.18051583084507605,1
0.017028059486269218,0.00956043947692229,0
0.4172888820305643,0.27672376640736857,1
0.188146677546943,0.17716710495067534,1
0.18078489351918114,0.13473005121280676,0
0.0229659085366822,0.004468267624756093,0
0.9838201943083841,0.9964295465192704,1
0.18830998973947882,0.23352789832658127,0
0.07927283183041207,0.07987418625951968,0
0.9476321385297689,0.9993514241356243,1
0.2409293422602983,0.15499145957191532,0
0.06238665003607869,0.06980730743176339,0
0.18225850149995843,0.17927299287240708,1
0.029408277269149543,0.009529410542183647,0
0.9652012418502129,0.9826514943995586,1
0.9761265973714016,0.9892503654842661,1
0.9718567391707493,0.9943695347751805,1
0.15495358635490974,0.136484958979759,0
0.10490564342369832,0.09211151937079476,0
0.3855566709153063,0.2529363060293518,0
0.17351245155689674,0.1620038768557896,0
0.16939295174667815,0.12299774560444277,0
0.047800733232061667,0.052083605634591704,0
0.019672906837588065,0.007371561726927047,0
0.02730378173081742,0.014398203424556541,0
0.02150917715624322,0.006314473820629601,0
0.08226265191895889,0.0833573636958923,0
0.159605117533075,0.17291964730230772,0
0.04905368971249029,0.051515663615154375,0
0.12156471567234324,0.06425576931728837,0
0.15320834478546563,0.14560988115521278,0
0.03455605230520835,0.015328627821968999,0
0.057060641570826756,0.05566019105135246,0
0.2378248001711433,0.22621768954671856,0
0.027950108714390836,0.002279864758548074,0
0.02938550116353437,0.011755035815051038,0
0.11299334815574134,0.07892924777018012,0
0.2755852239165965,0.2673553825576334,0
0.0693245390751011,0.11124503653209628,0
0.10586512084737346,0.03395000648626273,0
0.01461535428907192,0.004469257983537895,0
0.23713454037231427,0.26399464635259545,0
0.04959365778842012,0.0030147397127507298,0
0.9694632730765765,0.9867058152543344,1
0.1968684541568532,0.20269247737595847,0
0.07163253559116656,0.051915386719502944,0
0.049106270263401454,0.0923252522785539,0
0.017820251223341584,0.009897935423424197,0
0.18047276404138504,0.38811873103142913,0
0.0769308450200874,0.02630528192229352,0
0.978691476887788,0.9974814912674139,1
0.9709804917968897,0.9900451476683562,1
0.17529137822903962,0.14590270979896128,0
0.19795062380758488,0.3383932175582502,0
0.07434316629871854,0.047804927094478575,0
0.10773422248549461,0.03143160985548092,0
0.16161026077611132,0.21878738682699866,0
0.09577722663458338,0.09691981414757216,0
0.049140589510934335,0.04260055192120954,0
0.20464383236988024,0.15906566457911087,1
0.006017423343301903,0.0007063582305029682,0
0.08641181747494676,0.2180418683523206,0
0.11774044394545762,0.15679688278628842,0
0.015249913228999183,0.009361535694748244,0
0.19731882276156731,0.2620052927702091,1
0.11672288125239887,0.1334887504876135,0
0.04722984961692144,0.03192484074484129,0
0.1043401025686912,0.09154583462509189,1
0.33210466605302996,0.4414623154646729,0
0.04534706385912859,0.04836104638266254,0
0.8914603815913067,0.9223695691236184,1
0.12476190596540679,0.07421701601442628,0
0.2612716330770357,0.22821516056491475,0
0.03717392147443239,0.002001866075107947,0
0.13538698033148155,0.06815781803242865,0
0.23266143497708489,0.36647248481972905,0
0.07726540361500285,0.07536723787403185,0
0.10833417004282567,0.14631786499091629,0
0.02406914657058894,0.009345380898579588,0
0.022222177422612052,0.005055406587312023,0
0.21145881714277856,0.20665729079757117,0
0.9762327322227993,0.9944064656304334,1
0.03492656276068351,0.037212843281688196,0
0.13210666700629148,0.14622324273399565,0
0.06232756418157503,0.011482189193269871,0
0.07709880293856446,0.01632807352819198,0
0.058661092557936105,0.02442972263455837,0
0.04912894102791332,0.03437310216492454,0
0.12096855654293939,0.17518072271528373,0
0.10343078534821659,0.11575597896859365,1
0.1308397121887826,0.1361406346465564,0
0.9598563279895137,0.9909490171166185,1
0.06117372932815397,0.08935453655343166,0
0.15195694617973,0.11736535525343733,1
0.026222566522967623,0.010005310268631959,0
0.20425557261125124,0.2694530452620041,0
0.16391641165205026,0.2640427084675894,0
0.018177550351419776,0.006457314803804694,0
0.05730318713286549,0.050322831203171936,0
0.12578982055903112,0.18544154940686788,0
0.11183093125150052,0.010064424714527615,0
0.200453893021324,0.31486713909171193,0
0.2316546153450322,0.25879082770152173,0
0.09721411792413254,0.15478271215329786,0
0.10992437690864319,0.036774864743681954,0
0.9608862652476436,0.9949186063361156,1
0.5807928429696813,0.7270541087841147,0
0.9466081808129273,0.9979330208395346,1
0.21993473418065984,0.430548796367627,0
0.1888508148957458,0.2589341869791624,0
0.9197324079345403,0.9585922907846524,1
0.04029453730024565,0.02975630487188426,0
0.16131113197261834,0.1788286114826455,0
0.04697832876875764,0.04221697829752214,0
0.13707068544597703,0.10430096953409435,0
0.07987339315861719,0.07751072460197776,0
0.09247958185829387,0.04821490088116531,0
0.12924525107092433,0.2234711522435521,1
0.22080081159552073,0.24671008159379088,0
0.04071399524317228,0.012796677374197147,0
0.07737356525832167,0.05044655344914049,0
0.15490950933286354,0.1666447406908007,0
0.03531021912926994,0.016934633011156525,0
0.043915469541886826,0.009489013186144108,0
0.059447822078045574,0.01717594294354279,0
0.23447082003703906,0.19843881271742364,0
0.12562781037261125,0.1245762347876513,0
0.18521327731307366,0.19300275544445678,0
0.0833228972562201,0.05209473049811855,0
0.04645522597829517,0.06635115545709834,0
0.20389766557735814,0.2215742642794358,0
0.023190874853736988,0.013358434408975543,0
0.025244514599040157,0.0005627499786143706,0
0.04483659001357574,0.03758916919431995,0
0.3422530934202484,0.55554154398464,1
0.0787284095655871,0.06712632923152963,0
0.05792752395471613,0.007000880696707911,0
0.9661037375072449,0.9922375215466723,1
0.10027048663491128,0.07404202941039277,0
0.11108783824360177,0.10115633585135954,0
0.9847673959342802,0.9981639223427667,1
0.138962038089843,0.07227198886479749,0
0.1701911183385245,0.15776122032587134,0
0.008476842486017789,0.0025682755772942372,0
0.07484610944862455,0.04660751703878322,1
0.06886610746776461,0.03800694998182308,0
0.03227114567720473,0.01997098754338923,0
0.10372090944133877,0.12491119392405456,0
0.07562362566232149,0.08593456658885837,1
0.09704802046756808,0.07277240777079719,0
0.11482673973484776,0.13879633149573922,0
0.17612320076629068,0.12211160685449668,0
0.21562377254518844,0.15117818469829147,0
0.058861086948248334,0.052360247457423105,0
0.20100645133068168,0.409185792783777,0
0.009536376192686581,0.0012094385458922509,0
0.0605865018815393,0.022958019003158393,0
0.9201714498936466,0.9719531874720658,1
0.8342281991381805,0.9311935494364744,1
0.9518279372804405,0.9692761356086982,1
0.16201613493104192,0.033764500970223814,1
0.07083583974618898,0.08102790583145564,0
0.020927351655661668,0.006603936742116482,0
0.00862762887321388,0.0022593718843784863,0
0.17959505090253244,0.034778912223687314,0
0.017350087526706862,0.0062493770581133964,0
0.1667697445857702,0.21762727655970523,0
0.12447113332182491,0.08612682036883552,0
0.22824676401739338,0.11701418156953199,0
0.06566580573078593,0.07455462934305407,1
0.9686638026860661,0.9982431594247304,1
0.08367414631853717,0.05668898159618201,0
0.3175660642126375,0.34769369280366075,0
0.02414117908575131,0.004163266969989796,0
0.063842424604859,0.061228882232348826,0
0.22767460497497097,0.23975356373148668,0
0.26531711163867017,0.32450949898518106,1
0.7606890217734834,0.7627704130722737,1
0.023341471369154963,0.020779214368279265,0
0.20130396049373137,0.21577161651268845,1
0.02147358216744283,0.00979938219774141,0
0.13442215083338227,0.15433325133015943,0
0.1321655664255366,0.08085791427014727,0
0.020164292950505803,0.0134455892463025,0
0.3444514041344285,0.2885109205220116,0
0.16460199546167212,0.18039708100305366,0
0.7601348102290314,0.732758880452253,1
0.31320447357061354,0.42273387191497513,0
0.031010373785461964,0.020709168263379436,0
0.9191463009728292,0.9936081934308694,1
0.22438663683072507,0.3416657412041797,1
0.3303963023139708,0.3082280776284756,0
0.7725433368517702,0.6715028789780583,1
0.1054268225446589,0.08739457541256497,1
0.13272729023182211,0.04322664992020731,1
0.9505663845422563,0.983334578703238,1
0.3341716483703509,0.38559922648909767,0
0.1418491436890633,0.13992409811439097,0
0.17411719764357672,0.1366069071614899,0
0.10893452386731964,0.11794070720587738,0
0.5673603312129252,0.5389790293020054,0
0.05117008798382605,0.017129515045977085,0
0.7632355877960013,0.7974165049856268,1
0.041206995492163466,0.034567420969595065,0
0.05437263412852917,0.04076195349715749,0
0.3309170150924182,0.2686813855587531,1
0.04133248518701696,0.034292946369935774,0
0.050991056345035556,0.04760174595909806,0
0.3170111830979263,0.2862453531292603,0
0.27583436385916155,0.21219907813243025,1
0.10319963788678757,0.04265414127345751,0
0.006659059716182539,0.0009828834033457578,0
0.13292125283749853,0.14899090665732642,0
0.08271226120286322,0.10616703527704503,1
0.012965817706153725,0.004386738772363759,0
0.16789224067576844,0.10606755803095165,0
0.1880382560663597,0.19656621427826151,1
0.9802688471784513,0.9980623348475549,1
0.014356617874907645,0.00330504896162344,0
0.02792701758133836,0.011476406697757067,0
0.24951024172307548,0.12477853701174539,0
0.9625098043308129,0.9919597378525692,1
0.05493601697580945,0.04368819254994079,0
0.13242002135524378,0.1578271557863452,1
0.9682419713459751,0.9941331397572679,1
0.6337688766729207,0.7004911250974795,0
0.10285360583307425,0.11909830430430443,1
0.18618904347857904,0.21217318414674377,0
0.033264496717903304,0.026263325774836307,0
0.06602049316093914,0.07140317002901699,0
0.18446752734743727,0.22232264636505011,0
0.2418806292084924,0.20785473633899124,0
0.2311172234702037,0.20924043315933077,1
0.11902445071968448,0.0740911330652561,0
0.1433615205107368,0.12365620870137414,0
0.24054056571033716,0.24290435301253108,1
0.041846995855827254,0.03713099403479175,0
0.9599065961146261,0.9879483292211375,1
0.024026055477708735,0.01151493942256491,0
0.030938562169777823,0.012334326962746656,0
0.21987150206457323,0.34375255461380305,1
0.04783244828841618,0.0017566834065669591,0
0.6545435617836006,0.36349141942856245,0
0.9703591485086476,0.9942576010218854,1
0.09448922975388181,0.11240429982080485,0
0.12470043710884968,0.14852497973621365,0
0.0894894619175034,0.13524059269327976,1
0.0149952312712323,0.004573837535510723,0
0.20816873906339223,0.16319731373717788,0
0.15163475581112704,0.17842795315690457,0
0.019769246744408296,0.005934202404841606,0
0.059635871308302515,0.0679731311236594,0
0.14856128571510321,0.10541512613072443,0
0.05853040791704006,0.09318821620669483,0
0.09934767880432638,0.1235373406000952,0
0.027312620589335816,0.028236286678198178,0
0.13241409675772933,0.11363094025958398,0
0.028898318640299327,0.009359726560602202,0
0.014390530709069121,0.003432566402084912,0
0.0582564475536859,0.05309467151605012,0
0.14043485574868816,0.21461183554145985,0
0.1380004297352173,0.13908869027022477,0
0.23774686528339894,0.4556870113631965,0
0.1437069875602136,0.14023343684198225,0
0.0774376430974095,0.09421512838856012,0
0.19661427931922645,0.09923333709917141,0
0.034347340911269224,0.004829567815235962,0
0.02243234511049769,0.009563758577427518,0
0.14699097783435708,0.14962867316078052,0
0.12578450025056478,0.09382230162919468,0
0.06318670017033705,0.05275607876399992,0
0.1371948522599943,0.09447419439971709,0
0.15186753438435457,0.12610583103276543,0
0.2583013053728643,0.2519087335038658,0
0.269697403080325,0.41133770923768853,1
0.06140112150556379,0.010980740345265557,0
0.09148976061267204,0.09379007526260584,0
0.11681512575685365,0.08249186771476152,0
0.022601334943939476,0.010120748388988295,0
0.04919803179093378,0.028895875817143236,0
0.011227167731477717,0.009343168719938481,0
0.0689020299231261,0.09709084645493436,0
0.13812036523567955,0.09366367427835652,0
0.07650840789583842,0.07027559818814992,0
0.7737056823159026,0.8115958584277141,1
0.035807922523704155,0.007803174613739638,0
0.04811128612803388,0.05032687581081779,0
0.06316177909876314,0.1041873563039494,0
0.1767530493386099,0.1908381867881613,0
0.2919208826521202,0.2963240761088821,0
0.028103217896360253,0.00040603897213847584,0
0.17111253711108848,0.23561712538273522,0
0.12591133552860373,0.14444511252739486,0
0.33469437357997844,0.1572229766249878,0
0.3102587709070598,0.15684075335748784,0
0.20948686518174092,0.22591758163431203,0
0.02878303392232408,0.008599176031194046,0
0.2579732231291538,0.1672176049736125,0
0.9686145660962541,0.9976207102070975,1
0.3089771977491506,0.3067659330450694,0
0.0862033273965481,0.06348288946677112,0
0.017888421687158877,0.004611243905727295,0
0.09927627722221252,0.060213614349906165,0
0.03828996070081465,0.02820307559686066,0
0.16794123026891916,0.2352636229106742,0
0.08665536201766563,0.08680888951144503,0
0.012831579077900043,0.0014853290972708854,0
0.12778002166800323,0.1103119629333975,0
0.13964284720374032,0.1681249550121311,1
0.0819020288239271,0.07501220840932321,0
0.050975573816568705,0.014427427225390683,0
0.005545369671847983,0.0008868861836109615,0
0.15661103188692144,0.19292479326695766,0
0.02360481148267699,0.01108707232342909,0
0.2907228858953638,0.22661576808967332,1
0.09125214402882108,0.12389233108013786,0
0.03881429658874782,0.017090679837704223,0
0.03201062629660274,0.0041281559578204285,0
0.08744839996762839,0.0759836147871528,0
0.715723509820015,0.7297783340048982,1
0.0326905409166054,0.028833593801414304,0
0.9722560919127333,0.9942437181828204,1
0.09304157442209346,0.11363609988190113,0
0.15332144118258498,0.20102968431808835,0
0.21956651703752422,0.3055752986753852,0
0.9704148480550578,0.9956553259582768,1
0.20582487183510176,0.26066035130026,0
0.02014786319499041,0.00566580291449819,0
0.190677545457554,0.2906605940596974,0
0.17201766034914154,0.23023186366292608,1
0.03015149803202478,0.020033197965372382,0
0.20931961501170918,0.1564155957981023,0
0.06396370937436739,0.05921920241291933,0
0.007662036119463342,0.0015347284165381182,0
0.15776891958930128,0.13849912989615795,0
0.9687171641172958,0.996773358644006,1
0.21182956587496826,0.2539564629177529,0
0.02340888642206932,0.010220885576018694,0
0.08220735173504341,0.12492942310447892,0
0.2823274517518791,0.20189151865721827,0
0.9843731553011997,0.9925204339932215,1
0.13464412818006982,0.09871786616151827,0
0.021089618922264772,0.007572110789871392,0
0.057692328790900846,0.06580572026833448,0
0.03378454138380524,0.005080645054651296,0
0.9411793921384699,0.9393611431642168,1
0.9665448060834025,0.99030498048273,1
0.2067788030976677,0.1544439569721506,0
0.026448376378549934,0.01870524124306742,0
0.9763409137200862,0.9963060892229442,1
0.24560406409690483,0.2475194818249721,0
0.12451813349270435,0.0955506831236823,0
0.8500091193166076,0.9298486355363399,1
0.6885201906032233,0.6685001993191605,0
0.9631801221811057,0.9928555076673519,1
0.841255098094548,0.9481786933002023,1
0.036072607948289245,0.007127254408281948,0
0.03024790677384372,0.025311305007531853,0
0.21408494191461008,0.26526948195629046,0
0.11246460530842736,0.0677288954397261,0
0.10818938868124325,0.08246626629770969,0
0.017044620641437528,0.0013603646834898827,0
0.08073401295990003,0.07861599121842441,0
0.051497424027878054,0.034835068737867375,0
0.07395263028468947,0.015106877768924703,0
0.054731277703875356,0.05400582371595283,0
0.05328287441756624,0.06766533997297278,0
0.08815317079601642,0.011575424872524814,0
0.04815337950789516,0.05060113091405203,1
0.12765073659223708,0.1734933546523078,0
0.012548948682840214,0.0019536082414545303,0
0.020206056306794177,0.0032122592935378,0
0.08717079261666992,0.15627212776459892,0
0.026353058697539542,0.0021025490044361394,0
0.11130525954860396,0.08130284454735465,0
0.13449354450511003,0.05421814019124164,0
0.09037729211924829,0.02760198247768549,0
0.6692420426539765,0.6715130312191518,1
0.11189498073347355,0.05603864704780196,0
0.099808847112331,0.09772058718850925,0
0.11209326234405634,0.10208731957010753,0
0.1687206144706415,0.11751056056602675,0
0.08659248548015067,0.11201675038857029,0
0.0163312805871307,0.002940018668393464,0
0.2330419522725392,0.4147959295435763,0
0.22096471363379866,0.276822118335048,0
0.07822974735298917,0.03545914204744202,0
0.1691757265879562,0.24029982252738957,0
0.014697021230884474,0.004115957039431577,0
0.03963962130014795,0.007982311111710851,0
0.08748243443775622,0.0631221049037803,0
0.1757442368410845,0.34726416165622753,1
0.07632654928317929,0.010306839411988806,0
0.03232602775370832,0.029911273475581052,0
0.24969771269652644,0.35310895920145,1
0.10469418112905945,0.1187283346969708,0
0.4427425466298605,0.27706216725920224,1
0.04558110793934225,0.04987080887374678,0
0.11513931505802195,0.0987499635413135,0
0.04739558882873459,0.021958506866677992,0
0.9580904098639712,0.9902810621927995,1
0.10239153483743027,0.11399785496250675,0
0.041467319482154374,0.03856370990768438,0
0.07404879588687012,0.05117404736791366,0
0.11354310102768102,0.11831742819196688,0
0.9729848419665675,0.992391518626959,1
0.14820276898977572,0.03771956121979405,0
0.21813863514301302,0.17512866560492177,0
0.16137544963521638,0.10966139791342769,0
0.11204202847772793,0.061818440176478126,0
0.06615852390360834,0.02806815104036128,0
0.1864385634402526,0.029332637559478906,0
0.22118184215398806,0.1824313453318175,1
0.007119486808919874,0.0011933985239899077,0
0.0843928462691794,0.06961346910550867,0
0.20778229232384499,0.22188987468427157,0
0.06835690982223941,0.010709444122859034,0
0.28201035070699365,0.32119306515438495,0
0.12540840113309246,0.10413480507856777,0
0.013700174743343955,0.002719172940238603,0
0.12475806015567614,0.08488485044243958,0
0.03188935163035891,0.004261344098876384,0
0.08044519035976123,0.09801262124553828,0
0.02585971012123033,0.018516780123884406,0
0.17462782972507068,0.11194224190885776,0
0.009844163592883998,0.0014090457309298737,0
0.10730531632478757,0.0859885187626198,0
0.07132222494295475,0.06631496924597086,0
0.11113831396259935,0.11479326426075868,0
0.1446261526481794,0.2467528521467354,0
0.0215729996310385,0.0037978052578509567,0
0.02086282052821392,0.01237509496266776,0
0.02856167009380021,0.008243520200412103,0
0.05866834369626036,0.047413049330177,0
0.028841026346183636,0.01441100419044015,0
0.1735132893896503,0.17319692346472637,0
0.6385036084145524,0.7807302185904303,1
0.03914969802336239,0.03464294455294165,0
0.18006603611057115,0.18951687712404164,0
0.013928647847657797,0.00117667978058536,0
0.21652630654434044,0.12669749650777307,0
0.09756278335012425,0.04601968536448503,0
0.2251339355264642,0.2859950290643882,0
0.011594212610575054,0.0003958203155251185,0
0.05292181947334532,0.028824350214966227,0
0.7163716259311942,0.7403385340852972,1
0.22759649049756098,0.1256792910024834,0
0.05707977221500752,0.053912030397783424,0
0.1207324351497729,0.1392560583056386,0
0.10194032715252688,0.043932195931392116,0
0.23550476648716445,0.24129683742181063,1
0.05388660999169246,0.07114332748973981,0
0.19301226980054476,0.2184401157450499,1
0.13797465649111162,0.1305468609462498,0
0.05242402381014466,0.00937565131351296,0
0.08220101804200548,0.06932432911353006,0
0.09160864099559722,0.09842945047954448,1
0.050288161815826,0.030805669371338665,0
0.08949109012807008,0.03653373859886014,0
0.15217406889331628,0.13787549204446475,1
0.203502661740356,0.07802792048483817,0
0.2568731602678719,0.2295142924726885,0
0.07368668820468778,0.07447661550627024,0
0.19414315119789793,0.12962397437686374,0
0.9794865441693765,0.998562313266531,1
0.5967242389940413,0.7451013350911845,0
0.020129892220929108,0.002808448843470467,0
0.09829590278886187,0.09569576697067053,0
0.073898591116442,0.05798021760244038,0
0.18502844442602676,0.11118941553059382,0
0.21657593018624108,0.16799724842504432,0
0.2673102975777856,0.22275022827534752,0
0.17074700584240673,0.1270817177895075,1
0.26103902870039997,0.2516088748812409,0
0.044691640162970836,0.029532328645929883,0
0.10478277257778532,0.1280325244345496,1
0.017554208641215232,0.0021278645458465153,0
0.13934270899436052,0.14928749628980292,0
0.02005862511413089,0.004919188997018611,0
0.017622243645200545,0.005293511234914507,0
0.1562298134621766,0.167009202043825,0
0.05622173501207017,0.0473867128416868,0
0.10048091053107785,0.07061127916934215,1
0.10021232519376137,0.1079529564381951,0
0.05863665607164094,0.02625717175654921,0
0.24657900315843923,0.2629171090511238,0
0.0223841478103064,0.006364537878179553,0
0.19422639285846155,0.21721614276944032,1
0.07768053825022206,0.05444865572949674,0
0.09182346423333411,0.11723563573908005,0
0.14495789399140657,0.14275420731259808,0
0.12460774671367225,0.06967259761688802,1
0.9643788653589119,0.9890756425104763,1
0.03178952238548898,0.01762935254421164,0
0.027965221862011336,0.022318942837457945,0
0.015886778190070953,0.0023253154971966975,0
0.9653212555695408,0.9913495599714375,1
0.03847277399051478,0.03231782556354885,0
0.20943460268076478,0.18609148736996392,0
0.02270492869308134,0.008340663946947949,0
0.07043754513311315,0.06056960693846004,1
0.2263677248003757,0.14611643179876618,0
0.02491479657468988,0.020393742429023927,0
0.19228710973922916,0.1821938455307103,0
0.044202053583708475,0.03749837137749024,0
0.3271167582840105,0.43382808954114405,0
0.09624737993023683,0.06778490972687451,1
0.24093194499709947,0.17825600464866892,0
0.024406873807734226,0.00043317226680626047,0
0.40533907278680964,0.4533236351533295,0
0.23352224751001438,0.12869889184901526,0
0.030552102381318936,0.004933591920308625,0
0.3455336226506654,0.2458159562489363,0
0.042311191416919,0.05758473808634971,0
0.18921848433878846,0.16750132148048524,0
0.0052402958907998174,0.0015363157506278937,0
0.09053585200413838,0.050790392084500174,0
0.022854322512881196,0.0002695912967520837,0
0.08484960089771292,0.09309008825846832,1
0.1055398250267114,0.10622211436452929,0
0.034368087330631236,0.007088428440403393,0
0.020207690839952434,0.012033310854897516,0
0.018587825669194313,0.004173416035176287,0
0.186424788478916,0.22032907911752073,0
0.9602601528593536,0.9771884583185905,1
0.06942958965187528,0.07900295599342193,0
0.10814582120855597,0.064924096171002,1
0.056511496043483614,0.03139143884873967,0
0.03970746939762859,0.036845224321114825,0
0.032757146779909894,0.010569326986757485,0
0.031915917321669214,0.03863871975461951,0
0.08936009835929083,0.08857208069452194,0
0.11682337700236053,0.10950845606364705,0
0.03444952533079498,0.03293751407549702,0
0.7657331366421,0.8261728731971428,1
0.9362810818152592,0.9968687074315209,1
0.025293270388484737,0.01105170953450249,0
0.03486720789811988,0.016191639797948035,0
0.9813138836634452,0.9970009985903558,1
0.13625632053695677,0.1199333348011558,0
0.22665282082685098,0.20161592203472534,0
0.022222177422612052,0.005773466654854968,0
0.07579830187225899,0.04875911009852963,0
0.9779340602300916,0.9942829546488732,1
0.20984671737133287,0.3164004430325661,1
0.014883783674725667,0.007799947015166372,0
0.06463212558914744,0.023146982970554883,0
0.024647825425771354,0.01000980152210401,0
0.1681659131840891,0.17508289894445547,0
0.02374277826362769,0.00333298021300309,0
0.15246724702696718,0.17033933425187403,0
0.940706171225496,0.9987605603012684,1
0.04705862142584264,0.034261031475749444,0
0.020161628145806732,0.0064225413523799875,0
0.17600454444407565,0.08199256795834695,0
0.16517678756463602,0.06826106386227172,0
0.08444525436998973,0.0874241124273084,0
0.01592117780559248,0.0019393226157383865,0
0.025429358933418293,0.009122484701742001,0
0.11335555086955292,0.087488312961534,0
0.15289069344017042,0.1261699109862068,0
0.035347676913496454,0.03669827053351906,0
0.9391608095144787,0.954091976746509,1
0.17087246557248617,0.17588415310839425,0
0.010579943588273072,0.0014732727520987544,0
0.9548947022935226,0.9909540353532913,1
0.17040807729056934,0.18071255258022134,0
0.7863755918676745,0.8949710436116223,1
0.11072081610772852,0.0663374521715968,0
0.12678591941383832,0.10875956244214205,0
0.22036866928854426,0.28371280385587533,0
0.9553932569008773,0.9911638645555809,1
0.3093927672334655,0.21237827926671865,0
0.08679191072785819,0.07353637482066526,0
0.017464332544796703,0.004389679225587571,0
0.21267487897491869,0.2421335439278796,0
0.23789761907170817,0.20160584399610282,0
0.13234924693503225,0.11363830641279771,0
0.03900453785064834,0.022532455402051465,0
0.0383284888760216,0.003716847861527309,0
0.968880174825529,0.9812232277280043,1
0.18312885737786405,0.11187247509761633,0
0.2536741625962899,0.3210670034976251,0
0.18047914518189687,0.1652513542576954,0
0.9586971415102762,0.9780979972188427,1
0.9476321385297689,0.9991064793540547,1
0.08950941629291635,0.08246811424275734,0
0.013772390036060915,0.004029093107782285,0
0.03715726791278956,0.05813876628211941,0
0.06852759680381866,0.05067963641097275,0
0.2411208085043236,0.26280857971177074,1
0.22921609444817884,0.21266643975816246,0
0.015172093602153835,0.0036796269664221485,0
0.012437101960868707,0.0039732303278826875,0
0.028941674112426905,0.022244767212884414,0
0.016426794825003966,0.00890366186955365,0
0.18608759918127582,0.11348828687245463,0
0.07616875931168997,0.059215464263613994,0
0.11871361655067857,0.12348096347799094,0
0.040970407581153945,0.0682484781115516,0
0.013581905624346108,0.00427761217585727,0
0.07065110991861737,0.1363737449173435,1
0.14971237926339032,0.17595277213993374,1
0.026353058697539542,0.0007516924240973278,0
0.10331838425974256,0.07871214357242341,0
0.047370665376683656,0.019446038190050093,0
0.05912403981949309,0.01447416485468697,0
0.04729619482748642,0.047890093437842986,0
0.2274859063851112,0.36142154630087026,0
0.13819180334009262,0.12568639797379041,0
0.7353786772330793,0.7204574532892726,1
0.2877273439136642,0.31507093378509826,1
0.026349226209494214,0.001740914229270994,0
0.01747528837364709,0.01511540046917324,0
0.09596040304503399,0.10183743353764262,0
0.23877624554759705,0.40980844647035697,1
0.04259593635213254,0.024194802962695387,0
0.164032682728386,0.2036428715347811,0
0.15700801647215626,0.17846668434196444,1
0.05989885508663742,0.03722757032961124,0
0.025034417337714367,0.005816271569251622,0
0.9291204829744603,0.9976334022836143,1
0.9707628917451387,0.9924554075379632,1
0.15335201070727367,0.020964098295799063,0
0.19954456704751172,0.2506808701484344,0
0.0968804167463806,0.07847548916338523,0
0.09104636652853333,0.14232379782379634,0
0.07543477212568418,0.050706139096749314,0
0.18071997012528782,0.21383727068877303,0
0.028550651363754214,0.005954562482559426,0
0.2451988063164549,0.1640663396349623,0
0.011820347321347943,0.0030034507972988987,0
0.08670541107303065,0.05264125542710966,1
0.17458942208578596,0.1533635467614764,0
0.30031067649067045,0.30775521636738407,0
0.04628130909146198,0.03226804583716252,0
0.21737472888639534,0.26292228143506274,0
0.06520215547331726,0.03354865444803961,0
0.09169522698370627,0.14933999064966355,0
0.012168407703105679,0.0032167938821387417,0
0.3128111988127099,0.27539114673533827,0
0.20739779624853136,0.24847408968419193,1
0.07976723599058562,0.0587159486026464,0
0.2512888581796797,0.4067973124337578,0
0.027313769035162232,0.015349234151368237,0
0.19816469888234242,0.20056527972541344,0
0.019043349756466925,0.021437084263300855,0
0.11661359375667615,0.1742547332118049,0
0.018084348100811436,0.0019226619746898729,0
0.05809108141341103,0.06262473354396145,0
0.07263404843417352,0.03077427284558862,0
0.034194866246632157,0.013313499702042594,0
0.06651320765368017,0.07647238390045841,0
0.05035215354462757,0.025582899265911535,0
0.19068592228664136,0.09651566872492277,0
0.02919928111841843,0.004335100052609422,0
0.23386602639611664,0.15975080366302868,0
0.15252380798295131,0.21819499469055884,0
0.0642612620185549,0.02383176147565091,0
0.9476321385297689,0.9993026721144601,1
0.16002589678511975,0.1300392422491383,1
0.03631277017022017,0.02760358552625913,0
0.01682649048038052,0.0015083168057957637,0
0.2988859831910598,0.1886086845907841,0
0.07824582350343955,0.044608648018245906,0
0.07188406251789219,0.06052261428752644,0
0.207323918320569,0.16565815748615684,0
0.10848908919489111,0.10314650356995006,1
0.17268850998996035,0.16955143275531748,0
0.9642499404410613,0.993675267673448,1
0.12956940337041456,0.24715896753541072,0
0.03656862591153548,0.03865135175881297,0
0.17712037116092552,0.17063646431958168,0
0.03755220377867109,0.0017348561641063883,0
0.24006987111701777,0.25910492940976476,1
0.031181534448354507,0.02148493411494583,0
0.9115654571718116,0.960279701475732,1
0.11996473608210602,0.16882345237518642,0
0.3156899277290626,0.210134715614698,0
0.10405340630775016,0.09213587775419409,0
0.9778653184830572,0.9951280278212843,1
0.021642616391949806,0.011754891695140275,0
0.09354675772481039,0.05624377036189173,0
0.05537168412055618,0.04716912140829019,0
0.6076664969985183,0.6764471054458205,1
0.13229575366100962,0.11835077262535229,0
0.10792051608311162,0.08978825984866687,1
0.1788277060429436,0.1556896761665952,1
0.9718163201598972,0.9904836399751055,1
0.12285176888556926,0.08829507700749015,0
0.28650898520917234,0.31876342878320413,0
0.17670069870471855,0.15300277220184091,0
0.01893218432902223,0.0061396852360627975,0
0.9613210540547723,0.987406099010203,1
0.13353152091884463,0.15880139521168302,0
0.7028833508498606,0.7632396242467335,1
0.2353252378595195,0.2130234573821095,0
0.9578605714239783,0.9933190247790615,1
0.04977358871473771,0.013553429279848338,0
0.29497693751126813,0.4072238258776541,1
0.023213603357869417,0.012853200535712794,0
0.978638163101892,0.9976461061840204,1
0.08387244434562081,0.06872762844216673,0
0.29679969454199145,0.2991373125818066,0
0.13530720821643305,0.17099480899821715,0
0.03911661433461219,0.02483176256063725,0
0.31319347341581694,0.32209363575677663,0
0.044778825474793546,0.0451398776846158,0
0.9487131155592726,0.9723078455849248,1
0.045159574214323844,0.04517295952896496,0
0.6991613145531832,0.7255539349654199,0
0.16189683331446217,0.15027105710672045,0
0.041445238774353334,0.021661270496401104,0
0.03329044400194875,0.004981364778532274,0
0.9403189797378734,0.9945219511238521,1
0.2562359088027688,0.20861923759779405,0
0.07283923753517324,0.05930479984552889,0
0.20751611569796696,0.19544135779446584,0
0.17303017817852284,0.30416088212546843,0
0.1525967279311583,0.15887532474502272,0
0.07077081145303801,0.08501244572068056,0
0.023297375229249784,0.005484969141928638,0
0.07263222299964478,0.07471188524304197,0
0.17595005855045023,0.26901112062314414,0
0.2482890655220972,0.3498745335873876,0
0.1659773784112988,0.15939270840346417,0
0.022232012317252994,0.004226258275032387,0
0.24397921984973223,0.22541875877007328,0
0.012274157309742358,0.0014754098898893348,0
0.05511906125632004,0.08208894425390649,0
0.03795585427271177,0.007232645917449671,0
0.0216094320897779,0.009282665829804023,0
0.034455177743674445,0.010111307424591254,0
0.16983980977532737,0.14825930686799096,0
0.14826068579806528,0.3181696267566092,0
0.13610667325987244,0.1668640645468462,1
0.25163606167622177,0.22776043377083627,1
0.011086948529720855,0.002885999981505089,0
0.044656208140046075,0.022439754222737047,0
0.17098835199736298,0.08228697807039508,0
0.10485768922004439,0.08283598960633803,0
0.24832435006603332,0.16637000003934335,0
0.20044983057758514,0.17913865526754297,0
0.26267794313488935,0.38998073576822756,1
0.10260162538875507,0.09109922377294173,0
0.9744571702182606,0.9898057433955945,1
0.11688675617295474,0.11709189104630029,0
0.20893816148357916,0.3497647197845663,0
0.048572638510430644,0.03310014533127867,0
0.21562509318358303,0.1828783183624739,1
0.29472216584119676,0.2714421844379066,0
0.12296368575047877,0.1062796477623201,0
0.016069222349715702,0.0018462023391614903,0
0.10849344476524492,0.1513251812343953,0
0.06576200657800513,0.02436694194397642,1
0.08324259840620478,0.10004886585673226,0
0.18031394620061156,0.11073124930639767,1
0.034013920528284725,0.023341776254684206,0
0.048888878846154525,0.029756585074383276,0
0.9848246046233878,0.9982726105050403,1
0.06127753562116548,0.032015072004503736,0
0.1791922179275465,0.1699433222107875,0
0.039434912550871885,0.02064865689708798,0
0.09784865228550552,0.09698105105496269,0
0.017275611616233744,0.002383995494879288,0
0.16508913072923112,0.14920359656550927,0
0.9402228820113,0.9685968707428264,1
0.17068343240317402,0.18275165269739613,0
0.08550846532639665,0.05934881841238133,0
0.007891117354203182,0.0010728717131103386,0
0.035666005756791616,0.00882019473070295,0
0.8451215916866383,0.91352299911651,1
0.20084054036172622,0.254442306113294,0
0.16455904218256762,0.09144187666130875,0
0.10224821459947807,0.11369360065876118,0
0.16654112220855835,0.1752364703660309,0
0.06097584458073848,0.06258048908862619,0
0.04453619183429501,0.04012941694748096,0
0.16775597797088934,0.12735415596683675,1
0.5669155225156103,0.4693841203537993,0
0.21134399612451055,0.12060123338917698,0
0.0899848399061304,0.06569403397443757,1
0.9382862463102459,0.9502147670718076,1
0.2195478297971118,0.24411322612946137,0
0.22078425315746394,0.2611861321899923,0
0.118403314742413,0.1143724399933538,0
0.1977554276736945,0.1313100756489248,0
0.15461220085440872,0.27515572623876794,0
0.2694174022710685,0.3570524406219486,0
0.1158627922139783,0.13160075326254325,0
0.03248746345611341,0.018460066765860126,0
0.2717416669243493,0.2541672670617634,0
0.011514394037943841,0.003276614339895536,0
0.10693140723767106,0.09917687576301547,0
0.04466615449383969,0.02075639433377497,0
0.17590020292047154,0.22299351069576867,0
0.19201870912288677,0.12191080048643635,1
0.2002476298934445,0.2144900043686743,0
0.1955484306176838,0.1376183272959119,0
0.044307668863060895,0.018337323977483885,0
0.1721391652185765,0.11696372290685578,0
0.10928217507333214,0.10647001499383031,0
0.011513376465583848,0.001973343881247227,0
0.9679088251229772,0.9948777940528382,1
0.06705239972584226,0.08329721847300028,0
0.12748985256628545,0.16684122906775253,0
0.6888338315300752,0.7653334709980709,0
0.23316151235035484,0.33131311453009726,0
0.0372897556944271,0.061015633570521706,0
0.12454250488910061,0.10825698681279064,0
0.08174230657296834,0.10326448067347953,0
0.03063059846231312,0.011868845933787392,0
0.08546695608038311,0.022480044905157138,0
0.1173459932319515,0.14815917313205326,0
0.15573526220017234,0.16716684457353345,1
0.15413141238638256,0.25419863065463055,0
0.9476321385297689,0.9993769860252455,1
0.36457416628802314,0.7188114073184282,0
0.06377773288130535,0.0784228335515528,0
0.08370366749681554,0.06570459713724063,0
0.0372768735331576,0.0128479407229213,0
0.02703903755780835,0.011571556772138615,0
0.04663521044011312,0.05752373954431431,0
0.10166236152399526,0.07012811509336982,0
0.051452811011851556,0.08633959974894825,0
0.15961952648212185,0.19561917468125745,0
0.05904926328814205,0.03754674837069259,0
0.02977753189287685,0.0053291214301053255,0
0.02584298010292207,0.014555766882357043,0
0.19645339331749395,0.13950025155881376,0
0.03148799343531452,0.03785682192840915,0
0.18724089944411498,0.21153933217403142,0
0.14497367942279346,0.10349668334616083,0
0.15908263125114874,0.13179580947593708,0
0.1952364435820456,0.23058516200162082,0
0.054709331690321834,0.006875064552309001,0
0.023348695554827423,0.0006841128705925671,0
0.050225829334286806,0.060696579147868635,0
0.053553525432207455,0.13979775121473437,0
0.11702583942424369,0.083071760850845,1
0.006624026523237776,0.002220211052241761,0
0.02042786782422949,0.011580312721722504,0
0.12599543678326003,0.15673938660905978,0
0.06537254075172749,0.035187891647248164,0
0.2130269139098816,0.38103493782012665,0
0.17354476528327661,0.14939732865412542,0
0.2106017008986774,0.29124678563684087,1
0.08059730828682295,0.07305240707753012,0
0.011937837777780068,0.0013480507126360454,0
0.039126163476969116,0.03873140702613863,0
0.22162807510805782,0.18582856971993858,0
0.29770213583856614,0.16859236797196844,0
0.05842348016673926,0.008893326954055576,0
0.017220326026967544,0.01959849960442402,0
0.1946511591934852,0.24182237193037628,0
0.14773162517478106,0.26028532420390305,0
0.09876139707073245,0.13397372098037866,0
0.14419420976835687,0.12820703569183362,0
0.041497405252556456,0.039553512358890604,0
0.04399030421531794,0.054365715981539504,0
0.1732560822998637,0.15778264594274075,0
0.062323114437101194,0.06537485665496062,0
0.10851950172680343,0.12452329167777335,0
0.9754509363087808,0.9880165885612328,1
0.17243767025647364,0.21904977192307373,0
0.05462163633137149,0.06440033940818558,0
0.046473059606477816,0.023857498834813688,0
0.012459490190901602,0.0031067857814446455,0
0.0877167592875666,0.10141580006826481,0
0.4408274272899642,0.41207939225818174,1
0.18735841585824053,0.1953184528604476,0
0.08871903535875054,0.07893240418081701,0
0.16422108757905896,0.2010452574888922,0
0.05808052739187677,0.05691257927648565,0
0.15957875301920832,0.10573662575668456,0
0.03242091168997476,0.021425490225954948,0
0.01561292716941851,0.012610727037412488,0
0.19641288739387386,0.2763017595628885,0
0.12099497641347588,0.07695014337886795,0
0.011258413164567804,0.0007475747444378139,0
0.10790872304158525,0.13061719390559862,1
0.09419041124127875,0.04372495774523649,0
0.0835695553851923,0.05685415493958933,0
0.03775176763899174,0.010835596362693496,0
0.012104014704449597,0.0028810402764950734,0
0.18798378081271594,0.1107006582933636,0
0.0700215875162179,0.04116663872608343,0
0.9578208238153614,0.9818059161931278,1
0.18204088753660533,0.19107298506474452,0
0.16840463153371796,0.1651891463507374,0
0.10686755695844168,0.08877589929277736,0
0.059582184462130566,0.05001845382690148,0
0.05460167777563004,0.02802613010611219,0
0.04465517301278982,0.05221401520963286,0
0.21435165933445485,0.3157959565090804,0
0.02366748930434942,0.007832939696808558,0
0.029895494886381307,0.02498197717738792,0
0.17000609142444886,0.13696334786188152,0
0.9774951475453856,0.9942420831892066,1
0.15670660510030296,0.26922189283328657,0
0.04156229079806652,0.0039043132641323882,0
0.9576693193339662,0.994607449433325,1
0.02685021256283797,0.0005093609854879228,0
0.9766575319050649,0.9978445027066114,1
0.2513122485745019,0.17168725973705945,0
0.9382571800778903,0.9924818769939542,1
0.062180195864665715,0.04295400965860714,0
0.030654052490728827,0.01969074393691469,0
0.0340580379561543,0.008015829341198256,0
0.024955771361844542,0.03227626392570139,0
0.18526952767183585,0.19674257803136924,0
0.16730016557286595,0.24535797068556975,1
0.19502454050358797,0.190790518957361,0
0.977155800164106,0.9935377695042578,1
0.11226946242127302,0.16896617085228466,0
0.16955524259402396,0.18288365596555184,0
0.016408245410567106,0.0033132823719578186,0
0.16772440230464716,0.163328448174534,0
0.21047023442872562,0.1316228498109508,0
0.2454200300145336,0.2119499228488184,0
0.07308525645704309,0.06054149882534442,0
0.09305785782224696,0.09143066846810284,0
0.010515763950945138,0.002153379246455337,0
0.17875429969476683,0.2160759059260729,0
0.11751498413514251,0.06945620719700692,0
0.19662698740126103,0.15180004716705825,1
0.22656067754958542,0.18719822695104307,0
0.11613891144051834,0.11703874653098448,0
0.0953688318967038,0.07791651353377588,0
0.05792751049571197,0.031047966789074496,0
0.2088206279494141,0.17897236375394443,0
0.17078658636021374,0.150276294682975,0
0.19695557916186324,0.16193585883022885,1
0.06630564458067315,0.056062518042988826,0
0.06392465470469724,0.048895956070595124,0
0.05771342420395561,0.0794475090938396,0
0.10487102591836917,0.06742369973264145,0
0.05293355919506429,0.04197241496882101,0
0.35820389141014713,0.27981595530500375,0
0.7530625617596108,0.6511786187680578,0
0.20823080098640448,0.18212899389783596,0
0.971052351202657,0.993957084925123,1
0.18789438967035435,0.19567882055525307,1
0.17124247495149927,0.26358172729388507,0
0.05015070183359321,0.018949722789356385,0
0.035937161867740916,0.012556578723946228,0
0.021681562840882275,0.020020855092946484,0
0.9823887736149531,0.9911715488430817,1
0.6040249974008743,0.7198885663391597,1
0.09417257163685819,0.10534893076170504,0
0.1410371081686055,0.19041800407343093,0
0.12096653611327518,0.1444235578249368,0
0.1891266692415784,0.22121251860414018,0
0.24128949980758796,0.21661574489220756,1
0.9207163746828083,0.9961614668359455,1
0.15905734157127782,0.17056897234967114,0
0.14165389044738688,0.06947423638176435,0
0.14855286201940296,0.07969992913598711,0
0.050450041091430094,0.00565113854251674,0
0.14473123410226446,0.04953672983800505,0
0.021859906763583077,0.01286003790611525,0
0.5185230022462757,0.598927484734144,1
0.056718751715632114,0.04449033794118772,0
0.05145348873821167,0.04051855926648036,0
0.14043129131980592,0.040105329840956085,0
0.031496167912875815,0.012876684327359117,0
0.14964419758251735,0.2876842656119819,0
0.2649311369229902,0.2623851843492475,0
0.0552680742751421,0.05921010761866354,0
0.10278173110485748,0.05006282885643038,0
0.05531521927706831,0.06037276132322689,0
0.10641121580976713,0.08704717652405936,0
0.22883768142388103,0.25851101804321963,0
0.05699160585824119,0.08129410168857713,0
0.04428897072981595,0.02240131692424891,0
0.3031419771374601,0.2703148356219533,1
0.8006599928355358,0.8483330691846258,1
0.02689898480297798,0.02759817941682653,0
0.28421602418506475,0.18590211065037185,0
0.06396188538557092,0.06326110573724426,0
0.0152416466884884,0.0024724003431461188,0
0.26955401661736256,0.34865109095908625,1
0.1067025820391373,0.1617519863664228,0
0.13516409917216882,0.14340530146367741,0
0.19242720249641979,0.1682131357082181,0
0.16358564296912093,0.14492491570328755,0
0.15797748757797747,0.14786843090970456,0
0.06020247251782802,0.020060612011930202,0
0.10504918685574739,0.0894284303558054,0
0.18612478302370986,0.3099622128555713,0
0.09486986472498035,0.06208446815956173,0
0.17657310160383713,0.17797172466435168,1
0.09776512391081739,0.09816823876014594,0
0.7366638358074553,0.683406895866377,1
0.22248128570990197,0.14981877658812573,0
0.1344826472839531,0.158346663918924,0
0.9545817470359914,0.979749220244878,1
0.9706394858379173,0.9942449428297548,1
0.9735308979554402,0.9921838568549538,1
0.05905418624092398,0.03066850115446774,0
0.06711853377257151,0.07609844708549122,0
0.4261300242761757,0.3856911686059925,0
0.16086241795792616,0.21213681946219068,0
0.20415126181753293,0.1637180242144772,0
0.12533108087823647,0.08997917625494833,0
0.13779746842117527,0.17167458498441837,0
0.0826891877307398,0.09991170241597003,0
0.03995365518668819,0.00354880484479912,0
0.1358566903082778,0.13520324476846862,0
0.1002213734548328,0.0729734344979442,0
0.9627299682673488,0.9949920777559537,1
0.20868988208150155,0.19529479469714375,0
0.031074848200591226,0.01834466037572764,0
0.16824173799035091,0.17648331740463608,0
0.11820692715889307,0.017740483151680156,0
0.024127242336414466,0.044074147529281155,0
0.014132029209235874,0.005405794738460417,0
0.11133499660049063,0.0916367317609141,1
0.15564893206401562,0.16064179624484706,1
0.18957635523916339,0.16202998635330737,0
0.11495043833758319,0.07125366323832623,0
0.08098870723476756,0.0258821481832473,0
0.27749410672326663,0.1417461858717375,0
0.038203355098185246,0.013841671707785894,0
0.11440157406824954,0.028300199211930742,0
0.08487448652138965,0.040296679065576525,0
0.25866576719389955,0.3229964937510345,0
0.2580193806221956,0.25499329169692947,0
0.03670776440089036,0.061859778644772746,0
0.27325915997848915,0.36557002211245065,0
0.09340622924395152,0.06025258957257789,0
0.17383373886737735,0.16441678457586031,0
0.018584908309271453,0.005387117086619479,0
0.16500816223753031,0.17477262344608302,1
0.11745874800580754,0.07551001787793339,1
0.016325406913987102,0.001759548298966119,0
0.02680161454894776,0.004192909909680575,0
0.05136853510587683,0.05258698392233327,0
0.02343192484913139,0.013921791687211133,0
0.13387894324300154,0.16862165748809135,0
0.24801224850300413,0.2717109767054773,1
0.06604526575556267,0.09396770805425694,0
0.021180573706564974,0.011503522704374223,0
0.9823561871887806,0.9970301447183124,1
0.03626982705331219,0.01069811238377492,0
0.15196240294078722,0.09636130854470362,0
0.35003498106396713,0.42730450420304744,0
0.043077437068611606,0.007220107146933645,0
0.07378612983933294,0.06461727234853754,0
0.05815677373071578,0.054698688554804864,0
0.015621131500683812,0.004637090190110819,0
0.10265649739052428,0.1313428837303606,0
0.8349170540081848,0.8290999879266523,1
0.18118091184963084,0.2417577438273598,0
0.9634760340333183,0.99269190649691,1
0.0379544565676776,0.03483963798166857,0
0.938911975833723,0.9908794174237416,1
0.16098013419815774,0.14789291637369353,0
0.14182678610683586,0.08323643849011322,0
0.10594574174632745,0.12104994433903062,0
0.030328998953399446,0.008857562748324445,0
0.2873614634864413,0.3763606072308637,0
0.10109598679194721,0.09053948678068409,1
0.17792730470545126,0.15343229858861257,0
0.025403619304609815,0.042076912177680136,0
0.027298881465892464,0.006606747102315064,0
0.04026748289428242,0.01129229192340287,0
0.038305358595204037,0.03406446677736597,0
0.14859816794453293,0.1497825887564552,0
0.17912391781002737,0.0863430806997135,1
0.09916687919019714,0.0959085857815441,0
0.16466337463995806,0.23376468838541314,0
0.02099988657822461,0.0019408972905470001,0
0.09942692790746008,0.12729588434480346,0
0.11251524576269871,0.10844021558604752,0
0.27229631969295814,0.35294244574470945,0
0.006017524227733734,0.001030880309010717,0
0.9466048280004615,0.997201062572133,1
0.8976587968809534,0.9453328876286465,1
0.08561149067296615,0.06112070942888828,0
0.02583812128622649,0.02483504260477931,0
0.09713084487696826,0.10999803954767844,0
0.07545538678106516,0.09930349746849224,0
0.018265305132973787,0.0044793407570709555,0
0.07370612975597898,0.058500544204009394,0
0.2511372521186791,0.23434858655354912,0
0.17489523276309957,0.12819496177376477,0
0.02485128504434372,0.0008948268115443184,0
0.19337457435402047,0.21987962755606535,1
0.00528312567981299,0.00030012735179615413,0
0.7926686593698291,0.9485802838183349,1
0.02691612640502847,0.013439338409223454,0
0.03395543026883494,0.019455916228696177,0
0.04733210644420037,0.024145800741786252,0
0.16863306901179073,0.2139122514601015,1
0.05495816593014546,0.008342106035194197,0
0.036938021835980044,0.06971504773938464,0
0.4732030761128399,0.6244674647838161,0
0.18839747668930396,0.1184685881653104,1
0.7898123313119919,0.9077126942810846,1
0.10156657729130728,0.09259139746651751,0
0.8362680135445394,0.89882329970531,1
0.01724802063341578,0.010854606803403683,0
0.13102470587436074,0.18611801796867358,0
0.06955321857740755,0.0353172166649781,0
0.060550639822190916,0.06806158776443437,0
0.02735571784497179,0.005369197370787347,0
0.9833327516840794,0.996955102124592,1
0.10168373202631378,0.16586122097226816,0
0.9797764566829248,0.9924464927817316,1
0.09513912318078564,0.07717085131010287,0
0.1354130506952305,0.12401876059833639,0
0.05933777941953919,0.051727960771361846,0
0.048098700936100226,0.04981146269162314,0
0.3937518960595781,0.3578170790901345,0
0.8389148377315458,0.9465694735156637,1
0.1669743887257573,0.23247015004356594,0
0.18643494106952266,0.2868287433929871,1
0.1926321716365703,0.19986036438371454,0
0.035679102676417364,0.007918910212857086,0
0.02671588817902175,0.008686876857925373,0
0.016355686074348723,0.0025660544801111036,0
0.9846819075606988,0.9865099814128114,1
0.22143669874128785,0.2470685614079854,0
0.05097831332757743,0.024915770050867186,0
0.15125558841514036,0.09717980382235623,1
0.04260224440642678,0.021217133332019657,0
0.1950379420959401,0.22186058636422548,0
0.9207163746828083,0.9968960650030808,1
0.19425273417385872,0.217327423492758,0
0.24741933549866008,0.25445814627269775,0
0.1313950872756173,0.1474609434289942,0
0.07120623369918268,0.07084727357594084,0
0.01024300539220521,0.002600514265202891,0
0.15361367738850987,0.15929744515973218,0
0.20115046884654705,0.19989705613132083,0
0.029640093964205562,0.028299055111007596,0
0.10773628226111927,0.0866857321563181,0
0.007238474976879237,0.0012193637849772284,0
0.0481004019452484,0.053497754732676706,0
0.1289473143024229,0.2416108715942387,0
0.24553407561554633,0.20770745597828374,0
0.013473984802781176,0.005196664919626782,0
0.019029482669470646,0.004301686531016918,0
0.9635194873861527,0.9821578874726757,1
0.06033790626589458,0.03784266946942191,0
0.15668950767376563,0.06652605268422286,0
0.977945715887446,0.9979385020072394,1
0.06017647545179746,0.031091794217624372,1
0.19827666350116047,0.2534876521910979,0
0.02012576990488125,0.004301651736907007,0
0.0758426481112601,0.08818248200055158,0
0.26706866504536336,0.2322964381027375,0
0.1837003706830722,0.2000770593811418,0
0.2802389208587652,0.16834922217146187,0
0.7680631320708078,0.8977740780498142,1
0.27159084133808703,0.2942329801783712,1
0.8789355022986108,0.9491799807867134,1
0.23001765040220806,0.14742546300630574,0
0.12088233113320042,0.11432694577466823,0
0.040265632982765726,0.039933406803418926,0
0.9287994931606185,0.9946326047107694,1
0.17306557696121758,0.08025840697562213,0
0.10259015292500043,0.009330238488345736,0
0.0517805494297822,0.09783568442868744,1
0.1003306198708431,0.09521040263987499,0
0.019865128704763296,0.007095884946077971,0
0.185229632112563,0.20767276661895395,0
0.024089373022969745,0.005263033827444916,0
0.07148754274087986,0.017789209878622498,0
0.04672177408200173,0.06880808891247965,0
0.10422333351413744,0.07144651761129918,0
0.15765523678572907,0.20646928160091943,0
0.014636932397587524,0.0020403143569975683,0
0.01453499502216549,0.002037672516228777,0
0.038885758671021106,0.020177610153400652,0
0.9751995263614469,0.9938222542532517,1
0.24053717991783086,0.20795813507826486,0
0.7449458478205642,0.857628951233974,1
0.17146315032376788,0.1689851990515448,0
0.9276289760312151,0.9923685495527084,1
0.060666741016527956,0.025911379466463637,0
0.2262683485831788,0.25050150670556115,0
0.1116272949722747,0.21413695796231064,0
0.021068145998512453,0.004510087249979727,0
0.09389378579191661,0.11206941012493588,0
0.12971127287153314,0.16282270099003682,0
0.6300761742498535,0.58695349536855,1
0.9752113014211098,0.9872273847847541,1
0.19753732293202447,0.18315202990528992,1
0.01749749494107265,0.004452470543673157,0
0.2056389416093614,0.3685395498896273,0
0.03760849124732541,0.06449135205492146,0
0.16145706753774122,0.10282280861658331,0
0.07151046764452118,0.0948030419496185,0
0.16776325330452088,0.1940095964040148,0
0.16537619661663583,0.2562133984020144,1
0.2425337711068736,0.25794005550408633,0
0.042495635877658006,0.0039219441057627225,0
0.13687277563795364,0.13354341737645903,0
0.01400633075884183,0.0031375862768459463,0
0.012962705144927786,0.002004081829191247,0
0.06398944107063584,0.04878361484056562,0
0.8490062529959301,0.9553468160890907,1
0.09945480952437166,0.1129168990646166,0
0.07502078339114598,0.06461565748815787,0
0.11489799054998955,0.1057468052016279,0
0.15219655426784065,0.12692487947416276,1
0.06919692960915055,0.062432319998544525,0
0.04969603910901745,0.02839637225644009,0
0.1076094582327235,0.12048798696491912,1
0.044658860145127155,0.014698261328822038,0
0.9476321385297689,0.9988093245812628,1
0.15997550224071788,0.24413432785372563,0
0.10166023512492334,0.10209187570855581,0
0.02419337339793249,0.016686917121845283,0
0.014495079843775726,0.0015160393025250578,0
0.05685972850404879,0.025588958311717584,0
0.1654240726944408,0.20834070218453662,0
0.09060838288359699,0.06515590666139874,0
0.015644934992446333,0.00272009484060802,0
0.12187837894374064,0.09517049964837876,0
0.07204682032366158,0.02923916906550483,0
0.21356021240727588,0.3280958322791198,0
0.09744047059590492,0.09785917561231854,0
0.07551375327484564,0.05769082277374604,0
0.35356503235084596,0.30290936752080594,0
0.1513999669291405,0.20970104785014315,0
0.830308254172314,0.9196599978607408,1
0.11189028274506732,0.1967360005427083,0
0.1438229682100959,0.2003149348174703,0
0.017599515531369733,0.004904618314198888,0
0.026859422029424283,0.006412371186910613,0
0.007141599733297463,0.0026668571496894842,0
0.020063781549716424,0.005164453404199882,0
0.14211217193231343,0.11565466535397527,0
0.13937150193869455,0.12324738545970598,0
0.0331083153468911,0.018655356133926767,0
0.04732274274030063,0.0833097888763502,0
0.010777087530511056,0.002797700010272886,0
0.13502599575451624,0.1962234287823157,0
0.9691694230053501,0.9925581586166078,1
0.14232931632844908,0.05910302536524302,1
0.9291204829744603,0.9972200235089602,1
0.14387743891712984,0.05039759320338207,0
0.9582447943800126,0.9747287536958658,1
0.010707511776980167,0.001973036048906307,0
0.13079323063771262,0.11036615758124343,0
0.01867124027666785,0.0023397236389888273,0
0.09010588260453864,0.06605119248470359,0
0.0379947666919706,0.019931735274367854,0
0.08883830154318421,0.0778372269882443,0
0.26131307431914114,0.5302466041057569,0
0.11981546463790459,0.10006414227854407,1
0.010473284848958216,0.002773758015746881,0
0.19478780263974194,0.2621040249013419,0
0.2912323078553778,0.14519072420914242,0
0.08853475068577032,0.10264140613585328,0
0.1810009273072264,0.14422600908605832,0
0.1011787349793952,0.14916224782218496,1
0.10316816826789316,0.09340926298681917,0
0.044742569381640104,0.023213797584731962,0
0.2718549748476744,0.3042341712819045,0
0.08798533345216138,0.08586532358663138,0
0.30341541312906156,0.3004212980356723,0
0.010990454001544761,0.0006724993812563695,0
0.1752741069499762,0.08335592280510085,0
0.019794987370507583,0.007199363217407646,0
0.4438241355005002,0.3568313784110626,0
0.9387519107499601,0.962914767212662,1
0.015293709943815131,0.01238111243334699,0
0.14358605763252494,0.11009640356428142,0
0.08305549430851417,0.009681209053662853,0
0.013853625321143936,0.0010500213243669536,0
0.9830321439846413,0.9976416370256194,1
0.2520261514870552,0.20504295155177446,0
0.1739485038904738,0.2650333574780477,0
0.8977751757331452,0.9331783123292448,1
0.11432878892629185,0.07357946151576271,1
0.9760762253722409,0.9944178208562398,1
0.9534281363011322,0.9910156548412731,1
0.10740621232444435,0.13427161882094768,0
0.3556451509860782,0.17223981033602453,0
0.11061044422444502,0.08425915163871366,0
0.21653446389436917,0.2217278522336006,0
0.24747308902095883,0.16309670834741552,0
0.2785628262342781,0.27131572743364435,0
0.035483626949042314,0.02235450238647262,0
0.024828717695607863,0.009836227699784218,0
0.04570010724007465,0.0389119073977598,0
0.04483335021773178,0.041164582199694655,0
0.19988056009867275,0.26666384213954564,1
0.08391726338669418,0.039822480093930725,0
0.24091409627345742,0.2706871944830016,0
0.9434437476065748,0.997923750799754,1
0.15421304779122208,0.18066537005423586,0
0.811723059698897,0.8565350354712489,1
0.1327197929238968,0.03576613222588846,0
0.22071434564561096,0.14486011246815222,0
0.09756193605367634,0.0739830959253116,0
0.04487771141684088,0.011399264625063757,0
0.14104881884329945,0.147634894065336,1
0.2800418098517659,0.3598324838741327,1
0.09974998825286906,0.0861002996294301,0
0.08735155614414704,0.057806932757702885,0
0.08092319660616575,0.09413192153313957,0
0.06801163711648835,0.04839355146581061,0
0.21684505584108682,0.24046584512200267,0
0.7242836456813445,0.6645127340163858,0
0.05123005747915347,0.032387773390230884,0
0.0988831598617183,0.0921692621153263,0
0.07780986845216616,0.07598156104876132,0
0.8506260990874766,0.9343744988170813,1
0.28422465852088385,0.3053653702315725,0
0.25759287890504756,0.334193054980262,0
0.20391878952794687,0.23082363591625435,1
0.17758921758224555,0.21306193767513237,0
0.23593603659620807,0.16752138361334626,0
0.19925768491581855,0.11757588363530153,0
0.047792185076109356,0.021804086481034764,0
0.03411366659343896,0.01468114139431713,0
0.045952027696762564,0.033205708947064094,0
0.24792808885205117,0.4160789385052333,1
0.018003484072531536,0.005237569027154563,0
0.015206164563059925,0.0011366474361221243,0
0.025350420691749902,0.004414485542958317,0
0.10410924490659482,0.097378513981264,0
0.09054066333677528,0.056631383188655515,0
0.22705868720921818,0.23111422274703225,0
0.050945620513769656,0.0319629788188819,0
0.9622602293441146,0.9886302032142869,1
0.9163181442826706,0.9469871590785504,1
0.4257086482164731,0.4086755372693423,1
0.017918131504363697,0.008825185812518014,0
0.9534542230333568,0.9645537288661666,1
0.1900199142781092,0.19386076478110853,0
0.20720473452553595,0.1806344815481023,1
0.1429641549496001,0.1572544045764354,0
0.1468246270554797,0.15912382977514156,0
0.18151888567167496,0.17550789361552208,0
0.8303213292906604,0.8960498112470684,1
0.06849730240319205,0.04027225426159132,0
0.8620411741464319,0.94489768109612,1
0.05341051233311148,0.05911746428799733,0
0.15490950933286354,0.13783470423494432,0
0.04022475326160796,0.05743334767662457,0
0.08056895809473194,0.08793885746810305,0
0.0993729184002975,0.1028941229050029,0
0.11108531979077363,0.11061433931456137,0
0.23387563827144578,0.1566785407570784,1
0.02683324470440222,0.00036385172193208496,0
0.10249469927144952,0.0775049556984009,0
0.2783911916278428,0.17655980510577443,0
0.7814740513868593,0.8774267375188293,1
0.21850732760883076,0.26071175440912403,0
0.06170208831851039,0.04229650514541259,0
0.1669476464789402,0.23462315695102218,0
0.2587822503000067,0.25493680940086194,0
0.03002367556876762,0.01003693851852575,0
0.9692491412124374,0.9646957707343469,1
0.18190104364440512,0.19466688711764374,0
0.11505359225498832,0.09826357982280047,0
0.1909097848229142,0.18464439824453266,0
0.04414831177307425,0.05186170796176614,0
0.2823587309531834,0.29707127875814754,0
0.2424488237336276,0.2188027726725162,1
0.1261300758112904,0.1462951420146277,1
0.04673737647153789,0.02634801024638138,0
0.17888859192755616,0.12398161460020528,1
0.1385069277645194,0.12298236657326378,1
0.38232169414951506,0.5406490040985134,0
0.025540145174296393,0.025021180471718668,0
0.060967438330971534,0.1007737488050363,0
0.03266990517620693,0.006032319916676714,0
0.10146380029730986,0.18255515006220824,0
0.9832617469516155,0.9966720879908915,1
0.2835452951088228,0.16899779642209434,0
0.8230208096184881,0.9020525324937829,1
0.3811578870719919,0.41372278920034405,0
0.08714319641472223,0.11373142747072855,1
0.21331072005864338,0.3421114462595192,0
0.13763628150701926,0.1521300936050416,0
0.0728017626830617,0.0939431811676161,0
0.03825572299370215,0.02122796816620887,0
0.137111811396479,0.12404221813362315,0
0.07139820330893426,0.06291995752841585,0
0.1639911117425486,0.15421007379651794,0
0.017736635324799313,0.008484578504005767,0
0.0769336599726728,0.012235010452911548,0
0.19639167359170723,0.2530490467644425,0
0.20775551976915313,0.18854434642092172,0
0.9647903901784558,0.9828682926969654,1
0.1116676823133668,0.1701015131832013,1
0.05900216278287057,0.01131728995490496,0
0.07796224595049157,0.080372768894859,0
0.1764187847338961,0.21824598764028275,0
0.9743354111163496,0.9911830723085011,1
0.1994870978787443,0.1344411546931432,1
0.2009056603430637,0.11919530497079836,0
0.273182954741939,0.32862253867479596,0
0.07205038985801501,0.0997632378950321,0
0.023900878675314634,0.00023361020879735927,0
0.0118662436039737,0.003720021648241205,0
0.12390593246738901,0.15338770270099536,1
0.007294674292346568,0.0023042512926208167,0
0.06001044386321971,0.04249233310964527,0
0.021250402845533815,0.005043667670433261,0
0.021439592061617208,0.014731569492402853,0
0.011681055965164512,0.00116295022745166,0
0.08620133027350928,0.01825229898748194,0
0.055863423996081164,0.028018938697084928,0
0.07343885858603895,0.048103050560775996,0
0.18867925824494217,0.3318570866441002,1
0.05837782035539667,0.039651934940201465,0
0.07162719958391463,0.062412800509501154,0
0.2342513469185533,0.25519307274898423,1
0.1340526989645382,0.13445920270988898,1
0.2006608331959133,0.1776969938327417,0
0.20258104739379876,0.2018154928019158,0
0.052431866838071654,0.046285730986186234,0
0.3580748562943359,0.5719326699748499,0
0.37759336419077344,0.2819859726550089,0
0.9821558342335381,0.9966813810819892,1
0.10502091759679932,0.12713387290000425,0
0.2401094974746284,0.44553159221521943,1
0.9476321385297689,0.9992208577845366,1
0.022057203084767402,0.021794092375474684,0
0.16823057398870128,0.15195473839582796,0
0.19055125281254753,0.2577073600178845,0
0.1207324351497729,0.06077977298758367,0
0.11395942766954445,0.09639477887839806,0
0.20853572602463147,0.14225368618778217,0
0.18442916529356354,0.18164844361635338,0
0.011151230232392855,0.0011974195292847373,0
0.05594485255077826,0.014919642317729754,0
0.01131634319690163,0.002808111026741163,0
0.3294940668440431,0.23862666482814948,0
0.16201945704246676,0.1265284779464305,0
0.27935553586820766,0.3866402433863472,1
0.0936893476280438,0.07489497267425718,0
0.8857146910926161,0.9413702905173446,1
0.05192196641525834,0.06130418314869289,0
0.053123009921144985,0.024771107801391776,0
0.10431167437411114,0.11223074728448675,0
0.09170401285966778,0.07598359254857065,1
0.10901544186820251,0.10945990619748187,0
0.08588776533686192,0.06600860328952159,0
0.9732133670955536,0.9960511982267337,1
0.7538490646791489,0.8739088030511944,1
0.10316604958478577,0.08162533972378423,0
0.02685021256283797,0.0001433059129140743,0
0.13847913036862508,0.16915840371472107,0
0.03374313151876502,0.006148056549649959,0
0.10952090761464493,0.11244862625450466,0
0.05908170221219829,0.030741074736343348,0
0.030250550956141452,0.03591294817332521,0
0.27344024677577194,0.22875253588011263,1
0.10754451336348653,0.11042273107126965,0
0.021268886773097923,0.019826876073222973,0
0.12054276283302635,0.1750354116837898,0
0.23138621299482695,0.18938713531096427,1
0.09324736619052923,0.08532222418363626,1
0.05437683803576223,0.07755920923302304,0
0.04325096123519141,0.03907734241780463,0
0.1786181580011008,0.23119293684617914,0
0.19872710807376545,0.17892641718015317,1
0.1529933683854008,0.24496174710973495,1
0.02109830334512651,0.007489697089850314,0
0.19461651638690008,0.21541349720595426,0
0.4394946722647628,0.4529235348785593,1
0.15905388563223238,0.12464220443489213,0
0.07051589132756789,0.010398351828543826,0
0.06764889035149926,0.12836557800431472,0
0.8748473766976465,0.9661015081421604,1
0.10925135578587179,0.05256160295759541,0
0.06966480446636053,0.08884954967460972,0
0.02349764866087421,0.02708490403524745,0
0.0773766943482744,0.050789389039685835,0
0.2540017841850973,0.27925237212254145,0
0.018440406720022607,0.007765203593628469,0
0.02183793072848116,0.014537563179323556,0
0.22015937217823278,0.3699534313414006,1
0.013934435416450733,0.0010986797003966955,0
0.7899986520568734,0.9343754486198314,1
0.10455270368416583,0.24559493453706982,1
0.02707533981979745,0.01528293018659209,0
0.029594882926554704,0.024548956076373536,0
0.0947492362419193,0.0668030827898794,0
0.05646596149348749,0.07757737257541919,0
0.07687019079951243,0.11678562691592825,0
0.17312236493790972,0.08769692969846389,0
0.03275777686440796,0.048433926865447945,0
0.18410246712823902,0.32333299278282013,0
0.2369447551538798,0.27055481223002376,0
0.0725027558050444,0.11398539890876501,0
0.02441038706443724,0.007021311491612733,0
0.0670360300184916,0.06995804763733694,0
0.12185059400479695,0.14792233430086557,0
0.16639538266694337,0.19435053036080666,0
0.0706911382078208,0.030156307655008156,0
0.15795204107985458,0.15547159524062598,0
0.031169640201181834,0.02168528149054873,0
0.049903810402613755,0.007062294241249336,0
0.28032929084794656,0.35961726777645125,0
0.015739941894657404,0.0016773775701186772,0
0.1970905755853504,0.20830268820093575,1
0.023186579424744103,0.003725325099841375,0
0.05039265186246076,0.06467779074379831,0
0.03368216949311917,0.04512444029749774,0
0.12163629821166753,0.12622169633271887,0
0.007693322402348477,0.0011293090286282673,0
0.14901539210067682,0.10136284141842423,0
0.09467053756177292,0.023114134670475604,0
0.028838812430837194,0.005231621370931962,0
0.1458931868218818,0.11592432318741873,0
0.16200581577069878,0.18363756669759346,0
0.17513522557331185,0.152349716454028,0
0.07575608153670883,0.03069877290638499,0
0.03927613962619946,0.045735963647742,0
0.08005094566889512,0.1288017772705193,0
0.015432425936925849,0.0244506297999594,0
0.030321087484587658,0.0005499665593342016,0
0.4113233287780882,0.18951363817068287,0
0.18294889991596164,0.12195423543185338,1
0.05165734412904969,0.03151748047411665,0
0.04275140898237965,0.02703829690654528,0
0.013443786617025643,0.0017578307675353967,0
0.043211189326565896,0.005484457293380945,0
0.027833234300496574,0.009601490630819536,0
0.02327436121040857,0.009624504209646098,0
0.05515834473018375,0.09129817742237484,0
0.20684933201351144,0.27212502466826066,0
0.09218150053131449,0.07423643089959323,0
0.9598158910757302,0.9712061560043787,1
0.09984158705759741,0.05542342916306016,0
0.24520520905686685,0.2503992989834542,0
0.19516716682410296,0.20788130868963783,0
0.19346967174509916,0.21431363823807295,1
0.06394823967119703,0.05125520479320173,0
0.045517592095198116,0.05212775698103274,0
0.0908816333144762,0.09004773405619595,0
0.2234236130304687,0.2852212360891339,0
0.20056814655138805,0.16146790363912977,0
0.03038952503850927,0.0038626361699766816,0
0.03394401458799375,0.0025994993842693445,0
0.031247974428482667,0.051239741566675295,0
0.00992500924719669,0.000984690775344722,0
0.21795441190270518,0.22114101586553897,1
0.1227953736025085,0.15134016272838172,0
0.3677873061928056,0.38690511599966265,0
0.14539131746121967,0.16050847083149758,0
0.041582086170427836,0.020839138358155342,0
0.19909815530233627,0.262324069062853,0
0.32021971829713314,0.40527067479068274,1
0.9570949120271806,0.9851093674263381,1
0.05631518832820694,0.09311392033372143,0
0.23113671740792868,0.21290661544653877,0
0.11647685620048634,0.08759501135318742,0
0.17173127300538057,0.18443048499809747,1
0.13254804034833792,0.08170180606173963,0
0.23435156644911026,0.25776923967522825,0
0.9794177629128069,0.9983028526785084,1
0.09197278148437273,0.131533215102908,0
0.1876686413486361,0.18100568164784564,0
0.27030803203482806,0.26815292857134315,1
0.12114983261416169,0.1300913816062643,0
0.2667125815964905,0.30439772213277533,0
0.015842095391965853,0.0039048265406151925,0
0.02501946947060378,0.0072983662586702325,0
0.03975020345481705,0.08907341134191153,0
0.1551815053878722,0.0924422380078115,0
0.038582426005246445,0.02217299155068382,0
0.02607163622667362,0.006726747025962055,0
0.13760379295056016,0.11712430532030302,0
0.15185153651074212,0.15189661768757723,1
0.23803595120173165,0.36227641609035627,1
0.050940703730384895,0.04213287842679766,0
0.0718915901753858,0.06576299665053702,0
0.16092549994972394,0.03591694454115466,0
0.1032373985011052,0.12068386281957824,0
0.10593934763703253,0.09778824849415586,0
0.20971931391328066,0.22082877679574942,0
0.11279935796737457,0.12333405660465328,0
0.11822047200120897,0.20896809123863186,0
0.13769723742028325,0.19877854117977084,1
0.1982318966385268,0.17011718763454922,1
0.03205695597195114,0.013283002858038526,0
0.1830703552410165,0.2709773610564516,0
0.13733998991265875,0.1237106741961062,0
0.026204207306810924,0.04147386295635368,0
0.024077477205515688,0.03345852890629292,0
0.04030788868403522,0.0277204740128287,0
0.024157455715014712,0.0228314152210406,0
0.043927408215066785,0.05066843460871046,0
0.2552094500369901,0.2696764541500156,0
0.0996425737185813,0.1083659287240367,0
0.013412383818999502,0.004613349955666559,0
0.8246384538077022,0.8634355025035606,1
0.07011483426616978,0.0494818953369624,0
0.04289908646945878,0.034952620779965055,0
0.016566542978509676,0.006726152669418559,0
0.08515315482785832,0.06866877592148247,0
0.0183766133455193,0.004794973333679508,0
0.9336422294228172,0.9820271476474318,1
0.8248051650988197,0.9685646954768445,1
0.3161001716208915,0.25716060875554303,0
0.09152711072379091,0.10534602006341276,0
0.1665396397001798,0.12067080717157272,0
0.1417859433552278,0.16630643282742297,0
0.058975747920237,0.030488757398115195,0
0.16590290416916398,0.16573843588550818,0
0.06869955288723473,0.06615152461839463,0
0.20399787946897613,0.15248303860210652,1
0.05539540654486796,0.07070916532673227,0
0.9698090128519443,0.9963807633681125,1
0.11191461331305129,0.0975480859051275,0
0.07128327564756075,0.06926540704030464,0
0.20736698442179596,0.23860103396870755,0
0.15432551620558688,0.13551132964738288,1
0.9686610472917171,0.9837708703337849,1
0.7603405746238763,0.8457333538570199,1
0.05587178485380767,0.010840684748755724,0
0.1409929195718404,0.2116986072147627,0
0.11144068231497056,0.1605075818092101,0
0.15362488198752444,0.18554592969503936,0
0.1325195075959678,0.17205818744224782,0
0.20942935546395763,0.21303051126954636,1
0.10822566010986602,0.10098264825069822,0
0.24476949331640607,0.33182823841648,0
0.04980922298046278,0.057824242256792266,0
0.2353891698839569,0.23982685183168245,0
0.052952471057755884,0.05759312681144802,0
0.015382158587773892,0.0025145255225906857,0
0.1183275029543769,0.10552678421995228,0
0.1955351038239429,0.24837691112335886,0
0.0339914274766133,0.047974182854894534,0
0.11348651531456724,0.09476872688516152,0
0.9612318217554026,0.987940817620829,1
0.08333096343906557,0.05656037219629727,0
0.5702476823696705,0.6511247154003175,1
0.9579219425758003,0.9858030706568419,1
0.3364443823411179,0.35596204948738025,0
0.0507762411453879,0.04623616575299244,0
0.16037251112846296,0.19712236184514365,0
0.984820247620655,0.9974568111350938,1
0.166280118016467,0.1716846519436491,0
0.032531520308987545,0.012851027841963016,0
0.3165600563072437,0.29968342035144724,0
0.022765926289237584,0.005170368995166239,0
0.0635799186837177,0.07426061314121513,0
0.19091753878694603,0.258156395825452,0
0.0942511683463663,0.02830309243879694,0
0.030962726336716095,0.03032752739189153,0
0.02232161942072558,0.01031787238911836,0
0.2893746714744795,0.13421141172183107,0
0.12750874153090988,0.1170848765765114,0
0.12303726119507694,0.08670492863666966,0
0.02216788054375564,0.01294116298199967,0
0.06021181990017573,0.019560181026581358,0
0.9786771220177903,0.9917241883124699,1
0.2178779768692704,0.23420030292044555,0
0.11258185490481817,0.18036198973333958,0
0.03631699129640916,0.010325231575776419,0
0.020359114934137935,0.0032244077327143504,0
0.1880311096696573,0.14622157379404663,0
0.11627531750776968,0.08875730666282915,0
0.040181009814493227,0.022303238843978078,0
0.8356838865437923,0.9298279037376236,1
0.014019045766487468,0.0022451079029068735,0
0.10387157622150124,0.08219554658760549,0
0.1335849995922087,0.1312428666670801,1
0.04118442378475356,0.009265751581796005,0
0.14217042095677776,0.10223553568057782,0
0.12074924878609763,0.053296949934808865,0
0.023069309805086632,0.006822493393776147,0
0.18476467893833642,0.2912270352274014,0
0.040996553535964576,0.033628646237737383,0
0.25070417526029387,0.2009932902076417,0
0.03281253512367528,0.017192438883361062,0
0.028081610912779,0.012535787389129485,0
0.0829293801566077,0.08182123741005314,0
0.030779156444025027,0.0006453847497909437,0
0.23781110785807216,0.2985684868482695,0
0.009266786430662581,0.0020433221791611466,0
0.019627678672123998,0.023093001193394042,0
0.04001908005208855,0.02674796388133792,0
0.14265859525008678,0.145433789876623,0
0.03961724816003123,0.04183261908452604,0
0.11777547639568073,0.11964888959045557,0
0.16361661581996972,0.18144259927552878,0
0.19083541824113656,0.2699332098967115,0
0.01419352401811745,0.003919745866551887,0
0.031079721524222517,0.0033428242087145126,0
0.27736795203029546,0.2434689676225397,0
0.03764592528618788,0.03667867274278499,0
0.11608769371653693,0.1686804000151279,0
0.1467692864070383,0.2413387102767878,0
0.045799084995385105,0.038899663167624624,1
0.9471925847419526,0.9990509439102636,1
0.30341888613807955,0.2958497990967321,0
0.024241223162754698,0.01724238664778508,0
0.7178366605000517,0.8599045039945841,1
0.047408474459306384,0.02037143563562589,0
0.03883628923124259,0.012713268169163013,0
0.6950355061704693,0.8970581201773753,1
0.03725447063050614,0.02917643505660062,0
0.07292734445575573,0.05648446001286152,0
0.1262508151557372,0.04968937140937353,0
0.054944231890353995,0.06404365783752514,0
0.9759604275007986,0.9932256471993368,1
0.6136154886059699,0.6136362367741552,1
0.027446842767093915,0.02815151847292985,0
0.015134545100328564,0.0041254284537191235,0
0.02822873777255619,0.055133991160106643,0
0.06559392644861924,0.03410489652582616,0
0.02129487047220403,0.034676455644639385,0
0.042073438183678154,0.015074435000172153,0
0.09764643650835622,0.06081724543597757,0
0.021937413091534703,0.001333807204053843,0
0.13096817929887944,0.08841313667887704,0
0.031781985184657906,0.015596117140101224,0
0.07949529062535445,0.06648414446144381,0
0.025656744465362216,0.010292908305117717,0
0.10293081310825324,0.056488248102012854,0
0.12047458590070448,0.15954255395167313,0
0.9615083214143585,0.992940120759784,1
0.053079784440074405,0.06434592569084445,0
0.15836453807818088,0.2292788672555721,0
0.15288689177422016,0.28913747527866535,0
0.134415238253907,0.10439572250512748,0
0.024089373022969745,0.007950907761100731,0
0.11654335193796295,0.11686796332944897,0
0.060831071639973665,0.009790648726052103,0
0.10561725519724487,0.05257765310747271,0
0.03018825842109085,0.0007837809452149728,0
0.07032879842371619,0.08360822166064304,1
0.1844752123031989,0.21513890858214235,0
0.19128089175718954,0.17564768920041723,0
0.2934888037823378,0.33705450064039044,0
0.11759640522157827,0.10068795920731316,0
0.32304514748827007,0.17142131376583625,0
0.02476593524496133,0.006401216598368842,0
0.9418966631874598,0.9920641976986225,1
0.13912548427395985,0.16766024921268788,0
0.2204986115894239,0.22082476719040728,0
0.01464213744007584,0.003025256751510953,0
0.1275057044728976,0.06010611199803842,0
0.12457216972984028,0.08190870559795503,0
0.027158174901404205,0.01354415230192287,0
0.9686520495899524,0.9968970656789085,1
0.06104339573023395,0.0551120071583569,0
0.14825387089409456,0.08609565906802695,0
0.0952452034253212,0.17843094919048866,0
0.19849396145586645,0.21544338288808443,0
0.036054835510658384,0.031212396645611488,0
0.049786272687496164,0.019093735162739427,0
0.04654530442000425,0.04684601841110296,0
0.05663898703598546,0.033453556857265324,0
0.2366316708938021,0.22018121573166466,0
0.1021683718249269,0.015490541698855834,0
0.8399070391040815,0.90968435456313,1
0.15150154391617002,0.27936799310836663,0
0.07323582498990339,0.06230735286448399,0
0.060987652817726716,0.0697235355391164,0
0.0807384088320162,0.12187161369723923,0
0.14325818707084528,0.12472074499455985,0
0.28685163084857407,0.3896530001217912,1
0.694112968134079,0.7138802222907255,1
0.02102395060393388,0.038126894221681196,0
0.1925001756186552,0.21741317017475514,0
0.03898865032894787,0.02602497006291585,0
0.6600347633074788,0.4757492023312051,0
0.17430410819949502,0.2033041054043086,0
0.12152255600852441,0.09354277337554143,0
0.03327789746267756,0.02452376934845443,0
0.0196781345551046,0.00804269319165768,0
0.02947299953255075,0.018285158506092705,0
0.015409843945736065,0.0014303007997665104,0
0.10904010849412209,0.1060878027015618,0
0.08518288202565343,0.070985498711304,0
0.04890106281575326,0.054431284458113245,0
0.9566665809761273,0.9769823171779741,1
0.21301612731907968,0.25495910034718483,0
0.20114177030472502,0.3301447014263933,1
0.01729705168549201,0.005470960020478928,0
0.036806355945462325,0.013327964212246551,0
0.05542154625532289,0.060660494176067344,0
0.07976627245002835,0.08053581511147571,1
0.008104432689262211,0.001533171757663981,0
0.17321300000716353,0.16599155527136733,1
0.21536935091753695,0.25906012015653385,0
0.09930382857413093,0.08121090705734123,0
0.016170863782043195,0.0025903231974582835,0
0.022415781260644505,0.004188601922787989,0
0.01592346890552151,0.009175967449756647,0
0.15028642108446558,0.0898435507331547,0
0.5386043168524615,0.21470088861566475,0
0.09466200301371011,0.14046023708240243,0
0.06616052726960829,0.04512042240216818,0
0.17451105316846355,0.17467075231681645,0
0.097072818773081,0.06833023516680149,0
0.20041456398036106,0.1333222941615483,0
0.04992106882371638,0.06153563339444779,0
0.05004176205348676,0.013014773496292851,0
0.051491615687276567,0.07773936060723839,0
0.11217910568858486,0.06576986169000525,0
0.18656585285190708,0.1179376583010813,0
0.026353058697539542,0.00026072397042837587,0
0.09072244414251097,0.05144788941352218,0
0.0529750484726525,0.04352429796331781,0
0.05424106340095431,0.053266993086040965,0
0.13892178932852506,0.09286121501514176,0
0.16400132220808358,0.16272485079019552,0
0.10978621448753031,0.0951390697989379,0
0.10907662629890594,0.13589090321779213,0
0.024352928922787394,0.0007304316860756928,0
0.03525261661155494,0.045674326301344055,0
0.03647601157334823,0.005966414457179573,0
0.08494689747507084,0.0706540050796207,0
0.6754721262429055,0.8505699865455566,1
0.029836961439602946,0.013604572439368504,0
0.10637506838239727,0.11478802519154332,0
0.032301491450654876,0.006214953183231884,0
0.025283029204406955,0.012923603302975753,0
0.14909595777753257,0.1800738686879081,0
0.08343026309075592,0.09103369532733754,0
0.09957938587947553,0.05210217226325687,0
0.03188935163035891,0.004804269908537265,0
0.11508980879086018,0.10299694420741368,0
0.05586349036771207,0.006386659359902315,0
0.13494090218299318,0.016500270552405372,1
0.0133728472915542,0.004425893443485169,0
0.042980678018766656,0.015395018838123747,0
0.016974282071010968,0.003703876834180671,0
0.013885233916034093,0.002360361441408348,0
0.0650622931724293,0.12711240159436835,0
0.31289699526813985,0.3471321982958528,0
0.08828552361095626,0.09724147883592398,1
0.2412862936269965,0.1429271053609771,0
0.9616319550045643,0.9968485284201698,1
0.04360696526059769,0.003856593912452145,0
0.19116199564451214,0.23892730462104078,0
0.013399472974534353,0.002477210081451343,0
0.0316064595830601,0.0030462134190080057,0
0.1772979394876464,0.2051914411655684,0
0.08823288035953399,0.055581334839456854,0
0.1244581416694215,0.16645226191669868,0
0.21905520227659536,0.305058083290323,0
0.21027231024517798,0.255831444865916,0
0.08505489929164566,0.06934016933450629,0
0.08808482500782712,0.10453194350459397,0
0.009402534319568386,0.003244928309213108,0
0.18097853544465853,0.13892646115790638,1
0.9566442173774765,0.9728194186663457,1
0.07284458432903158,0.029486375548712668,0
0.03006404776674839,0.009693360184581022,0
0.11510838407831889,0.093873139545067,0
0.21867848132479992,0.24486168841136313,0
0.0677401847037286,0.049772022590502674,0
0.2898067779829409,0.19578063772694745,0
0.21689633710485595,0.25487146249890175,1
0.9016192391425693,0.9928596430168942,1
0.06337914489943411,0.0662378354252487,0
0.2431510934639955,0.19577500134684758,0
0.19367205359249404,0.09196691639441813,0
0.05508613133787316,0.015778342657644006,0
0.030055000566091238,0.008626899113260691,0
0.19850073632504256,0.1567978867287911,0
0.854857954153529,0.9222629423488354,1
0.2833365688172088,0.12390776156643526,0
0.7551445660244589,0.8648210276213667,1
0.2297777276526241,0.20984789468535273,1
0.1809361640754997,0.16002621631572647,0
0.04963117437268694,0.11806711610086888,0
0.9577951836614496,0.9922388997150189,1
0.0538854998394102,0.04349083904977382,0
0.11338312038816786,0.17403568798904334,1
0.753514740440106,0.7854033864173559,1
0.6092487412916092,0.439070385677753,1
0.9476321385297689,0.9979485405702239,1
0.02836274902510433,0.011878816618032872,0
0.19896920442226435,0.16422992022081964,1
0.04654983467782644,0.03966153203643723,0
0.2771869592922238,0.2552659109117239,0
0.01975240909145181,0.029867806302012054,0
0.15227548076148026,0.19259937882058362,0
0.04049338709120959,0.010004855838075227,0
0.17481361591897412,0.15525656858918033,1
0.14265794139549914,0.13528194574452937,0
0.15652967440682533,0.13372588234483804,0
0.01727556110264087,0.0036101959043110875,0
0.11439095198995042,0.13261226752274613,1
0.2597108756024276,0.2811475048024165,0
0.20602054300013156,0.22979910125083405,0
0.10778417857693905,0.0971694073224447,0
0.1022292968104128,0.12567719754825582,0
0.058967385633072744,0.05327716043497179,0
0.9704187174558512,0.9888988012601936,1
0.22854211404018152,0.19360451023198733,0
0.9677316092228958,0.993834876420495,1
0.10071579320514874,0.08415873637740662,0
0.6560006274547258,0.6031701347150106,0
0.10734925558656583,0.058651530429453945,1
0.020739361706884875,0.006685299584881145,0
0.7773265460699679,0.8898130772453211,1
0.04674783027698576,0.026146871281438073,0
0.20699714130397298,0.1835281369056657,1
0.07422268073598773,0.03465489389631123,0
0.21241486541519788,0.14208935148848786,0
0.9629288304352891,0.9731232320627766,1
0.006861410589975991,0.0012886909412709062,0
0.18637177793528298,0.22293357685115928,0
0.07778449649470516,0.06657647329708137,0
0.08542841429388906,0.034694323304200435,0
0.06561754585613391,0.04060125049874786,0
0.11402405851875182,0.039121949840712184,0
0.08033538488204171,0.04617214249484694,0
0.08593610949468025,0.1011844757210736,0
0.873072222989138,0.9531605150736029,1
0.2079620183488004,0.17621325783399389,0
0.20693456790953293,0.1977274996051956,0
0.0969206384546421,0.07761638120228881,0
0.03411366659343896,0.025718742281330018,0
0.12130879369847565,0.11539721714317926,0
0.9191463009728292,0.9949151291744075,1
0.15492312607104897,0.12799674620475537,0
0.19217681589177532,0.22926659300220847,0
0.22182221205345248,0.18982097988540766,0
0.04261536754182376,0.029134680635731706,0
0.17716894360246313,0.20198848412598228,0
0.12639200220345323,0.1226799658016625,0
0.13873243955392678,0.10753159208269089,0
0.08650188531780806,0.07485327170471286,0
0.11952866869500188,0.10448360754736788,0
0.067212934244236,0.053006450917552905,0
0.04606695024864327,0.03290717624326626,0
0.05701777953397587,0.04579360806268644,0
0.1268004644768317,0.11544117171523757,0
0.09025048357596219,0.047332872403013815,0
0.12398963441376341,0.09248627120377725,0
0.3022834450616509,0.39393285781642295,1
0.024211243691872282,0.011832917650270496,0
0.028330288176812435,0.02723370883656613,0
0.9620355629864988,0.9862575198749608,1
0.021263578008483948,0.00933206453742198,0
0.01713620365817894,0.003830731612348318,0
0.06183460003397008,0.01908193099241261,0
0.12586811446434815,0.15426049644889214,0
0.11723636279190286,0.1304354679016112,0
0.03317384232692065,0.011600035027326174,0
0.0224172059070189,0.004871686290317267,0
0.9820386701044637,0.9984957908891365,1
0.835040713444008,0.897481551421844,1
0.055643635620266974,0.03310976918886986,1
0.07964420159185051,0.061086994822775804,0
0.9019683916279663,0.9390651256521227,1
0.03056858883598733,0.026071824518257035,0
0.04193370393301324,0.05271169435017729,0
0.1323966830416477,0.12400138840252449,1
0.9660857639878865,0.9837725546594464,1
0.10050630071111062,0.0957053148265162,0
0.024949303943782183,0.03814959346987845,0
0.03248746345611341,0.005506039579649768,0
0.12504830733555647,0.09218016182709136,0
0.14767757220193498,0.21972012959978732,0
0.0744207287745616,0.009110698482238246,0
0.02347219369691731,0.01691031795272252,0
0.8314551667324732,0.921510849394353,1
0.011454009996931564,0.004583252806409324,0
0.5148884912415261,0.8130519224605026,1
0.05178907251237413,0.05651261895595533,0
0.2777842157439801,0.1772905834528145,0
0.25060479902240956,0.356054741895855,0
0.07332884236528991,0.06617693292769931,0
0.2889094003108361,0.27540290154641756,0
0.011357222925440582,0.0008762030884178126,0
0.1422687138088681,0.11095800255624559,0
0.9482914054512109,0.9926639913589277,1
0.04682682976574627,0.032970508392837446,0
0.08905987188907355,0.0647069189109729,0
0.024655993825523716,0.026310972574685558,0
0.07439178631865151,0.07132245244261753,0
0.37642774208122476,0.30654797276212603,0
0.8203100976111497,0.8591574949322849,1
0.12289503162605003,0.11436167500612368,0
0.1623564645329282,0.18058637362797855,0
0.03516843577636792,0.03170500843499604,0
0.08536493747413644,0.07493340669557823,0
0.1739868031436517,0.08530175346244105,0
0.2225236659385728,0.2791028236134741,1
0.20464555515200344,0.16235213077993865,1
0.12081951967262328,0.0998101780948929,0
0.17578426910049244,0.32031957814517886,0
0.9291204829744603,0.9931589098338994,1
0.12183366510246706,0.10463763741414933,0
0.22682823079149286,0.14984344748901093,0
0.11832387675038576,0.06556192579993658,0
0.023633806743942717,0.007107115589646103,0
0.02150177588098371,0.010025334699510639,0
0.024457075426928817,0.006483111030806835,0
0.1271625419399492,0.12971725454228938,0
0.21020720339770282,0.2565023368444853,0
0.0901979552472875,0.1274621371459488,0
0.2311989882531764,0.1993499958432449,0
0.040448365071138956,0.05461959792788701,0
0.041194232366993044,0.03752696491694271,0
0.8715268593549894,0.9827029135352797,1
0.21292300041264625,0.20668589884942717,0
0.06043873433589881,0.049830962462728466,0
0.07219870414451818,0.026216350266896823,0
0.14194623117945374,0.14684512304680258,0
0.04925465145396653,0.046035842521020616,0
0.9044812185958191,0.9739913141134932,1
0.029638968601696836,0.027800185030498453,0
0.3113416852382095,0.5719322709835347,1
0.5344231593702867,0.7465276184548157,0
0.2365294441533926,0.34134048163405784,0
0.12906650462083977,0.09379873448442737,0
0.08942149102868917,0.061107034687253176,0
0.17778205616876971,0.22713526354760338,0
0.12359848109308338,0.11979555250469023,0
0.060988725658178006,0.04857244585352298,0
0.13884844487277992,0.16277853136372256,0
0.16975104141363,0.24439933463516827,0
0.10878086655519864,0.051157398263770824,0
0.047001859694396034,0.00948688338524828,0
0.01976637666663625,0.0025582576867684004,0
0.013103613680411802,0.002335341802040116,0
0.17159195144484732,0.19180623615209047,0
0.12958911788438157,0.06522233491118315,0
0.0921135579966603,0.07243209027359994,1
0.20960894609720346,0.2539428652983666,0
0.23578107406457127,0.20115497574163674,0
0.18762785085602363,0.16799800325518285,0
0.061041519868936536,0.04135067819796722,0
0.02716988234571592,0.012473233218292891,0
0.1383399476366558,0.13465584634095148,1
0.19766230761524428,0.22841475564800348,1
0.010748996156439917,0.0074778138391779206,0
0.0908011889054793,0.004572428670288801,0
0.019794987370507583,0.0018950556843654487,0
0.2678924919773656,0.20456976158416632,0
0.21819892062533908,0.1648657808859213,0
0.9644233547875898,0.993743555782298,1
0.028796752627908602,0.012970633850637592,0
0.3829549326579389,0.26277318064827715,0
0.20797195586956588,0.1345160473808792,0
0.8061654180072446,0.9167370625919085,1
0.15213905891698298,0.17766139579342752,0
0.02730378173081742,0.011451292104116113,0
0.14618483167455223,0.12191164542703321,0
0.07964516377139513,0.11625744197126353,1
0.11534810489165677,0.0942361489893428,0
0.19702477848239627,0.1863056863773911,0
0.05328287441756624,0.09087507318340428,1
0.15221374550133004,0.15339702549537376,0
0.009447128743888599,0.0008394958190019016,0
0.011405553869537292,0.0019208227692135258,0
0.08667776679195989,0.14214175693296363,0
0.03154149026113848,0.018761550423663852,0
0.27318875050114955,0.195809484206979,0
0.039297280760680925,0.054844402748896015,0
0.08446361069468343,0.09550485632299835,0
0.013677583772999682,0.003940092490594545,0
0.21136580749432538,0.2430014339204894,0
0.042059467568073924,0.01313864000707599,0
0.07140817688731779,0.09136957188267979,0
0.3313828096406704,0.2930250125776058,0
0.07734166793621956,0.07788342426008614,0
0.04595695155372986,0.06755087836894194,0
0.2502887338002693,0.4271940325044017,0
0.9722837083777532,0.9764440094393154,1
0.08167304034514244,0.06546178882893323,0
0.04637353323027546,0.0410128618472798,0
0.8293075889054713,0.7802798863579428,1
0.148713474818279,0.18886442549140617,1
0.25214423453531265,0.1760279603010986,1
0.026974330881107626,0.0014973762773580596,0
0.1715405923649841,0.1649857747523009,0
0.2710434898753514,0.23111614828438656,0
0.05325710557131464,0.07049570321022396,0
0.04051568229335103,0.034169575158622754,1
0.05848994580911408,0.061365373806258644,0
0.7161418102912535,0.879295082677747,1
0.01587335999716792,0.005385635007225318,0
0.030084295371613265,0.00942688926699607,0
0.19313626129054384,0.19289419973806707,0
0.01569464121091216,0.0014762793071721395,0
0.2524458505141404,0.3045438473815316,0
0.17221201969913177,0.12655324450601896,1
0.08303486036569614,0.08310503116418537,0
0.022861738524340418,0.009008036780051722,0
0.16487365079672006,0.1318606786776936,1
0.025129441019167705,0.004463855178569811,0
0.025244514599040157,0.0002388818594830374,0
0.7250970195363177,0.7134965654455837,0
0.0969490753853695,0.1252174271793737,0
0.10443974069282111,0.19565873167398967,0
0.12857259238082508,0.10899461547341714,0
0.011072556612757413,0.004081087679889066,0
0.2815326581035099,0.25566579874372114,0
0.0741605946546233,0.08572521389655627,0
0.0699599119602506,0.07049672275327566,0
0.985692053348436,0.994647336428133,1
0.019634217632089775,0.004067498924465127,0
0.09974248416370772,0.16187961820651742,0
0.028103217896360253,0.001118129713321677,0
0.9291204829744603,0.9962386082623211,1
0.05653471289870096,0.06639321425494518,0
0.09995881508465301,0.10164499683369795,0
0.052086903071889464,0.03166863806890863,0
0.18946021058985196,0.14924751523584484,0
0.20870408363709267,0.21107298916372097,0
0.08343360684870142,0.11063521387264798,0
0.1937687988244404,0.21368565724388272,1
0.09310303889747802,0.06448797461801407,0
0.09670792167172793,0.13148226444802985,1
0.6221050886768498,0.5759470364173096,1
0.2319629627022695,0.17970654940791933,1
0.11748218456150639,0.012563929692813806,0
0.7120093296432652,0.9328386283158623,1
0.07970276814492173,0.0395730936917771,0
0.14847039897939107,0.161039713473606,0
0.025015457881886412,0.010665588614502376,0
0.10064337208373614,0.07285209639053798,0
0.07738125925762089,0.09574054780712439,0
0.11109773384942268,0.08620355166620548,0
0.18279190930255465,0.2178691200838757,0
0.03860410462345683,0.01918842950573722,0
0.3177664446129221,0.40892814168536357,1
0.020843530167307486,0.007985997345941527,0
0.128439714505004,0.17472646242973666,0
0.0733403926417338,0.10128477714140546,1
0.01867124027666785,0.0012238728346721437,0
0.09279629603434258,0.07893853104343419,1
0.03054170099264622,0.0017226966891879605,0
0.019087738988417532,0.028873295047680794,0
0.952207588823951,0.9845455643675398,1
0.2548719164650918,0.25963302108256975,0
0.9047377528647775,0.9730171752461974,1
0.1712206133284734,0.14762185195054503,0
0.1347959187857198,0.20003438088127792,0
0.13601431726416052,0.1242306047712271,0
0.039142320380716765,0.02506716563662726,0
0.12551275986150118,0.14454299575543206,0
0.93743470282422,0.997325479976619,1
0.00821432732073589,0.0013922404467944535,0
0.26538579900454745,0.21419311994398293,1
0.10231902558176813,0.095259851532284,0
0.01635892938217115,0.004730665842518402,0
0.07049872202507036,0.1138671520717433,0
0.18961354313547218,0.3335784171457651,0
0.9630599758725039,0.990186015932717,1
0.1668098144615431,0.10185273469992297,0
0.044566301087175304,0.019889226391945326,0
0.2598428599688495,0.3779751340624667,0
0.15931414937811655,0.12092828738608347,1
0.8693612230865235,0.885032661045364,1
0.013856799385994491,0.004594406236115071,0
0.28523241431291396,0.33713932574286815,0
0.5329385543318668,0.5541421891089533,0
0.18645881958630248,0.15165471141155368,1
0.04044805697865468,0.01895258954442332,0
0.0998765451701203,0.07334898748925676,1
0.9648878121773287,0.9952702634689377,1
0.23932276605163552,0.2928977074168053,0
0.08527010282319698,0.022406713501034854,0
0.21928220025580802,0.1553577571413693,0
0.6282965026130103,0.7430093211983915,1
0.9814537882245989,0.9921447369788028,1
0.09341741162977771,0.08230998276872636,0
0.9639493818549216,0.9751079158235804,1
0.03270792368145956,0.010951259922555369,0
0.21308237280600642,0.22364213678659392,0
0.05990140470572077,0.09118177984626295,0
0.02376684564472727,0.02164913617614443,0
0.9746754787293622,0.9913800768182787,1
0.9476321385297689,0.9994013278011051,1
0.03421995443593553,0.031029639234641367,0
0.025283652134152283,0.02905409105550592,0
0.11700026412318751,0.09988962139251537,0
0.09213182630605282,0.18487831615057573,0
0.021022327308054076,0.0027077104411947534,0
0.18286822731255944,0.12234589063922909,1
0.20423871709214633,0.2387103235929966,0
0.024549985590275603,0.0260362820788304,0
0.09875764506398842,0.04885933689128724,0
0.0347976655915206,0.017060844962524076,0
0.7772603993544166,0.9537708260020531,1
0.07629262071647212,0.09742343872329672,0
0.05228780962821148,0.04397250020234939,0
0.09637978420381792,0.0900262488456267,0
0.1266581284987927,0.14293989699607176,0
0.15087960355491326,0.1173559055634527,0
0.248565875690555,0.13230162327358244,0
0.026150709946508293,0.010735103717995548,0
0.05680675330506314,0.01962088222908161,0
0.019938159121599807,0.002050673572525952,0
0.2147983014441068,0.24114652014424745,0
0.18491996112423864,0.19930888415866396,0
0.08739432104411099,0.05682888927223516,0
0.05956545450572998,0.055370289327324976,0
0.24119181729726555,0.32903173684520776,1
0.19775753399702756,0.2149958382875018,1
0.3238441891423291,0.35571097381277667,0
0.12057139429059166,0.09253999395292895,1
0.03779281344440416,0.0031090944339796063,0
0.02308013964073303,0.018444924608088966,0
0.024281814370162243,0.01610682854845959,0
0.13662889953968452,0.21185506470569307,1
0.22622167170418936,0.46653722462444375,0
0.08713533383439015,0.08582578185702024,0
0.04370508974185723,0.02977454635594931,0
0.062369172078144644,0.048278063515190275,0
0.2953180592813485,0.20330679175512217,0
0.04831694386221605,0.04875960935104024,0
0.02577569163307013,0.008130014999306576,0
0.07808075039063855,0.09328839279764309,0
0.08361404985032797,0.07438787399766862,0
0.8094231094378663,0.9701965685679023,1
0.23871835311795236,0.33028607567456714,0
0.03444694423688652,0.023700038483884495,0
0.01381755329730775,0.00389036809416172,0
0.19136828299756353,0.1533749858266406,0
0.1717409667760989,0.11329411153386904,0
0.11294333877192334,0.08252822530583713,0
0.017779092713475293,0.006446741598022456,0
0.7627122194291363,0.7182519058525245,1
0.17345786607434113,0.16574603642770927,0
0.16338709272663493,0.08788069297217568,0
0.137166705393709,0.17485038357133584,0
0.07774381033346758,0.06659045353346159,0
0.8187575576947175,0.8488253997249596,1
0.028874083981126755,0.009761164403194867,0
0.3114930555539392,0.32437116911400343,0
0.018370400566570185,0.004688481402057844,0
0.04976123669203178,0.013266314769209765,0
0.14477905306267846,0.14973846930406848,0
0.9728185743771217,0.9876445699031389,1
0.01023020331573421,0.0004503776931474224,0
0.24043529201048644,0.19495591772000656,0
0.019908485288907346,0.010711993354324715,0
0.9624684711265354,0.9959524810056539,1
0.9476321385297689,0.9994044362787161,1
0.16678535305581288,0.19317725653745635,0
0.07450882865948052,0.10310632704235075,0
0.06509002213927649,0.00768140070030015,0
0.03241705735408736,0.009596405149079444,0
0.03812211854627662,0.025266968065640612,0
0.037767392700051534,0.09330016483255915,0
0.05638244611938626,0.05925522161365253,0
0.09351780961797743,0.12519074136858757,0
0.08480423479982277,0.10467007903500834,0
0.19648772837676395,0.21049112642503054,0
0.9718261019449755,0.9874306189067699,1
0.14113223862327912,0.12669917742374182,1
0.019996006335889868,0.0034336565098288876,0
0.05870977636511115,0.04635507572680716,1
0.8379868544541769,0.9661002557301744,1
0.021122478439795665,0.013225458878141635,0
0.11738855036404566,0.07052845548045972,0
0.13147577573065827,0.16418426143468062,0
0.03242091168997476,0.04284564545645342,0
0.03562448110573954,0.0012848795412045931,0
0.14424825138627878,0.22828346050633713,0
0.058065473912068524,0.04308976757114949,0
0.9645021268532264,0.9919639479923793,1
0.9771557773253351,0.9979564803742386,1
0.0667631161288342,0.05965099718892247,0
0.18035040315898676,0.20697903772517176,1
0.14041320645853803,0.11352712025309551,0
0.8837236492842478,0.9497028642267528,1
0.028201533340589353,0.0014123976171180792,0
0.014138604710700211,0.0073785406110018995,0
0.9044895053825711,0.9685150573325548,1
0.16441110862568983,0.1792474205185086,0
0.023786908032739196,0.006639219684810587,0
0.019040721495564673,0.0030745084447158016,0
0.1605554578800798,0.15129654106066748,0
0.21890064971256876,0.18085504037692685,0
0.12374953862304071,0.1262803305719961,1
0.2349591369346777,0.4368176782002157,0
0.017043925543586823,0.006947730546041039,0
0.025048537213154167,0.005174375283396242,0
0.17296065731842744,0.257435024294906,0
0.030890884759676187,0.01930894220018053,0
0.05273300926114916,0.028302302618119703,0
0.9676276169277883,0.9949585537928191,1
0.9718872586195052,0.996442005154762,1
0.9161914811178108,0.9950781247000152,1
0.2019096705612473,0.17980018785897636,0
0.10612509430549452,0.10962347745858958,0
0.02393366265060773,0.007593278527649487,0
0.062208251085920416,0.04289674741400897,0
0.116145368782068,0.06962501463552888,0
0.23773851743503402,0.18902478577217396,0
0.15280055975531298,0.2611545760130457,0
0.01401212367082952,0.0014535910075005234,0
0.135747281810014,0.08945707355164319,0
0.042866444680881466,0.008433012519003063,0
0.05533733108847289,0.051956568119360655,0
0.1727659485123413,0.16038025714125748,1
0.2207471296048467,0.16263790122156574,0
0.033923631943118975,0.008120505280566325,0
0.23849315496674725,0.19145402976532808,0
0.02343201681045625,0.017594042116338415,0
0.19752672106204391,0.37039766275956154,1
0.09119488302321575,0.09697610589169747,0
0.05670971340241827,0.08673753282205557,0
0.19208856747368708,0.20608431920197082,0
0.08830624732118143,0.08606651251363034,0
0.09627912245550596,0.0952299574203702,0
0.1245601350919906,0.1027586143870771,0
0.830686803712974,0.9620110571281711,1
0.14064645666066164,0.1643944825293137,0
0.2986758030324043,0.21849034701189107,0
0.005987252056292785,0.0014077542667527757,0
0.09527974896500055,0.16149160944408206,0
0.10415285970369575,0.10087321063956949,0
0.16661416830686582,0.16642797442572582,0
0.09021071014836603,0.07259629212825493,0
0.8666115146398716,0.9595037324152943,1
0.0894039679581399,0.07110294569282974,1
0.053732335293247134,0.056124791270394346,0
0.009143089222037227,0.00456463229591342,0
0.18276900416167055,0.11042096687672293,0
0.9252357655436968,0.983775065457063,1
0.9694127086401753,0.9985756269595963,1
0.09402648550134107,0.09176713799641449,0
0.826891044359684,0.9386795804496866,1
0.1570739252132126,0.17292149551667468,1
0.1367031375005226,0.15438939110407424,0
0.2556177054861925,0.21518232572285032,0
0.006549736640448786,0.0019372800888078072,0
0.2031218498456147,0.21261433972232685,0
0.1951503541919807,0.2776725649861198,0
0.12861295495513994,0.06046105040971241,0
0.20995686887148046,0.24349320345663245,0
0.15047448266559857,0.10738421056346292,0
0.21887889624359744,0.16046644376093155,0
0.16171107759047657,0.13131364105995477,0
0.2652656135321381,0.3271877445573877,1
0.0868308990880486,0.048283608841554214,0
0.20701882023640436,0.22891604805163465,0
0.24560555221733577,0.19506094841707577,0
0.03044778208454245,0.030508080003332598,0
0.2207641080874391,0.24694185847184227,1
0.028952362179965992,0.018211158414030582,0
0.19128320318161932,0.1571219563217894,1
0.07025825108957022,0.03861050559036163,0
0.17445624404300034,0.17254402060340596,0
0.05344327176593624,0.05983387984568131,0
0.7896830849583656,0.8250491819839801,1
0.011597221696043046,0.0006190594879137191,0
0.10569814720686302,0.12945877095187466,0
0.9742459446744309,0.9884694063197224,1
0.059217049378960294,0.05098014630207125,0
0.18686190377639111,0.11168292301894868,0
0.012251116877503848,0.0031757530100290504,0
0.09176300842050106,0.07031741407376171,1
0.020222492297350774,0.007231961368629201,0
0.9822909719317127,0.9965349360133946,1
0.1839447729072946,0.17069491220408764,0
0.04147403415828566,0.01434197797626814,0
0.16327656761866968,0.1395670354181941,0
0.11779405284860844,0.08286740726075342,0
0.06256639964643138,0.0856447340208327,0
0.026974330881107626,0.0008469137777781616,0
0.9476321385297689,0.9985458007564368,1
0.13578600588086126,0.13432391882671596,0
0.9802079960962563,0.9975600307118203,1
0.1360758754554347,0.2653213005933184,0
0.10434343354488625,0.1336592737988413,0
0.006564657953565468,0.0014231899865078,0
0.9215205548240467,0.9742260376376456,1
0.17172445184960466,0.06772994976827719,0
0.06641448502242027,0.06182319338962247,0
0.12189809849064581,0.17384549773992325,0
0.0851997530184287,0.11543568375927024,0
0.08731955182842567,0.1268529279839507,0
0.22459411912997668,0.2852464986449213,1
0.08687703494031349,0.03485538138384948,0
0.9630992188667944,0.9942870748514948,1
0.23524175195407002,0.3164811293937199,0
0.7264075482337671,0.8400708998933069,1
0.014034409356480202,0.004199410723798045,0
0.012964189653133838,0.001779271025744713,0
0.14229158047613005,0.15532288099380825,1
0.19011389104223053,0.14722051707895026,0
0.030409385771600156,0.018914787766274564,0
0.13622282522087262,0.11317432326504547,0
0.06754887468360743,0.04469709562025618,0
0.15944852771140433,0.17270250726921443,0
0.9778057849199316,0.9896209404054086,1
0.19051860146251967,0.2030485228163269,1
0.2982600577788658,0.1865002578546811,0
0.24972619310400757,0.2657459084752019,0
0.9240418014284919,0.9909362956225597,1
0.03807619522375262,0.041396471942008926,0
0.06740514179882696,0.07157824022622351,0
0.10661824592820371,0.12735189278407497,0
0.9742784482567765,0.9909662976065424,1
0.03410827111894915,0.0012323985508921394,0
0.0219413370757741,0.004446570579237666,0
0.03188935163035891,0.0050849179614853345,0
0.16427219783829233,0.13766627057732267,0
0.09214060513494476,0.11357467543341808,0
0.06819041613189569,0.09118585836254807,0
0.8652000155939766,0.9590467802094973,1
0.09058164030931015,0.05614559371130582,0
0.11444039550540018,0.15402017501571733,0
0.9015356219750205,0.8478735800117757,1
0.2356707687790945,0.24891165203132506,0
0.17044310247485187,0.17831940400587762,0
0.2801202101439087,0.39999108259266875,1
0.14906913918914286,0.21400164880240613,0
0.21615473782893443,0.24039523547262834,0
0.06402132836122452,0.03994852318049468,0
0.23377788859741688,0.27431988390694134,0
0.14654728194945754,0.09338039224173483,0
0.19304130535365963,0.2915046583499895,1
0.4406574323749668,0.4973780129167091,0
0.3693667804356017,0.32476454987913866,1
0.0730008507718059,0.09465842000783894,0
0.03642480804416503,0.0021201338007293797,0
0.9737151702912703,0.9896822723324326,1
0.03584785745465992,0.012545430856415364,0
0.1668276989919278,0.16130847819735716,0
0.19366891009103715,0.18531060559637888,0
0.054175350170062836,0.05066221427981111,1
0.022222177422612052,0.004746014948105994,0
0.04585823964848098,0.035850408029931925,0
0.007780762434259367,0.0010994115104120945,0
0.06497346849495364,0.07000149705840404,0
0.03439864108955421,0.031127039231306976,0
0.032441801566065756,0.007009277249929721,0
0.033397363008116784,0.013094235402308117,0
0.19939308620810817,0.4103577634198622,0
0.07551581661070647,0.06530448997262235,0
0.14474087197600707,0.1069910174757566,0
0.11666271179862313,0.18998578610403927,0
0.010518019835654433,0.0019991816311080227,0
0.7790867190951418,0.8545522924778756,1
0.11964725703400166,0.09136268911062892,0
0.14278687711127783,0.2554569920933348,1
0.04542795309289524,0.03851713555172927,0
0.19283210800748607,0.19110437034701475,0
0.028954002385870047,0.0009416485375213924,0
0.09891080166824083,0.07552382725731617,0
0.1073694697862623,0.15733990712867119,0
0.13959153431089574,0.16088212488079412,1
0.023155680932320368,0.003115515377383496,0
0.13309619942346604,0.09541362590241897,0
0.12850920298234614,0.13598748621663498,0
0.13333526766547837,0.09410494646999402,0
0.07789275142499412,0.08581568945996608,0
0.9775480194911542,0.9874831750394881,1
0.8663318027560098,0.9207842752380535,1
0.11112202060576248,0.08547727493054044,0
0.10855036928819488,0.10953772657247376,0
0.09716332576642685,0.12222303624455741,0
0.15033510758719748,0.1797456146371425,0
0.03465408864463898,0.06744112983646078,0
0.12163040308798263,0.08211444764669788,0
0.05414600503020662,0.05411941379975179,1
0.014371846952583957,0.0022583128496884578,0
0.20382569779190102,0.18310491830098333,0
0.09400618329438848,0.10566077190345821,0
0.05456298365867021,0.04375254132643585,0
0.13014097280822298,0.1311208095387008,0
0.9588884336280357,0.9856577637652343,1
0.12848544525558347,0.12085656929811395,1
0.031850776473570756,0.01598572952435548,0
0.0076213599132649345,0.0004861109591994147,0
0.9791466417438961,0.9930979177845894,1
0.058269483266619,0.006859149043426201,0
0.32894696475033913,0.3657464310678851,0
0.11510958975683437,0.07664800576581737,0
0.03350231740347865,0.0027910498431781058,0
0.23928399080736226,0.25898695402714483,0
0.05347877770853923,0.013837140355615748,0
0.1628650245422529,0.15489241171539558,0
0.18295329768571653,0.23996405490600384,0
0.1431000741707021,0.15034643496163236,0
0.08018284723360597,0.07597524954951318,0
0.041258462210960155,0.009620178852420603,0
0.08325259455875147,0.07254899616186844,1
0.007157683523272933,0.0013661178011368331,0
0.2782878200032987,0.303962026226561,0
0.22093067838586256,0.1804567079282475,0
0.25205297623241446,0.2610486439738431,0
0.020132363747730714,0.007232979453900461,0
0.11402574076469359,0.06799406906569176,0
0.13847423326750785,0.15898396869663783,0
0.10445394483758837,0.07411275115560592,0
0.05696759026461997,0.06645672541310209,0
0.9754462561977246,0.9935002741237259,1
0.19901127863209664,0.21112497721223822,1
0.1465723819839503,0.1801120807332934,1
0.20822137412383487,0.22961743276224708,1
0.11484069173988666,0.05970384317846033,0
0.06760629300055497,0.055335795094771864,0
0.13694380600509465,0.12616903001188026,1
0.015279334536995611,0.004294614254832717,0
0.14795444321722553,0.12576832707046098,0
0.12513493611248525,0.20356551318201185,0
0.05601074807310502,0.0266539292959763,0
0.06670989751111875,0.04720847851834358,0
0.008344765957252547,0.002023100627800085,0
0.023439014065892664,0.037366217107488775,0
0.10792400845196713,0.11500453472230897,0
0.4112190758136558,0.20303126188295206,0
0.10300932232226265,0.057368719911083825,0
0.08501440099181388,0.02643799182642235,0
0.2862319616210119,0.16591442737912565,0
0.36383525978303677,0.11523605091453067,0
0.1520155826608451,0.11134974395065056,0
0.22582619352164035,0.13539547644316793,0
0.14738784438447255,0.1670533839859725,0
0.13035772631494214,0.14035969179488025,0
0.033224009745695574,0.04423869749362421,0
0.1160158488135831,0.09674505808578947,0
0.10191422217977743,0.09406568452192408,0
0.22902239671026087,0.3736937336249229,0
0.0074566956432244695,0.00167949981143241,0
0.04116389108314248,0.04930596695779172,0
0.8097090108479273,0.9291138875538948,1
0.013527870718840599,0.000267572840602711,0
0.20951420745301438,0.14820031862040323,1
0.09673039260619984,0.19994074549754107,0
0.03410856787192596,0.0049123836020475535,0
0.09437733355788848,0.10311944167924134,0
0.092491753741477,0.12271531315340216,0
0.038194038625421874,0.014653665487859843,0
0.044560782689091416,0.017732646330324973,0
0.10262352069937666,0.0899442265084944,0
0.2055329782154648,0.17158744657392366,0
0.09260196723292151,0.0714709378467045,0
0.04019292166125879,0.029338224378233278,0
0.9225621302091963,0.9971821386300429,1
0.10949417037380196,0.12420966617271584,0
0.036361635692641975,0.029739409510387324,0
0.05643661613578938,0.032847003407214456,0
0.07341060422473893,0.04671356228325658,0
0.062436499242951554,0.07090488791287078,0
0.06320310666378137,0.05927310982038977,0
0.32577721211309707,0.2874945075251543,0
0.91426562687906,0.9290273308297193,1
0.14855136269313174,0.1476327916432919,0
0.037023035040476764,0.007633563930070975,0
0.08644825828464482,0.040209017654252326,0
0.03882316894264282,0.044253628992057405,0
0.024089373022969745,0.003951422144896348,0
0.1459336168405386,0.17741527551795644,0
0.18454842426849807,0.16677189435249715,0
0.04411501772701174,0.02068753688796734,0
0.008596994591219561,0.00248872146879841,0
0.10558791904981436,0.1364137884349119,0
0.01064331395385603,0.0011641370527570396,0
0.05999829278182784,0.009504713658363253,0
0.26598508469058274,0.2484165969938718,0
0.08173636446136236,0.04932114551349842,0
0.18429717093807954,0.15065743167012174,0
0.09626183559478266,0.1544667285671338,1
0.017831506160945122,0.015370588710362242,0
0.037686011783499174,0.03429287420479165,0
0.17983774454294565,0.19856385657942396,1
0.018350881003564218,0.003076949786464039,0
0.04310576871176963,0.009398152391385554,0
0.1256068598208107,0.12343919412923877,0
0.015282670855052308,0.00340969840278238,0
0.012344375907646685,0.002356968885644039,0
0.025314217769415434,0.0077352923596596,0
0.026353058697539542,0.0002068861407629557,0
0.030827521507642706,0.02354130591681646,0
0.03546344415206254,0.0026477499879071853,0
0.18384222447547066,0.16019557935730588,0
0.011480388732953196,0.0049442160365867505,0
0.2207341065948187,0.26927581003504836,0
0.031192425221191027,0.006592210034011093,0
0.010946020416526113,0.0008036048830348464,0
0.10560503960573724,0.12656296037929646,1
0.1469823279983187,0.20417304078983492,0
0.09323642122112302,0.15040102176841025,0
0.7663013485331674,0.7655186828564284,1
0.0658213705759581,0.07011091929970989,0
0.08927906954279777,0.22569171712973882,1
0.04604922518863013,0.005137004925285447,0
0.03522563065748529,0.01593005877059287,0
0.02097761533664124,0.004477909501333044,0
0.8458445292583073,0.9363835711245567,1
0.2430482934176574,0.342800971807554,0
0.04545099001306784,0.049993975533466864,0
0.9306024224268099,0.9800785719751067,1
0.17664072542166484,0.09238643467147117,1
0.7381008607946525,0.8686067670729403,1
0.333163660540882,0.17465154803706345,0
0.8125163434115291,0.9175811358217986,1
0.6358043089880694,0.6991608115020366,1
0.06694243900802789,0.10332350025208971,0
0.0905033908834488,0.1172268509471605,0
0.07244962214624409,0.08881175993680052,1
0.12513986230998989,0.13917702761359044,1
0.16391048660048174,0.19426138609969076,0
0.5332689272722935,0.6356905464954797,0
0.11190243699191493,0.07739422229407802,0
0.8306322697051325,0.799446438519022,1
0.1331483368321464,0.13810535339074853,1
0.011664302389669543,0.010055369602632204,0
0.032258507424523415,0.012784729884471473,0
0.4026836329612704,0.47473077445719974,0
0.18756885718818406,0.20247419244290937,1
0.17234211102054176,0.15102179155041004,0
0.19539075609601658,0.21452677224377686,1
0.01569464121091216,0.0016247218879154592,0
0.15592619399560023,0.13846310955678295,1
0.24514322678257655,0.25182159599402115,1
0.23756325044524307,0.26329957068695137,0
0.020301042018737607,0.003907990151537007,0
0.034592592057516254,0.018953727288722057,0
0.05590177972562964,0.03490206489499013,0
0.01248523886233511,0.003122741035745626,0
0.04935961371758316,0.032698470265393846,0
0.05614878918856265,0.02181665954653703,0
0.07813912408679718,0.10138120777868194,1
0.5499838208902824,0.5217201938519035,0
0.9714164101395922,0.9833756051230162,1
0.019173778412389722,0.005092058194069307,0
0.21742828696153735,0.2740304687867661,0
0.05387035576268522,0.03118338737602273,0
0.11043806541356169,0.1620961429774627,0
0.01322386568484311,0.002156005522904201,0
0.036885831762546055,0.003910624264458154,0
0.032387928003964166,0.00496955691954245,0
0.11821176692022882,0.10514896583163329,0
0.03188935163035891,0.009468323278482304,0
0.1923018404996468,0.19461968107532776,0
0.09125256224748995,0.1306275939446266,0
0.06978440629183434,0.09005993391610069,0
0.7383252212697741,0.7334527291378384,1
0.9489137291920685,0.9401499976653902,1
0.08102681745448885,0.08947179118680769,0
0.07951864022268869,0.08176308764210298,0
0.04524314833325615,0.024100531425667586,0
0.012352679527713345,0.0006492482468472585,0
0.16429445767661047,0.23253574472543173,0
0.41392351683618406,0.4807637551615807,0
0.06726582765875357,0.047782617741862654,0
0.2597645594291714,0.32067744553566185,1
0.9702726742474361,0.9670882906539625,1
0.06163625794495368,0.038257845259159165,0
0.027177378150502824,0.012002173947175985,0
0.04842744574023493,0.011947502970203108,0
0.827972715318918,0.910418167352973,1
0.09929789289410614,0.02307788951597417,0
0.06550694823860957,0.053985515061981106,0
0.24309387108045888,0.37778738481993585,1
0.21357947022445353,0.3163105026332823,0
0.03920757674833433,0.003021083920236764,0
0.23687087799569287,0.18143941214080514,0
0.0880427431327331,0.0847603006717641,1
0.056606382984860655,0.07399185591232707,0
0.09470235996471854,0.014515366395119205,0
0.06163625794495368,0.050906664560292185,0
0.2909260554516638,0.2625959758834064,1
0.07764599084991167,0.012234262655004427,0
0.980013066017791,0.991302125016303,1
0.185938452796717,0.23680212287875574,0
0.9476321385297689,0.9989746230157501,1
0.1869957267002194,0.1878926185031797,0
0.14551487297270962,0.10698189835907833,0
0.03849234264605013,0.038116062846085014,0
0.018261000926671152,0.004113905956195157,0
0.6439703294457745,0.5842644776778302,0
0.12179551400029487,0.06551707462122203,0
0.1796152182336106,0.09756319907069885,0
0.1442003302282322,0.03541880069879728,0
0.17150854732825763,0.23298678972275982,1
0.0780283084683047,0.0833777012300185,0
0.03511852947361169,0.013758872076642396,0
0.07522871234809916,0.05133516537747701,0
0.15843677135443576,0.21886199416743496,0
0.167225419950407,0.14385051358084242,0
0.14576596301087238,0.16309332212658967,0
0.19427046853447688,0.20587118698974066,0
0.9787532385152921,0.9947420302614345,1
0.16984965542581268,0.16432144117232975,1
0.05130282411838145,0.017123592942186495,0
0.28401437112774947,0.6503903216231313,0
0.10974751870668374,0.04466480307637365,0
0.08343457971884147,0.08781272199952403,0
0.05619570212260752,0.040166462296791355,0
0.1584130065393513,0.19925484218218084,0
0.22572868633889634,0.26752064824853783,1
0.017944812177355416,0.003758146565226985,0
0.03961002612927185,0.03102282508510968,0
0.04974339280171777,0.018290756521808692,0
0.12145336984326652,0.10273479546040085,0
0.02748287429854233,0.0018856032971406621,0
0.16901327018810858,0.21153273012137655,1
0.041778700669966126,0.04303405052317051,0
0.04178049005798816,0.06693517645429058,0
0.12350301180076173,0.09739013485495397,0
0.037943623803372996,0.0227597841975986,0
0.01847335983666732,0.00830293996926765,0
0.08870507304943796,0.018828878443497243,0
0.02454302965946552,0.004688626351309399,0
0.026095026908650152,0.014814655228200897,0
0.8232540184718204,0.8870730326286606,1
0.13826075204453764,0.06398477017324464,0
0.1554979001165218,0.14266348894169723,0
0.9768724534366431,0.9927071978094374,1
0.8475544872382916,0.8595138721575911,1
0.03709349140881888,0.02737230811732819,0
0.1680669927076954,0.1336311379903305,0
0.0670674666140982,0.058204589945605865,0
0.1744863437237787,0.08278131455427223,0
0.153931223849484,0.20795272400945164,0
0.15855882436854896,0.12916189027524344,1
0.020016037954203827,0.0016322316373338509,0
0.04617058590213621,0.06446208423966297,0
0.037545067240950934,0.04958265946718652,0
0.03236938241118526,0.025318294891805707,0
0.22026602822625707,0.1999071508857155,0
0.029231173860012574,0.06632980432565148,0
0.02373490762713367,0.011179448189794921,0
0.27081942341686255,0.2727496242106646,0
0.012363662758983388,0.004499869736374917,0
0.06261648307014192,0.0817081109142738,0
0.0931694872168458,0.12046848037393372,1
0.17588105372092847,0.1664365124049476,0
0.10034066466205482,0.07538249055944554,0
0.14315539717361495,0.15762519442499792,0
0.03143605622504947,0.010645267100763007,0
0.13930855062196362,0.09415144618730333,0
0.08499361257652753,0.17390681477290224,0
0.1578003298838221,0.07135554709074737,0
0.014876787678356802,0.003945069193847805,0
0.11442133105894195,0.07477770893433135,0
0.13563122550720727,0.11462258080712089,0
0.08287213832213729,0.07902377214669522,0
0.10824801831464853,0.0386355602762439,0
0.19999508393606627,0.2525592332896688,1
0.04512841175701956,0.03125537714047572,0
0.04251858229709085,0.03326473093641311,0
0.02433025850381545,0.006322105943096157,0
0.9476321385297689,0.9996478957130992,1
0.26675988862304684,0.3554490774943116,1
0.025535664538734355,0.011783422628951167,0
0.08024015193649177,0.0973960639930716,0
0.1184565979290298,0.10520162338833443,0
0.15556339527879662,0.1258677503406063,0
0.02011437021330434,0.006075507463625681,0
0.11126462474383095,0.08884782513482332,0
0.013859976349724195,0.004744167857431362,0
0.08227466525251234,0.01987884605436247,0
0.07721176009960394,0.07728989968869865,0
0.1574784580024995,0.15349504475589906,0
0.03376749910098295,0.012135131642075981,0
0.20733419813823994,0.21900068141318402,0
0.17798553079695395,0.16241783150556646,0
0.21833868731880124,0.306382781034932,1
0.1570340727888888,0.11266529036208721,1
0.7811659543393036,0.9453941505315828,1
0.09845339670460414,0.08713591691526987,0
0.425001419115059,0.33803552309005164,0
0.22136388446338015,0.20698540356554088,0
0.012881731696967996,0.0037362958725016097,0
0.0798489085429633,0.05289313416331676,0
0.0684050408562344,0.10082498380868372,0
0.03937776770153686,0.016877867874436944,0
0.08577381287693345,0.08090353003287377,0
0.21775000828792612,0.19365120547455716,0
0.028634904783697616,0.014885743017261682,0
0.009859031690819647,0.003325966431195338,0
0.18447336916198562,0.20995395756200172,1
0.015970948164092624,0.0021952438798595367,0
0.014816080901370024,0.002389132199808824,0
0.2623690016207711,0.22794232419660346,0
0.07734235088120255,0.041667570516371946,0
0.18566732749153175,0.32295300715541814,1
0.08120528113600148,0.0551234360329685,0
0.14323486961229673,0.1362341664255603,0
0.1526220468237454,0.1942173090318542,0
0.0682295311902151,0.06448715772827401,0
0.22001532302466661,0.18326456541068484,0
0.16667144232512873,0.20098287088273667,0
0.08070041861920575,0.057838693174104,0
0.9706920863367762,0.9979303998173495,1
0.9476321385297689,0.9992750145727107,1
0.20103755883204422,0.16105255256613618,0
0.04816260560817,0.05101648547187192,0
0.13561884972697127,0.1548374016943369,0
0.03443466969565103,0.00871118498894954,0
0.15354616546525515,0.08542629906597911,0
0.044610130298436995,0.0319633553175534,0
0.10511270769665433,0.09818427584146983,0
0.12047486482771282,0.10287575485491252,0
0.10731965941979377,0.03857075370555948,0
0.016876448966599816,0.004499447667253162,0
0.27220625757655503,0.4201005483294358,0
0.22720054056014613,0.19775130145957787,1
0.09852201551848526,0.04892176115410475,0
0.018004295587666575,0.004314134430104221,0
0.10359371918581936,0.13780227083746963,0
0.16005332211616743,0.16610099766393122,0
0.03314662849239339,0.011416396821119534,0
0.013476701230380228,0.0019874524167442197,0
0.06463921995011346,0.06825911338250908,0
0.10076654635065385,0.10457645973467647,0
0.17163134427127583,0.21515664843811547,1
0.14337565528833962,0.2984823857245463,0
0.8511277058833686,0.9481970486702261,1
0.09346712371749466,0.0572480523406388,0
0.9403158505416569,0.980029726953673,1
0.040996554532086164,0.016300120843985955,0
0.23342991939895247,0.2092764649044345,0
0.25947936610509836,0.21284163613851137,0
0.22606909476786155,0.19224495795163954,0
0.08191897343783976,0.021974467316458204,0
0.023462706420285986,0.013129258443298134,0
0.13734660929955556,0.09885491239351582,0
0.019050798146216928,0.009846583335383846,0
0.042266154235355735,0.049833111373889016,0
0.03556099752924915,0.011762256408229413,0
0.13051328038586113,0.17599161205590697,0
0.1554247054905799,0.16808464680618013,0
0.9727303586946717,0.9868156182992271,1
0.22419834159916707,0.29492671718631525,1
0.24014238943591912,0.21140017095373315,0
0.045836652607913364,0.029380813324276975,0
0.2134758230390266,0.21984093898122498,0
0.30410473208941247,0.3627099923234499,1
0.12199146314514119,0.053568178489345704,0
0.34029579542354893,0.22443223852668792,0
0.06345077938706088,0.08077700270200411,1
0.219941932910829,0.18533060998767356,0
0.1541595613357093,0.1887471127685845,1
0.04335187637684866,0.025846648501802943,0
0.08698171784228677,0.024416801892468778,0
0.06509002213927649,0.004808202659123042,0
0.006573281683634005,0.00100834470355705,0
0.018733035245202385,0.003814408728858945,0
0.15059156173359242,0.1525856033413783,0
0.21523963920648384,0.2175785684374046,1
0.1488635649664423,0.1654075331651703,0
0.9466048280004615,0.9938574005946835,1
0.1623058105593457,0.11298693868677849,0
0.23869617743935,0.21112632522964683,1
0.03497796027233766,0.02917440371289598,0
0.09550523356553033,0.1342187733366923,0
0.9466048280004615,0.9960162295823144,1
0.16076807608756213,0.12793854850197042,1
0.06663839893919914,0.04414115413360398,0
0.151483909980137,0.14653990252902535,1
0.06640504352588007,0.09859588987654128,0
0.18500379109250784,0.3181987319302277,1
0.2397836489512201,0.16929243757567336,0
0.1472043839519522,0.14181002658597439,0
0.08757466140105362,0.09730248187365459,0
0.01605231580802517,0.005233114053634033,0
0.19519102475461803,0.14307778496905424,0
0.04956660233158896,0.0364824511788748,1
0.22204152243327296,0.12113410227388047,0
0.12085328463878943,0.12948667925747395,0
0.035476162725729725,0.004018479720229906,0
0.09187527162249609,0.1172073021946693,0
0.13481513851818544,0.05432039451799481,0
0.08566508816268456,0.09514491063825269,1
0.033307039019638045,0.01031530448761858,0
0.24146514982046272,0.1660080920800378,0
0.01794500158496141,0.0037690016794005403,0
0.9785668283576792,0.9947047876092754,1
0.04781356844207576,0.07446372590585736,0
0.14853431811499856,0.08416873657680723,0
0.05583632221863139,0.020740916307541827,0
0.10066839826048647,0.08047510529478019,0
0.24726411124393843,0.30322361539658765,0
0.1325569114325004,0.1555479825799144,1
0.020726612558279435,0.0040289074809566295,0
0.18925509937071908,0.19010668720677676,0
0.08261341086286254,0.06372864569449462,0
0.984703143329947,0.996611824819275,1
0.25648581737905213,0.16847144637995742,0
0.1543372667314049,0.1791455719147188,0
0.020439749542669146,0.020383931668644842,0
0.019476158208931064,0.0029143569918442195,0
0.1800388275203423,0.12247579536540998,0
0.18536701065546982,0.11456382468663735,0
0.05157539379850854,0.029448787051387933,0
0.12062603035694225,0.11548656224619594,0
0.9660493532818932,0.9950327349651753,1
0.745308800234387,0.6776592011561583,1
0.03377670096968873,0.025303109702744974,0
0.1632473293091638,0.21135955064783046,0
0.08398452270095152,0.009806641059978286,0
0.0910993177743825,0.08316059596487882,0
0.01949216798659852,0.005226692412569751,0
0.2064179275710491,0.3629164462324154,0
0.23122090742296494,0.32217027286795763,0
0.840100344166006,0.8935882130264391,1
0.9570226250868354,0.9539953295113622,1
0.0992529238801841,0.11760349978912593,0
0.0687378448637645,0.03920374272601807,0
0.1825015924101973,0.1413192321920562,0
0.11052485954274312,0.08663872815871389,0
0.10194170899240379,0.08344507351396102,0
0.10105141729116529,0.08998592159407648,0
0.11165643077638131,0.07120720031665573,0
0.07345838971423786,0.05605968374122358,0
0.1925878088424953,0.2582647262828803,0
0.029538017788004012,0.013557332429595321,0
0.11940873000622707,0.06116588691500947,0
0.046568878054635006,0.04447170308769912,0
0.043598523181070103,0.017690310211859652,0
0.9268938551760886,0.9810695220194823,1
0.08984327099506728,0.10492280414347244,1
0.23393643311465961,0.09705482363806799,0
0.608445381008858,0.4423980340589129,1
0.04910436808461969,0.017061956822924537,0
0.056030188627452,0.07418167698484054,0
0.030980277182634002,0.008041732284218686,0
0.18521207758779595,0.1513893270850279,0
0.9682738515406812,0.9757514361337145,1
0.0301281665573338,0.005784837067599655,0
0.06260782083807194,0.03695259003287964,0
0.014590462019951622,0.0067215518616658915,0
0.06383095970302646,0.06151825472602378,0
0.8938711162016573,0.9328115670411291,1
0.18494976485482642,0.16486858370661103,0
0.06312493009666005,0.03918399127355863,0
0.7207095090586475,0.7562572891443433,0
0.06695019676714874,0.020914450799163528,0
0.8950032740392156,0.9233464245195055,1
0.05362517983722101,0.0656662305559664,0
0.16736531341992886,0.13191422457878438,0
0.05213137330383117,0.025460815332193073,0
0.06818145383956492,0.06435417114204728,0
0.16129576870815004,0.3799820261283626,0
0.05936176923334509,0.01691155491061434,0
0.16051989319241267,0.17396863627358922,0
0.03976808078919809,0.019740116619204204,0
0.04668979602390166,0.04283955040736638,0
0.06525953853859719,0.06422953189056202,1
0.012529278080685961,0.0012089461163125052,0
0.9489283735192487,0.9833801432818455,1
0.8419994323585452,0.9465416237548554,1
0.19970346630899907,0.16276125116154086,0
0.2679685398143183,0.2007088095161376,0
0.9598398655195021,0.9919696631891176,1
0.09066969789693471,0.04922065072386262,0
0.08705146058300102,0.034455693709182625,0
0.033354569054170315,0.014718490419211515,0
0.2535153437291434,0.2860640577925395,0
0.13293909324601252,0.18371407514381852,0
0.11801550097960604,0.08240349047800526,0
0.05501744168302672,0.03700346021226249,0
0.2996186635490946,0.3659464104497912,0
0.08484684009828876,0.12310855586131329,0
0.014669125288689362,0.007418570671481028,0
0.22167235734333252,0.25125308851222217,1
0.3400080647820894,0.21405633310655053,0
0.03413945227725185,0.0415968192653776,0
0.029252483650703816,0.013005824012292664,0
0.12685758050290713,0.10285192450025611,0
0.9368762420606562,0.9926692243192834,1
0.11994351809041491,0.16057922160635152,0
0.06626074426319208,0.08417532351238366,0
0.16574544726383456,0.1740205920589215,0
0.40199923743566407,0.3408000521720864,0
0.05304760116877561,0.049742291618066196,0
0.18819738031683592,0.3253405497634468,0
0.016795098323242493,0.00691245498754376,0
0.7001813817283161,0.7208012591818476,1
0.10417838118988534,0.16894211737504117,0
0.03698974537203181,0.059149418645640016,0
0.6580635237191732,0.5785529867917798,1
0.02162444041838958,0.02128711452104176,0
0.14258553417364112,0.17361640108013474,0
0.39560380350238117,0.23021951985373645,0
0.02589686827144329,0.0020435334127115986,0
0.2073139078083868,0.28770609894326415,0
0.01953831628490431,0.0021777343503198467,0
0.06791080193551828,0.08652463032087604,0
0.9725512939625969,0.9972549892372691,1
0.1673464525458607,0.2129271721920755,0
0.8888988296822662,0.9794935816401118,1
0.006157016827446055,0.0008749824553420734,0
0.0867668127312819,0.09854800822173924,0
0.19447407179560774,0.1685993086318923,1
0.1367819580271587,0.17869961838211768,1
0.047018429921981825,0.05632248085518305,0
0.22234617986112,0.17350685840470748,0
0.07742586649793431,0.112943178951406,0
0.2770698871953878,0.28917684853956244,0
0.8767243163102026,0.9336776625257769,1
0.01787221998284173,0.004068407137104224,0
0.04870117952130189,0.013889183124113844,0
0.17283025956582854,0.15256369024003277,0
0.23455201793442576,0.2654140924573738,0
0.16522449078750984,0.07291741399711055,0
0.12441562241905571,0.10940207059991419,0
0.1858882877385489,0.182621814743564,0
0.03795585427271177,0.008623768027375758,0
0.06174201752430546,0.10545080296830965,0
0.17471414451049497,0.18265661467627298,0
0.1694707124740391,0.0497858098002278,0
0.03475596389100842,0.02799935937311103,0
0.014002953601860553,0.0022741320005048543,0
0.05937121660831062,0.04709322306216731,0
0.10414556869781681,0.09104799666104357,0
0.12083642384016313,0.07980155944554385,0
0.12821594524997004,0.18605287487255626,0
0.040797447567778575,0.04273083899058802,0
0.967787514996609,0.9933620325052641,1
0.3058230760657028,0.3942909425679896,1
0.765683470778268,0.8574173475857011,1
0.09432587325413426,0.05238709607639149,0
0.24256857501789644,0.2612371298860148,1
0.05039122759047082,0.03444674446778472,0
0.01441029474899836,0.003136353598042528,0
0.0398480466849679,0.044859737631203815,1
0.2461701079450422,0.29255902928049327,0
0.02367260213797631,0.007089539226973247,0
0.10016863270750707,0.09400082152967755,0
0.20188606372938056,0.10363923293278118,1
0.015534645720808453,0.009992884109898863,0
0.06356004367189233,0.06841983681615994,0
0.09126273554603036,0.12259013064784344,0
0.05787544147249829,0.053934630807346194,0
0.2753765242354129,0.22500513669149147,0
0.16688939161490912,0.13071969400182154,0
0.24517877576277028,0.12386599381899778,0
0.017539737103344853,0.0009715247448752922,0
0.16518194445001236,0.14671710643797672,1
0.13082287939001666,0.15539379353551624,1
0.15764724326707671,0.15014187399973086,0
0.23344088761383588,0.20206815596888744,1
0.19744990434501195,0.2286856453413568,1
0.23202182837871524,0.15227482687357347,0
0.2089370790595633,0.214246885583882,1
0.14466026425161027,0.1895926259913817,0
0.09707800995617458,0.09616038335877879,0
0.10564305723822999,0.058115428946054634,0
0.03844662691120568,0.02482625745792693,0
0.19136405019720387,0.20217255251679192,0
0.1358566903082778,0.19166476948270333,0
0.19973175758478584,0.17083150421251553,0
0.10073990225792531,0.10941635942426499,0
0.07487171508322538,0.07046339844184442,0
0.027977832420642782,0.04427762305324323,0
0.17371687099147523,0.11907743760761429,0
0.12630250230066303,0.17967170441831695,0
0.147480948702435,0.15515949845724714,0
0.08096160755512408,0.054354435753302156,0
0.06725365254857785,0.10307940450333852,0
0.08976860696455838,0.05040383535052018,0
0.06861726985519229,0.06045964736129662,0
0.06676012417702924,0.05060423505791132,0
0.2965289218698526,0.26771125662228196,1
0.9615241348003244,0.995228927326151,1
0.06733958322600031,0.024828279688080098,0
0.011830040460931869,0.004155389631424041,0
0.7113235050786759,0.7732533744885091,1
0.02027264393875394,0.0016861359646205732,0
0.08980483331650131,0.06385351641195068,0
0.09395311645753918,0.04371916294062741,0
0.11517068221480611,0.12390937462679746,0
0.9419247608692455,0.988229774586441,1
0.15936199291002684,0.039663919276454185,0
0.11420702767756016,0.03607672509319175,0
0.8313721624745415,0.9479305726595731,1
0.1739824439143485,0.09890386987485277,0
0.12285732299052492,0.11088258785666526,0
0.08185428062445932,0.06374289288535243,0
0.18337609256848741,0.2351841053858177,1
0.04750941916612105,0.02822454311443601,0
0.10217736970823942,0.1095346610793406,0
0.02247160477791949,0.005418305166825525,0
0.10238591856467225,0.08579590610247538,0
0.11426032347356026,0.07664448114704431,0
0.06128129402014145,0.06411335131767293,0
0.032383437186399494,0.003749744849626966,0
0.012088010285922051,0.005272449744533147,0
0.21158814229688,0.26041041333948023,1
0.018687511602739574,0.003802403862194291,0
0.06985311165469227,0.023367605687371926,0
0.23594362685176082,0.10527409523830282,0
0.9667254496903387,0.9971098311864026,1
0.23847959955892814,0.3698337040279123,1
0.02856281620322233,0.004696837095416918,0
0.9671659605950347,0.9773719395979893,1
0.02338784880670159,0.001978930108523123,0
0.008243753553951821,0.0012238976680779934,0
0.1533910661343837,0.12542787740463998,0
0.09628436791070887,0.09390703128533548,0
0.17759038521790874,0.17880892940626888,0
0.20784653869031816,0.2541934947131426,0
0.2743459406725537,0.1763998053020598,0
0.17527943582320932,0.18144964470408406,1
0.040012921095257045,0.011383429158197086,0
0.022538515971696926,0.002097655345145901,0
0.012310150706104932,0.0055333248128371275,0
0.20177248500127556,0.23848085938296423,0
0.05974223422806299,0.06904242717492756,0
0.10710316721667894,0.10023944686720714,0
0.05062198552095014,0.04896928587573728,0
0.03188935163035891,0.004691628883661865,0
0.02117341381636711,0.003068619886767932,0
0.014368104479399079,0.0014768869859707924,0
0.21663281003716103,0.3873877426677908,0
0.03360965717691384,0.027440846636222347,0
0.05928216108586427,0.03787653232444552,0
0.0908706271718624,0.05106359590612781,0
0.7661685563533353,0.7182823929600838,1
0.15756696079768026,0.19834099111768566,1
0.21308395142318678,0.22326158133732157,1
0.10075638531837273,0.11295412394144112,0
0.11081508629214419,0.10651863543702288,0
0.10841338251751075,0.10819781312606484,0
0.12293164902754697,0.08976066015977546,0
0.20955958813098158,0.20143282734098159,0
0.03514227016133676,0.03441914841016297,0
0.05801647828650046,0.08587902064602716,1
0.09495752296059522,0.07100140739087062,0
0.1772427554336762,0.09978042832769647,0
0.2488728450479088,0.47693818663373716,0
0.09504300884087752,0.10731316122378609,0
0.02726982460226994,0.0006325535544918992,0
0.12623937651397868,0.1833103989169274,1
0.3942153976583798,0.3446764661189694,1
0.06446296477270648,0.018894249737228218,0
0.010370847216877213,0.012801722800938494,0
0.03993391111133142,0.045887202285734695,0
0.2121301400792867,0.2495132646592619,0
0.14138084295508224,0.12689218189760143,0
0.9564610084997923,0.9887516211029458,1
0.08881024795403479,0.10714219888133089,0
0.04401828498733901,0.035802563167654684,0
0.16541154864275673,0.1185251641355593,0
0.019356146130598908,0.004102854063182895,0
0.03408785202498222,0.03002223030696785,0
0.13563836947913221,0.15443982552360935,0
0.20406277187471794,0.1620355781795218,0
0.05847263739254684,0.05582497668186052,0
0.10031755064184203,0.11856431645697044,0
0.04146152552486645,0.06978283930648044,0
0.019408456540185862,0.005580262135312977,0
0.20698615245474275,0.20168626914331314,0
0.1644478768176529,0.16132463387099424,0
0.589853251082466,0.6780011188772671,1
0.20054203753234906,0.2464053952701867,0
0.16630484611197563,0.11137596393386003,0
0.9741641832305117,0.9874499280325605,1
0.20240169357372506,0.22458866270266245,0
0.07482963500064178,0.09230622783737134,1
0.10942119819472976,0.10623031423652446,0
0.05820582785252219,0.05817130468396687,0
0.024089373022969745,0.002941568475544064,0
0.0453476998577903,0.013937772022742061,0
0.044195002345404286,0.01503709262660741,0
0.13943526472219311,0.19922204684788014,0
0.01632419935040998,0.00690749852626903,0
0.0921802035354019,0.10512323335921595,0
0.21708783370156104,0.32785836435361604,1
0.019989962965659087,0.005629500780764156,0
0.13452384347654064,0.10920248840659526,0
0.2045596252428912,0.16264315690011244,0
0.06719713335444479,0.06534362411034282,0
0.14239687991049532,0.1108294820932999,0
0.07530402203886706,0.06536986961118384,0
0.988343186475289,0.99778380032883,1
0.14114939054503875,0.05720749053393137,0
0.01375157685227913,0.0020537163229842675,0
0.1037487213341029,0.08706176602802178,0
0.07972666462187832,0.10325007648783313,0
0.18135325739747252,0.16964256735899857,0
0.010986998502970257,0.004849613103774477,0
0.3739190004339537,0.39422630436096756,0
0.03038296556198347,0.04046865960483774,0
0.952344616944532,0.9636902529704302,1
0.11738483061682164,0.07119117955264365,0
0.023348695554827423,0.0014704552326411109,0
0.21692115995346592,0.20496830625728227,0
0.020155974012422074,0.00546329228906522,0
0.12314989596270338,0.09183171944338123,0
0.7690744362360672,0.899275339260035,1
0.01944993801875421,0.0035396113384217466,0
0.8543517383148199,0.8888502666583186,1
0.03417808971829214,0.034303436864755385,0
0.16109536883041026,0.1542463496497817,0
0.07629298880519043,0.11311112297733548,1
0.202177505878111,0.24089798416422548,0
0.22669918556034918,0.24731140037443397,0
0.03254576595263286,0.004781268124309932,0
0.21052832396436807,0.22231626287217995,0
0.07208623559683683,0.033524227596800286,0
0.04116047138363821,0.044115720605837475,0
0.03103187935435425,0.024969387942581925,0
0.02620649620129338,0.011785076726496544,0
0.017402562097576128,0.007782317755641091,0
0.24787006019713914,0.3098227455392267,0
0.06384112598698466,0.025136827912111193,0
0.10095972718276533,0.09364014160823109,1
0.04014335984067124,0.043553575373796505,0
0.06125688568169833,0.04955632140461264,0
0.041626570559315144,0.037449934031433034,0
0.14284271616264885,0.15272627016041102,0
0.014752527103904763,0.002985417787523291,0
0.1104859798714758,0.09041244430615662,0
0.11684135825181442,0.10735951501207751,0
0.02441483257767759,0.024659898300350203,0
0.8732062240566412,0.9682714529679297,1
0.1028282331572557,0.11993804478662148,1
0.05048903417105156,0.025110030880391824,0
0.16360969723959048,0.19634441875929567,0
0.07757951270850834,0.04732962945723931,0
0.2441715568614103,0.3440257844200455,0
0.9702246531230747,0.9861878104776419,1
0.03703809193637806,0.017954402205409337,0
0.9676064272886152,0.973866521914682,1
0.1818666145214412,0.19905972828336335,0
0.07473442965706058,0.023016853091495103,0
0.05188184496510722,0.028212321257732827,0
0.12647527711358966,0.12580203227833822,0
0.060075116123428966,0.051270408534741935,1
0.15624260248232827,0.17083354669134773,0
0.9229266714975934,0.9917652593831184,1
0.37617773769232854,0.45847854265376886,1
0.08201196607987105,0.0813672461507973,0
0.21916737539928388,0.20458038001072226,0
0.9601569683911307,0.9905828524209687,1
0.06691911189452338,0.048221444798130925,0
0.047626181918516496,0.07723021834843811,0
0.02049627270979576,0.015373506606798135,0
0.12663184459745244,0.08755653963342605,0
0.1672223144092755,0.03953830384103767,0
0.09722055188761099,0.02193236987506682,0
0.4609169207403512,0.3995319294957449,0
0.12281698917954113,0.1846095587994341,0
0.48998705578087337,0.36620590626653643,1
0.18163264355757974,0.2803094510716994,0
0.03314319208208077,0.007429032033927092,0
0.030655364862114117,0.021215062148461448,0
0.22408781948746384,0.22868290469248984,1
0.1961331084877074,0.19627401577023493,0
0.04016920279359656,0.055821909482011954,0
0.05947804229201116,0.030610786515813716,0
0.009017419570577008,0.0018359409509097892,0
0.22737004776130426,0.20314374732006596,0
0.22878974999454896,0.1849815921788703,0
0.09981324304175086,0.05377276797532893,0
0.05703359510976384,0.062011204961590766,0
0.05392563878658946,0.06453380191072777,0
0.18647083100807987,0.13785354693557048,0
0.96055465795187,0.9868506118180007,1
0.11640380941866284,0.12381222905867746,0
0.034633614418237216,0.002301762136762743,0
0.17064173686253384,0.1597075400204077,0
0.9824210309076798,0.9991861191018457,1
0.21569471448318714,0.19667733513917063,0
0.21186068563140828,0.17174310822376776,0
0.02118597212948543,0.017225837435725765,0
0.1340390455754539,0.1518324412832897,1
0.13361134004410963,0.11724906084587963,0
0.07843821611130491,0.07623962297065053,0
0.1692154433153237,0.14233552480091474,0
0.8165536861151753,0.928755258781254,1
0.14845908011949113,0.17303853100695737,1
0.20276821424166955,0.1416035501590821,0
0.045642862431921304,0.006572486565076108,0
0.18571263657875559,0.15153365404881103,0
0.6480991521905065,0.5254288231359308,0
0.06442601631823927,0.09109267835694472,0
0.0829713573004196,0.05150338257577833,0
0.0545152778977042,0.02169891581958044,0
0.023207270641164356,0.005402240490162641,0
0.15658515390012312,0.15652307789899014,0
0.16195964176269476,0.14126209881173613,0
0.11294215694642393,0.05099217531971446,0
0.8498909385767691,0.9001481702877918,1
0.1720147373173538,0.13052637338265238,0
0.020011685122505746,0.0037754534179873793,0
0.062048495852948485,0.01642042335208449,0
0.25699831057130135,0.30960142608796554,0
0.20872696061669974,0.1584438776486493,0
0.9532323372866377,0.9817768021529677,1
0.030120141435680786,0.005214087581981218,0
0.18919234820981135,0.18400291703893476,1
0.014490501958201264,0.003463627477022618,0
0.04108680527646788,0.062085138371042875,0
0.2064927268994073,0.20269659521615696,0
0.08260899122236282,0.04888516461266198,0
0.9682446079709984,0.9870405668319886,1
0.05392883377061751,0.057814257147124244,0
0.03504175659506217,0.037677157652673265,0
0.19431752561919982,0.16541682641013727,0
0.6647801433833819,0.7261933107576358,0
0.1183562639980343,0.09365183334786202,0
0.15782508355682676,0.22781400455168133,1
0.2721577501914898,0.20010509396239212,0
0.054029694183517434,0.04740668095994521,0
0.2734661734168671,0.28170574858203273,0
0.14245749720424156,0.1688144179864946,1
0.1401987630561878,0.13914747844925363,0
0.0328534248499032,0.021064093355446175,0
0.08890095416635621,0.12959275584693516,0
0.044313626705237245,0.06247219711160509,0
0.08240106814265766,0.045828942183302926,0
0.9241937356278705,0.9960900815982142,1
0.6888580736619117,0.8924954891950696,1
0.3552302030512164,0.38915910507236867,0
0.035889509180403824,0.020987813511520386,0
0.08958617676508294,0.022693575866154694,0
0.02652522044275318,0.002633900761639721,0
0.3023497516934739,0.20602780680502109,1
0.16545872519392474,0.1566315702815847,0
0.7684085039915342,0.8067911246857694,1
0.1783755136553938,0.17328762695575273,0
0.1652766975610609,0.21342821742140256,1
0.22698110032537067,0.11367018756812444,0
0.9660413217273512,0.998037622647007,1
0.14924399906183344,0.20460947559824663,0
0.01583225327124586,0.004652502879918265,0
0.19001176227010758,0.48146267870059967,1
0.11906634412377733,0.2778176449918724,0
0.0092579547858118,0.0007201638543922878,0
0.015417789017799818,0.012985107806662772,0
0.18175376406929497,0.18112359385060361,0
0.19501979462848354,0.20307702352666787,0
0.11404389084042227,0.11895976576183886,0
0.2000447492276336,0.26252653111650237,0
0.04367007467444282,0.056963233925664304,0
0.27603588089754316,0.32503955044935046,0
0.05939408597340678,0.23442425349388007,0
0.016321229689526134,0.005981233221243189,0
0.16377696966004218,0.16342645727964983,0
0.2474098156412475,0.20515880101035053,0
0.02341419771839922,0.00897779651924114,0
0.026432939640017483,0.015490937182064056,0
0.26959838276721015,0.2998223247350232,0
0.05223163420958717,0.03366323656854644,0
0.10085224389510548,0.08624161186790569,0
0.02554286563942155,0.008363327452370258,0
0.2402081245956378,0.20986595917681927,0
0.18233578222959151,0.1569350410498412,0
0.03012226468319646,0.009121568608555794,0
0.15805195589351648,0.09631881445306319,0
0.9672081673879697,0.9947542953948935,1
0.024290456165384583,0.020158802636075182,0
0.10326905399717635,0.10310842821207755,0
0.339826221195046,0.524977620632308,0
0.17827919614427093,0.1712613255014242,0
0.965261539926099,0.9946247559806243,1
0.05160775004537412,0.05964247707824175,0
0.0671712381170562,0.05043206139904933,0
0.016146814195354273,0.008740388497416056,0
0.0810667818425135,0.02785586942867328,0
0.21610399022987245,0.328213321679182,1
0.057252572384497984,0.014958517882280547,0
0.17802246413502573,0.24453309461810946,1
0.04033973857757777,0.023328465077201453,0
0.8178296230753389,0.8558438885791074,1
0.052363969539603296,0.025616432073911028,0
0.29212093651876364,0.3144724211241978,0
0.029931698350206846,0.013384738185277368,0
0.034628848073647515,0.02785320417575666,0
0.028425426311604714,0.013780825879634693,0
0.9464293463445784,0.9835635830467793,1
0.07998257937018459,0.004364616898855466,0
0.16231603474079104,0.12632590071243424,0
0.17547632976994176,0.17530297032824993,0
0.05012930005209717,0.02435334382928605,0
0.019965282139812062,0.004575106137081955,0
0.7999057324969732,0.9637257360352157,1
0.9427555604572924,0.9706386025553223,1
0.12190557583166241,0.10359169823551292,0
0.18934873704658908,0.13268281295371287,0
0.02346446834096154,0.02308269396697515,0
0.029215726557566168,0.0008455933706570624,0
0.08491805887868756,0.103372327565299,0
0.10379148072174686,0.14670634656280443,0
0.17311116300648124,0.2869210976924983,0
0.14296960124623545,0.25923472137293296,0
0.08226687180334709,0.07631617967665132,1
0.34415606943720717,0.3203072825300305,0
0.0953853870973979,0.09374493274383891,0
0.03594481502288038,0.010060199243703855,0
0.05458763370547816,0.016628198523408654,0
0.06107809974805306,0.045372397736386155,0
0.06552440223786322,0.04134688541005469,0
0.22529492726494527,0.2092961433567216,0
0.04010303065962159,0.0557900402547512,0
0.03503268226185945,0.03887678383309689,0
0.17099658647022792,0.16526850673606855,0
0.03188935163035891,0.004010993512806958,0
0.03934985676783696,0.04460767749041788,0
0.02595669495433309,0.011369799420018183,0
0.9424709319587969,0.9968098953357728,1
0.13458972713027234,0.09791061137177799,0
0.07637949470831716,0.08682923886289669,0
0.11290070648865899,0.10059930189135213,0
0.06705058644191224,0.05277313578065759,0
0.13782145714439623,0.21053664515414205,0
0.12528817549255872,0.12126831516547959,0
0.08887962737199717,0.05070802268389413,0
0.10411970159839985,0.10048945051599442,0
0.11676073185188608,0.0807267697778476,0
0.013796464749264048,0.003943589400595097,0
0.17179610826484493,0.1586841202164816,1
0.32017475221280395,0.3424681151165277,0
0.1716254189413527,0.11623964318969446,0
0.05975129765049106,0.027863510318865425,0
0.20309352222966648,0.25692682126596383,1
0.023474725801660858,0.008768546312082431,0
0.1447846429116645,0.15656510766373768,0
0.06031711751567191,0.07053866658128714,0
0.9663547412280683,0.9896576228466212,1
0.07270404854150465,0.024373694721581147,0
0.0685536571399649,0.08527023206517462,0
0.058345464783357656,0.08912223448382307,1
0.028560825048389447,0.010124800190940827,0
0.02816641185318358,0.020237499995295515,0
0.30048430590713776,0.19599135214539107,0
0.9450504659576294,0.9945107090389286,1
0.13034074293127815,0.08416699458621585,0
0.11001164876191231,0.09329494985273164,0
0.07740852193594722,0.04664259471935887,0
0.9350701183499356,0.9163454068140219,1
0.03927153728250069,0.03288739675293146,0
0.20723586545730413,0.20890489799606043,0
0.026192073665252197,0.02167544018794456,0
0.2254108814390591,0.1764510134710143,0
0.0757652385564073,0.057003790200682955,0
0.20521833550914367,0.2080291916306629,1
0.1220520086024365,0.1797804556115896,0
0.26153161018620047,0.1956946244682695,1
0.06050022888719675,0.019648302844156047,0
0.15803986510332932,0.11312411338531268,0
0.05356837848713719,0.030159267195985818,0
0.0332165270884075,0.008608960005684558,0
0.09796340528435546,0.08231792092765197,0
0.9728646393591577,0.9958647810091796,1
0.09269408235925478,0.07819328045170124,0
0.11749040215801572,0.13326171810678542,0
0.1423752129982983,0.1637387126248601,1
0.11194104423588538,0.0915072711369107,0
0.051264182796676536,0.06949060361883405,0
0.11701893893513875,0.0815712680299002,0
0.19476274599853086,0.16451320104822412,0
0.10189822587011647,0.041875749651620615,0
0.050968700190801124,0.07072304437619517,0
0.9597458677141627,0.9714098961951033,1
0.027395927656417848,0.01775527006634103,0
0.2154084421480586,0.18566403204993265,0
0.08468616400412053,0.093974895754541,0
0.6196909388292667,0.660457463102418,1
0.03866499089912884,0.015075703583852601,0
0.05375602372221853,0.08462370011228654,0
0.11056544274503323,0.12250599370558803,0
0.12257833064104068,0.10500835453155348,0
0.04143716746456843,0.03534847400512045,0
0.052426642046184094,0.06184999899267078,0
0.17267785579137349,0.19148385445311536,0
0.1770996754413057,0.1463313634307134,0
0.03281104562860867,0.023013881569978367,0
0.18180175530299283,0.16965328820581163,1
0.17984275079866008,0.3098062247968347,0
0.06629593563512717,0.1332646367342247,0
0.04140297367773785,0.023194577477252894,0
0.028556909016390266,0.0055022048356728704,0
0.9496397954449969,0.9699993393164256,1
0.15403660239464023,0.14131724114828062,1
0.20606209996402033,0.18546179876972593,0
0.9825180511114217,0.9933633285072547,1
0.2410064268087978,0.2755515745697011,0
0.3081356918970886,0.14973973040495114,0
0.5606221743835118,0.670024735960369,1
0.061722115052255014,0.06826007372554187,0
0.1896426925132575,0.14491555372422102,0
0.7943022207988677,0.752488564211162,1
0.1350646975667956,0.11930422369217546,0
0.029324855637080892,0.018574770918208836,0
0.010323716114289233,0.0032388239004042976,0
0.04740826077248051,0.06376874371659429,0
0.05533068664620341,0.03873450744840118,0
0.2630474609365206,0.15098149073032163,0
0.031464626258766934,0.042236009765370175,0
0.14792189588959564,0.172881836254772,0
0.010084323947061649,0.0011548229238953402,0
0.2954404463583643,0.2197359195053244,0
0.05341378307592735,0.10882867055451294,0
0.044550752550766015,0.01246843052473067,0
0.19583196509366352,0.16685044308297126,0
0.07895137278069432,0.13374279037917233,0
0.07690907336070162,0.05668989669599161,0
0.1043227195128261,0.11981336395022975,0
0.07583539575820626,0.05861758545701158,0
0.09209067765933175,0.12447186553728432,0
0.07476337107033433,0.07121780896747894,0
0.0429089742742764,0.04069762240047071,0
0.004289622443784156,0.001213527283127465,0
0.21041389358086257,0.28912843364183766,0
0.25123716391899187,0.3394937236704905,0
0.030635190883141893,0.005216242996823437,0
0.019414630433233424,0.005669653443588316,0
0.05526514957877741,0.030468764915044768,0
0.08003378271517834,0.06099286444256277,0
0.02567759816375751,0.029149676932194567,0
0.1685460979832275,0.15341579566652142,0
0.10899590674453112,0.05350172485928401,0
0.11683062611202867,0.14732655205609596,1
0.07151994744058907,0.06811974727683526,0
0.13148878377680145,0.2210048406752034,0
0.10473369166181212,0.07879104278304384,0
0.13385897980112288,0.12660599766016775,1
0.07374059700737814,0.14933140174300094,0
0.04403861764549971,0.05297614387641802,0
0.9377392951985721,0.9231756762375668,1
0.13413469586294108,0.16424519762139086,0
0.2232564793578365,0.23561449770111134,0
0.21296422103897292,0.1947945595064874,0
0.03887788768146362,0.03616449358333763,0
0.016045703605681885,0.0017806983591391666,0
0.08938519105347006,0.1252585888130646,1
0.23718208739532137,0.20948231904903544,0
0.08198624582977453,0.1075416053878066,0
0.027276034216931824,0.0024878473562632685,0
0.1326171151477052,0.10752054351752047,0
0.21435165623917635,0.456625707068563,0
0.18396154258373892,0.14274693610894817,0
0.17727182629766053,0.2134182511335041,0
0.048452768649512694,0.04184482540798682,0
0.09221977998556657,0.018385296037723,0
0.3369187145479617,0.22588460513108466,0
0.04001908005208855,0.049550596745120495,0
0.11439367651461654,0.025786183028879993,0
0.276064630741654,0.2873203303510118,1
0.9192883039350552,0.9734378559771254,1
0.09385814811474585,0.10669197764152853,0
0.282236571714042,0.314621693438994,0
0.03074434661512477,0.011798321238189885,0
0.0730801023412051,0.05784834611597318,0
0.05685680391468663,0.04461226406452384,0
0.5126555357137039,0.34262286418568344,1
0.06793177266363237,0.033998431587561447,0
0.19106174557713257,0.17681852005618884,0
0.052130651939208406,0.03390971434798952,0
0.018731486636936998,0.015014459905501971,0
0.05762752787305206,0.009951371367346987,0
0.09292319852225467,0.10875403839828157,0
0.010238083246742462,0.0063972859623080275,0
0.0712518120739673,0.07431344758823438,0
0.018968064591165124,0.006188419908726828,0
0.020640153755796496,0.007305640803622755,0
0.24534845195875385,0.22958093575252353,0
0.24969771269652644,0.29743611756427457,1
0.037430024039229154,0.036253024025455424,0
0.0065074542445293275,0.006747914771756938,0
0.10393300056199133,0.10357460081484701,0
0.1519197294847633,0.34524818110158695,0
0.09393328441451859,0.10150913323980576,0
0.02965115080799189,0.0052041576011795645,0
0.1949704300738061,0.10070446412005468,0
0.01569464121091216,0.0010417646442420778,0
0.01131634319690163,0.00280923208235339,0
0.01194353272979229,0.0025932046788327964,0
0.1031768968860356,0.07975874330762518,0
0.2521880963741979,0.45537261535940143,0
0.17767270264624782,0.1971639099300248,0
0.9698319207638687,0.9984252659482871,1
0.039065681501216434,0.021709440759786414,0
0.04229181545128762,0.03737786713201784,0
0.05235346530968208,0.04426894068269842,0
0.1493872654704409,0.11540201462283156,0
0.013084191650961134,0.000794884948683177,0
0.028483566958315085,0.029960606868616797,0
0.2767921847843492,0.28732528473119473,1
0.006971421070465948,0.0018849946092164187,0
0.9476321385297689,0.9984019484398852,1
0.8627892000347812,0.897359750737693,1
0.0060187224947462785,0.001068215236646102,0
0.1364623459570165,0.13329296805628976,0
0.1503716113607928,0.18462839787516325,0
0.30001838952011106,0.30349040863745913,0
0.09100258867716274,0.10803536881306623,0
0.16414953962791423,0.0730208122800861,0
0.034027512134709184,0.013192997829325178,0
0.28726561238879644,0.31457019300274636,0
0.07263761978307341,0.23623948450196858,0
0.08536493747413644,0.05622962513841596,0
0.167381769230619,0.11549439354081423,0
0.13491398562046264,0.11801050754690894,0
0.13629596964442803,0.03675010100495826,0
0.20921418414683324,0.018823225520521323,0
0.12314962016891594,0.141377943821488,0
0.9309416897770417,0.9644542985805082,1
0.028311359406351076,0.021766785552294277,0
0.23959327943572195,0.20373505815467147,0
0.02576205260738984,0.006522412924319538,0
0.9794064506789383,0.9981744209659964,1
0.9732586208215704,0.9873855061600572,1
0.976513443821351,0.9858203773674549,1
0.038184866017054654,0.007105938750437502,0
0.03008148139774816,0.02699134222440513,0
0.03717392147443239,0.0037854288579108656,0
0.09285813785032816,0.11097272277881373,0
0.5219806214280608,0.39536521358346327,0
0.11621908971226037,0.12491963705593295,1
0.5098440630684342,0.46410888777164544,0
0.7293201898162113,0.6887793308795632,0
0.27544755264940923,0.16855415797091794,0
0.060360795984010535,0.020490218261243337,0
0.1925961922518838,0.2401964347199902,0
0.18193954929526676,0.24733218491847667,1
0.10531731827094792,0.06230756380789742,0
0.0555497109729995,0.05591770859199234,0
0.6565520947886744,0.7512561374540461,1
0.02327436121040857,0.011479764336323778,0
0.052938448155240236,0.07723364875386843,0
0.19841402963074017,0.21260753107931338,0
0.19432905033882644,0.15048462395891782,0
0.18935275434596657,0.22137041851961217,1
0.029450285897272475,0.00991959410653081,0
0.034474568392599145,0.009367149670603082,0
0.12885371125191225,0.1135927582315272,0
0.06357853217409541,0.06006334024353382,0
0.1365459605342372,0.1346856810052148,0
0.1523638773355022,0.1494996750335166,0
0.17347460919977237,0.1741747778222766,0
0.007373955007913931,0.003875236383014695,0
0.19419822713748686,0.14881489890284605,0
0.09378738705305091,0.10168016106917532,0
0.043448979902231386,0.01564513356814655,0
0.11392746270113799,0.10850790283064404,0
0.3374127354009284,0.4087553754203145,0
0.0999757184932985,0.09427281099457585,0
0.2390984516997337,0.20743084027412184,0
0.04427907251809629,0.010211482445307096,0
0.6840774118619072,0.6734626793460048,1
0.16411627647977373,0.24548295187265348,0
0.19708618545183273,0.23623083936246647,1
0.19439250160291918,0.23666567545753875,0
0.11965265845504852,0.09920042760381488,0
0.973338199308078,0.9939131856776949,1
0.04213904760083185,0.025873973257947415,0
0.15497732677186796,0.2107614258584295,0
0.18259997906498202,0.14837609939395624,0
0.07270980153770072,0.052154940565438915,0
0.03367125459559779,0.01993978862404337,0
0.01088372448780284,0.001045357307100639,0
0.25760150810186627,0.3143461506750165,0
0.02446769969428225,0.022317968098475877,0
0.09502207488428441,0.029018861001885037,0
0.05198784907505925,0.038887965693873615,0
0.01759450027993312,0.0064259938524703734,0
0.1191446592770035,0.06492981059827105,0
0.9424312824496655,0.9760493297914249,1
0.020750209331009316,0.02108770263620648,0
0.14459925193276663,0.14241469981680904,0
0.07536827180896898,0.018032884173468596,0
0.1848428311852288,0.14961069560366386,1
0.037914113135090216,0.03637322179551928,0
0.14699109053411943,0.13831791706080962,0
0.06835815402756341,0.07843850640452894,0
0.0422520482695951,0.04847636342732033,0
0.08235841589870228,0.045941878626751684,0
0.05314586048405331,0.048580543929866125,0
0.015636456785678095,0.0014729906502634355,0
0.18753187073159786,0.15239247627950053,0
0.08084833861486537,0.0647092362197027,1
0.9053672482784567,0.9362631390999121,1
0.11349734451940849,0.09294451547244885,0
0.9627846675140651,0.979593434952382,1
0.025533534259579282,0.0011124188411599965,0
0.015690199305847235,0.010716327017215425,0
0.03174335538559896,0.009682320657729348,0
0.20755795526226414,0.14265715839592405,0
0.03439429161119114,0.016743321815654,0
0.9762008973033859,0.9865310875459159,1
0.2016275074967282,0.19169736099973603,0
0.3229095416580741,0.2638064171068764,0
0.2788203174191302,0.2268045877132452,0
0.14400435946381207,0.1229130644114002,0
0.16722577953553372,0.25968660085201684,1
0.032253905882931415,0.024787725048465794,0
0.10027421921947402,0.08680681423873599,0
0.012876362324664197,0.0006093113474623815,0
0.03549261340678717,0.025207150976599195,0
0.10908045116751323,0.1140806617456253,0
0.8166286859610512,0.8838171151068304,1
0.031261335594534895,0.017001778333525976,0
0.9300854048227717,0.9958308813769933,1
0.027651045540446173,0.031205944969319995,0
0.1369397514187929,0.139228801301064,0
0.18651207465957012,0.1725075902737923,0
0.5416709424742951,0.4804755660230987,0
0.23394778451873255,0.17072974467629642,0
0.07958870374812566,0.02235404248790654,0
0.05769120453416618,0.026748245398507377,0
0.19040024982992648,0.17434466482967953,0
0.9583000434703061,0.9822849294457309,1
0.007506207332315633,0.001217040816053878,0
0.16475388611027794,0.22737218668195672,0
0.858779117516418,0.9300088369912842,1
0.03527687868472459,0.021422124403491317,0
0.09073933934374045,0.05402184301243405,0
0.7490941942934717,0.6364779682261419,1
0.17167850484834718,0.18715402257150535,0
0.13885329100855087,0.19246419246660543,0
0.9652497666288746,0.984506895393702,1
0.04590342646997342,0.035577955880162646,0
0.02384187468560191,0.008449848647269297,0
0.11786630738066724,0.09764899965244642,0
0.2071869820789151,0.2164563860695194,0
0.22170624076266385,0.27933811947089654,0
0.1352507010731975,0.23413687589285886,1
0.27269410376549885,0.29294092709081565,0
0.12854869623022092,0.19786783867575192,0
0.05383396296414783,0.027150258006656373,0
0.08299518242121455,0.052446561575641606,0
0.01722041019454074,0.0025068754098947683,0
0.06160406601057529,0.05500048312708413,0
0.10528459226340967,0.08239009009779609,0
0.07120723156498665,0.027354793316100946,0
0.1704924432842541,0.14907277514835524,1
0.035191696366562004,0.00903821771020731,0
0.07142776771007807,0.054600206429504285,1
0.9169266599087308,0.9875131495668564,1
0.1658119908750789,0.18612826443049774,0
0.019627976886155307,0.01073980051452965,0
0.11190774413325348,0.07785079314762182,0
0.11371222452985524,0.02046622806944171,0
0.1951718156075049,0.3032986482125691,1
0.18776578999002294,0.17833322475899324,0
0.022415781260644505,0.009477217561788449,0
0.05247310189967324,0.05725415884509325,0
0.046186385372973676,0.06059490931314822,0
0.01445503763877546,0.0019135223987572566,0
0.19694596946638554,0.146951759659721,0
0.06422695129139049,0.05763688605239816,0
0.034786577368787645,0.018691003144394407,0
0.9563936283999418,0.9721179274906699,1
0.06943144663530049,0.09539830317732965,0
0.037795234052158816,0.03457812947031808,0
0.015066475712243566,0.0013781762813676309,0
0.07680815705499966,0.07531353351383965,0
0.22147185600284655,0.1620123209014125,0
0.1403578669609696,0.3359695928951981,0
0.12585126635203986,0.08049489030203737,0
0.08123914380639857,0.020948679174394115,0
0.19425273417385872,0.3193621323118598,0
0.07458021847620833,0.07901716196105334,0
0.1186127156061137,0.12854522740558777,1
0.18055866167597948,0.2020456989662011,0
0.02268751803643,0.009632856966454984,0
0.22292382187474033,0.20848933211122356,0
0.05322470144425317,0.005764489979184008,0
0.06773337537042408,0.09214844429011002,0
0.022222177422612052,0.005918165305622796,0
0.035709357038688716,0.054233759104000814,0
0.7074435301644995,0.5417594189783101,1
0.05913813468298389,0.04796160920838574,0
0.1696527995554897,0.11639180407995903,0
0.12502655938329704,0.10513980296673706,0
0.07248709295553302,0.00826779489330994,0
0.9394618451128453,0.98713505356217,1
0.0509655899427752,0.08888156963339774,0
0.02258651195886136,0.03878441328969426,0
0.06649264145125312,0.06706523326810572,0
0.10155537468831714,0.12420827970396094,0
0.08007857134253336,0.07831840533538931,0
0.05063536451916669,0.042773297442255324,0
0.24214202030453566,0.1740861899220702,0
0.11158101754838906,0.11053716502335097,0
0.0702581445722648,0.0496666760919583,0
0.022968951603566785,0.024841223779887147,0
0.1099756596822386,0.10373554943190404,0
0.013491705479487855,0.002010523015894138,0
0.22901573619376256,0.18623704774682917,0
0.011411404940718208,0.0027828144697522104,0
0.09776107674390991,0.08679004090453638,0
0.009513255001831832,0.0019032635831989465,0
0.15218756605556055,0.1307258954821894,0
0.3351713072962889,0.23484553980567774,1
0.0502411982497049,0.04248549929502859,0
0.21748166307100272,0.2147922434346712,0
0.8348058143635967,0.7127536070493776,1
0.11424906416837614,0.11296458920479881,0
0.08631537040204824,0.08086287984140655,0
0.04379735812887928,0.02581816045648884,0
0.030634179982446035,0.012684995777201745,0
0.11471185585281218,0.06302529995342196,0
0.092956065694218,0.05246738888957477,0
0.21118967997174734,0.189963481643114,0
0.16335816528982622,0.09240217260961224,0
0.12601898651823618,0.11127362324879361,0
0.0902830079187811,0.03171567678103412,0
0.13786737119062803,0.17411392574603513,0
0.02459322798389916,0.011549774328886651,0
0.21634249523788565,0.3433437403458115,0
0.018249110954375876,0.004152179770432926,0
0.19892409941203976,0.209092352029724,1
0.1683982492611522,0.16376070445509283,1
0.01458108369330772,0.010762052396274768,0
0.1581805494593094,0.020590126134762726,0
0.031514908974246574,0.01279365086269712,0
0.1508468837040968,0.12340358806075384,0
0.2819805452351605,0.22446102419847672,0
0.06116836583247069,0.05602579889084578,0
0.7641039075795398,0.7181146816665436,1
0.07520025201392128,0.047720908046392264,0
0.8966714490180747,0.9886661616984999,1
0.03455849174502434,0.008707729707456376,0
0.17691172408996791,0.129256362398977,1
0.14959442702801087,0.38043368119071297,0
0.043081261383987234,0.04454072817527272,0
0.010172365896548635,0.0005679733715891022,0
0.7709173483970513,0.7296487851874232,1
0.12687408939993794,0.18346904366765532,0
0.02416718848220347,0.018798524690793357,0
0.1065959421532021,0.10064830132193557,0
0.022956766678612895,0.008422002778617403,0
0.02921076461934622,0.00782103127765771,0
0.15244416309689435,0.10292743035200445,0
0.033111472966190034,0.013408401828849448,0
0.049463906437111405,0.029717239102579444,0
0.9531484986919442,0.9918716293373958,1
0.7157600734599632,0.6733480119031068,0
0.19686116023855177,0.17843792501490316,0
0.8409619993368018,0.9438935836857355,1
0.07296997115221178,0.09445625229754012,0
0.21167866459403553,0.21496309452992257,0
0.9096731327729577,0.9719004960583247,1
0.2784193330558735,0.33538835985570903,0
0.06664788748729242,0.035842925512818355,0
0.05664436761197216,0.04919289066038094,0
0.16121818375791563,0.17120391163418835,0
0.037892826605627795,0.019738048004606986,0
0.010400323361458835,0.0008222612353355144,0
0.7038874858550839,0.7335752307406076,1
0.11092023143665806,0.09289852377142169,0
0.06740711085699312,0.060954265791812616,0
0.3419704884486287,0.3713490581962619,0
0.15925459379200102,0.156785712456584,0
0.08779238182384695,0.1354437860498028,0
0.9423907300596233,0.9983972248179666,1
0.0933191213541297,0.10617070985738852,1
0.2582048703777301,0.2606747213487692,0
0.9606302094573178,0.9795125702346903,1
0.28653403187820947,0.3717615623929918,0
0.20163715531560303,0.1606428435555617,0
0.1218590543401477,0.13388960547291723,0
0.9537125328888312,0.9931405904769355,1
0.22709378601821759,0.38026636372011113,1
0.010659675517040165,0.0019521929863580239,0
0.18121010423891565,0.11990511198883795,1
0.08016507944302124,0.06868768494026584,0
0.07141990797310832,0.08189660348345765,0
0.8008829828483089,0.8322350358453457,0
0.04180199299558288,0.014250747412013959,0
0.7815719834801202,0.967498492342296,1
0.058630259008040676,0.01589953793721531,0
0.8432253423077494,0.8886655277968749,1
0.103792084025579,0.007147795085277411,0
0.017402562097576128,0.007961705567575294,0
0.08843999905162936,0.07006776413103416,0
0.07393759813986236,0.07468913052039401,0
0.015833882248411226,0.0038888659424779898,0
0.23921731400706187,0.1736582404582809,0
0.17638265542777487,0.1853733329124952,0
0.02212845019830791,0.017032333265191477,0
0.02896485678729336,0.006566992786052584,0
0.13223022629478448,0.1522505636670425,0
0.08135081024174504,0.02344077788426928,0
0.10014492653673138,0.14879949604801576,0
0.04887551829672541,0.05723112328220479,1
0.09393950962973992,0.0513877460318133,0
0.047018429921981825,0.03334749406543503,0
0.2238476065404773,0.19027540739491888,0
0.9408762669618784,0.9799006144736175,1
0.23489961464106843,0.18130194873243632,0
0.21672184994536048,0.30030970083867337,0
0.018809639355619873,0.009459116252164846,0
0.06320498833612494,0.054962183383845745,0
0.04688126074607248,0.014582100629984364,0
0.0672885319626645,0.07630096705609586,0
0.14172865377397265,0.2017535012592473,1
0.09275363299706443,0.14624754129921685,0
0.22442672871352973,0.1635033809133677,0
0.03188935163035891,0.006294738939280519,0
0.02928651707707627,0.006170809846016532,0
0.07972372561377135,0.07705648392238729,0
0.11656994437308271,0.10345971706873373,0
0.1009846154750477,0.09795529481874604,0
0.15744836079604738,0.1710197639243339,0
0.23501817252434978,0.19864677792719332,0
0.30426209263163995,0.2407172163084174,0
0.11742843659232713,0.12199951041575599,0
0.00822150601169699,0.004571514987504728,0
0.11839388521233708,0.16519569500291073,0
0.1466668623514748,0.12777706414631035,0
0.017811883199555047,0.006075287019632336,0
0.079945500082024,0.05835907970172498,0
0.22017038370827208,0.1844672862377708,0
0.04277664218941659,0.021054455569079217,0
0.008322683767836852,0.0016357242318869056,0
0.1849169263162186,0.16189421851152466,0
0.13853675148996286,0.13763512999809296,0
0.036978653815655224,0.006854156234116764,0
0.015243274066429544,0.008735172148473615,0
0.07730848015139677,0.07426249389320463,0
0.17075932814844738,0.23683645382195556,0
0.04958432089783445,0.01797455307653937,0
0.15697387971843507,0.13829003334096496,0
0.025426059133761787,0.002598308934921822,0
0.11342334750272286,0.08331152502037609,0
0.08214622407233309,0.08372631828935834,0
0.081136406143883,0.0970594381983759,0
0.12502793974850712,0.0796608154386527,0
0.964614622829655,0.9660492262099107,1
0.1376657243437743,0.12668980868828328,0
0.05649781667383608,0.12395790346590431,0
0.039485484076575664,0.0019393929543461933,0
0.2354080695821063,0.20110597426351046,0
0.03442892628310479,0.011589978071611448,0
0.09192796052970771,0.08067990820229157,0
0.030052112678037746,0.041092463986723324,0
0.12190705720078875,0.1735097905920571,0
0.02285988118287355,0.01235974912648149,0
0.044913667568146146,0.034742035633780664,1
0.16972264871725593,0.09766407375619365,1
0.2400798986611928,0.26221391871024735,0
0.01569464121091216,0.0020392334663408428,0
0.16892243260949535,0.16514878216422696,0
0.06352198954862931,0.058547372641040235,0
0.11405899851765712,0.09740057550988755,0
0.11351615446900622,0.09651480473638768,0
0.377165272034126,0.22535089859059573,0
0.023505595857502032,0.021909482180136563,0
0.8885768143383481,0.9777014311250405,1
0.12564291187574464,0.15318439940500142,1
0.18688109853023788,0.3067785503320199,1
0.07670445911357346,0.07665817429630341,0
0.05024838114870613,0.034217587934883706,0
0.28150256863059936,0.40164533146430975,0
0.14787584250415023,0.37826778397355054,0
0.10465253106490291,0.12741691464922736,0
0.8210144446977347,0.9502606289439368,1
0.47387707762127673,0.48658493360210564,1
0.005515587104720671,0.0010417249271029493,0
0.23818733914456028,0.5559478973578351,1
0.07621271667711976,0.039955668394772215,0
0.11566838441850932,0.12303966137759208,1
0.13634976738253995,0.17006855594040493,0
0.32021181312092734,0.40465315691425013,1
0.8595548745807341,0.9675521996410013,1
0.09845235774486549,0.10344680956888908,0
0.06874743435932838,0.15138739432135945,0
0.23211157561894197,0.28364760527730365,0
0.027723149298367923,0.013364219992071665,0
0.3277388435820724,0.2993522861124169,0
0.7182525980189933,0.7959718840047867,1
0.07626462643369974,0.09837113681854966,0
0.08674161074685273,0.053732517795927595,0
0.16938326652538627,0.17658928895609852,0
0.9579380560585998,0.9814216739609405,1
0.2077796415143703,0.18014963324901953,1
0.6719460629720585,0.7568835743234553,1
0.1393132260353331,0.1380429794545174,0
0.2114995104670592,0.248770216865008,0
0.278511447897655,0.43310913754225877,1
0.02768007034184646,0.002743108102030955,0
0.11714432293690026,0.14751246138926727,0
0.03831625330265911,0.04576255183474446,0
0.9796195099949309,0.9923853777327887,1
0.19513836989614616,0.17867542462858343,0
0.07357794424884558,0.062364471182846395,0
0.10084228514242802,0.07415969275731843,0
0.9465476190540071,0.9647979681309182,1
0.12339234845786153,0.18767644365275904,0
0.07801967167960079,0.11709040593249838,1
0.20251611666753805,0.11958623340009125,0
0.08297200792677617,0.056702380385555674,0
0.019594046180528492,0.011955791788849889,0
0.0407974783450789,0.061345230458703694,0
0.471345500197908,0.329432068293927,0
0.13678958042080172,0.16706813781870447,0
0.03526534447176697,0.015891233484944558,0
0.02314512028260129,0.011991168741838148,0
0.011744124366713297,0.002331608552287436,0
0.27917174733705047,0.38632031314661636,0
0.2214275426188983,0.2585366578571399,0
0.0787780137596034,0.1116644862735242,0
0.20342781586979763,0.18140584842402224,0
0.05006989498206702,0.0690850890758068,0
0.1685670236245512,0.1845528225938271,0
0.21706796423155494,0.15414986475158354,0
0.03352495774499828,0.025584574863754435,0
0.22254146448351864,0.4279337704274237,1
0.15165138929964642,0.14539586359415918,1
0.08877217845562124,0.06143109780269771,0
0.17235171692351944,0.20724287805341984,0
0.04651515084082103,0.02478875517841042,0
0.022734930426993635,0.002652917143037533,0
0.15181394990657085,0.0927846034050038,0
0.21130963133705877,0.1474100785267888,0
0.17943849901281614,0.16141550712210648,0
0.945011667281926,0.9836921262844708,1
0.15013348779335112,0.1337736771272989,0
0.25843050338508594,0.23324996666922754,0
0.05687281242386694,0.03799551438727461,0
0.17502387068283834,0.18722812521721538,0
0.025314217769415434,0.0065484839979254245,0
0.14289753216725087,0.10211600494640087,0
0.41443193400582046,0.2777654838631372,1
0.027377272513138883,0.024184723544353522,0
0.10222000974842052,0.2342041246787174,0
0.6644521069035938,0.6035591657359524,1
0.19576792230758933,0.18200566314915453,0
0.03610519498528111,0.048817730008500426,0
0.0723059354335624,0.07121362638180741,0
0.01292285159828029,0.002220102682095965,0
0.007384036119513697,0.0014685755982228692,0
0.04610315631189457,0.027862999626554055,0
0.03954457919137191,0.010323360274931078,0
0.06996298771970444,0.060844904394380984,0
0.29797478718633924,0.25638325867720835,0
0.016284087001804975,0.0020967439255054955,0
0.16049574626165058,0.13574090199583075,0
0.05612164818809752,0.011515773284154244,0
0.024751093472066932,0.012824528128476924,0
0.02070173314126452,0.00594305455620791,0
0.1721360937687394,0.15248759631376915,1
0.21938836295199537,0.22296027447897868,0
0.06344299855270913,0.025235308378816428,0
0.12588116078576697,0.07241413564730866,0
0.9362376412154285,0.9888215385358943,1
0.22296013553026325,0.24477286530211242,0
0.0584374170388807,0.07722684298881462,0
0.0976374775980739,0.13562436381385976,0
0.09179122652400641,0.07366933854348802,1
0.13424414413756222,0.17672622379062047,0
0.2821170395598981,0.3215898212331789,0
0.15642822282844557,0.12036291793064312,0
0.1087218622515819,0.09987861843274777,0
0.7902890206261451,0.7961264550200841,1
0.21761695744248236,0.16723464775776023,0
0.2343750586780912,0.24096719109366077,1
0.10690699072708947,0.04836255886398118,0
0.16903166471848236,0.14549271430902336,1
0.06771069364570073,0.052799059350986256,0
0.02328825438387302,0.0050707195098920075,0
0.02817107623392027,0.025147565451660296,0
0.04236952978357643,0.0051894468256629585,0
0.012593943620379414,0.006010213301192936,0
0.30270787654731945,0.43349897939115195,0
0.08200271448581826,0.06255226775147642,0
0.0784123847086929,0.06242250825329582,0
0.0322668997066251,0.024641867224386303,0
0.26180859078631047,0.3055178642591184,0
0.013278738409964078,0.004249520076237513,0
0.0356253012855341,0.00281901625030968,0
0.007319037945603692,0.0013762315941754889,0
0.047886264703394715,0.04606071887420101,0
0.12097589917598886,0.0749220934477785,0
0.08387131042293682,0.06361507063744568,0
0.8552133202196821,0.9437448621557037,1
0.21958800218896077,0.19814804652162427,0
0.09117836610438583,0.06333606810795721,0
0.9044376400309356,0.9908810153662836,1
0.04883543901699503,0.05602872730578519,0
0.01984267850309625,0.003110155676321948,0
0.11557949262775767,0.12359819134313169,0
0.02425351562572697,0.006580604336157606,0
0.14541651444432355,0.15547844134714214,1
0.013451006945281741,0.006449717876809991,0
0.24492084271238543,0.12199986975116578,0
0.9476321385297689,0.9987054383452324,1
0.029898243676044434,0.0015732345379762364,0
0.9599277074423688,0.9900012007932116,1
0.33681223223682993,0.24985891432196586,1
0.17056823306591773,0.14747195539279767,0
0.1331976094864581,0.11364653102137522,0
0.08176730986180511,0.053382581396862895,0
0.05460920883150625,0.004024498184112308,0
0.015191233213108798,0.006618210537076938,0
0.03242091168997476,0.022532429490680864,0
0.26225978034255476,0.20592323389553202,0
0.022046589125244195,0.019893139257745593,0
0.2934654840619508,0.09586247296193477,0
0.1954274140632433,0.13382661974269341,0
0.12154499763721237,0.07825488907634401,0
0.010400105262696625,0.0010004259424434545,0
0.9212274123097208,0.9890125264548748,1
0.014747274719492826,0.0026496633877283013,0
0.09386382653688345,0.07474420686327096,0
0.7749572110384728,0.8168117196772777,1
0.08313673041791594,0.14289556467907566,0
0.14017852152115134,0.12069070623307539,0
0.13624738925096436,0.13683843319697253,1
0.3169198967276751,0.29327755325934635,1
0.08770138891969617,0.06834815238385096,0
0.1976080264182989,0.2469536499477622,1
0.12729314802903163,0.1435559887533414,0
0.123926208160289,0.13036464548435547,1
0.9835004799953849,0.9937933938753091,1
0.10300932232226265,0.0472189833250206,0
0.10555985085963407,0.10347746039258247,0
0.030202152310820556,0.027002353078689968,0
0.290007177023005,0.34300252112405766,1
0.1489999133405514,0.23339757021253316,0
0.1650185810708761,0.1524141148483581,0
0.23411247394419077,0.2801816313192369,0
0.7103708892921884,0.6555801921507344,1
0.0759007440782201,0.014524449885737764,0
0.10290643502614395,0.09204148665283503,0
0.0977009881434058,0.09543690471433795,0
0.04162195560677087,0.039655280291688924,0
0.025554423676314452,0.028778385864051622,0
0.03519703190108577,0.03849073267463738,0
0.04634826012810303,0.06377206537507761,0
0.02769549237949811,0.019010758605047185,0
0.1350344050004568,0.2532255248001313,0
0.08059295965421881,0.06019040174472254,0
0.11179856454937553,0.10017759956107213,0
0.05743305508035404,0.040751204070965795,0
0.04589099640661425,0.034945293494594035,0
0.027040723091353122,0.0184956206865291,0
0.14698412135981073,0.19018994305237283,0
0.022010924717999782,0.019594961864647143,0
0.015303047466794452,0.0037636782272737943,0
0.0464378854719803,0.05650499717408872,0
0.029193790816081176,0.031075481774794963,0
0.9729785714917187,0.9919289592611937,1
0.21791726957474566,0.31361945018149995,0
0.7104634492190927,0.7378610263081172,0
0.013807528867144597,0.008697176347312884,0
0.06900269703717257,0.06213484266453961,1
0.29975558709755257,0.2115027476909539,1
0.08665400129114742,0.08129810206925245,0
0.11731327694035423,0.10898943933976232,0
0.044812923040184215,0.04618567044383243,0
0.03688763040596472,0.022984129537799367,0
0.2241387970071115,0.2629838372832206,0
0.1342127539252343,0.13197290693173808,0
0.07180934528430045,0.08156635854360436,0
0.06053193134007385,0.08476060686191193,0
0.21905789069491732,0.1814921048444728,0
0.21771502652569363,0.14656818032081795,0
0.015957775525562594,0.007331991368579203,0
0.26250244758211316,0.347581500562795,0
0.21570470990303528,0.20706083740117087,1
0.255781777174791,0.12345860992510073,1
0.1804401665964126,0.14714490167442967,1
0.04661685615827369,0.0285959759596289,0
0.10069056195411207,0.1025517853043247,0
0.16463981755636448,0.1581868421365282,0
0.0373320503558233,0.029830663759167347,0
0.054350006731475796,0.06845891536936073,0
0.02588620589471685,0.00652889964441727,0
0.12270245638881556,0.1128693403877132,0
0.7874321077919116,0.9424057396690895,1
0.04893554288053979,0.011259829726368078,0
0.9837938920990841,0.9973853624288671,1
0.03189592818290019,0.010841593303394018,0
0.05861099497758942,0.056190720138863046,0
0.014448776475842131,0.0021295617806190307,0
0.9350306972253655,0.9582785439197735,1
0.22698659406752586,0.2701485771286746,0
0.9849244014078948,0.9929605745076058,1
0.07956493922674021,0.06407640736257476,0
0.19850694963612334,0.3593673091116966,0
0.5254567214085477,0.5095211401546755,1
0.09543671532066869,0.1055919734464444,0
0.052656756651055535,0.06495312714600572,0
0.009656775406215875,0.0028955958849289755,0
0.0517162629806926,0.035002053086593585,1
0.25032664002064864,0.2822263487165102,1
0.2499963941382842,0.32994421671778884,0
0.020534598006411588,0.015427373885290504,0
0.18133414766929104,0.206113197129091,1
0.918873202994737,0.9449641531979961,1
0.12728022353667875,0.07269172602923447,0
0.14110896804204728,0.05877950769256659,0
0.9742149407393408,0.9880858408667578,1
0.17768795616281013,0.16626595520536333,0
0.06813851652070643,0.015162101674699072,0
0.18078367238097068,0.19079749337229515,1
0.07850681944936594,0.181570146559067,1
0.10197602270908449,0.11753497449373862,0
0.08475687844996274,0.08864933945275164,0
0.03125367608904532,0.07029945287916439,0
0.08682913828350851,0.08763509228296172,0
0.10405340630775016,0.1985921719660058,1
0.889949544020609,0.9565750009410403,1
0.9346883816556139,0.9942444247868942,1
0.7780293703653314,0.7283787351855091,1
0.09307871927124563,0.058710643926190444,0
0.9439075571445102,0.9598066584347245,1
0.012432502659273967,0.0011371503135417372,0
0.030251106940357875,0.0014384111298040955,0
0.1620666289086352,0.20600856765958087,0
0.044483353711987056,0.019301386596111428,0
0.9788057308735694,0.9954240222831736,1
0.28483261574077784,0.21072438747606045,0
0.22918770419117857,0.32340038449528874,0
0.02685469159070008,0.01566933987710589,0
0.10003279751535896,0.04054073157860569,0
0.01651280276663781,0.003385824119952926,0
0.43898919084127613,0.13094396357922491,0
0.08268671490059537,0.06641511619540144,0
0.9678254364445283,0.9972034796305719,1
0.25617746374575223,0.40490840324076627,0
0.2628755388339446,0.2961883796821032,0
0.12795637714943736,0.09630486309386624,0
0.17934707584633297,0.2901002358347241,0
0.22045759526792486,0.25256088031167656,1
0.8990204588342937,0.9529531999458644,1
0.9473140498306749,0.9704813416169238,1
0.2044675143107486,0.12504103323216795,0
0.08322954873042607,0.05478429029540738,0
0.036317510230869175,0.011301290682900577,0
0.2354778145945161,0.19461057187147246,0
0.2667806580068899,0.3412245167266859,0
0.12637044481723517,0.13066022344851067,0
0.17572994569904327,0.2637411301285994,0
0.03151963987632319,0.0448835607247991,0
0.2991871927933332,0.22722412877801712,0
0.11744343913881884,0.08540965839344741,0
0.017044620641437528,0.003419636226875347,0
0.01534188058908126,0.004167183541151139,0
0.04770760443149016,0.021960525322824588,0
0.12622953824828248,0.11947265594536456,0
0.30123649850795925,0.3288284975659334,1
0.9715184067619989,0.9844389764298982,1
0.017372573128333603,0.003720991337245838,0
0.2724363556716566,0.19638628588062926,0
0.031593525983840395,0.011510049624594024,0
0.2375230645615575,0.3500354009550226,0
0.8539054955301038,0.912659099358867,1
0.257994691970297,0.41353937648628286,1
0.03448007704797033,0.02327609603588986,0
0.1460408535733397,0.08447794981466507,0
0.021601999609180807,0.029714996150201154,0
0.1853297027037084,0.1542060257083261,0
0.07485954222775755,0.05546992318156873,0
0.06269685825643512,0.02946158126180242,0
0.1531442148929206,0.1548299943234932,0
0.4391376926165677,0.5901751317997688,1
0.11636170518812373,0.1037244778926412,0
0.9848419186916303,0.9940421583746515,1
0.0809666146248492,0.06393825399817982,0
0.05139212673539426,0.024895765515317997,0
0.029620054263274975,0.0060860963039069335,0
0.19034554141409307,0.12890990513846337,1
0.841933019203704,0.9379044935128192,1
0.017869456260939023,0.004447038148233744,0
0.29210200876397147,0.28025386484817494,1
0.08941625412584281,0.07361971334646422,0
0.16978684890021098,0.11912014076194796,0
0.1097355051614504,0.06968513117841464,0
0.1575371706172122,0.17522629553429017,1
0.05722949921226574,0.05386028110123409,0
0.04144696103720621,0.04074965053742004,0
0.06385048413108549,0.03756352320149768,1
0.06747948034809897,0.04740310848069065,0
0.026353058697539542,0.0003516987177604576,0
0.03174335538559896,0.0034372219203816384,0
0.026103119863931858,0.000684025487309396,0
0.8920964948311965,0.9504695462087808,1
0.1744863437237787,0.11135047638868255,0
0.10689422251479783,0.17770007012192274,0
0.09186524627488436,0.15507548183748113,0
0.14298552543575885,0.16542114477924022,1
0.05415429695761383,0.03549979988334162,0
0.03826262058263255,0.024750202852906085,0
0.01656601871970498,0.0068432563958347225,0
0.11811785925113542,0.0509488264049675,0
0.04577765007319953,0.04457935448910705,0
0.0669695016523205,0.1166664472670995,0
0.13461454720545538,0.10632041336499612,0
0.23529118622786752,0.3414221023665952,0
0.0969031735389751,0.0575897027216392,0
0.048315954956723375,0.03186745875194342,0
0.2489711129667344,0.19509412892282854,0
0.06616909731121312,0.1445710644761447,0
0.01643236914489923,0.003128758301170952,0
0.07471596712824993,0.030747879764681817,0
0.03354866732118558,0.03280286471257679,0
0.02877632403175986,0.0012026711432243274,0
0.07343468040025031,0.06541646064671874,0
0.05762383220786867,0.041721364962893734,0
0.01706889680579051,0.0013380321175100235,0
0.12550091455480789,0.11750085785738204,0
0.2120595796438421,0.26383393825332146,0
0.34655372925368677,0.2871235483835211,0
0.027471089878374755,0.020082510729295323,0
0.9114184477059447,0.9525939637195822,1
0.11189393832009707,0.090164885649813,0
0.9637609862840071,0.9888832654571159,1
0.048193790552410375,0.04267821071070403,0
0.1637736335488237,0.16365690392756102,0
0.9207246214415393,0.9521999505637474,1
0.1700742687336581,0.15045973088344433,0
0.053332689002877895,0.06545700110796873,0
0.3310640978585811,0.3944502129637005,0
0.9714343820925351,0.9822766403260468,1
0.9674699633500672,0.9867191719320173,1
0.05355461793351231,0.08031335996270966,0
0.1365102761278825,0.17091391837229356,0
0.0295099024476379,0.012518322541336021,0
0.047418499458734456,0.01551964381346685,0
0.0387367359655479,0.02592754055606797,0
0.023900878675314634,0.0011475429683907151,0
0.2493926093610393,0.3886304015936802,0
0.9131831613846162,0.9286864705964593,1
0.07200437414314939,0.019607213511600028,0
0.014545415542962695,0.0031530667377856246,0
0.09799717924422748,0.08171356751485087,0
0.8651330971594174,0.8973503295634181,1
0.10721807803247922,0.0745988118377449,0
0.21560197311027834,0.3627652110591705,1
0.012398531088599226,0.0007968972143195004,0
0.2377866287724016,0.18222515908938502,0
0.06886773592440648,0.03764465783296218,0
0.20986617456686954,0.1884476106392173,0
0.7117209654307477,0.6669839525856033,0
0.10928213939357548,0.1395034889382368,0
0.04699829141652502,0.00907788135635946,0
0.9636756228068627,0.9954614661990675,1
0.03843504949010162,0.02697022556214832,0
0.07306515457816082,0.051372655193351636,0
0.04049612411940515,0.03459160416650104,0
0.10729797885664642,0.09644944389824116,0
0.046562110968660926,0.06247736002749053,0
0.042760210236647445,0.0202686354911662,0
0.8320353631053564,0.9391099724535614,1
0.3152457821612027,0.3807432944874526,0
0.20887020391523858,0.32852571910702044,0
0.8068930641395221,0.9260550043871049,1
0.01816430570674031,0.007358801675858377,0
0.12906743233921442,0.17406129994305267,0
0.9647451168877783,0.9791455633533828,1
0.15619429280591204,0.2032486446687968,1
0.17306352022636748,0.11055630583417705,0
0.033466627268795866,0.013668038682442074,0
0.4007636872139718,0.6903675941779408,1
0.06037653628069635,0.042014657586194035,0
0.8781694159393667,0.936613889569471,1
0.05665453841530639,0.030626901400312986,0
0.016797711957026114,0.008944716190927477,0
0.14490041304981635,0.23231613173340224,1
0.019034237693695326,0.00779140486187047,0
0.20263123066880845,0.24168467701713944,0
0.07079787242867006,0.10834520909148997,0
0.20825705098879177,0.22236052769708609,0
0.02344740283607557,0.009287855616660743,0
0.940540949765443,0.9947384951732047,1
0.042159557392606635,0.017923749807897904,0
0.1359893280717731,0.11645654418862336,0
0.15068550189597105,0.22480094846663018,0
0.08255408924180242,0.06499411563737922,0
0.07167366214414052,0.017270758684275238,0
0.021683503416623198,0.004478685256811605,0
0.058810881979217036,0.07215242644577319,0
0.13881151248529827,0.11879325186438532,0
0.1725713598746589,0.15003694063556375,1
0.06130045973127675,0.0613593848370227,0
0.16310588700721612,0.23751294744216014,0
0.035595762284991825,0.00646826758468274,0
0.029997373873957314,0.01281476584279545,0
0.02095242976067653,0.005838455849269512,0
0.11303965524067712,0.1492579497382504,0
0.9753038948114341,0.9920302406393184,1
0.09080510280614912,0.056306553713345295,0
0.0721546928506284,0.08258774573534639,0
0.2551109110595025,0.21384503174965844,0
0.051680224579418337,0.05934492332755473,0
0.13134575269883442,0.14936921711960127,0
0.10537708386091638,0.08128284993111726,0
0.1344244851460357,0.1166735396211034,0
0.8022663055522536,0.870725977484148,1
0.15581640595380047,0.1344813360493075,0
0.12073970825060486,0.11400274940876456,0
0.17503322477643152,0.17892470705110583,0
0.10337146932942382,0.06921304183976376,0
0.16106605409330402,0.1528981741829094,1
0.06552114059732876,0.05302847189417948,0
0.02188607402617987,0.009534358121415138,0
0.13041146209234866,0.11470558027675715,0
0.13537136665175475,0.1169540416468064,0
0.07437761017260439,0.06974393394746921,0
0.1591314852507496,0.16201964559652882,0
0.05845990094838032,0.055511412765089085,0
0.22243424362959488,0.11449878197089698,0
0.018454074895921487,0.005691770328894591,0
0.030301905835045766,0.007147211401495737,0
0.14025130080709244,0.14151327084622858,0
0.08941012430390795,0.10538239242436773,0
0.0761789722783164,0.017543246134835072,0
0.8680136726619673,0.9383104796639398,1
0.0813458591597752,0.049080271131736845,0
0.02941750047063589,0.005051514212285059,0
0.17469557097899482,0.10973886821754486,0
0.12654235870672934,0.07198895439362721,0
0.5257990966479331,0.5998349897579894,1
0.016692252430229752,0.0014314021056261914,0
0.007146671243080425,0.0019745009028246446,0
0.16061655634132205,0.1744437159474543,0
0.06075883139036863,0.021565441574511943,0
0.012841886351103922,0.00044697058687428385,0
0.041136581480652495,0.030336083770753385,0
0.07191526249017048,0.06085106483285637,0
0.13056296370802745,0.12821015950206752,0
0.0209609172464505,0.01336790114080045,0
0.1796988274493101,0.36517047214394016,0
0.034009475324367336,0.056831316257125064,0
0.0280468133465534,0.00819910860330952,0
0.9535783841585312,0.9762933767811033,1
0.24778633661323007,0.316708320654566,1
0.19846361510919014,0.24393873902553934,0
0.08833781468751611,0.07782031009127936,0
0.03214369352531961,0.019967476486062542,0
0.15172713044137545,0.12329144969314614,1
0.17603764187525048,0.17499915125803875,1
0.7257528300464882,0.6367456744361745,1
0.08567853837124668,0.09842834806036814,0
0.040186007120180334,0.03302505658502285,0
0.052224303555072536,0.0659287238843471,0
0.06389927397701577,0.05861910983836002,0
0.4357525122515285,0.2730594702301534,1
0.2164554370812506,0.1887043068412659,0
0.17053187546215315,0.28201563750150666,0
0.04657144192255143,0.025815891109157683,0
0.029709955246081075,0.002045112508825784,0
0.201272954476771,0.1470322814066095,0
0.047344144874251544,0.049891028688619866,0
0.17251565042198844,0.24442874384232838,0
0.1777232111676052,0.21444597169290402,0
0.8542281173305712,0.921260993445518,1
0.04266066789092902,0.038336048657991666,0
0.27327045452236515,0.1941518247131782,0
0.23903700849631407,0.2241846260797471,1
0.08907298991460949,0.09118989121642394,1
0.20095128829141076,0.4249160703813211,0
0.09746624143714935,0.1184533917101539,0
0.21048372153272826,0.22114820133341095,1
0.1778478959899586,0.17914737925878318,0
0.03376527901632035,0.011138024608995972,0
0.14993758022927495,0.23455240932251845,0
0.1064145201051327,0.07855816418369412,0
0.058474947580592705,0.07658164003684154,0
0.12483933557214931,0.1332999002816729,0
0.11536189021365871,0.11600264389598716,0
0.010614965646023091,0.0027153797547671862,0
0.21429574289454648,0.30054026751883717,1
0.19220738936417678,0.15008244658185568,0
0.1170886706236411,0.15093805154749992,0
0.08228921622008972,0.04410397456079559,0
0.20382136400625023,0.20570478739823925,0
0.10390496688127256,0.0760826592855434,0
0.8923293750627661,0.8824651819616668,1
0.05421352622247884,0.04884542607280035,0
0.19654380075245825,0.17891762963360316,0
0.0696203457188587,0.07804095197256676,1
0.014720808350265291,0.0036319130653968182,0
0.019749780913218357,0.0028011029036040954,0
0.18810621367620872,0.17543061183493042,0
0.19786886331902084,0.1705301831855377,0
0.0309236356078364,0.006178948144032336,0
0.07216654253713321,0.08008246606777489,0
0.7860079497047284,0.9511626179109036,1
0.21756729040951484,0.3380623868560956,0
0.11482591181322462,0.13731135742057787,0
0.03248746345611341,0.00486057517677558,0
0.20352443292615371,0.25183562223068673,0
0.08770891143261672,0.09576715729368308,0
0.02033286367343892,0.005385353626126088,0
0.020101431114751437,0.005871672437672748,0
0.13025312825854807,0.12253165310400653,0
0.06989917031980637,0.0447163969451797,0
0.1146492682645723,0.15976614305436768,0
0.10837147932877676,0.12221978819697303,1
0.06568444657600991,0.053763830630158986,0
0.025078770453073003,0.0059283728012724775,0
0.05446659718978079,0.06128830971471086,0
0.19739167636705462,0.261744741391979,0
0.1773974609107856,0.2474309662672001,0
0.6341957735745773,0.6401934782245975,0
0.011624492502529837,0.0027088914607065425,0
0.02319153626576724,0.010070699827140714,0
0.19262098846622178,0.1804308083512247,0
0.12151157142445637,0.15087788081372427,0
0.13589240740705744,0.12181842836522583,0
0.19012772965741773,0.1733057461067682,0
0.1670022462514687,0.2195427379851747,1
0.008064673909077395,0.0011679982979415666,0
0.8000903426756791,0.8808992864558113,1
0.07001005338751122,0.026735989767756815,0
0.643481998288868,0.6416765295203297,1
0.04859355724674399,0.03051102326205672,0
0.2074361953573032,0.21714410508848817,0
0.10220804657386884,0.09172027045802872,0
0.04151967073823319,0.01714546724176638,0
0.17626644990287638,0.2644604828848229,0
0.05807875332412306,0.14678384070476833,1
0.18481672331724194,0.2463931899717859,0
0.027325794936169996,0.032254751991926414,0
0.8715024331776325,0.928112806492441,1
0.8565846664505491,0.9295924537002553,1
0.28245216061790274,0.3550921075177261,0
0.021651544591051456,0.009504549756486106,0
0.01849033820201589,0.0033568245141708036,0
0.05501951989354747,0.06703917152245735,0
0.17485435030812013,0.11713969359793619,0
0.1512508665435843,0.1359781184226543,1
0.035301890217248104,0.03518304124489525,0
0.20310948744821958,0.17955032717540412,0
0.06746834694706232,0.05487383854232826,1
0.051535158198787685,0.03936264863097231,0
0.16394370450796192,0.1428619145953771,0
0.1975860650154731,0.20232157626957395,0
0.9395170923038708,0.9918264826451456,1
0.13080462378721713,0.14316289363307289,0
0.020695296985317205,0.002162950569810994,0
0.15628680305365267,0.18997233879695577,0
0.33996785537646074,0.5422305141433333,1
0.02601597844948665,0.011715250605166351,0
0.07147090444984068,0.07879655271846858,0
0.21196478203223557,0.2636925171160975,0
0.07596370159554172,0.10626537490821192,0
0.21859084357992126,0.27107903427212826,0
0.030485816508813254,0.00332297116762135,0
0.04908728406395516,0.05181068008586711,0
0.053920407137318084,0.04279628560253021,0
0.7691582150470327,0.8015732986880028,1
0.01841034969115155,0.008732620193632136,0
0.03328490459248384,0.02702074366368883,0
0.16489195851871566,0.12508765207989983,0
0.9677732081473042,0.9936607105962485,1
0.03610880765857871,0.03356307770834647,0
0.039589238633386675,0.03846272749450769,0
0.6193085175221401,0.6993822871190393,1
0.039576337448197316,0.04194312606879063,0
0.2045467913048628,0.10707308884898876,0
0.03684986621185773,0.02320433430164672,0
0.17867457455378427,0.1969644376973094,1
0.03082435848887719,0.00515301649137892,0
0.030874650124052834,0.012405784256826155,0
0.05414647330478453,0.031067711070111043,0
0.07377975270359105,0.056272035783973086,0
0.9413132020205812,0.9699779283793035,1
0.7262762465647942,0.8324872041629588,1
0.039550459550243444,0.005381847776568058,0
0.22537096675890705,0.18330134719162325,0
0.008544460235131883,0.0007767793051052941,0
0.1337780929408365,0.15798712264380932,0
0.03248746345611341,0.008931345622670247,0
0.1049032448833717,0.0735008493007136,0
0.01774133473103385,0.0049113495507546135,0
0.9603246334764713,0.9703841350965128,1
0.020320592908436234,0.006438337669422757,0
0.08043617955769451,0.14211229321948,0
0.09340622924395152,0.023567749002608464,0
0.014638938172741216,0.001539495153489641,0
0.12207923285530795,0.08056734716809028,0
0.012157644408752225,0.0037821573834818938,0
0.16551865042791092,0.16692872655748298,0
0.14839012565107532,0.22444345154546916,0
0.05481213645681611,0.0580180141161722,0
0.03477518365387096,0.003913052005428327,0
0.023659257182687302,0.0032160996397027253,0
0.04859344175407796,0.04110003742920101,0
0.18838128733061438,0.13834376052505012,1
0.1282443808818672,0.10760027536522145,0
0.056405016751413906,0.046680429842809464,0
0.20525896542223815,0.17964821521640426,0
0.2299267524140096,0.23429912290180513,0
0.1721803922662478,0.21170512876198694,0
0.010889941203219563,0.0008086192005499675,0
0.02810668604836578,0.0019271892425574532,0
0.11580492481020067,0.13535237675816317,0
0.014878079303741958,0.013113034106950507,0
0.16231200914134994,0.16650800806791832,0
0.09253041619356409,0.12147578026186587,0
0.20381695310724238,0.20262723298889998,0
0.9057276869539748,0.9624963898240873,1
0.09399064836795071,0.07398639333697753,0
0.19068241968297975,0.2014072714753148,1
0.016907006101416412,0.002638045398220187,0
0.11996000713945949,0.13252250321535403,0
0.14574078895802553,0.05273417906762718,0
0.6341493255848458,0.5980290555320411,0
0.19370436165165147,0.16779518801484505,0
0.22322035756863198,0.22257783095802552,0
0.4511972704842657,0.40524616764194443,0
0.17260542208036758,0.16761127512421212,1
0.07520293706341531,0.07819098200075486,0
0.012135271526334594,0.0027751356770379654,0
0.13579040434637213,0.04878598835455455,0
0.03593862565532008,0.011437397945387147,0
0.1739667167208083,0.2608379036253107,1
0.12403227935785856,0.04458947168155826,0
0.0862526032324944,0.06686264013696644,0
0.06670346139406416,0.05193965327964636,0
0.13761349720724747,0.23444186428481534,0
0.02690458276291966,0.014234100463687043,0
0.03472320671087456,0.03565397929696932,0
0.04235722753240602,0.009501437961661696,0
0.9746480835932347,0.9921754860607153,1
0.03192835889150638,0.02101313526829634,1
0.08919748498745957,0.1238282057599875,0
0.29900401266413434,0.2954288380686486,0
0.07276478060784884,0.09980978978192896,0
0.059928411526191994,0.03750827482765748,0
0.03314662849239339,0.007559029990802753,0
0.22009190944681553,0.23607926666314552,0
0.12922144461545787,0.09035864127330173,0
0.21061581681929725,0.16389505810462193,0
0.23306029756174773,0.21626917101513093,0
0.3483812190389781,0.39248537870674244,0
0.9476321385297689,0.9995184264657636,1
0.3093962625106365,0.2862992836603404,0
0.2598010472123722,0.37493192077125576,1
0.9471925847419526,0.998290949141308,1
0.12751913735122647,0.11730747529116622,0
0.04580058994317469,0.07485535977415983,0
0.08182104858755883,0.12996819919133262,0
0.06459348169654505,0.10196159653098989,0
0.06715409199093812,0.11237105155708345,0
0.03915948697522319,0.012208656986357924,0
0.019512040407599438,0.008955671905462686,0
0.012283140755664803,0.0037364516842100844,0
0.2277317740551984,0.3980495268278556,1
0.03562022441396027,0.029454966319489108,0
0.22599500901371541,0.22913267997018222,0
0.13745882524526917,0.12467677319307968,0
0.12728177401345944,0.32074559360529625,0
0.22671824765627951,0.21565769134015256,0
0.059325822154990146,0.05595116597453768,0
0.13641698973218783,0.15810431192183064,0
0.060246445302755705,0.04280091467531311,0
0.031158501806223024,0.0026408748243663994,0
0.14444158598582854,0.13070624009405005,0
0.0699314896838339,0.046424174967468514,0
0.042970432648889854,0.002415911119230068,0
0.016278078632343766,0.006126705406915343,0
0.06322401240876004,0.081928861028082,0
0.12417127233831338,0.09976058532644644,0
0.031255058021042434,0.02594895292091392,0
0.16370565211575683,0.17396509755250794,0
0.1636741380596318,0.1456935061992825,0
0.13978628779670407,0.12469897016867096,0
0.11173231795382023,0.08550922956691735,0
0.040554352622712134,0.07490704447082229,0
0.1901029003917417,0.309153610566833,1
0.01800060703786239,0.007277812338834293,0
0.0991294138419729,0.15821719032912024,0
0.07358778995758178,0.03903134410812405,0
0.07227120631138736,0.05033732259248757,0
0.7547446177385515,0.8529555166639853,1
0.16326930499466333,0.15340889661412807,0
0.6298159576822545,0.5954306479045746,1
0.10259015292500043,0.02672535824255739,0
0.21391976395796522,0.21780884642454346,0
0.233919895123121,0.20155697385692153,0
0.10250897362323316,0.1848990021267815,0
0.2499734614996692,0.269438674557501,0
0.6106071098771938,0.47338816380515364,1
0.2655849936011874,0.21271223855177016,0
0.9687579512141137,0.9904682369717638,1
0.17174684758521933,0.17435786049274749,0
0.00552794729587658,0.0008026756955647074,0
0.030576880930635826,0.011008258390027146,0
0.9183760176155746,0.9636373800072547,1
0.10790775883274072,0.09392965744260301,0
0.142183334783177,0.1293287622042483,0
0.2524081135779969,0.4765474616343519,0
0.20724478214011882,0.22481622053747435,1
0.8367415182650366,0.936401153061114,1
0.09047941655573949,0.1789583275486923,0
0.10478254303732502,0.09674516052823341,0
0.04871112538269656,0.013210121084526029,0
0.09474147548255701,0.020198211320741715,0
0.3968005703928134,0.41537751027869174,1
0.3216242498470241,0.19968715405152807,1
0.0895549089392014,0.08919030634784017,0
0.16682829835989302,0.13962017943522714,0
0.027153087425604502,0.015936687855334364,0
0.7033931932548455,0.8509451309612875,1
0.04808588492585001,0.014670402048017813,0
0.44778451721999,0.4138639220813637,0
0.012093223914896574,0.003451721124836518,0
0.25801519473068474,0.22349907771807406,0
0.06889899314549461,0.07466627894658336,0
0.02247840920336993,0.006509236821897136,0
0.22226591562790335,0.16008732111172874,0
0.16671654220654417,0.17153577146130503,0
0.08894751043405155,0.07010291581184776,0
0.02234687328478855,0.008444584862540667,0
0.8976958833259381,0.9718394101617543,1
0.11395924126562214,0.06475035626753325,0
0.01942781366213466,0.004576660755355881,0
0.08600593992793035,0.06884745275819804,0
0.814837703923632,0.884155170544115,1
0.1603078047864725,0.17739672598109804,0
0.01773854276438504,0.006235336123839582,0
0.11696985536439157,0.15826252510051678,0
0.04389195523610575,0.057884676259393066,0
0.10165413491514642,0.12834543249355954,0
0.10338219723613776,0.08857277553530651,0
0.023196314560082358,0.001910040917066399,0
0.04775222426562606,0.06431331554709703,0
0.020214504035528786,0.005627550902724874,0
0.06495199453879465,0.0992445521574848,1
0.10431103102427587,0.11552322697625683,0
0.06091380007861104,0.04343356630379306,0
0.07475592221840768,0.07106151972329709,0
0.04793933975196499,0.05113614766018396,0
0.2197401212113576,0.1978722639260928,1
0.09116705298354731,0.1381959468897617,0
0.016162755380304077,0.008178597730164987,0
0.10722173676738979,0.08387818949405577,0
0.24161839458916942,0.3350055768351771,1
0.17748693764987045,0.17730464831648318,1
0.05563936213460883,0.06202169523413664,0
0.026674251278664612,0.007610656984240591,0
0.09744619819419079,0.11069068359526853,0
0.9764568510941756,0.9932899241563099,1
0.12156766931319125,0.1555166005125053,0
0.0355702750330391,0.017115645238652766,0
0.042740065508393786,0.03888545843448558,0
0.06003631663329064,0.04286190474462165,0
0.11612185960432371,0.16653906851992586,1
0.7706054126592304,0.6210430339353071,0
0.1590966775357399,0.19692643518881778,0
0.10470779263416947,0.015338361286120688,0
0.9752440770170221,0.9940237058307788,1
0.24220564825959098,0.1380726960035523,1
0.1348528875531971,0.06226514944820038,0
0.9648286475132587,0.9908709677309583,1
0.05662239335246045,0.032998797900091026,0
0.06229560324972897,0.03320606153657683,0
0.047018424256923555,0.017938277861289983,0
0.23204001885870826,0.3620998936854847,0
0.05418154397291251,0.04984092015562825,0
0.0451371874051514,0.10804159963951826,0
0.9660333974119849,0.9964504665676489,1
0.21404762238156688,0.304870174953039,0
0.14244203093957536,0.1920242455582211,1
0.6881154378120725,0.5938326452146624,0
0.1477262828214745,0.10239883781912817,0
0.0626729062050513,0.046417568298296165,0
0.9845877350730643,0.9975999664853634,1
0.038274279223000335,0.022194446642514815,0
0.02448890135529773,0.008300728470836917,0
0.025096625131349828,0.004048988148295689,0
0.18675464011920073,0.33555046376514697,0
0.06643596074630188,0.08411263834201711,0
0.9827359261319981,0.9977285893224604,1
0.18411776170127783,0.14253982556283942,0
0.9677138920554514,0.9934632277650004,1
0.01071416207228975,0.003288135406830709,0
0.898538045080591,0.9885575494712594,1
0.2451669909456541,0.3806588033455204,1
0.026974330881107626,0.0008324514980897183,0
0.12307826400399983,0.13915379154708113,0
0.1231110182599551,0.04126886504097741,0
0.022701907798823077,9.378118990828056e-05,0
0.018363230108281673,0.007364968062931416,0
0.008877514380449468,0.0026060570120102853,0
0.16906513133427073,0.25582768191994254,0
0.1567926584342718,0.09490213029000442,0
0.14436339234550333,0.15990958754801043,1
0.12424967156634194,0.1500316421594043,1
0.04562075891098068,0.014133138928365986,0
0.6280469386099808,0.6650634803067135,1
0.10728023436346218,0.019063648769339518,0
0.8046315655858307,0.8543885961224819,0
0.11860058574251325,0.15089240848390326,0
0.02041342448771771,0.008161964171487504,0
0.18432823893661776,0.07230823374838206,0
0.024734874972858163,0.029950984656706182,0
0.06925689646951505,0.11604754526869604,0
0.039674354432201846,0.001909871729961666,0
0.16859859000791166,0.08101919254547857,0
0.09380739450928216,0.05714906429980418,0
0.1144037294650003,0.00746337770221143,0
0.04324305049731534,0.01458295141288047,0
0.024105090586757444,0.008447966838257508,0
0.10365471174190906,0.09909960643277935,0
0.15715570985136668,0.18706289129291978,0
0.04044282368581297,0.020938465502410547,0
0.21704358498881973,0.25232979829891794,0
0.03311389064637869,0.0068684983412113446,0
0.052623567531610904,0.05040705873800652,0
0.9303719281247633,0.9952349294007622,1
0.28496128857511605,0.19488226514459026,0
0.16783390442916016,0.16651459720704773,1
0.19005926533654624,0.2014524346349983,0
0.03188935163035891,0.002066537296887216,0
0.08705561377344079,0.08270759464335824,0
0.19257742086496457,0.19570732259614754,0
0.037680842721372954,0.0070574574192111385,0
0.1265712682288827,0.1356922577179313,0
0.02669560518084458,0.000753150053453764,0
0.12823286545252083,0.15017249902089524,1
0.028201912295247097,0.0030891501655913793,0
0.011358858093417353,0.000752827403285581,0
0.026974330881107626,0.0002511605042024834,0
0.05276978067212442,0.057534783855214544,0
0.1408598324533418,0.12659392289057209,1
0.12185785185727997,0.12015747721598093,0
0.01353029543457453,0.006673151649081235,0
0.12605901929246777,0.11272323920579201,0
0.19055807099374356,0.10362000435043801,0
0.08299718725776066,0.041854503235613044,0
0.11786718600020404,0.11726697095178462,0
0.0738940763603751,0.06787081544592627,0
0.043233843774141516,0.02872548376334531,0
0.09825962881168293,0.13483593373982317,0
0.10961311986975303,0.00999691867031271,0
0.8519691394027757,0.9711541305402844,1
0.9788191820622547,0.9921290629587588,1
0.013979831902845843,0.0030075315535192356,0
0.18279202438159672,0.27592307099960645,0
0.0484615195875227,0.04496920893023721,0
0.10684611479989915,0.14242099015959636,1
0.2422518750362491,0.28552803891609546,0
0.05951235340384846,0.013722848888786578,0
0.0851722648154436,0.07411143160990469,1
0.01454705720009868,0.003147229050074134,0
0.17749870988623123,0.274746612731421,1
0.9727290728761768,0.9912765013365484,1
0.08792975301288593,0.05872251410610959,0
0.14879169266491407,0.13327179584362986,0
0.1325825013256522,0.1351033401940307,0
0.10157618206706201,0.17673812972204278,0
0.2634695812020591,0.21034789338878965,0
0.9453525956377221,0.9974321192743058,1
0.08175502667771777,0.09941441800987466,0
0.05467168080685649,0.04398342144000801,0
0.17304319739971835,0.17136772689094004,0
0.0558282892155472,0.045165383798797996,0
0.18279452558518353,0.1945834750747761,0
0.06699843532116409,0.09549951364465059,1
0.9743491979048425,0.9876671574895661,1
0.118294403589164,0.11575139712411166,0
0.10400736459578584,0.07851030885672232,0
0.2043998421928484,0.25797726073092747,1
0.9115751309154275,0.9837017201616329,1
0.028056244993495634,0.007761940411524833,0
0.1937305912768852,0.16875556046288143,0
0.023056735015713696,0.01587383873626443,0
0.03388057278437975,0.0018479796156880156,0
0.03208356717058673,0.013539460495071206,0
0.11153301394604634,0.01543374439599783,0
0.02915691634333077,0.01210425050916656,0
0.05997849153923462,0.054614298168086585,0
0.07836342897157185,0.06718286922392802,0
0.0894563761628619,0.05119665091461399,0
0.9561108433400549,0.9933524344097352,1
0.15930020150459706,0.15596240731798067,0
0.06300134803696338,0.06416142552713008,0
0.05322898789052687,0.0765982197217406,0
0.033996173798111214,0.06740075367242473,0
0.04629260296496078,0.056396709997221496,0
0.30088730044363343,0.1305504126651712,0
0.0968717278791077,0.11792458941442967,0
0.03386517121172389,0.01367355280056487,0
0.02399699368380072,0.014553938891859006,0
0.09960687593369978,0.13128117934958075,0
0.012808708049080287,0.0009771013312546912,0
0.02509853193880674,0.017859285064754385,0
0.1409734589754938,0.1611605898766962,0
0.03607412166508638,0.009778491300658413,0
0.18596579781073505,0.15941610172109946,0
0.07329722138120988,0.08274704288414673,0
0.03021049762577538,0.006558913678332956,0
0.1823854785480933,0.3386817172722068,0
0.039065681501216434,0.020851698757000308,0
0.07673350875168578,0.05039143700978376,0
0.007489071795877925,0.0015230353123667994,0
0.06831764606838037,0.004004908547248262,0
0.12321882338993732,0.14341163102002083,0
0.1845724130761919,0.128148876778877,0
0.17370611576429343,0.24638442555492174,0
0.05042416329169336,0.0400296089697991,0
0.18739514948771094,0.15278989262811185,1
0.1971531805330128,0.19423292290262217,0
0.10905562656211219,0.012008872571603539,0
0.01931750659259556,0.010277785248641131,0
0.2468298801965905,0.2602646483442541,0
0.078535651883082,0.12324980542078452,0
0.22619867223034143,0.281640832266288,0
0.1093223899149469,0.09523934188383604,0
0.19361625502945826,0.30510306816895233,1
0.06551488747471688,0.05455910961085919,0
0.9811718391159482,0.9959478625956756,1
0.10473655949664666,0.14064691777956675,0
0.9564070542302507,0.9902231292738698,1
0.17678729489274486,0.10434955465410817,0
0.1698225226568509,0.12187894123626533,0
0.10658696247731464,0.07351516641366809,0
0.8167655291960797,0.9654331126100014,1
0.12085488199723356,0.15163998015544863,0
0.9265535324751374,0.9846476595298977,1
0.9227110193773481,0.9619912590934605,1
0.05513384646716176,0.06226257967874217,0
0.05741466239687519,0.05538113752815671,0
0.25103292000085026,0.2698268512303582,0
0.17210701898844996,0.17103020105442696,0
0.05008601058873874,0.038306325552353526,0
0.010207451479044734,0.0081215347709682,0
0.05758660835217537,0.05769563066961246,0
0.024635495750690684,0.014084385853663917,0
0.9704835184543326,0.9947590667497476,1
0.2062680290715834,0.148364043846264,0
0.020216438344886817,0.020547755564875935,0
0.06777301810427076,0.10135925918617869,0
0.05753710601817394,0.08363748817995528,0
0.032708018418037596,0.02590361343158382,0
0.01594768853080873,0.0028131256738866328,0
0.9021206730365143,0.9766136551201803,1
0.29195787162260345,0.2669589818287308,1
0.9865022984235926,0.9976227602622468,1
0.02611009241411467,0.00027383176707841884,0
0.03423031023305336,0.0151871583196232,0
0.028338380694638753,0.050408087910906285,0
0.05515101727293961,0.08928912681625392,0
0.19934811186289272,0.21447689994356248,0
0.08378051825575226,0.04753452273686655,0
0.011233726956911874,0.0011467893572122147,0
0.11948357660454817,0.19031170208379017,0
0.21521122929426043,0.20262096599505017,0
0.019889362083471186,0.01413220253139395,0
0.21439439526370851,0.1804524501264868,0
0.018339155630577118,0.017127867211139337,1
0.14790257611337557,0.15334763305941398,0
0.03585198094836508,0.041929393391274404,0
0.0350979913409042,0.011928416101005156,0
0.18669667343064078,0.24217609823304498,1
0.22290830166636985,0.196439426165161,1
0.11047906654403422,0.08988442517843737,0
0.23594409639342506,0.2815690586982789,1
0.09254422398378044,0.02224219801382962,0
0.06748667275943819,0.04860669577352122,0
0.008967728120200389,0.0013183710299751253,0
0.9774061488447179,0.9908599928315022,1
0.8708790772097716,0.9318305743015899,1
0.9766823272332388,0.988808275111274,1
0.12143073327465218,0.09128141262185001,0
0.037078442638005846,0.03246348263080801,0
0.06306903709072738,0.029740172518683827,0
0.29171798783043934,0.32141346475742577,1
0.07579733097595576,0.07454035614410719,0
0.20087649503083221,0.18671372818687174,0
0.004540013653379345,0.0006605004185117927,0
0.08216506401134352,0.1025917200238292,0
0.019200757079906223,0.005026862067963474,0
0.056966400995933295,0.0816879071282822,0
0.07444010572006801,0.07227564352672915,0
0.11763916158245999,0.13893453173448408,0
0.17202569026993955,0.176446354203552,0
0.12454782485927278,0.14988587510017434,0
0.17101603405101243,0.10264185235834593,0
0.09356904554303351,0.07573845413110482,0
0.16473737195773122,0.10851346784072856,0
0.19527106402806085,0.17024991257435773,0
0.2187316622039,0.13640127657543574,0
0.23199598128223403,0.24004585464570463,1
0.044276001500724686,0.04758430861728736,0
0.2547998828178862,0.27052087929432894,0
0.04897240960116968,0.006728552880963984,0
0.11301920672640434,0.09864845387510902,0
0.07731207412035777,0.0769945645164075,0
0.012928987027181326,0.007152559459267634,0
0.25587746773243003,0.13255954774249953,0
0.025034417337714367,0.0029860877632742772,0
0.30124201271340934,0.2679974403767316,0
0.046802430596350336,0.04227394730042746,0
0.10362398514650249,0.10806470315509706,0
0.011086948529720855,0.002677432340036413,0
0.1144938287385545,0.10655648018272527,0
0.206106611882464,0.21303934218333972,0
0.018206106007373785,0.007034619641529512,0
0.033240855737582356,0.0023284667944923182,0
0.13401133293659306,0.11450043742217964,1
0.20869713094251524,0.1538540786904267,0
0.8031789142867092,0.7886506916719045,1
0.1093262020046714,0.142027517380885,1
0.039699019302934416,0.0453653207178451,1
0.01627661132957189,0.00295764518459834,0
0.14157628107410983,0.1876421986795372,0
0.05102943554359955,0.07265422455571369,0
0.1377684116160416,0.24706574495437453,0
0.027814619508607415,0.018625018769244092,0
0.14226026032659284,0.12896822154970125,0
0.01094665385228843,0.002161596194631535,0
0.03574343520491577,0.017336048320917105,0
0.05959331461822953,0.03351391645431832,0
0.8864555975399547,0.9834195157016875,1
0.11978002586089839,0.11677633459849363,0
0.797105034686233,0.7827946521836777,1
0.1080780931779249,0.1289640515048351,0
0.08839658613077284,0.07288810948523426,0
0.22299603821715336,0.21884200498313702,0
0.04537745209622859,0.018755622760019436,0
0.1364413427691712,0.14271255334383448,0
0.1658828282710188,0.23403014776553788,0
0.19714684820148703,0.1544507979395889,0
0.1791677495713839,0.15068999835431687,0
0.11259989140472569,0.15431774782266255,0
0.10167067075215733,0.09395744225557016,0
0.1936709285493692,0.157140656143091,0
0.08045046210934183,0.058973332862137656,1
0.9513157780070757,0.9787161609610597,1
0.8884620899179333,0.902201935182575,1
0.07482761009519089,0.04359103271915477,0
0.03275715166059883,0.02028930010803968,0
0.03506021304638353,0.013946854771310203,0
0.06475516606518918,0.050837469936285365,0
0.10479876042539507,0.1175571816308969,0
0.07007154576101202,0.11615616318809038,0
0.21433602834508558,0.22208628402599723,0
0.16761297610649156,0.20075004359729076,0
0.19394293479800864,0.15387532820300107,0
0.13812220441146814,0.14650018612662638,0
0.15689358475349607,0.15450772375153043,0
0.9677061020049531,0.9974940501151197,1
0.21673135919534406,0.22150948914455595,1
0.11598696829816711,0.03719686843863411,0
0.9240418014284919,0.996119895833238,1
0.39920321423805966,0.16944530909714742,0
0.020581568502698194,0.007970010895935837,0
0.24631482865297522,0.25348049249577265,0
0.1839200523318179,0.1332338459552259,0
0.0322475149542503,0.029233414140412837,0
0.9438769097413374,0.970088735340734,1
0.11474364048575647,0.12012768125641174,0
0.9831183641421369,0.9968224549692276,1
0.3255359961523752,0.5628108988187874,0
0.07612194550709823,0.06333414145633938,0
0.30656467758434536,0.27910252746312153,0
0.11905055513523781,0.11530893844990975,0
0.09000525102864367,0.0688416296268618,0
0.21749641648171059,0.40012445283905834,0
0.2660934668056498,0.3622531357042447,0
0.1910197989160966,0.16949323579908337,1
0.18372909671480753,0.11949097597827807,0
0.06621191948464479,0.04905971530126506,0
0.04489676599369676,0.0011529133085158923,0
0.22448171913160128,0.2721876819173711,1
0.04964510649896312,0.0266885613903867,0
0.1577694261898579,0.13337753506049382,0
0.09341899972111617,0.01796277898803053,0
0.04795517715384919,0.042719285621891916,0
0.21161311330376834,0.13768943549504056,0
0.9476288464606845,0.9898487271175906,1
0.05420673385046354,0.01014447364424689,0
0.976023379875855,0.9925215158613575,1
0.09500164619613422,0.15162173110422353,0
0.1438375023161581,0.08741149413287672,0
0.22337192082401117,0.3255919389995485,1
0.024352928922787394,0.00025131464781176884,0
0.10591735043455824,0.09844487296242165,0
0.06211377763921867,0.048005495876093325,0
0.01473381930025567,0.0007233107969440198,0
0.022288581721649582,0.00690679470296349,0
0.12534359660230446,0.11782879396151649,0
0.052700938326900613,0.06609187830265528,0
0.15145812278417234,0.11064525361446258,0
0.14924961171460938,0.10398725439366749,0
0.010994702443998767,0.0016721154532635437,0
0.8045244096280111,0.8170917770938444,1
0.13890775986331638,0.16077547808148965,0
0.09773328836961744,0.0743046395195778,0
0.12638776577884117,0.10476665027417614,0
0.2550768714087228,0.2860767717580448,1
0.13937807458164445,0.09973357237501035,0
0.04236623992980532,0.028959131746721708,0
0.18931996592449502,0.11421521461791719,0
0.9688911086089305,0.9977967238269502,1
0.1358536117842348,0.16415354726980433,0
0.0332430068460935,0.013204259374824192,0
0.16977184389628644,0.2111372138203247,0
0.9625233471426715,0.9606037808053346,1
0.08792904390341283,0.07742592988813048,0
0.10175517706021538,0.1182213346691279,0
0.0430423936103179,0.05836224018741095,0
0.034911196110267356,0.0026886368339288816,0
0.2968912082967738,0.2826852978036093,1
0.07862025861375388,0.07032242104524879,0
0.07340239944536742,0.05644177166322266,0
0.03421362476011427,0.032978750983961,0
0.0893469745053448,0.10358774427685291,0
0.16340295631763316,0.15296439922733357,0
0.6330532329437627,0.6440504947808557,1
0.06447340801178067,0.06410187322070855,0
0.10278527017146273,0.043250431496267436,0
0.03231760221114149,0.010739609509397074,0
0.026433589601019065,0.018211436203049425,0
0.16458305015373548,0.17035954246615956,0
0.857713322507616,0.9322539967454072,1
0.0862131219992081,0.11769608372137343,1
0.012045391538885758,0.0011103404274019854,0
0.21164157263919003,0.2684908632458844,1
0.04845835721062961,0.01875505000899239,0
0.014030081625628767,0.0034537589180649087,0
0.05298673280857083,0.02337834940471498,0
0.08748687963480485,0.0767943235263435,0
0.014030913613907738,0.004841262211000626,0
0.01997828277929984,0.009198738078238716,0
0.14174223505119019,0.1272355458273415,0
0.06956282403195353,0.021974069998163072,0
0.03398330441774511,0.02836945791200363,0
0.014366761990237249,0.0063990684415064485,0
0.0882130490116749,0.012174980117380035,0
0.2311360067220841,0.28448813489416597,0
0.04120370865321117,0.034714266325272594,0
0.9729471463516207,0.9816405162571592,1
0.24329966785509777,0.26242576125239264,0
0.23179102213783284,0.22601074689889955,1
0.8174291447155022,0.8869155740121378,1
0.14711064851893488,0.17113402601611438,0
0.15318909853339846,0.016561521117013093,0
0.062380301035220326,0.057544292804045695,1
0.026974330881107626,0.0002797690974136137,0
0.1369572834061047,0.1912614667288415,1
0.059912129155551094,0.023124786380099967,0
0.011603928414305523,0.0005072693140063932,0
0.14740739384911264,0.11213505185245604,0
0.6074678707758631,0.6440165995912258,1
0.03195523195010193,0.010366165851679722,0
0.03680371020527401,0.009937440212750472,0
0.06772957020995315,0.03213491066703617,0
0.16956080014418573,0.13487703854415875,0
0.01984274810783328,0.004351780477058334,0
0.20766687915290968,0.1818712349616532,0
0.9466048280004615,0.9979406705063887,1
0.06319775391724643,0.0905730107217633,0
0.13910069679476608,0.09278590645573075,0
0.030518761873081196,0.006786188932447328,0
0.2267465349898459,0.23847870902925838,1
0.01972549451994826,0.006527805173063861,0
0.20034852370160233,0.17762523723804927,0
0.17162226982335888,0.31726704855569443,0
0.8488573701740636,0.8780225050246488,1
0.021352657766715022,0.0068479398395062336,0
0.037855194895740435,0.02581732974384285,0
0.08684460532619587,0.11590422690934522,0
0.04677966000228282,0.03450655109669615,0
0.09993007033658625,0.08938419172051063,0
0.1593908442273463,0.15820818446939677,0
0.6624841643632631,0.7692660690662082,0
0.22250604218123374,0.23097737604182086,0
0.14809813906793393,0.13712501661503895,0
0.1527572215276547,0.09116164114067814,0
0.9581316984348329,0.9899801228826677,1
0.01608497569370766,0.006683499160216585,0
0.14648923540042852,0.11765377543456239,1
0.011924025590079995,0.001828623637006694,0
0.13678762238107525,0.20939463457652768,0
0.22533557096295162,0.3010338225962144,0
0.008652871174281186,0.010435990454630327,0
0.8708756951215345,0.9624603217861448,1
0.12750214932801124,0.15629769506296395,1
0.030438087839043143,0.006849331521772136,0
0.8728190731221773,0.9286387549327131,1
0.04210050431056586,0.016074238609747347,0
0.7315969273569288,0.6869159040830791,0
0.11066779191487719,0.030911455784970284,0
0.20726999683252473,0.20524654078542723,0
0.10361088487900097,0.1018158865887738,1
0.15911734923630477,0.13685932140460721,0
0.3683112936734686,0.48848345046568226,1
0.11429421299163958,0.13616713906828448,0
0.02860761488566337,0.0007650732688094822,0
0.05484977332383429,0.04751834643162693,0
0.18226344432157918,0.2222243480323638,1
0.9326785638901529,0.9780887730336535,1
0.1302316198002498,0.0963983405146411,0
0.9686357313698447,0.9959334913206052,1
0.13196921306883103,0.14296696768962916,0
0.11621699152273855,0.16902899581192032,0
0.7733826577080133,0.7986307951641373,0
0.0721900008162899,0.058303589839711366,0
0.9661164974894999,0.9732430507043982,1
0.08295686093238354,0.0698775706358759,0
0.2911184728048623,0.3339567584285028,1
0.17343201970382838,0.17754079288982802,0
0.014268673065230145,0.0027238258725317817,0
0.0870534684145934,0.10060783767620683,0
0.22197188266928866,0.19741250432330842,0
0.11333496643759773,0.021054952605800176,0
0.09599929821269368,0.07769359705033355,0
0.8565154738323711,0.9244314402069951,1
0.07243098791903366,0.044883661383327056,0
0.04275428482832417,0.03465483816464592,0
0.06814658268617145,0.06567885332635791,0
0.1935417199869379,0.18829185889384759,0
0.9641602765697489,0.9886699673251947,1
0.12664114914434157,0.26836473271621986,1
0.025012654565554175,0.007306508928960021,0
0.17765301897196212,0.19672753408221358,0
0.015729572391397634,0.004926803262173575,0
0.061680179837115136,0.08299446854246802,0
0.14658049099412757,0.12909030450921874,0
0.1882369725415548,0.22102479693490704,0
0.11604857070406134,0.07775786631648818,0
0.015933777238453916,0.009340057971373095,0
0.013169860940086781,0.0034354413190040836,0
0.07823272865078341,0.049375513338652054,0
0.05824493245840002,0.026641123763473964,0
0.08438183925312098,0.1328298597981124,0
0.05295937971715919,0.11296287459391782,0
0.01974160506390602,0.007863015150252632,0
0.22390771039483637,0.42313188518778394,0
0.07755995959781009,0.0982093861352795,0
0.24018705661085774,0.16918889338438445,0
0.10516746398895377,0.07024016271926749,0
0.10359668067090298,0.14258905360069107,0
0.16385066672826862,0.13892452366082464,0
0.08333798303835963,0.0908375696888313,0
0.07833211256024429,0.04801086420597014,0
0.04740826077248051,0.035781314689192864,0
0.1396706582468826,0.09368886469038598,0
0.7764186576162533,0.8507230063918794,1
0.020726612558279435,0.002541592447190612,0
0.01577024299587033,0.0017760555194955459,0
0.8457823783708921,0.969436500754828,1
0.15104889125156926,0.09183034380132872,0
0.18851282671499103,0.25541558211024756,0
0.1844321231637878,0.17194278819145062,0
0.06421273488131114,0.05232446014580681,1
0.22071551449418333,0.21865857756850263,1
0.07956075784090054,0.10939511871378703,1
0.1254810262290464,0.22275185188632324,1
0.20300947636391353,0.16755702414464718,0
0.36029417819468007,0.2686197145907349,1
0.14370245721199307,0.1191268096878026,0
0.22084671114771104,0.18353806214064236,0
0.05269941770897028,0.037142849520603455,0
0.9670757021911365,0.9905775323660503,1
0.043570161095488516,0.03990515755029929,0
0.013097578481609915,0.0008683430149341373,0
0.2831019190901874,0.3759966404854438,0
0.04592998583382021,0.04215756110665914,0
0.1844266713092275,0.24097002322257002,1
0.4252382314978991,0.40771167131462926,1
0.1527785552915482,0.14625591805299398,0
0.03639083394437535,0.013371918973385247,0
0.24572058417917436,0.2666010267150179,1
0.060689089118582,0.07329574389327724,0
0.22275971108801068,0.21648896434912018,1
0.8719903862379899,0.9489774287972934,1
0.07985531038415794,0.0773285201030115,0
0.11110899629288525,0.13656959096285357,0
0.025225762665892777,0.00744479742612465,0
0.19584668241975098,0.22097262340191728,0
0.36095608678497487,0.23614557736618494,1
0.21237490707300735,0.24269996383056305,0
0.1887213157302971,0.15486780245117338,0
0.02765199306618444,0.010741965402487487,0
0.24558476545568983,0.2865266144179382,0
0.1379952281772328,0.13619777245858147,1
0.2267304956749748,0.4665795805696189,1
0.03141516593863205,0.0011989345998854124,0
0.03088188634959641,0.0035552239962868526,0
0.16517678518625106,0.08069391829949821,1
0.15168149192294042,0.14641909762391542,0
0.08694262484858525,0.09610684433965566,0
0.1869197733554691,0.18926078577739477,0
0.01773316310186642,0.0028180552334402926,0
0.053473437372122665,0.041547100102619215,0
0.08420165851608089,0.12871433576878175,0
0.127837740024255,0.10078935144274813,0
0.10525808698464031,0.07451546567962015,0
0.03098294347713107,0.002889407067512011,0
0.0929571338082989,0.153336977447698,1
0.22709966535868573,0.13316744631278157,0
0.24778363077470078,0.270603942136699,0
0.06520553398762598,0.07428944031355357,0
0.07230016719701533,0.062397981344424876,0
0.06804805419641526,0.07611506720445121,0
0.04775364774240224,0.02303233269586224,0
0.11523590645071809,0.1075184310192727,0
0.12975477443272157,0.060744089589862535,0
0.0189914521441863,0.007647500161555288,0
0.0402180013795865,0.014460055391226837,0
0.013596094413862196,0.0033682303016728927,0
0.18293360462815247,0.28654321872792593,0
0.08690003214617305,0.07522096743495482,0
0.0821352705075477,0.06329720485993816,0
0.05718768074716971,0.02117929081206082,0
0.05655345079617943,0.03871453570783066,0
0.031480347571797115,0.03429633655499708,1
0.025621505089142536,0.017620084336820843,0
0.03188935163035891,0.012568655750398432,0
0.9476321385297689,0.9985905964028683,1
0.8389148377315458,0.925568303978382,1
0.047095345461477076,0.05525750229993062,0
0.1027868289042942,0.010087783424434029,0
0.16213098921573943,0.12563925057885034,0
0.09855068361441091,0.08144422118281842,0
0.026397858538605604,0.006636838745218911,0
0.04947479695864982,0.0656704902846662,0
0.19389586251149085,0.11613524040505029,0
0.0340491452562786,0.013674926988668642,0
0.14116320573258745,0.1652786686171527,0
0.030252576608407255,0.028844702042263606,0
0.055366810700673674,0.06752490068748127,1
0.08880347634773349,0.096221839599894,0
0.06521928485649256,0.0941359142639251,0
0.35845907344667727,0.4107803596121539,1
0.3664301071461317,0.3146676727397172,0
0.15447601256274068,0.12832173524538004,0
0.03736123348093769,0.026579569148333756,0
0.023695010202955308,0.006521795272206876,0
0.2348136442647712,0.31860383912799944,1
0.05986030898114745,0.044385188421411065,1
0.04301583616814166,0.009778194773494875,0
0.06193770709282715,0.047361823798206325,0
0.07905049518736774,0.07453804445796336,0
0.09194056565942549,0.10143205744942539,0
0.05650315614419966,0.02291009272380712,0
0.051448154236001055,0.010152594890104635,0
0.07623305994239456,0.009621599861928731,0
0.14563661715279133,0.08470067731399508,0
0.20762813247795756,0.28171752844156706,0
0.2408551840721428,0.19061266123623594,1
0.017158463359954756,0.0052905773121783815,0
0.12301036526196803,0.2001226242383816,0
0.15317884784302077,0.22360913465737925,0
0.11855837720095208,0.02003055241890783,0
0.1849705523655366,0.14402338746934842,0
0.13746271916543026,0.12794749895378915,0
0.4011967063636009,0.19954065754247882,1
0.03585311366585583,0.00393514583773448,0
0.04083207727537199,0.03144027617937503,0
0.05387093106429789,0.013525560758184108,0
0.2517550647953041,0.3758662998804925,0
0.15398197794585053,0.13905784245891914,0
0.012317152086491102,0.005835007437442246,0
0.2972602922078824,0.2980697180204223,0
0.048441149161741005,0.018001625978647882,0
0.037566770069570064,0.0017375419331779737,0
0.03519672962606249,0.005818380705570686,0
0.043077570933441486,0.05719630071853424,0
0.1793242166179184,0.11608309815745436,0
0.11760868433402692,0.10805712557301843,0
0.08075208547032192,0.07654561674818232,0
0.8844415450771801,0.9564371679982502,1
0.1907792868403405,0.2331581540024892,0
0.015039780245393864,0.007935255935673768,0
0.2716827622982258,0.3305622626236175,0
0.12687834624194755,0.10254407847161108,0
0.03511936663666295,0.024194455038665894,0
0.9466048280004615,0.9970272129592864,1
0.8658673893202444,0.9034133163860311,1
0.017002525950201783,0.0039357513994470105,0
0.11821057880704718,0.11979884547079932,1
0.2269758065454474,0.26859728595650223,0
0.06265152807996545,0.0791923427410865,0
0.024089373022969745,0.004991309329874876,0
0.017929144578726398,0.00654303661061119,0
0.12719069659574023,0.07330554527761436,0
0.19379542635556551,0.2029526881145905,0
0.03310488982120272,0.00129812349670198,0
0.024650833622005798,0.006969978253923363,0
0.17270285637382565,0.183752145529199,0
0.02582280723719002,0.013339872565576073,0
0.16327802291109028,0.15937037793182554,1
0.12429091012710777,0.14161666057142483,0
0.060634908680251606,0.026724334755186246,0
0.4791849713503918,0.4377801954483218,0
0.9326763275033118,0.9683570115811678,1
0.2068721772834029,0.23420179228363244,0
0.019831846073347776,0.005923576548745165,0
0.018618690112848772,0.00607241791592593,0
0.0738895664635845,0.04586128695594001,0
0.7732217484094692,0.8659697873329504,1
0.22541748661108776,0.2466535018450593,0
0.0718894655856192,0.07464444834780434,0
0.7538638599060633,0.9180611748710501,1
0.11330966561825558,0.10517157768944463,0
0.03654615640711895,0.022606280370924155,0
0.25313569867002084,0.2793541463990875,0
0.09395577074864107,0.09623969442697355,0
0.04768821333534859,0.02868243960614491,0
0.17906338039649813,0.1776165146596141,1
0.19487355085718305,0.1923265172229431,0
0.03472360031168249,0.023549076329920707,0
0.019956252812645275,0.014345282847589097,0
0.02093224565659369,0.010828600276613816,0
0.3612703935422181,0.3544426436539498,1
0.030499163981598108,0.0228290974352705,0
0.9702950976493125,0.9940190804698378,1
0.12526297218728458,0.14991944890747394,0
0.01848618049853401,0.004810552586169229,0
0.9132674194408233,0.9923882381722678,1
0.0857644658527368,0.05909084220598348,0
0.5939714038437798,0.7396750973535184,1
0.15373595077362337,0.1780040905084589,0
0.11796088877962209,0.14544861805291817,0
0.13901635628782455,0.13107727718983966,0
0.11122388030324276,0.21505843089436713,1
0.9424202942306746,0.9459648576461961,1
0.19102130399763165,0.21968184266726376,0
0.9466081808129273,0.9978028644297537,1
0.19444282944929034,0.12158012027021747,0
0.10425851540165226,0.03130252924348767,0
0.9466048280004615,0.9981658679884999,1
0.17734020320817576,0.23924201418250116,1
0.18674246573683795,0.21057219821058742,1
0.026145091013844476,0.010121241735829456,0
0.14327650154625374,0.26319304184694625,0
0.044485128702637544,0.01817404130935205,0
0.1896731760066309,0.3163991463517695,0
0.11578959327606018,0.11370740192192272,0
0.030272518835873032,0.01918063341329548,0
0.022222177422612052,0.007674293212325924,0
0.112679606571397,0.11341150899509418,0
0.1060901240700736,0.18513252627940396,1
0.33539898367408916,0.3612879102163205,0
0.06355345068593152,0.07610233943117886,0
0.12521583024662625,0.14456103514986762,0
0.021382125532485252,0.012596739111227592,0
0.19917218152434563,0.20208945967588052,0
0.12393379767039032,0.09349043175730205,1
0.0235678928910056,0.008289383796774965,0
0.6474341115170812,0.6969111858433431,0
0.21704876854003724,0.15713767039635387,0
0.30997802423016735,0.22829437394115176,1
0.10559731069737369,0.14214239236482387,0
0.08859231581754604,0.11225340171650204,0
0.07463381151688404,0.09997332458171533,0
0.09646615441846747,0.11155612681147711,0
0.11971410891590244,0.09967109770620465,0
0.021154711672266756,0.01234384913271015,0
0.8943516496737733,0.935564517235454,1
0.8328786816084509,0.9921654260166551,1
0.025524057180557985,0.002164526642055951,0
0.8888988296822662,0.9638359202276086,1
0.9472867198306815,0.9602823853633383,1
0.02748287429854233,0.00044916343398697904,0
0.9476321385297689,0.9974433195976692,1
0.10683879855681853,0.11226322263155716,1
0.17271315715328184,0.15326464723392985,0
0.02614851552389063,0.0007145256624953179,0
0.017136263081687964,0.004851313103549175,0
0.28285720361289807,0.36426381014256637,0
0.03247810433935504,0.012139033703569087,0
0.26342009037773007,0.27440501895279074,0
0.17848024875005764,0.1715172638019354,0
0.325633740790072,0.2650235933886306,0
0.14561485563759302,0.11956938866994922,0
0.1164070291252041,0.08443800255435155,0
0.27386114783243115,0.35255038009224704,0
0.1594305618273678,0.11335572429893492,0
0.042684430085797906,0.04255008305633853,0
0.9614222874457602,0.9936455196548521,1
0.1225034085151016,0.06218055914553393,0
0.17504216038649548,0.18309316689244393,0
0.2609321279325462,0.33753605300363176,1
0.05046262153774716,0.05486751187530389,0
0.9701731889629729,0.9802898979552532,1
0.06095006098114221,0.06394297306423234,0
0.08985427752591175,0.04995758746004897,0
0.009440013490064703,0.0015735514792522066,0
0.03706473028372102,0.011516389753860259,0
0.22595413720221885,0.19023515481247077,0
0.11881594063475456,0.07250175904955632,0
0.23440956030638155,0.18725801949959722,0
0.26705150094653674,0.24569474980791448,0
0.2337561261954065,0.18723077639483512,0
0.014963988493849284,0.008568636289677287,0
0.018046693235672265,0.0050530708902225665,0
0.08445394854025334,0.047021934636155685,0
0.8977521593325153,0.9715362074490537,1
0.16820541092864977,0.1261767435139101,1
0.039060479641230814,0.032704264658760834,0
0.16831237276838598,0.24247928331525306,0
0.9455859627146352,0.9901501872365324,1
0.18174693601819727,0.12416935797993073,0
0.23763536546535743,0.33937241589570605,0
0.35902289086419104,0.48401047862969704,1
0.14120027370790234,0.23017674118336923,0
0.06328765252523888,0.05810120353092745,0
0.06784842449926208,0.04354384063885468,0
0.34067394033238513,0.3338571936785485,1
0.19012309978542355,0.253707971621419,0
0.10569230268127652,0.11240058013626897,0
0.07979407761165477,0.010301835926365572,0
0.1815608050276504,0.16400160404998051,1
0.16952530702963142,0.21552063759758677,0
0.10076462820403224,0.13673785281119394,0
0.005194415799742687,0.0010250222561595415,0
0.347032182006964,0.27182194736407184,0
0.07620945397011669,0.06272808887210735,0
0.2870980794152733,0.24234483831586212,0
0.21705274861284737,0.21451237872027207,0
0.057493885614783455,0.038281301551718404,0
0.9257522443864002,0.9292823017034322,1
0.015073149849990242,0.008780453630608155,0
0.10195873895002158,0.07333925210924147,0
0.7228803516499346,0.7865258513721859,1
0.02698535038430321,0.014585013952348694,0
0.1346765879887746,0.10632121917815698,0
0.5970173028780323,0.6829301616516168,1
0.19003706956637395,0.2293236111858952,0
0.07896610117318759,0.042414749193365756,0
0.25412308532077793,0.29570001460763307,0
0.193258750089328,0.31455398432162734,0
0.6524925006773974,0.740231835127251,1
0.2021794001542356,0.14031307729867437,0
0.01228450030298168,0.0015682598918732333,0
0.1448601413082368,0.12686029096008025,1
0.05230327338408494,0.03429230463051915,0
0.9743218617334396,0.9906938947772989,1
0.21875544688675377,0.10125557212097801,0
0.10194170899240379,0.12806992284025,0
0.8645917481689495,0.9090522064166271,1
0.03375137900523243,0.02833012201347496,0
0.10850838413341043,0.059935924646607,0
0.03935944620132453,0.009089345143437552,0
0.02362812542502362,0.007774644202983015,0
0.9482485916988688,0.9727219966766839,1
0.08767007597677261,0.05048559426542942,0
0.9701976892187892,0.9965147911853456,1
0.16991095414347399,0.15058279034456035,0
0.09539661637964537,0.0371067217585065,0
0.07112340355836572,0.056679545765864744,0
0.5555941024728508,0.6107426378975384,1
0.018958426457732498,0.001373682116145679,0
0.04715478145790605,0.036094069219745784,0
0.21611540216767078,0.3705911268780805,0
0.02585385613558706,0.01681336532503321,0
0.1007450045335911,0.034843248870494774,0
0.22607416962463248,0.1427516504439767,0
0.26797466947615084,0.25283480678512676,0
0.01638926259002369,0.013046253094400067,0
0.13623904812235205,0.17928946434151283,1
0.019794987370507583,0.0031605306563081753,0
0.08523231841921255,0.10794857678902446,0
0.10616300050084536,0.03767154615523662,0
0.03418550050196567,0.045257638761342533,0
0.8986190107902472,0.9849356753071604,1
0.23273993653308578,0.13794818480176496,0
0.14310358463931483,0.1039616989093758,1
0.03090910854761581,0.01695413495231236,0
0.25328483992757145,0.3089657729474015,1
0.05051506294450727,0.05192662005647786,0
0.03188935163035891,0.004523448561344659,0
0.19619480319730184,0.23546239840329716,0
0.04732939533522656,0.046609390850101406,0
0.10123279988181473,0.1120577219463195,0
0.6249730770474629,0.5643164289647429,0
0.12351203517122103,0.1144445283111649,0
0.14709132523524274,0.14162241864357206,1
0.15163643262963755,0.12168579770214294,0
0.09567439045932036,0.07887975583366585,0
0.18605221792727503,0.2104590266752569,1
0.9753811208651434,0.9976962585570859,1
0.07529205785760998,0.1126746778904553,0
0.041809646170146576,0.031034881135396212,0
0.054099656942653014,0.021294512377065672,0
0.05689579313917586,0.05833914320079983,0
0.14712843627292446,0.10958245905279929,0
0.051605373698396434,0.029581656784404244,0
0.10679904994034452,0.09454538059471303,0
0.018260982175441403,0.011601125839081036,0
0.028421719867093357,0.013037689292228335,0
0.9765352345404071,0.9937091207078026,1
0.05132589540327741,0.05092237098660569,0
0.19490394603601877,0.18270467504128493,0
0.18413754255569334,0.20365432656562596,0
0.04275741521256758,0.04334197655021474,0
0.06517986883617378,0.045081412418190664,0
0.16338174770598,0.15625557994842715,0
0.027979735719446484,0.04620832649429665,0
0.24407512256308397,0.39956077842646837,1
0.06383950985408085,0.05406358379711895,0
0.0325849358712012,0.028862519941978526,0
0.9670093542733116,0.9976377757019054,1
0.2247130215640002,0.1665931708273579,0
0.14850365184945538,0.08687884535944451,0
0.14119995013933861,0.15744892853809164,0
0.0075911326550352235,0.001608375052096901,0
0.045461721616137485,0.039654408239021804,0
0.030543419569142263,0.018728778002823226,0
0.11689046073971252,0.10965608815192769,0
0.2028767169652401,0.2414327776257703,0
0.10338219723613776,0.08082724543103438,0
0.09389855286489267,0.040131165706051325,1
0.7477834169734799,0.8339403533762745,1
0.9712271264604655,0.9855668551192466,1
0.1853980384904159,0.12408721642893374,0
0.026353058697539542,0.0004522966602134755,0
0.048256553555170494,0.050036555007103196,0
0.013581058193921663,0.004696307426299216,0
0.02725929091507175,0.006114447435356429,0
0.03482181141494632,0.006825982399239567,0
0.0523831598118019,0.07442316824718954,0
0.6161082609302996,0.6985598104323804,1
0.1777955991618847,0.34596368486334894,0
0.11332924855684104,0.1436477768384476,0
0.08504062526298754,0.09847976207081509,0
0.15408339411937907,0.21817620305434549,1
0.04129076508354975,0.003138570894668895,0
0.2004931610534473,0.13464499115906775,0
0.029396577990884482,0.022429302173837692,0
0.13834064880940541,0.16661213738360064,0
0.949470081540036,0.9754907374896474,1
0.34624583024585387,0.3664373488248399,0
0.0986466539818866,0.054006567881257045,0
0.05353641878849989,0.0793669111299677,0
0.10030940846500172,0.03984023028928396,0
0.1611571062959146,0.21667275879921438,0
0.16635395476825185,0.059697113900787455,0
0.9764704215214162,0.9943294485040892,1
0.68776549619861,0.834236562980924,1
0.9547342666759033,0.9927022191695507,1
0.018622133742935094,0.006246249227314284,0
0.10221728582829542,0.10160064036040792,0
0.23063771151354964,0.2508357128294562,1
0.969952994866108,0.9882691475851496,1
0.028043440294605326,0.0010262027943199303,0
0.21571858871273444,0.20911722486636164,0
0.10120405176750989,0.075104897946956,1
0.10248516657044103,0.06900385080129434,0
0.13733890946908042,0.10083642470896238,0
0.018008355805372377,0.006775880614546077,0
0.050182729012461874,0.020923861020429937,0
0.2117816185171709,0.2629369505320551,0
0.23585002504666433,0.3428313278991836,1
0.013248235021779861,0.004461850438443765,0
0.03806998296757643,0.027876247503460034,0
0.03680371020527401,0.004576267163778567,0
0.09776814054994135,0.0626115168974438,0
0.06064994131881767,0.05276816353673579,0
0.12389563373681123,0.09678139097541459,0
0.27438871270584864,0.19787716975573713,0
0.257347001144171,0.16583008610234062,1
0.11046321596182486,0.04761403483059389,0
0.24945689679121932,0.3101852739070596,1
0.10793131958311611,0.17549253727447683,0
0.15613326811087205,0.0326012653634709,0
0.02685021256283797,0.0009355880831358349,0
0.10825114157626047,0.06049266587977797,0
0.10974951879977833,0.05135254989882335,0
0.19147319520509945,0.1401653043790497,1
0.3549250351262498,0.2262318256575385,0
0.18842458748303823,0.18391692683484567,0
0.20342118382688273,0.21189341625704047,0
0.5362169930265293,0.4559094776987406,0
0.04266849185646556,0.02087768374307811,0
0.04924815210471614,0.03217175983118685,0
0.09290732679054693,0.03809287449227075,0
0.08245778417688562,0.031106546720425437,0
0.020381723464608915,0.005509816289987564,0
0.03277716149884862,0.042338747449107,0
0.01763371281440752,0.004119280725579583,0
0.13294376767406008,0.08712741191088894,0
0.11340910747645119,0.12242992826897675,0
0.16406607970171636,0.2022049710980964,0
0.05313276916569941,0.035696446916152154,0
0.1228705741026109,0.18296826138937894,0
0.22806901098439625,0.22150517573658002,0
0.09653856432862705,0.07780593056983838,0
0.7921485916104013,0.8463184486371061,1
0.20163399776467703,0.16135271740191745,0
0.24188592612231527,0.246285645620516,0
0.024164946661130334,0.007088570659420832,0
0.031033127306905946,0.003182179052268567,0
0.11458903526183692,0.2089823424941598,0
0.19416892785899914,0.2617766824811404,0
0.3967434101031956,0.40982167225403965,0
0.031035673113047408,0.007853117617787144,0
0.034751999759849626,0.01947650811991415,0
0.0115152635805852,0.0027517123577893788,0
0.03782962012719996,0.02413032360098417,0
0.2339370754440927,0.18353275691699597,1
0.04604392139881777,0.019139203881697188,0
0.07395481654403802,0.05547968664912584,0
0.1477369354768676,0.16358354591580102,0
0.12675365772102837,0.09446732548661402,0
0.026916828640958543,0.024107582598861223,0
0.15255969286440707,0.1739825996686981,0
0.15589631790992464,0.15897784756395678,0
0.12410779497365029,0.11443041359968562,0
0.0077627017227815676,0.00023715174997787264,0
0.06096874039370863,0.08534925726530768,0
0.18008985347805942,0.26374414200093915,0
0.1391445446624601,0.17849168150125838,0
0.025785789573759838,0.008931102209662513,0
0.09890744355914957,0.24594228095510484,0
0.016597207214283274,0.002145188876766123,0
0.12426127809195145,0.11047089758473509,0
0.9402748025413719,0.9834133099075174,1
0.16363494597960754,0.2028103372497354,0
0.06844748054829569,0.07182415528114275,0
0.03372839665474986,0.029678226223771007,0
0.15077079086531844,0.13276624623776534,0
0.1704937331215022,0.18055286735703746,0
0.12612291349879887,0.13857463385532284,0
0.15390175492840405,0.10151822528726999,1
0.1825460843778236,0.16132341764670857,0
0.22838987694589463,0.1791795159404416,0
0.23768206702610803,0.23718523184992504,1
0.5890270344391451,0.5444262013923764,1
0.20777115743837812,0.12620137968129214,0
0.14991114363510805,0.15980252749919982,0
0.10042441489275222,0.06762046475396587,0
0.2001751996232963,0.23230542240971944,0
0.07521982390778557,0.09394850520452433,1
0.04885333752146699,0.007159721903520445,0
0.015687651888412875,0.0019972800060884055,0
0.235150106389226,0.18827377804559028,1
0.07219260675376545,0.0405443272930075,0
0.9527696290744715,0.971809792889838,1
0.1939684473003329,0.24080204962347632,1
0.248948198818739,0.2904238860088449,0
0.09137789694025045,0.05795944270772115,0
0.11374134647591568,0.0991680124567751,0
0.05129313295384836,0.06405229731084155,0
0.10485447934673485,0.07178829468874894,0
0.14664807648073844,0.08358730181231844,1
0.15344754899459778,0.14452208076061177,1
0.016490998411862065,0.003056526248708186,0
0.11376575775150731,0.11177752500630078,0
0.1405096506841856,0.1713993385300721,0
0.08974476962369343,0.10702770343965874,0
0.17698140293944944,0.14515790302923598,0
0.03188935163035891,0.0026817044090569164,0
0.060634836037551806,0.07334334180827205,0
0.11497622021316717,0.08167711686458844,0
0.1437252921492731,0.1408901972821426,0
0.1921885578659026,0.22032207245689078,0
0.040598697235428846,0.007065246238319508,0
0.12991337246583332,0.15676359024077705,0
0.023069309805086632,0.00709022998077275,0
0.1828706857518386,0.18870981368402606,0
0.058387918849047364,0.037117271678281535,0
0.9633571502429069,0.9770614927290263,1
0.10005571102713692,0.09538316154141828,0
0.023672160025683404,0.008134998979138042,0
0.1424167376190662,0.13703706004197141,1
0.06592022309961057,0.01970113620246683,0
0.05330700159606343,0.04972106706677352,0
0.0660255721901831,0.05657292043307262,0
0.02378272472636176,0.011653303999648364,0
0.034182241341703126,0.022521876850387954,0
0.9423256491924956,0.9901367144334846,1
0.06206596957353378,0.1253037814144864,0
0.1100717741890488,0.14844327331234647,1
0.1815059580686374,0.14915767862528495,0
0.07815620555579927,0.040140695658000485,0
0.1763584622752383,0.18688287964797867,0
0.05917033792804677,0.055481265565125726,0
0.10220374457155135,0.12336655488221987,0
0.8009766097419461,0.7948430738236072,0
0.12298956434288905,0.2829718711054583,1
0.2247130215640002,0.20098444578410132,0
0.3827724519212281,0.2931572855190311,0
0.15842231147149963,0.16531103680650766,0
0.08969041459422215,0.0778377904781664,0
0.1445754139492591,0.1342059589873811,0
0.22143669874128785,0.2481887235043895,0
0.07587406190776086,0.08327958121879647,0
0.09572114808986827,0.07862765128317431,1
0.01522764162178218,0.0036759777381224503,0
0.01272516957913359,0.000914638761851674,0
0.09061551206108383,0.10062264738151463,0
0.05228527692820527,0.043493817930397013,0
0.23787995065402873,0.281862298873605,1
0.03790166452930333,0.024339477904729796,0
0.03716366459973195,0.050180109083484935,0
0.02748287429854233,0.00034120714981229246,0
0.19223298956541202,0.14601870190993593,0
0.022701907798823077,0.0001841518851762219,0
0.0442976546837501,0.10276183007715735,0
0.16195384720822156,0.20112594753225954,0
0.04112060756521457,0.015410801235191798,0
0.03540851961325347,0.024075438508354023,0
0.4666058721307788,0.1836886635077665,0
0.09674466361359452,0.08131627136331515,0
0.1531848649147839,0.1163905337243388,1
0.04352330350886221,0.04667816759579722,0
0.07194923724590117,0.06779631301896318,0
0.16828131828350992,0.14592245488455247,0
0.25706508865482197,0.2541012404263013,0
0.19438077336493387,0.12973881483202263,0
0.03766807287648063,0.03794213512945168,0
0.25433925388013556,0.25099944619765907,1
0.028684091213287303,0.015785749684139636,0
0.0894507174486045,0.06712442192105052,1
0.22551172697340646,0.23987737988312782,1
0.022074881053166028,0.02201330292590887,0
0.6596536211062274,0.7233909852194297,0
0.023888371884752842,0.010342819113394025,0
0.037259321286666085,0.00759997028974453,0
0.8761974618325755,0.9680720180708584,1
0.029121403524545838,0.013478998661227915,0
0.2627400923309293,0.12041064532118671,0
0.16735558116248944,0.08691443112939233,0
0.06339232596871594,0.045023393833532106,0
0.1287853657172847,0.13607092714432675,0
0.03380423780445008,0.028443398201044516,0
0.045349413399769944,0.019828301537526054,0
0.08226309777184979,0.06827328158182631,0
0.06763689840846539,0.11082012279768577,0
0.1316597694290029,0.09727927458038944,0
0.10046694997549407,0.02377644863883522,0
0.9699113337694023,0.9979620324336752,1
0.3389944119795383,0.49087433230438,0
0.12416489288638143,0.0987948490747978,1
0.8699916792212733,0.9652093374668087,1
0.23213885911931215,0.22646136632899566,1
0.07970366972358513,0.09656814914278841,0
0.1316642139244342,0.11087540094260144,0
0.012739648211273366,0.002775732443302674,0
0.030863357451326366,0.01038837122329571,0
0.1574732925105022,0.13266900638764176,0
0.1143436846571818,0.06879820348546532,0
0.08949974042141891,0.06503840002873225,0
0.07626613890619205,0.014637944673634598,0
0.96150718985816,0.9960940504572491,1
0.019653325379208407,0.006249942386092528,0
0.9807367488197267,0.9958749181224902,1
0.016032232720450377,0.0034739726358577277,0
0.07720767980448764,0.026373504538106995,0
0.05218547830080451,0.015413874998599534,0
0.07110692725723694,0.07057238139651412,0
0.06009425295264768,0.05372282000963671,0
0.09834984864519283,0.12578389759693612,0
0.09542787511710954,0.1178308721401673,0
0.0772137808020491,0.022700915072581082,0
0.25771514816629676,0.2650722726671556,0
0.06022724110303844,0.0510844468785032,0
0.23187305657123058,0.24377651357173663,1
0.048747373978360715,0.03199737214448887,0
0.02395021173690584,0.011297157100963033,0
0.17169480269494333,0.18225037405693598,0
0.20736282566433667,0.40654014686628565,0
0.049411891942374185,0.03388476143892301,0
0.13066704460869544,0.15682087985284693,1
0.17819665691072215,0.16608270993094204,0
0.9652987812151201,0.9958179916794975,1
0.1691668814233352,0.13809359086154263,0
0.16982150529361903,0.1435616247088514,0
0.06880863620701394,0.061509281150249166,0
0.042353902760013176,0.02771425459351992,0
0.03483453157955459,0.010033864138514363,0
0.06119917756869109,0.07038057239418273,0
0.9280016601252984,0.9902640747204695,1
0.23940176471373523,0.22444995557442207,0
0.1686580727151591,0.14825202818394206,1
0.012137443324019797,0.0024239882029769093,0
0.10185174527743328,0.22010239353567215,0
0.0318598136427924,0.014667196228807099,0
0.05319863611185254,0.08736240936608018,1
0.013366319180069931,0.00422770171559026,0
0.010680189802009899,0.003005413375668614,0
0.030809173195187795,0.018187529888372706,0
0.16864486379525193,0.1400279146012262,0
0.9356962720919403,0.9827401303661965,1
0.06712972809333245,0.08704853611053327,0
0.025698602571838695,0.00018286146427167534,0
0.3411145862972011,0.4343632451201301,1
0.20284762235613182,0.2537746731438275,1
0.055225994559978266,0.041055024318507036,0
0.11312857343282137,0.1252056266732696,1
0.19681549881074664,0.1791198565923936,0
0.9791562754434245,0.998511117728923,1
0.03649382224148958,0.014506738618812248,0
0.15703896181452412,0.10610060782260188,0
0.03753436983924172,0.045865000673671254,0
0.047432561240525174,0.019654689258449685,0
0.1290072649952479,0.10864806535482245,0
0.12736945742722133,0.11215329027312917,0
0.9207163746828083,0.9954051414620695,1
0.24317600486778634,0.30949626036237193,0
0.054256592699455194,0.05540284632639242,0
0.1304239767395683,0.12475976256079241,0
0.9434437476065748,0.9976793859956942,1
0.8094487463207555,0.7853666982219384,1
0.9245114342525346,0.9717403803388138,1
0.814336764270665,0.8636492813374409,1
0.07069803250651527,0.061064173528897064,0
0.052701749783754116,0.054928706661888774,0
0.17771675537608603,0.15077149524118427,0
0.05252791572711329,0.08618357187976275,0
0.02826869513122248,0.036092847104538556,0
0.06075975019711706,0.049308745646894706,0
0.17976810299956705,0.1624044583108219,0
0.01307487475781479,0.0007853592024936241,0
0.23285463351538993,0.32415371727088405,0
0.09357642785689417,0.07058769614206402,0
0.837224319131404,0.8868797369466531,1
0.16758252229076398,0.13383631472117338,0
0.12538522269753608,0.12619434566741886,0
0.16495210103548094,0.03069099601056734,0
0.34273533830442593,0.34088407302017515,0
0.2288876786513194,0.3011049813179931,1
0.04148966921842753,0.04067143824402191,0
0.019046606632919745,0.006426494451039336,0
0.13323152267638683,0.14331576047369088,0
0.3363115163158303,0.2746702613463445,0
0.02675265296050769,0.012602437080930002,0
0.1293975191557113,0.12575914444586878,0
0.20266969889162031,0.2060111246720923,0
0.9833096188011486,0.9960419624508875,1
0.031042290160797598,0.0032770262227162592,0
0.22621285574972044,0.23276371246121885,1
0.039656071106940735,0.0779348034253501,0
0.03215571405914434,0.01555171076269461,0
0.2159011262761614,0.09161723845624868,0
0.0896715342969546,0.07877044293884912,0
0.1285045605718531,0.11705508604408228,0
0.1718876898497617,0.14737695661176126,1
0.16383271944988342,0.12980213089407608,0
0.7542884445807632,0.8381162401220992,1
0.3478738858395247,0.3116055112139484,0
0.17838510921835804,0.15119305763864904,0
0.09893717357215327,0.08519549097349158,0
0.16965923778595662,0.2455893616115031,0
0.23370214104510212,0.29803387398229436,0
0.06406709400129457,0.012949794637121105,0
0.026353058697539542,0.0002667344635971848,0
0.2780487784449636,0.11341359818143583,0
0.06579531271853219,0.07641528652114551,0
0.12427385958506905,0.12220164007342876,0
0.032142407234985966,0.03872733938844511,0
0.8406112730422935,0.9381960602926551,1
0.12539209501966028,0.06904119039772351,0
0.022456787518850392,0.008612945361050166,0
0.25416842843873255,0.20621674795797576,0
0.18481672331724194,0.2694404593731761,0
0.025658395534660497,0.009797528573297652,0
0.063468696169851,0.07322008640288563,0
0.08884115999418389,0.06465913428190889,0
0.5236355520994651,0.40477798845618057,0
0.27054309921395786,0.24339983654165828,0
0.12457948039350988,0.15015143620694255,0
0.05673710762377496,0.04653771840538903,0
0.028162489342484075,0.010880667087655371,0
0.054817726012343714,0.035996340085957174,0
0.11994514307342835,0.22766139390099807,0
0.015942370593872917,0.0046040587484950865,0
0.21961544738368036,0.293793497073575,0
0.010477863128817173,0.0011439088957445626,0
0.37292205715992666,0.32495312123088316,0
0.1377125135219598,0.099811786279616,0
0.2508578140196413,0.22463553186645374,0
0.10297775598229056,0.11389773157081995,0
0.11007257333958641,0.1520037835693447,0
0.29123084111579284,0.3356599858587735,0
0.18760898919848948,0.19124146818588905,0
0.1083374484114589,0.07877070585378419,0
0.057890174512238525,0.04115442510284734,0
0.19750639919153407,0.2685803835538431,1
0.8745973185899096,0.9396422469822427,1
0.2312693287036374,0.3111290186851568,0
0.05713472807869213,0.06486491390690337,0
0.04254453925378102,0.047718375449522336,0
0.06907447458064837,0.0693292978127313,0
0.6222513479210451,0.6043659788942389,0
0.09834985180820624,0.034324939479249486,0
0.12408776586316313,0.11321143325070734,0
0.1605669601042781,0.18433314623488564,0
0.081759637129634,0.09365619588136338,0
0.03292373022692343,0.031121708091921982,0
0.051030985215038537,0.04641019860310753,0
0.23861090426360698,0.3423643193521747,1
0.07398628141920739,0.05980632814470751,0
0.14491499616038692,0.12656506105230983,0
0.028699983160168394,0.011412603622246493,0
0.025188820765339383,0.004670402462575412,0
0.00635769756174919,0.0010169126980691457,0
0.04682685963335354,0.04510951446590536,0
0.10278527017146273,0.03766591265006295,0
0.18618765213845523,0.21935568057767407,0
0.015367062986309712,0.0011959501839848496,0
0.15519419346980723,0.09523589983244546,0
0.036667150735169435,0.012420199349433036,0
0.09824429364069147,0.10541982688855285,0
0.12822162963652606,0.16224592198119456,0
0.03606691879315899,0.024388865580927722,0
0.020165859840187712,0.0031741485650837718,0
0.18732593320920926,0.2885935919979464,1
0.23319857561244844,0.2271737012018966,0
0.020206056306794177,0.0028355374234893525,0
0.7204995784186679,0.9179721662851729,1
0.1070223129531377,0.1030913558647034,0
0.1841725402949707,0.14955675484688877,0
0.13838869000401355,0.1144089062709068,0
0.1087673366263451,0.09848535884827153,0
0.1526041744257686,0.16227105413164322,0
0.0734626207304252,0.04090412278064612,0
0.053559603059110776,0.052810628289866275,0
0.9700977024988677,0.9941043814483695,1
0.012178947832688402,0.003829775578342746,0
0.19011229991831477,0.1518003338697016,0
0.09760730580072884,0.02049888474479083,0
0.08462694698781184,0.09133402547296915,1
0.9583130253008544,0.9720845883052851,1
0.9639969047783956,0.9941594756286251,1
0.11278961092582028,0.06481946554233571,0
0.32699440941178276,0.18625816683746022,0
0.13769932697531653,0.07802825595374448,0
0.04003876616943384,0.04588779881046229,0
0.1579224828954369,0.1905051372911162,0
0.12653146749701297,0.056321761135091755,0
0.06405746131437005,0.013055055407832397,0
0.6348735326354076,0.6818135272649509,1
0.033743588353359236,0.023249225251925822,0
0.1526509396846736,0.17882687833129038,0
0.9724686172382156,0.9950429586450381,1
0.06863283908103258,0.05519541173944415,0
0.019455777926596307,0.006127833149401195,0
0.023541865687958845,0.003073147995428774,0
0.9684008644991139,0.9940889270912473,1
0.031158501806223024,0.0032010616627989093,0
0.1292100064766617,0.09801020785641058,0
0.20867163103319528,0.2544631030749379,0
0.19332132793476806,0.09818425731843701,0
0.1297550310807137,0.13921311362093383,1
0.15510338711905053,0.09324111386875154,0
0.06108130156995197,0.0444311476973092,0
0.1360783910346718,0.12667046154536662,1
0.02003872859077118,0.00870284198922444,0
0.050340402652557945,0.060912592765099034,0
0.18744727135221104,0.17015761167633206,0
0.2360330599683881,0.17974287994819804,0
0.8356838865437923,0.9317424128911528,1
0.08216633485148107,0.08925264396944042,0
0.9424272280298184,0.9807623920390749,1
0.0991675899033202,0.16797741838574276,0
0.8447343811670319,0.8767829550256583,1
0.08616275206718776,0.06820396502531012,0
0.012565278687842919,0.001184612032646392,0
0.45208178680978567,0.30581067585578114,0
0.051001057892921614,0.03921412225711979,0
0.08164123984969551,0.03643213958988057,0
0.01925733499088033,0.013258812425251862,0
0.0329856973632581,0.024494602678066826,0
0.24407420818600417,0.24377273475436168,1
0.09264156584156072,0.04393251562359173,0
0.016001174212502824,0.0031063571737247058,0
0.0720509097260744,0.07731199175386981,1
0.05485096123649822,0.02570427821563807,0
0.051786780704549645,0.032852187957323406,0
0.18864963900397777,0.24443138994181657,0
0.13597141828106654,0.09667126819840384,0
0.11524892658443368,0.14863425159767696,0
0.29215179623651183,0.289852410409158,0
0.19260201568760554,0.24318849645065,0
0.07519186053138208,0.057056066297005464,0
0.19139281434210176,0.19470809628602737,0
0.2005252282620849,0.36051524713301364,0
0.03294306588776339,0.030223712365179553,0
0.028940057800059288,0.010009936068448792,0
0.6650028583049298,0.7664192666796709,1
0.08258515097215939,0.11338688130438199,0
0.02497118863349897,0.007039181227234889,0
0.12905646813212177,0.14544862872033246,0
0.0192573898114356,0.00284505798479337,0
0.07127659266204084,0.08244103607319841,0
0.18012260961082838,0.10140249912759151,0
0.057640586191620664,0.015549756573083743,0
0.11473820390485083,0.10736545840572222,0
0.03898205321486665,0.0010468286443459796,0
0.04464789313069768,0.012419229859958872,0
0.00988542062179098,0.0004527843346395322,0
0.2834282245680486,0.3615431483631208,1
0.1182904368963427,0.09586493493334605,0
0.048262269830654445,0.04362406151228874,0
0.14645920853214364,0.11357079867284672,0
0.026353058697539542,0.0007248647343172466,0
0.2787121864063087,0.30114231968588606,1
0.2788648830929749,0.30588435698341726,0
0.1007319452377621,0.10301902028779722,0
0.9215205548240467,0.9805506175271996,1
0.11560280911039081,0.06630594273389744,0
0.22575017262936325,0.16001210082480297,0
0.1469554585938391,0.0949102422779749,0
0.03757479249361676,0.011784898212812159,0
0.04950371445094395,0.05402942018969979,0
0.21768720659945212,0.3165105438223173,0
0.021698682790262446,0.00824589834312904,0
0.24873330769636723,0.2765959148694726,0
0.25141170320663164,0.4044810412097083,0
0.1488254408882166,0.14755860994407802,0
0.08901125085942331,0.07874772042921478,0
0.9751448467709153,0.9931735388555198,1
0.9802220193322588,0.9910359102154241,1
0.1522454270707279,0.17879183357894002,0
0.07535833240016823,0.060827377791444814,1
0.005822620788019704,0.0013747073292351478,0
0.12716576195407278,0.1204057445870823,0
0.23914039785975533,0.237392566209707,0
0.22390647658815307,0.22671174021625093,0
0.01869464067469739,0.016399382456816193,0
0.11295859382990582,0.08918412249743363,0
0.10601008991861918,0.10143687051433366,0
0.04604922518863013,0.004607682521765766,0
0.02924861845760056,0.01818879307313919,0
0.2603417956862725,0.435275240101952,0
0.20930307192151928,0.2492117027983614,0
0.8355649790491082,0.9173085593617428,1
0.27348585842787926,0.20130690503101417,1
0.10261569434169367,0.10937350810818766,1
0.16816375391671914,0.1341403755506523,0
0.25377371969338397,0.32814840352853003,0
0.056965672404969206,0.04241913133071638,1
0.23562325170683954,0.30538665739921844,0
0.22239892943443043,0.2765588204731702,0
0.8079498045155731,0.9205205227684172,1
0.8305281813853856,0.8673530110044007,1
0.2465484352096027,0.19028228057672003,1
0.10751400647320512,0.1003449188268889,0
0.04198281027214078,0.006575493927749887,0
0.034785402419777955,0.014865965904519418,0
0.03477595221760004,0.03503379968836636,0
0.19812163535521815,0.20078293083941828,0
0.244428221991608,0.22572969595498504,1
0.8062149637069151,0.8742222148020734,1
0.054514451423891414,0.011242983843048568,0
0.13543012463302986,0.20115054588293277,1
0.22533946257515786,0.3725706244826215,0
0.052944940205421634,0.053079900282798125,0
0.8579139642355771,0.8730764052508168,1
0.11038967987767549,0.11431773166321572,0
0.03461136196789542,0.026717598163435385,0
0.17845424652023895,0.12801475941672696,0
0.0972893782207633,0.09458528843689362,0
0.18610018805416254,0.15553125151160568,0
0.19567009486056428,0.5852875127297787,1
0.1277153220846715,0.10470671264833674,0
0.9471925847419526,0.9988254820741999,1
0.11693561456023714,0.06689177412564691,0
0.03138630958806674,0.017225438944878182,0
0.07368643005068694,0.05273544414929499,0
0.08492817071921147,0.11473489717949786,0
0.018855439081885386,0.0013358679306358992,0
0.029795872170595955,0.002120270999359034,0
0.06818241772041583,0.0242419919129457,0
0.0973849245610342,0.08797399593222134,0
0.0490018479019611,0.003983574461276495,0
0.21631777681143222,0.1525881026233576,0
0.1613379457130571,0.18634947925805437,0
0.022668479896324954,0.012514644523329229,0
0.19470944070356777,0.16633261807319008,0
0.7429187150091446,0.8742904661788162,1
0.02097884542125709,0.002648998259967316,0
0.9652236588125761,0.9906232348178593,1
0.19042783662565238,0.1705204688098068,1
0.011419531739500572,0.005053401068925577,0
0.01741847997809041,0.002910397068266137,0
0.09264305237558101,0.014046159845715932,0
0.15711211951073903,0.09772549561425847,0
0.14146326122582145,0.11947091312549223,0
0.09846794507226478,0.08491929826310264,1
0.009895690140508643,0.003104601810776334,0
0.25264205389226096,0.1765602407095158,0
0.09234787113540088,0.07971165158790311,0
0.06681653056982763,0.02410817933263441,0
0.024771931052578286,0.02152417737324095,0
0.2205425712559127,0.2975179028597529,0
0.262017551681187,0.2639167109612962,0
0.16266081427657023,0.1832255502026128,0
0.1637670107575748,0.3422272413191351,0
0.036513423063107606,0.04266671505142134,0
0.03282571289701099,0.0349035321023534,0
0.12255407534762346,0.11987495053986637,0
0.017734683060754552,0.001573967128947191,0
0.9216697483062303,0.9886880278898419,1
0.1273826815203189,0.12878451336118607,1
0.9640134016811964,0.9928772092549472,1
0.17828656814713092,0.173483154405617,0
0.054705349847023306,0.041159965394835456,0
0.020100243363359083,0.004960814600554622,0
0.06154408007820705,0.031390325825619333,0
0.04156685903997807,0.07941451553018339,0
0.07615193034995377,0.06196395605487157,0
0.12902608053723338,0.11398607691760462,0
0.07027866521677784,0.05007556450386067,0
0.2945360167451402,0.3676285861858048,0
0.18383549468153687,0.21580609515484442,0
0.11144653131196877,0.2307546636767611,0
0.033159184302854985,0.006940428176177036,0
0.11591401728473098,0.21943221388838835,1
0.13294513289516857,0.1910656765597946,0
0.3049287386370462,0.270079617199251,0
0.0770694977129642,0.07697869033382837,0
0.027091732033727247,0.0006559084691879964,0
0.10943778078905221,0.13331058261821016,0
0.9648527234835539,0.9848852898255454,1
0.03318986986201122,0.035206749382746344,0
0.03624329641133577,0.009389803618495287,0
0.2442482707060301,0.2505155236718401,1
0.024244920611104587,0.005412708199255576,0
0.19294955963262542,0.1937389581377306,0
0.02082450923235389,0.004989828936776834,0
0.030899703637595533,0.00533831141967254,0
0.9163206370453143,0.9358004209179048,1
0.3347711578755228,0.2920596875491131,0
0.15087848321074143,0.18284351863050854,0
0.15349689410215467,0.17715278991514294,0
0.030321364099907128,0.04423920902649106,0
0.844027282662172,0.7703801012637606,1
0.15699918907749943,0.27318671633121916,1
0.027558069883276567,0.026060224502556628,0
0.05715665429395508,0.05310350038849169,0
0.9709607244438457,0.9850145081252991,1
0.07639161526621492,0.031815957816688514,0
0.2265583552947747,0.1631875945108571,0
0.9777519210089632,0.9939265629831582,1
0.12392471447779835,0.1654529875669749,0
0.11432542417148858,0.08284326384754469,0
0.08614414608653857,0.16285946762333253,0
0.2306567848409704,0.182316636887335,0
0.0778070759230358,0.14942397697344809,0
0.03827989855174518,0.007415579012388662,0
0.2040991431573268,0.2170953506008589,0
0.0096778244228157,0.0020412714207479,0
0.018685210680699033,0.021863089088366684,0
0.8109792938440143,0.91208628326775,1
0.14172414479593706,0.1770925203278602,1
0.13889506443052466,0.08143000663631725,0
0.01656408875496847,0.047856685822393004,0
0.02243973731896173,0.03353763655948567,0
0.15537804528670665,0.08499836703040327,0
0.1747490571628097,0.2028022728900105,0
0.021215793277010425,0.006219169533905664,0
0.0377658970615122,0.060815451987272354,0
0.31034218315472006,0.23640127987616963,0
0.08050600632421792,0.05971372937917657,0
0.059122452222787544,0.023397022028124388,0
0.04844431802330399,0.02686211138051146,0
0.1665314272042813,0.19221300979992514,0
0.0981014474448874,0.09028510067347438,0
0.08070986000338555,0.11736482027528283,0
0.011617190263607436,0.009046387651331776,0
0.09377640918758531,0.03942270092518593,0
0.13714557586394288,0.07825168176452475,0
0.05775046537096557,0.08713048368889023,0
0.08152982798401016,0.1055129028814903,0
0.037490425562143326,0.0024790332514414604,0
0.21844499193965616,0.1741987327458228,0
0.07374739250382255,0.10992827536865636,0
0.20906742958849642,0.16517604278178522,1
0.019293555898452986,0.005307553493054353,0
0.04650722076933105,0.01785087493955647,0
0.954638152502629,0.9823923353525075,1
0.026278870738586826,0.014861728800289768,0
0.05513784408453589,0.051253788634365235,0
0.17482013666830173,0.08157163726983675,0
0.1873142513235801,0.22599102138572602,0
0.11629176395950198,0.11794081603906369,0
0.14833069199653298,0.2003872394387906,0
0.05262601768432845,0.08384283630837083,0
0.03296931642736874,0.006785693662199564,0
0.14505775763503148,0.1759456070153793,0
0.17785279026724368,0.15572263505690778,0
0.9585089076118152,0.9875441627657062,1
0.05414086503245377,0.01921100650120918,0
0.19935476931850565,0.19127736348752336,0
0.08266479461546866,0.009811563386021212,0
0.9466048280004615,0.9970588849972256,1
0.09262383223409465,0.02086893679386055,0
0.07237546601573235,0.08177013497068752,0
0.1640469946313807,0.23393753056429287,0
0.0410079485453289,0.011670276768797627,0
0.06437802645733642,0.04327417774040329,0
0.17319669656270692,0.1934048412589627,0
0.12852666408568722,0.12235430012918547,0
0.058607938181969986,0.01665343917562456,0
0.016381069196668378,0.002563497714108697,0
0.015925953300692866,0.006304711256798912,0
0.07570602234050938,0.02747463622474081,0
0.15374272294846283,0.13335380173908068,0
0.07340184056014752,0.09433949060190318,0
0.06010015891608256,0.062187959013440416,0
0.019196425429764474,0.0024257532915047657,0
0.7513959928592622,0.9720324293551548,1
0.03578040823898404,0.005987793961558637,0
0.15396333351203892,0.17544332979904848,0
0.10615099812459872,0.11380741739298277,1
0.8318727354454541,0.9519344130943247,1
0.01389178928769984,0.0029743070444237297,0
0.8267838656404765,0.9816034169174562,1
0.031266924828730266,0.011849804815139564,0
0.9540613421941151,0.9547668617173559,1
0.11914893124383402,0.11147266027220114,0
0.307312846766691,0.2775250695656105,0
0.273383602963505,0.28662528398451365,1
0.1661882362592151,0.21187114303895346,0
0.02073579959588426,0.003953287555864201,0
0.23104628017830878,0.15862031725775114,0
0.01064331395385603,0.0008671539656204937,0
0.26168488955157493,0.26106838902234847,0
0.19169115658238722,0.2502692790605149,1
0.024443622423379493,0.004021791601702633,0
0.024007203093228072,0.006249151804296398,0
0.15090491463594485,0.2690100235494639,1
0.18663975463415483,0.5083679730459981,0
0.20742555784891445,0.1953710306902202,1
0.9332873057101291,0.9875980792509336,1
0.0563848764573053,0.043067191348020215,0
0.07467572424223454,0.020974804280994085,0
0.017308577912754024,0.0026200549756285455,0
0.12024516546125864,0.0866724108984315,0
0.1680689616517896,0.17319583412891068,1
0.03091360610745429,0.0025772087445540587,0
0.06146643893721768,0.0436625102601219,0
0.07031675698125106,0.058016157194876274,0
0.0186355800268747,0.0054259896012102396,0
0.10060281161844202,0.11457153593784734,0
0.06593329516207497,0.04814762501786622,0
0.1579476676868394,0.09825839100794621,0
0.22252634777705446,0.2620209923883708,0
0.9551053098505945,0.9888902197870497,1
0.426105817336559,0.5487718858983068,0
0.06285222120969593,0.08827463164771046,0
0.12445926629296727,0.10985131434544725,0
0.11557325661708656,0.09701059370671376,0
0.9126723937823947,0.9280959170324183,1
0.19826955779767624,0.20621795994863806,0
0.02685021256283797,0.0017460233647915732,0
0.17542648275775213,0.19170716035942334,0
0.06738990408153318,0.04201362311928552,0
0.027897400205694863,0.0069247007000808386,0
0.07467156453104808,0.11883670634718972,0
0.08868166734177893,0.052054789633301846,0
0.22168415048289444,0.19104130068282463,0
0.8715216719749258,0.8577253437367609,1
0.049169312144207715,0.029174907931631036,0
0.0945652066382384,0.026226329247978686,0
0.33653331763137095,0.36657926521534384,0
0.03532441779165669,0.020157916353407326,0
0.10496180623385977,0.1452142497515611,0
0.07790026498016125,0.07051771851878626,0
0.038184866017054654,0.002143003980245072,0
0.1526452854857728,0.1857379397476141,0
0.04519641344274629,0.06991150119554707,0
0.5678789782779308,0.6671695644175256,1
0.12271651883551113,0.1830367663965402,0
0.08134326410727473,0.13841298023265852,0
0.1187592301601985,0.10097246326271361,0
0.15234724159403013,0.1775513186207853,0
0.030439878275881935,0.004247472250131636,0
0.044240638720828965,0.02650968232209449,0
0.11716588417333072,0.06006458810727505,0
0.10905043281799962,0.014572060605461444,0
0.05410622287023212,0.04102233724144572,0
0.03358137307467892,0.021277088337784415,0
0.06781841957822646,0.020302930702964985,0
0.20634562380545618,0.19246862978521265,0
0.04205798659960524,0.010225276969363102,0
0.15088736714265447,0.15223689233372345,0
0.12570975456899536,0.1159288071087674,0
0.009555784591156328,0.002207482696494727,0
0.037778696419981085,0.01694129519972357,0
0.09920359021504821,0.027318181206661095,0
0.12091686125552208,0.16082875852094364,0
0.1700311168832352,0.2626169776898085,0
0.0834425315341268,0.10404236801784994,0
0.8911781699199871,0.9641660755284684,1
0.185752348512829,0.2616927477987847,1
0.906398226527958,0.9603804058487088,1
0.04986307387655468,0.03331130083825782,0
0.06620087173490392,0.010170390924541367,0
0.1563458095625524,0.14486967818704716,0
0.0561810892104522,0.0582881261671057,0
0.2529226233069656,0.28790938856117054,0
0.206322855260916,0.18341473080494547,1
0.24470619175567948,0.4954449890518252,0
0.052703315098197354,0.03234227809539822,0
0.022695255025696793,0.012502836580780939,0
0.05100743860154862,0.012944140425552534,0
0.01816095581791681,0.0077790604123404395,0
0.049881724707152686,0.03336649185154794,0
0.15334289126511508,0.1531933358549749,0
0.03970746939762859,0.04389786395934114,0
0.16510581389816295,0.16334434397192224,0
0.06849730240319205,0.07289275618818175,0
0.02746831907923073,0.010327342021443054,0
0.028949643951963637,0.005977637039796717,0
0.09685822968729818,0.08478490193778877,0
0.18018868616632766,0.18671757853114046,0
0.027094748536807302,0.007134086397174271,0
0.12101288719258238,0.04682256733232704,0
0.06190676531430991,0.07261264770682743,0
0.04748421878611411,0.04292006330568585,0
0.011464002889374379,0.004745471098405452,0
0.033251717986080696,0.00827628294636098,0
0.009688284921917131,0.004583721060849923,0
0.10641545635459022,0.06588627224353538,0
0.9649459925668588,0.9957741196845074,1
0.01365294333995053,0.0030378437761677856,0
0.027823742572958495,0.014068059776030395,0
0.02095481303380839,0.004307647263937804,0
0.7343096456818186,0.7334625603030204,1
0.16945821424830537,0.14970835783344164,0
0.9686596173245409,0.9881463366090747,1
0.3468457489880903,0.33126254257749566,0
0.03371788365793034,0.028928488863985056,0
0.1052532168597301,0.043330426108783064,0
0.17945944788666035,0.15597278409574694,0
0.07678407629604185,0.08037766251114965,0
0.21990003410651157,0.2229443882087966,0
0.2791132954623536,0.14924752872479344,0
0.19850138206090984,0.1631752550776325,1
0.17593735731736468,0.20440441464100056,0
0.012831293131709085,0.0010887103580994113,0
0.27132671106490974,0.3076402948113363,0
0.05798931129290477,0.014748115855516936,0
0.09099256917583742,0.11036746022506769,0
0.0955773210450736,0.0013581227650997414,0
0.1911088568743805,0.1816384405556215,0
0.020165648473482435,0.016247404372934617,0
0.06057477803094683,0.009569067427915237,0
0.012581380381069407,0.001146455734741287,0
0.1805267747113788,0.21532257420149248,0
0.12298645037180893,0.15256808899681867,0
0.16251790927068038,0.20437999119030967,0
0.13207975955845788,0.10320053080668198,0
0.03585138287707834,0.012833680544073689,0
0.8101485734363122,0.7001806435696267,1
0.8104776972555526,0.9029051085914986,1
0.04032092680789078,0.017695854170106346,0
0.8953645987424427,0.9313309574462849,1
0.0684205327692807,0.06361733346086011,0
0.15061426751367488,0.1576059465563533,0
0.07400357820175411,0.10580416191353562,1
0.03772754916963891,0.028748346371845174,0
0.9661356160148041,0.9839821072945977,1
0.20590328566801863,0.15999215526091418,1
0.034182241341703126,0.003898663042508683,0
0.008551367551717499,0.00021758206707209892,0
0.25643780906850056,0.23379131526898034,1
0.21032460387309093,0.3233652604180919,0
0.026848901813389413,0.006925126641057655,0
0.17296065731842744,0.12171322095965725,0
0.12342346096062998,0.12362629103466163,0
0.22155999695399542,0.3251472806483129,0
0.04101579639094453,0.014093431401707037,1
0.02945075273572561,0.0075210596132194605,0
0.2240758561911063,0.29267868622784954,0
0.004282410268118044,0.0007208780908271616,0
0.039668580333046065,0.024489519883516633,0
0.06323048113736325,0.06872923820782642,0
0.1959814108101233,0.1704383974150695,0
0.020940220513365207,0.013464229238377937,0
0.786609235004328,0.8202853267559768,0
0.02686813605801778,0.010839377742867293,0
0.05619521110983909,0.054312296351146164,0
0.3091852896452443,0.19318751090568825,0
0.0914270743173691,0.14187291774798375,0
0.15846323667355453,0.1277084805749555,0
0.0598192038245976,0.0764148740293331,0
0.05146638758461316,0.030816125136222054,0
0.027257068857132232,0.0009064040765454561,0
0.0167303008429079,0.006706146254804028,0
0.48687194236731657,0.4267680955162436,1
0.12693599523789298,0.1595069452566132,0
0.23720210546465756,0.16793444050903494,0
0.0584314803671753,0.06652897988279989,1
0.021445391383608393,0.007620403680954386,0
0.055855015524048306,0.05909891756369988,0
0.03753365392052409,0.021343811123164903,0
0.021940273680924254,0.004477109830859303,0
0.02170412675521188,0.006751530722328787,0
0.2519191304476898,0.265569434564289,1
0.09627035792543788,0.050682859922873406,0
0.15663906228661717,0.13714996262313522,0
0.02268781516366372,0.004501409888320818,0
0.07074458964348461,0.07460986933730987,0
0.06981535019375201,0.06494807035635763,1
0.020487559724439438,0.0032446486713057065,0
0.03539384362491327,0.03683578180304738,0
0.0784922772081812,0.081138798498785,0
0.06500978808371637,0.01207798732918862,0
0.21852547074338857,0.2166833580793845,0
0.024008321695111714,0.007938588436582506,0
0.1517264424831671,0.1901764087579407,1
0.272302500209895,0.3396723074486763,0
0.09691481997906203,0.12299775193364038,0
0.07115479137857193,0.05639088184518999,0
0.18450217056080329,0.24702088821770696,1
0.04961960928449951,0.04055723826522195,0
0.02293866696912702,0.013724864110215302,0
0.9577588174602182,0.9951574753001419,1
0.20701717761189864,0.15704265712294235,0
0.13909378277353945,0.10686039703691974,1
0.013843630990451841,0.0029248824592370934,0
0.13636655550926333,0.2220611366174297,0
0.9133873218862582,0.9589047931664407,1
0.024753632875607664,0.014649258008153677,0
0.11347454729315173,0.13676971966078502,0
0.08163337758379537,0.012947807376504143,0
0.8168923966094893,0.9319859956364742,1
0.06498767380894156,0.00606764393227433,0
0.10567344557614475,0.030320604775823688,0
0.29903092249500507,0.21397996463048136,0
0.9737690121183696,0.9893586018370489,1
0.15793160176437537,0.15403004923980712,1
0.17171116834372505,0.1818942082067551,0
0.007680517935490946,0.003030091647593905,0
0.06096890233109596,0.09820018032004825,0
0.29001701180211703,0.2924275235876541,0
0.23843688771273988,0.36648914204381045,0
0.9744161197198247,0.9914013860633247,1
0.056923272644637264,0.0494666285027249,1
0.03820103267936195,0.03227684978430194,0
0.9763201489529013,0.9957566306597144,1
0.7876061589081157,0.8637708100759018,1
0.2891401165994303,0.18706511428185862,0
0.03401331336153194,0.023908198190559952,0
0.15028379003687034,0.1634499610059268,0
0.1245812769703539,0.07722567775809389,0
0.16161532839030773,0.06844756658453344,0
0.18762992302358497,0.16717403758107058,0
0.8184355967123653,0.8566712044115954,1
0.1867708770675774,0.1253905163260833,1
0.0896106612923582,0.09004638941726656,0
0.9191463009728292,0.9979243570090923,1
0.14061196566928474,0.08051266212647575,0
0.03581320405262885,0.03607178158120857,0
0.028695188036673213,0.018187060087277652,0
0.10921146858102532,0.11250334017532151,0
0.14900621325756194,0.08915082121010168,0
0.1521021245449749,0.1847049041334698,0
0.10439575175643226,0.08983666176471972,0
0.07504467481433832,0.017782475157684115,0
0.3006383731346862,0.29247671866354263,0
0.1042448772844279,0.07453974809313804,0
0.1292818998555746,0.05938316941791621,0
0.01835602751650511,0.0014353385436999726,0
0.1845789653351957,0.19891719904935215,1
0.05503169015520308,0.0508926053788496,0
0.24261906329962432,0.15605056792564181,0
0.028330815619775043,0.006920897186325364,0
0.05367903020477303,0.04826328207734176,0
0.6676740491537385,0.678895818651098,1
0.1936111828214542,0.23393311613611154,0
0.07424291700994314,0.07419874533674378,0
0.9568118383872336,0.9734462330109644,1
0.0360753444591964,0.029026441858342678,0
0.11600367907352392,0.009825872002336063,0
0.06183970754685187,0.06068318989719008,0
0.023900878675314634,0.0006672339821695612,0
0.1739867763614374,0.13287761541661103,0
0.14438533115515276,0.12156199816065787,0
0.014423225455196377,0.002671355114812704,0
0.06171406707303207,0.040851695194008913,0
0.0951074008248221,0.06262737139501766,0
0.033898105733327466,0.02716056384988987,0
0.027725715655365617,0.02459556754356346,0
0.11970006128006384,0.04249183613379627,0
0.20770221412063564,0.2096241539397642,0
0.03640942486654513,0.03449841228658008,1
0.06316067746364037,0.012378390666577985,0
0.04411210122773721,0.045243418080571716,0
0.8106243441471457,0.9768723594700272,1
0.28397142948479653,0.1983962801908707,0
0.3681766320573415,0.2584568849085073,0
0.06714489886070014,0.08861038851681088,0
0.06625142604808192,0.0937164787361679,0
0.15777066627316746,0.23806092883428773,1
0.8762255755821973,0.9849222520792338,1
0.6410976702387363,0.702184446420781,1
0.04692917586307734,0.04011271651917859,0
0.13030592234736899,0.026893273731084345,0
0.7331212549478506,0.7468105158725539,1
0.01968215695358118,0.003911036765859939,0
0.024124442515071648,0.025906939433494446,0
0.020583267722924015,0.01077700872479997,0
0.10205943049409243,0.06558631720382928,0
0.1103973876154074,0.09600147728692732,0
0.9692674046222826,0.9941277554479675,1
0.10626725553630743,0.11533511251211687,0
0.012035245625534768,0.002745919564219178,0
0.08897275550753511,0.07541414386685784,0
0.1935009712308558,0.13695342668019284,0
0.11014804489133385,0.06271039337126366,0
0.10136716401786061,0.18357810699582808,1
0.9683923404724393,0.9942779543280855,1
0.012341977496451745,0.0029692857153635,0
0.026353058697539542,0.0018516125237319125,0
0.05532521829393517,0.07904496925433639,0
0.16350780086780542,0.12814798112137374,1
0.14662117764443144,0.11737395093371909,0
0.24202148502305476,0.4509155270643355,1
0.06958227789526154,0.09062673374966579,0
0.11314114655573615,0.1395285446597823,0
0.26042389805243504,0.17150894687851356,1
0.017412414197680418,0.004663509504699732,0
0.07256138868334765,0.04108764883369768,0
0.19838211892354518,0.14779593194315702,0
0.20628873796943495,0.27011090018366624,0
0.03633630298390411,0.018299134831273763,0
0.957917638527456,0.9929405112474906,1
0.8538556945703956,0.9010238196719433,1
0.19386329763661006,0.18387833895464759,0
0.25820496849157987,0.1742248026007711,0
0.10639626569069555,0.13362427572384436,0
0.046306678571969434,0.026982944803645284,0
0.015530778730371385,0.013720302750987127,0
0.2383617620790949,0.16955717119201283,0
0.013897185162188904,0.0021133848752431716,0
0.5941724768224411,0.7210733725422511,1
0.20139091141905188,0.1667518878043775,0
0.05296062811722351,0.05905492810292672,0
0.03698785424994696,0.04082762219845366,0
0.26379227313683,0.12721887889608796,0
0.05400032113705659,0.04884668496344298,0
0.26229789532216125,0.2862890693188848,0
0.015391200840852456,0.014183038221238356,0
0.11351577391025197,0.12135823530389182,0
0.9833069719595127,0.9959288924143774,1
0.1696325989484123,0.09285618868303018,0
0.06964631321661631,0.019813596353831307,0
0.949655599851673,0.9864925764734065,1
0.06267686159706716,0.047774001744130004,0
0.9183489093143705,0.9925350720404449,1
0.9727322311940012,0.9907387661978303,1
0.8216571323603218,0.9605168871194851,1
0.06882829616628561,0.10012615336048741,0
0.010220093916558695,0.0046649393228665155,0
0.08413625823005669,0.02778757320438399,0
0.16585066547076763,0.25727749967231184,0
0.014095644495771041,0.0004498143509406329,0
0.24080543456238213,0.1758306589443374,0
0.03124874949516129,0.038235378833905286,0
0.01569464121091216,0.0011801654610805255,0
0.7685492664174691,0.953867528612929,1
0.057813346613282614,0.0343453465101899,0
0.24755258340198996,0.20176088977852516,0
0.01432029087223304,0.005864800480390228,0
0.05294288077917329,0.04537878602561965,0
0.07586837598631935,0.019291362092024707,0
0.24763663855707838,0.1989089778792941,0
0.19200097400959967,0.11765344049318947,0
0.20045486082102096,0.16162138597551598,0
0.12434206936548205,0.1643615399672218,0
0.3185019212200689,0.3071683347886881,0
0.22642408256380994,0.17189710192965452,0
0.020282914854603186,0.0048579496818143475,0
0.21171445804458128,0.1678212969150139,0
0.16346777831725975,0.2666729980818346,0
0.11469843558241558,0.06813417208192729,0
0.08122525285055482,0.06804277539486099,0
0.4841013091071619,0.29803002825162334,1
0.17345704121714248,0.1821435622328267,1
0.07836826633508272,0.05863552930773447,0
0.16457440137744891,0.02586120376752061,0
0.8566763286642675,0.9664419405974227,1
0.018163644707031676,0.015108893828061524,0
0.01378737210264561,0.0033668068023283097,0
0.05198686018768771,0.043302358230250894,0
0.2119282026239564,0.10537237071458855,1
0.17842252015789226,0.13522014774995428,0
0.030971767919584274,0.016202426374828376,0
0.11135601003525282,0.0908998133310394,0
0.13506599004122535,0.10515194078586362,0
0.8369333701793202,0.9202452317370337,1
0.0874620552369438,0.10557877525782203,0
0.15719644775920483,0.1398104758330463,0
0.9735684200272776,0.9906274213098473,1
0.2797522965746318,0.2429147749241051,0
0.20582425110206512,0.18030050851988783,1
0.05442984225604923,0.06133377972159932,0
0.034410592197985194,0.004461015131879088,0
0.07398208502588165,0.06052985732824181,0
0.651671651838513,0.8628521852975145,1
0.8941418600689665,0.937166823462148,1
0.04404899958138623,0.025464146669897325,0
0.8677530412873308,0.94145950992476,1
0.09336061711135256,0.07585382102872418,0
0.20596430658214293,0.09144812077590639,0
0.04329878924877057,0.0018804400501977758,0
0.1646556562460816,0.19729675767513974,0
0.08704788526982371,0.07910750700724689,0
0.320728426068565,0.2985769389923967,0
0.05704949551931741,0.061866200250400884,0
0.20729753666161843,0.24795569608955983,0
0.1769397853511357,0.15463222094965393,0
0.1951885676112,0.17809685921285362,0
0.8274912775998938,0.8056569854245618,1
0.056563479317136685,0.047480629870322553,0
0.15925479049550523,0.20165744120020443,0
0.16503856987587787,0.18821206586673844,0
0.01919194681974801,0.010135698611949068,0
0.16934124684678845,0.15835190268204155,0
0.19042442395279305,0.15472768070480006,0
0.21432157939115998,0.2593242127802369,0
0.15824062282079698,0.17144027047401106,0
0.10558142241938984,0.10256813884950026,0
0.17795528620430323,0.1952163933635721,0
0.022846172829438946,0.008186407233659591,0
0.2553935760346227,0.2581196137957115,0
0.09177810229612943,0.08809460906778668,0
0.12471171054919661,0.07378759596953588,0
0.04848955717365262,0.03275820196320629,0
0.01067518634049382,0.0005294472746207052,0
0.13605554377941162,0.10362801316588667,0
0.042507742863939504,0.026942801941312426,0
0.2703262089126481,0.2741455703378377,0
0.19611379691688174,0.23471516979510587,0
0.24551392730099195,0.2614694769293989,0
0.16600772797368518,0.16382053716740202,0
0.04590055851886617,0.010003904307308619,0
0.08971873969738027,0.07442145406788116,0
0.0653802370555569,0.06417149573306635,0
0.05440323439882022,0.07039639504641787,0
0.16907544274733965,0.17822187324136876,0
0.20810270705862174,0.11951871927879817,0
0.052080410746283945,0.04847124698556246,0
0.9597336389001936,0.9834635793822784,1
0.01901668783631395,0.007155803193691232,0
0.4114573352155761,0.3280947823229318,0
0.0626340526509637,0.08738429042833469,0
0.17143506377792148,0.2907289237213896,0
0.2077001438816888,0.16545539953404043,1
0.028433396839404466,0.007260813597741578,0
0.25732261329967526,0.5080390509614477,0
0.024151274634302628,0.0059298001118639485,0
0.22359469166779647,0.32763104505584545,0
0.05518771019882205,0.051401889021596335,0
0.9244692697817933,0.9445384223735079,1
0.18291561307131873,0.2473646207220581,1
0.03929803209070034,0.036393069509757056,0
0.19788271313774627,0.21222778793028294,1
0.011396521375065182,0.0032873200181467374,0
0.02513714439897882,0.005976393968376223,0
0.13547746349124104,0.14583343917089855,0
0.06317875997294677,0.007688444083740655,0
0.010116986589869842,0.0020058574343521833,0
0.07049759562370769,0.16437272297534566,0
0.09570386911027921,0.06408780720552074,0
0.05663568678875183,0.06298835021666677,0
0.07660447603203312,0.06373380564237523,0
0.12269112987345804,0.10745615133917003,0
0.06927127944431356,0.06268003964909634,0
0.03616499728573199,0.027304700718303793,0
0.06751320229312702,0.06710232549225117,0
0.11485139150823773,0.0904706672934089,0
0.17557548472519663,0.16394022855451204,1
0.054014312542642065,0.04394120408938219,0
0.11125311206054221,0.08995191651468722,0
0.13267504205640945,0.1426799065539322,0
0.05101242582245001,0.025607110990782687,0
0.11576795571446273,0.09198519935918621,0
0.7195973389309388,0.7218290815628184,1
0.975953162554827,0.9861180049297608,1
0.10020758518765212,0.0954271485165837,0
0.15880351696306919,0.14558738724629933,0
0.11132830112583343,0.13881420919357884,0
0.07065684285571362,0.10763307777163471,0
0.7400767110644153,0.7531780153587996,1
0.2052721016504785,0.2394888578695279,0
0.02321438132471454,0.004207815888834771,0
0.09743340964739639,0.03920566131845501,0
0.9375926615341585,0.9956613544710654,1
0.976678605872348,0.9891467990562194,1
0.1493395469111885,0.146991772033109,0
0.9780210725965264,0.9940341832559592,1
0.21185763884542114,0.30208069197603854,0
0.13064109663604825,0.12289673855400551,0
0.05124100237293575,0.01652106785985033,0
0.20281588252106933,0.4149445840643235,0
0.021043386599324313,0.012413196768147228,0
0.14164421847799816,0.1901473592976861,0
0.07535031134509332,0.10517311036405512,0
0.08110333421023222,0.0931727021957701,0
0.12450612063095817,0.1288701513240748,0
0.09774598619443693,0.0857252218021694,0
0.24693644822115188,0.22927090181276363,0
0.1598132050548609,0.10543331309437061,1
0.02748287429854233,0.0010718109323966986,0
0.07253495531523792,0.048398695521224826,0
0.19262508965105948,0.20816734121733926,0
0.11629081767951648,0.15671059373347304,0
0.16726400481220893,0.24601351699556107,0
0.8698246331660475,0.9645420754507834,1
0.14453991448061795,0.14188522505104592,1
0.021528480547733347,0.016237726047244373,0
0.024972796932180262,0.007255965598423189,0
0.21993334375639206,0.18860138084346406,0
0.8534998600926735,0.8269523104715618,1
0.18728842151609545,0.22772226655041544,0
0.08600685402527061,0.055771052528979174,0
0.015798499149616924,0.01654069972207349,0
0.020074828043981807,0.004311151876540709,0
0.017315907195556843,0.004683715894242968,0
0.19834501404917992,0.15503210427821734,0
0.9532204577469664,0.9878890431580605,1
0.04055415087129639,0.01521767799292492,0
0.02317164853813524,0.011400276698813501,0
0.143436371820599,0.21076302736294678,0
0.149360847060259,0.1497777407208758,1
0.029385958646887922,0.030088241980240946,0
0.15084783336562582,0.20080057625759856,1
0.2065276029719027,0.22409440585957394,0
0.027715354009588116,0.022826881009221967,0
0.15180485423780243,0.16120805664895294,0
0.012641387795675009,0.0033015480078959635,0
0.1661271222575736,0.0915065193571809,0
0.025476644028831544,0.0079669379066304,0
0.013274508516079274,0.003847943709955728,0
0.034894484129248955,0.036203200287985834,0
0.11838633467166816,0.1694713187726498,1
0.07641668068983641,0.0732949152351414,0
0.10293956955862031,0.10250809582042958,0
0.16591613918598797,0.06303146628006139,0
0.9017936477545644,0.988511163418601,1
0.02550300445238486,0.004385499539759827,0
0.02386542785069708,0.008010586693001453,0
0.054794627106612113,0.03830792787647983,0
0.07180451374690672,0.08139549348193438,0
0.20816873906339223,0.17819415272349365,0
0.05480028578143431,0.025573338181994937,0
0.9408158778540344,0.943866678948222,1
0.11824744420923892,0.19170250991184395,1
0.09490481741651097,0.171152672241141,0
0.14083991572048452,0.10823233210264535,0
0.024303018860776012,0.014865445230814874,0
0.22234436476397856,0.20789894912420565,1
0.024935686707398538,0.011456432080087661,0
0.01713834914178025,0.011597037865207004,0
0.25428849649095386,0.2542593365012986,1
0.012649159262535218,0.0019971882160874518,0
0.11555336003233885,0.11654196349912224,0
0.8418834815824506,0.8240082199499724,1
0.17955965826984568,0.10679805990702859,0
0.13050575794190886,0.1556615859939825,1
0.2949480865606482,0.20111836484928644,0
0.022776296436944787,0.006947046875904482,0
0.017667152432573864,0.0018532992282187294,0
0.06577533346817704,0.043327928262675675,1
0.010777095017389117,0.002110759057171035,0
0.14205715834352758,0.09688412171761639,0
0.14788748075060745,0.11424526867857374,0
0.9602571102154094,0.9919809872721254,1
0.030198063239285238,0.018292435199381115,0
0.0562279758750636,0.060554970919373736,0
0.08097827172394666,0.07306617061551376,0
0.08381432093313976,0.02912131276938467,0
0.0157233529766737,0.0008082689267084869,0
0.14600491893633274,0.2840715270526752,1
0.20729834506031253,0.22769402455293383,0
0.07825637051153769,0.09932907674374683,0
0.8968713787538515,0.958540988902985,1
0.04117434280186171,0.002286790653847046,0
0.05242429799703228,0.015085602890248273,0
0.8387211888929027,0.915909031589884,1
0.05916188611458846,0.009502555483791503,0
0.2983232322149128,0.23931346098170908,0
0.056900166316308204,0.023603188106809756,0
0.02686813605801778,0.0044346329349258876,0
0.731411162417944,0.7784072180667428,1
0.06867518474348383,0.050355010239135384,0
0.9180570193080543,0.9928179766624772,1
0.037070839547316,0.004014059787729251,0
0.09826735079132845,0.11974127159896991,1
0.35100126394322206,0.32495503419052607,0
0.19241367205855248,0.15680103486907293,0
0.029765234055183578,0.00039108881467104546,0
0.0943937152609261,0.04789686377805003,0
0.022582815984060044,0.008876701813101571,0
0.11330155151370007,0.06282539267651933,0
0.8731460997151739,0.9414493221104748,1
0.1414413657561997,0.19962980086579868,0
0.12380340959168817,0.06856777216800881,0
0.9655629277531965,0.9824078351698758,1
0.26863738954507577,0.35056807212220664,0
0.10713856177899263,0.10963223585294352,1
0.9737547167866258,0.9924708603690968,1
0.153343215001651,0.20295231276653877,1
0.09079780298494754,0.0700761538040861,1
0.039638945788631474,0.0200655320237318,0
0.0968604242503144,0.07539038100664455,0
0.11158707133623377,0.07475601933224549,0
0.039669726940843766,0.026744060332310107,0
0.1394130496368357,0.13100715463851514,0
0.08028567584469859,0.09707929364072065,0
0.07013827265260304,0.06521044430640577,0
0.05928279909743915,0.06815194913331636,0
0.07700946408653864,0.13039017863124258,0
0.09057725192860752,0.06278737988034533,0
0.24555158541535035,0.25166300750239573,0
0.03220274756904141,0.0030923097736252183,0
0.1327052394336492,0.199050886716645,1
0.27419030169733477,0.1970076153941131,0
0.16338853892667715,0.11861201019227777,1
0.8724054814987668,0.841076729415918,1
0.16085382400768905,0.12702433512257422,0
0.05986547577875196,0.07140043401138028,0
0.04001908005208855,0.038278348726192894,0
0.8782538944390889,0.9294355205581744,1
0.1111273093706345,0.10337141424395406,0
0.037800887374346094,0.006724317983066529,0
0.02368563633742295,0.007937699527433223,0
0.17992101469435995,0.2566058156092961,0
0.11663113838999407,0.1082121530700991,0
0.09330252561996259,0.11095931637553211,0
0.12118060784968046,0.24085546492606338,0
0.012134786906760446,0.001989583477963189,0
0.6752372302907114,0.7406617454376264,1
0.06325473559216521,0.06151807336741338,0
0.029765234055183578,0.0015598379836606,0
0.0911148526731795,0.06974437478642431,0
0.06049368857042497,0.015020726571036884,0
0.026633775434985307,0.011821846384237732,0
0.05307459374059829,0.03725010920826684,0
0.0322468163227278,0.00619421973983818,0
0.10260250861531617,0.11715631928662107,0
0.8185158412020269,0.8968262555719378,1
0.04604922518863013,0.055558355122227406,0
0.12090931211176044,0.1054018550747276,0
0.6777210660162747,0.7552604253052297,1
0.029891346386833176,0.00940716424368824,0
0.24067361906158166,0.20102124043553146,0
0.186595515383557,0.19224681740551297,0
0.9151989888538427,0.9945346677557836,1
0.1673330356037888,0.1434087706383872,0
0.14017757200928158,0.10470611947937311,0
0.08868877845269339,0.06582035558698078,0
0.22595761613587992,0.23269505554629338,0
0.12734146459212178,0.1295752737523513,0
0.03521156946400751,0.03980085311473629,0
0.22696531758179161,0.4140257590155634,1
0.06358305099876171,0.06179882512893913,1
0.0771158054454241,0.018291739555344702,0
0.22053446372825053,0.20187165808747617,1
0.2922759363913284,0.3095106523124668,0
0.151085102328195,0.12038926656551166,0
0.16019181322716022,0.23087925011958424,0
0.05039699792192199,0.010504500424012764,0
0.17735472044756234,0.2311644483148101,0
0.18418247025401677,0.018929001884293733,0
0.975918511201743,0.9977318176011952,1
0.019429976852945903,0.007732094529785855,0
0.16009467777707345,0.20261011963874426,0
0.9798146418847524,0.9961408129862922,1
0.1279981409534364,0.1134052109282642,0
0.25977662542440444,0.32480567698120694,0
0.11886940685399129,0.13226331595350713,0
0.04242666638377721,0.030418641656624112,0
0.12399497649338304,0.11779245910687673,0
0.019657992816314494,0.0031579009454058755,0
0.10228444139374965,0.1312417378547561,0
0.07589137678696534,0.06171211433017748,0
0.15068763058854004,0.1247101983545502,1
0.1741525002419696,0.16398361882885007,0
0.18091323282296462,0.12734135372090116,1
0.02465027022261752,0.004743401727337234,0
0.030187150896796765,0.0199575848567629,0
0.012323214542930417,0.0019901894526746606,0
0.3719093627246708,0.4516496151565142,0
0.25541385392968297,0.28299420425321836,0
0.0344808104619207,0.013383227871525197,0
0.07885907678268218,0.07245786012033605,0
0.008079815897840476,0.0013527902553414507,0
0.8047154448781599,0.9044098568999536,1
0.09233375434299905,0.10620134900077667,0
0.18847381580327993,0.13584588265629352,0
0.04863304420776156,0.053523145838091396,0
0.2360219697473172,0.37392991496713446,0
0.01691860549305219,0.002997103486786532,0
0.1406893254463263,0.13033438208916057,0
0.12017449101344023,0.12066523959466668,0
0.1843387589819095,0.09389084419789132,0
0.15032013544663572,0.15353855884554188,1
0.10373280029283206,0.1387338350570257,0
0.5676737406573151,0.45941947990329784,1
0.029215726557566168,0.0012500125001410952,0
0.17523787623368228,0.07887169733136537,0
0.9191463009728292,0.9905614537236385,1
0.23187614872753054,0.18746780266711213,1
0.32412758209277276,0.6426474829147548,1
0.21723326305237092,0.1421735387062897,0
0.04311991831325755,0.059659530824860835,0
0.05821880500446067,0.05379018656192919,0
0.5053956018040655,0.5459042246557121,1
0.45773712541797024,0.336074389902278,0
0.024822585284125873,0.00564439733926155,0
0.0328897732353235,0.008713668298873017,0
0.215496037641477,0.22123201577578858,0
0.10902359193250914,0.07496505311257538,0
0.05553764712459072,0.01824607104146068,0
0.24675657688812344,0.28474471318196276,0
0.1246520876322372,0.050090333600125124,0
0.21704086060487945,0.226666831985846,0
0.1176975484993045,0.014040812842699778,0
0.19301139697164715,0.1707085312288435,1
0.10147298066201398,0.14678103061471373,0
0.04276635218207736,0.029593288154588098,0
0.05295461356199081,0.046639194254162984,0
0.3281168881726374,0.28339187255805875,0
0.1285318110322503,0.12475721060571386,0
0.10622702636958503,0.023093279392314644,0
0.2749762516955597,0.2789164116790605,0
0.06367116699948275,0.06876710741131206,0
0.07101095111672737,0.062416874739447924,0
0.21407792899561137,0.21149209776401048,0
0.21541498532555392,0.24516823530358867,0
0.0770835803149777,0.008333196542730674,0
0.059192930553149135,0.009199311804971045,0
0.0523831598118019,0.030620777871849022,0
0.16294619310719402,0.15309160749539993,0
0.019672906837588065,0.011883332764928107,0
0.07528342690195955,0.051089470817107775,0
0.03527949000330167,0.0016954328815011136,0
0.21839447736430637,0.28311581580957884,0
0.05313276916569941,0.02309938219571319,0
0.9710632920045628,0.9916724602140001,1
0.08709436964075938,0.04160756526767215,1
0.06874031608680296,0.09408220056590165,0
0.457291382721062,0.4435947953075502,0
0.02354027161914199,0.006997542219241921,0
0.26875664118220244,0.2333559787180282,0
0.02739123067725382,0.008467244281274747,0
0.2274353452586005,0.13909238877615587,0
0.026980845186793286,0.012664604735693126,0
0.9157834728576637,0.9928539551517495,1
0.1129763593606248,0.1071369972324466,0
0.08673419805475391,0.021433143491196287,0
0.040956885548900264,0.036589036604243015,1
0.05014101097119646,0.023445384702365516,0
0.02666737436018427,0.007140255237034096,0
0.02267782609250992,0.012896380914794073,0
0.15634383406327923,0.13046504924759394,0
0.14157452330673653,0.16518977837999443,0
0.22320081841221948,0.2840018938589128,0
0.0361666693432486,0.009476815451736424,0
0.033179714400599664,0.00918840008434621,0
0.13213877963269918,0.12971885388631274,1
0.074796141557554,0.1074275679895483,0
0.09670602350076236,0.08934008151414266,1
0.0397364079006503,0.04357164396833164,0
0.044713110804297164,0.051105153914834375,0
0.019877012065303845,0.014526786230296459,0
0.1352391857639859,0.17759074747576264,0
0.0958425640736384,0.07975638691207661,1
0.041980912347131576,0.005785529976223737,0
0.06448942747106914,0.07194667704961552,0
0.1192488003792988,0.17544490464955476,0
0.9746468757407936,0.9929311279899155,1
0.20051231056466115,0.17355639437490084,0
0.06924516538237009,0.02565971118486539,0
0.10814761833042057,0.10321732429706497,0
0.9710697910766016,0.9893019822712726,1
0.057816289567439116,0.06744442504329361,0
0.09743487369539881,0.039851485700961566,0
0.16544763077009578,0.14751233484256804,0
0.20080939305290893,0.1658129830664812,0
0.8732918367987401,0.9564585812960846,1
0.07384381499594057,0.015836929499991062,0
0.26055423448648096,0.2442622186085578,0
0.1394645332214411,0.1709179907948734,1
0.13287763304011074,0.14643657803511087,0
0.10128716198785055,0.08662483413735227,0
0.07593663878178376,0.10668823108621234,0
0.019770562925775028,0.003750820443407955,0
0.09978464339944358,0.07872590744301819,0
0.032875243302970154,0.04861317767437061,0
0.020674789697914336,0.005349483417038289,0
0.02194869943112731,0.0012532440604629154,0
0.17656199411654927,0.20622433897872341,0
0.2248831477598268,0.15178753985334434,0
0.06408116490035587,0.06945186381645305,0
0.3499863615578001,0.25016926254385546,0
0.19987721540594647,0.13931777425393144,0
0.05537604207147926,0.023544779559656268,0
0.08715806329823074,0.22026019715274844,0
0.00608265952114976,0.000956706381447959,0
0.02066688562742019,0.002604350259735569,0
0.07697668599312335,0.09791184365386242,0
0.9849885842629387,0.9973608332831863,1
0.2012141073056762,0.22315502131859355,0
0.02038720750661861,0.004159968450392977,0
0.07089585013415041,0.007641295758154493,0
0.25762810293135663,0.13637257500399194,0
0.2783041496312962,0.21211029768317197,0
0.13321016466826893,0.13298696427149065,0
0.020812355638199734,0.010621243092506219,0
0.018714934410947265,0.012082875027876559,0
0.01693363439482833,0.011848145041690033,0
0.017052204060914882,0.0012582804042274884,0
0.06430426898004818,0.1222959897109542,0
0.041111230668793845,0.03529317650585123,1
0.902404115144074,0.9641696503408053,1
0.03276894229225965,0.06877232468450327,0
0.06741011923371773,0.0647103925266808,0
0.1268973435548494,0.20548551883849603,0
0.09341332232190466,0.08842052226188378,0
0.12967063938565487,0.10012414332095813,0
0.13062034752884005,0.08731667613465965,0
0.1844321231637878,0.11997853984514713,0
0.023299951670080504,0.02272011110609607,0
0.06741351899684253,0.028108660382948205,0
0.01914652874082867,0.007663935717979062,0
0.079060497579226,0.1016959600445187,0
0.056551466854499195,0.040863826550065076,0
0.010931946521004574,0.0023886578441296375,0
0.03594444898142908,0.02945288828270213,0
0.014967582994343764,0.004394563065827152,0
0.1916739666848137,0.16433746821131373,0
0.24416957437650672,0.19656239705251832,0
0.1634254940142158,0.20506971042622027,0
0.21514816905420198,0.12755235277974392,0
0.8746269114155781,0.9581213294265088,1
0.01569464121091216,0.002762052116685738,0
0.5993224804087334,0.7365175092710764,1
0.32414257801892077,0.27433215761687263,0
0.09308920842700631,0.11409335909040678,1
0.19070615330403506,0.21620606331178438,0
0.06694643344924563,0.11297142540830497,0
0.011873399540160175,0.0024752807615981798,0
0.16043850388364486,0.0953042442010559,0
0.16630186088492008,0.09183655052217714,0
0.1701489890061054,0.08768618142850368,0
0.027332942238100365,0.007212769349057582,0
0.20710705076023206,0.338086552122732,0
0.03317384232692065,0.012623800571749732,0
0.03554943245081274,0.006738211263130399,0
0.9266763143556813,0.9931039692823628,1
0.0946188195990206,0.14276850276450959,0
0.05950924417367756,0.02075594812656822,0
0.026523701056176307,0.008912369374354509,0
0.06920548242012893,0.044370532702548204,0
0.9435121498684929,0.9736069561454187,1
0.8303679839938095,0.9422425871273271,1
0.11192149677713129,0.21461983504174179,0
0.27851564243678245,0.21228861905807717,0
0.22788108527992276,0.12334353872729195,0
0.009629243499092876,0.0035188982362053187,0
0.1735320260598508,0.08668750128719876,0
0.12858335620161215,0.1173202497620246,1
0.018815813168221823,0.00491224725000494,0
0.18480063950220918,0.22820930110784074,0
0.013954133134130195,0.001420894161651761,0
0.12560046397844032,0.15598447599518966,0
0.02529292424684058,0.013256756426920202,0
0.270639636572333,0.4270989083465755,0
0.0548521690460746,0.04491853327101075,0
0.17583662099604777,0.20380385843765217,0
0.08765117695272756,0.09477381230084216,0
0.02469719038344865,0.007010443016272732,0
0.15188995173728,0.2035047180914747,1
0.037175413177368194,0.03281245092793589,0
0.0758550811902492,0.10529550085693998,0
0.07081736005322833,0.14485257857793815,0
0.046352051839565735,0.05510115833625048,0
0.10540805259759556,0.10480306091801572,0
0.012623767260999666,0.0024235013854356263,0
0.03174335538559896,0.005124264694607832,0
0.9097691459470711,0.9473270096900487,1
0.39552671278680357,0.2955780145358893,1
0.05167427049358239,0.008983323771238158,0
0.016393307421889075,0.002374795475196669,0
0.07375095815360132,0.06878005958080466,0
0.21063236586434042,0.2843906860904024,0
0.16939806359403545,0.19301108553619797,0
0.039676424407823645,0.005018276738094148,0
0.9736603314422869,0.9949771101750702,1
0.03758616415334096,0.006216887888080907,0
0.14776315424752703,0.22616736592960668,0
0.01986524492590169,0.010135763233169375,0
0.19418600504438713,0.16108665626174648,0
0.023069309805086632,0.0050257839294687015,0
0.5660722529892537,0.6433814247115249,0
0.03761548691827767,0.019268295856147546,0
0.25302145242015406,0.26849095760229086,0
0.8901072047688656,0.9508818269873023,1
0.764490226813674,0.772906796217697,1
0.10744324450267959,0.0975707223003396,0
0.7333902841915112,0.8175544438114822,1
0.05406517589394518,0.056587682224317815,0
0.04259153764596929,0.06574424002166769,0
0.10968256271703307,0.10549497439613768,0
0.2210429707841531,0.15748408836510644,0
0.966895568507255,0.9935921585966715,1
0.9738995083411922,0.9890226626455724,1
0.12156345765499023,0.24390820670685553,1
0.20057469761758664,0.19084584721527592,1
0.9848965674192033,0.9968862773393394,1
0.10046737689466671,0.11656817709893678,0
0.09925929889651236,0.09938247546706325,1
0.15533780775120992,0.275448084390628,1
0.9231713052276935,0.9668623116745251,1
0.01774043517698236,0.002442934707633722,0
0.022993192670990797,0.009387999426356146,0
0.19430228434613783,0.18457531028246216,0
0.06809404934896555,0.08377918926308472,0
0.040619931893062816,0.001721211363481924,0
0.06380727567545598,0.06790924537374,0
0.1214591732425724,0.09200864488673939,1
0.025000745567927318,0.00903583842771932,0
0.029192496028123207,0.005761424040669338,0
0.14409292345909586,0.15854454358350295,0
0.04074066170611627,0.0253847274037109,0
0.10598462192405231,0.09954532697266716,0
0.07824536410549762,0.04796818843529527,0
0.18580516501352834,0.1407617830392029,0
0.04206989304413806,0.02841296349325962,0
0.030608118623164596,0.03461832732762216,0
0.1086814034221425,0.0928769407002544,1
0.0376577738168645,0.016839307225566275,0
0.18536921681702484,0.29480463073673724,1
0.04035760350161105,0.011404052481416365,0
0.042516381036665406,0.09217106196997049,0
0.7102116975502738,0.8175932602072781,1
0.29722793064223985,0.3059347555479082,0
0.25647785461944966,0.24118435902650995,0
0.2396854970234829,0.20266212967696356,0
0.028901311751014118,0.009465026053593555,0
0.1146747223074334,0.10258391511536472,0
0.9466081808129273,0.9984519575563437,1
0.1900520715337765,0.12720064298200703,0
0.2999074017284053,0.22966989661591974,0
0.07925675822474611,0.05066612674298114,0
0.9801558148711602,0.997044045296434,1
0.05068914525842432,0.08887968693836838,0
0.08843863811334374,0.0693398534391769,0
0.02161361496038985,0.01278838771760173,0
0.04702035098584178,0.019291593925294868,0
0.2243659492851534,0.2579706198905614,0
0.02697163886847719,0.010648777614155383,0
0.18224140273406197,0.16583254785570395,0
0.9808119027327071,0.9890667685017981,1
0.8569571384996156,0.8518792936313053,1
0.10766306240259449,0.025673982206611306,0
0.223990546939176,0.2539881440811481,1
0.34857351691823557,0.262108074460457,1
0.07132087895988348,0.12025741639336991,1
0.8546141349435792,0.9278790233550762,1
0.3012197505756403,0.2798859634199826,0
0.07266289856895529,0.06550343392995918,0
0.03997466123867539,0.04915699836835244,0
0.0836800375509215,0.11019000598959242,0
0.03260163468231236,0.0148007872404605,0
0.054785097271879156,0.017670249273031777,0
0.1493174919917599,0.22519402929191065,0
0.12129729540740912,0.15061653900016297,0
0.9678159602431289,0.9955945805197751,1
0.07763258004004854,0.06686407663275265,0
0.09560398576696784,0.09827700680679413,0
0.0756707085887531,0.07980202424701126,0
0.11089884077504028,0.23416814402443537,0
0.05680423792087984,0.04270843894403559,0
0.01473927128549856,0.005126905005652384,0
0.029721730934029855,0.02285059956240662,0
0.09344488702278757,0.0663747708903595,0
0.9305959492534573,0.9939625741157722,1
0.016930785379766337,0.0016342335444520161,0
0.041730094979907525,0.009697253865603815,0
0.010921409268954551,0.007640676709741515,0
0.042915055860989426,0.02877047696492589,0
0.0796919966784156,0.08246256696908005,0
0.16604851223519704,0.1307894707726705,0
0.054557349271603876,0.06422201071702335,0
0.028125311084592364,0.011520022575880109,0
0.07209836264020168,0.04783490404351605,0
0.21625917498242841,0.1640236467203766,0
0.07032959878653182,0.07075320340487903,0
0.08737063665734188,0.07480157096404033,0
0.17909027618173357,0.16607193877671303,0
0.06615267184896947,0.009997459673116204,0
0.047191564830118535,0.031354184257421466,0
0.8261890609673841,0.9615834203295298,1
0.1884658622017506,0.17257708688774306,0
0.01821106626537451,0.019191154860874346,0
0.1486606575047687,0.16318686226593684,0
0.03035829200575681,0.0015844603185686153,0
0.04581593391186332,0.03714404678919681,0
0.11954741502397478,0.08767729285802452,0
0.2118556078092806,0.3100291147033128,0
0.04520078839254898,0.06295913104323378,0
0.015249944911262728,0.003997027013879831,0
0.030067923339572002,0.024777091783006168,0
0.034223425855309395,0.03369967647938321,0
0.12370606866996509,0.12935683160009245,0
0.01652797661755763,0.007525104858169055,0
0.02641327643079019,0.005445922491158583,0
0.21020276599166743,0.10570464751375062,0
0.06564041848818138,0.03312453290103608,0
0.16529664207821265,0.1902708306979993,1
0.7758923790208563,0.8784721025543045,1
0.02728486851083173,0.0012244988200369573,0
0.14868823169526466,0.15640339794962796,0
0.20348953280384524,0.15649972773219872,0
0.03981574329867499,0.055212938723922335,0
0.19994048101596193,0.10759015529453597,0
0.04475789575316307,0.04499194600012594,0
0.08467537173094361,0.07394106803885248,0
0.07130985673705059,0.08862632807903485,0
0.20406420314441617,0.1757347108315198,0
0.08211894711637881,0.052025481956386205,0
0.16077961663257787,0.15378679383333022,0
0.17255099076468203,0.10864222751376273,1
0.2064439167066536,0.1770313265546535,0
0.17700257441566838,0.13702059392533444,0
0.031079721524222517,0.002157810405474243,0
0.0261855194667492,0.01109161382145217,0
0.2110886840737807,0.13938912466556608,1
0.12421802184987363,0.11503364671624697,1
0.03188935163035891,0.0019765946750259045,0
0.015687651888412875,0.0025057907489510725,0
0.16855283655689055,0.1491914012001162,0
0.02760345756364154,0.012888920530954546,0
0.20216728399631909,0.2617409798744521,0
0.06937952865661978,0.055358487690022926,0
0.14207371895676965,0.19952300766099074,0
0.8301965644925212,0.9237710724628592,1
0.020644764878593867,0.006217784255506342,0
0.014396535926739805,0.002883935944607046,0
0.24961229276468713,0.15464412167246175,0
0.16234279036400495,0.12437962771707387,0
0.3149513298633041,0.15490829913774348,0
0.08256406085450103,0.02572929426704245,0
0.0657879941885822,0.032266885242226734,1
0.07921372733441806,0.05957798220749696,0
0.19698545804502793,0.20518771951527193,0
0.011733443881914232,0.0015486891662906332,0
0.23472103606094685,0.1870033909495029,0
0.00814054121706656,0.0016239529736044392,0
0.9787713693612432,0.9849361507378089,1
0.9748874225843868,0.992829556099762,1
0.016056140935297673,0.0016907160676936275,0
0.9476321385297689,0.9992681661761571,1
0.04575095058974785,0.019757490039332977,0
0.06229067368495262,0.05552335077435545,0
0.05864294211013735,0.07237333154309819,0
0.8241227967641594,0.955670916540165,1
0.12070719143593513,0.14488475541263607,0
0.033009127921671384,0.031241943201204464,0
0.02563700959301783,0.005876194883249903,0
0.20658167914333012,0.27874000115367403,0
0.18356194344972585,0.21053634154160347,0
0.07690211166257847,0.04336480493778457,0
0.0935525896282271,0.0728594743224992,0
0.034751999759849626,0.009877470657238248,0
0.1887047436105301,0.16718058094454474,0
0.04811995659389457,0.03281375535821368,0
0.02765118098462196,0.011028065000428479,0
0.024319856398930386,0.006831164653110305,0
0.021608522222232678,0.0031984611175605326,0
0.2106017008986774,0.24827975571194116,0
0.18649973078847654,0.17123088435880945,0
0.03764592528618788,0.009149336275492666,0
0.09663140593075437,0.06863583965069749,0
0.8848021164373508,0.9530553524858084,1
0.10702659096446542,0.14936406641762973,0
0.12987507303680454,0.12804492773951257,0
0.06400659699897134,0.1134251242629208,0
0.0809767562480071,0.075660923401135,1
0.04624617755247943,0.06075405039921153,0
0.09784638581021962,0.07736524460698263,0
0.04180283888986684,0.01912838200640814,0
0.046616432896050705,0.0451454469734206,0
0.10444082110460365,0.09446554586543868,0
0.15413587664219155,0.15274578364335403,1
0.19551842893797322,0.1334109485135919,0
0.11558988733536457,0.07763532275669506,0
0.057211971223205475,0.042986827749539644,0
0.1265544886544489,0.11296357347509878,0
0.10474213853917215,0.09011702704171681,0
0.25607082777104323,0.3352829092136502,0
0.2609892922011443,0.21074096645697482,0
0.0405066697370823,0.009407479146841367,0
0.2857002854659697,0.3829380449860244,1
0.05597633250921251,0.07309911972589996,0
0.9717518540149875,0.9958965205808316,1
0.0920192848727404,0.08390494102844868,0
0.17629864771402115,0.17134304529445726,0
0.029864413096665723,0.04189422147587636,0
0.20598354987915174,0.17564325301233302,0
0.1145355277677932,0.06944141931101115,0
0.9533551853389264,0.983622033989068,1
0.05757621380635858,0.07263991455584716,0
0.2988269090090406,0.36676648796368677,0
0.19337356853510826,0.29360759195801767,1
0.053899482625555564,0.07041605034705385,0
0.1736761680226197,0.16765025819104387,1
0.24430537326006235,0.34099722621469586,0
0.1879599367051616,0.22004405799331883,0
0.11897769964657282,0.09245961265928668,0
0.012232115623244602,0.0022438752820534242,0
0.3401391178756707,0.3858668818190066,1
0.17868894266421892,0.08542457993502232,0
0.8269228420519433,0.9666887647421413,1
0.14093165305670619,0.17694551894999092,1
0.16039763003173707,0.17131016832922447,0
0.20373505182327173,0.24064190535806565,0
0.08085486792434338,0.11879574571914732,1
0.06663628035747024,0.007874137415871622,0
0.1080930593472843,0.0886347182354084,0
0.48384834716647185,0.5266310268095948,0
0.266406810224526,0.2568747718936219,0
0.1113823257342096,0.06133147295197846,1
0.14223059110426675,0.1092793248814954,1
0.14380261638915084,0.27370172950365035,0
0.07498072908289574,0.05796239313448498,0
0.8457823783708921,0.9729387355075005,1
0.1721835348547019,0.1403213188530907,1
0.24845369538433343,0.2680581949182002,0
0.026090228227463732,0.025176247406583963,0
0.04726490985674203,0.04315439624883263,1
0.23447980725008996,0.1766671181644344,1
0.01664425996754527,0.005628085499638798,0
0.2254555695829148,0.2115380532215828,0
0.9191226745630328,0.9678838865096635,1
0.03221643475383838,0.0078480054297253,0
0.23580024266301972,0.1562101374580857,0
0.06312965377098004,0.06589951838484033,0
0.0282785667222534,0.015862862004683217,0
0.34957965980208694,0.27464191622586676,0
0.05718852180427637,0.015618355659401846,0
0.1542845692166495,0.12174393264499954,0
0.23900835741727045,0.19482731074762788,0
0.9641281745882001,0.9932969464722328,1
0.20649554046076993,0.15403238403650227,0
0.1685479163931016,0.24128266818923494,0
0.09788063799175897,0.06465005218646486,0
0.08194062430022912,0.09887941156247174,0
0.01074019035054015,0.004601019264756395,0
0.012347580227220803,0.002010136249352804,0
0.017869456260939023,0.004238934349418709,0
0.012535632247530779,0.0009231943123031482,0
0.08584200552011793,0.07616197343382154,0
0.012442985918844547,0.000869963779010548,0
0.9253826594616442,0.9487605231339094,1
0.14829621803901416,0.1711073665487179,0
0.05750210534497711,0.05302030731256472,0
0.052589784757871016,0.025463565484148843,0
0.3172275970237687,0.27981559770962283,0
0.03838598506432567,0.025491455315935548,0
0.12970214140270944,0.07667969700920704,0
0.24044177476450923,0.11780568351134241,0
0.02476837738635036,0.021675973939504694,0
0.01084355267506635,0.0019969748930036683,0
0.2262677288194274,0.25930186639749603,0
0.2085247931352596,0.2983448826791948,1
0.016978437589903105,0.001726395289525472,0
0.1645418063560241,0.22870091501444964,0
0.05820022586938515,0.054519569292874895,1
0.017074803429448886,0.001983178067265174,0
0.22203066076604522,0.23181811217174073,0
0.1739436310646896,0.20041350989721657,0
0.057332722847901654,0.024838999059937597,0
0.09186917126346851,0.0714874017995085,0
0.013190838989561495,0.0018513648123602401,0
0.15273005533564193,0.18071122101015552,0
0.009413636006125114,0.0034561052626050797,0
0.010205125887024801,0.00314598802714757,0
0.10758026101193831,0.10768760122175529,0
0.04563810559046705,0.016642655098142025,0
0.012606003534944692,0.006964233933823964,0
0.05056225383742833,0.0568548483063394,0
0.015537978751090743,0.0023000390466070544,0
0.031158501806223024,0.006840782616951588,0
0.0199135447243158,0.004436018386971587,0
0.1319570478628822,0.12263158462062757,1
0.7897086859857405,0.8454558782303462,1
0.1587178885011519,0.15641702638678803,1
0.08612365698322619,0.13710200607300807,0
0.9764266824941213,0.9940653966297531,1
0.115758837288994,0.11363481198281782,0
0.18294782483823746,0.1911646941372083,0
0.17751359112553142,0.21255878583150814,0
0.039675518323391605,0.02930711961001139,0
0.26851244492580206,0.30296079399401626,0
0.20006410015881257,0.20090419931537298,0
0.17520772807514756,0.22825571620491547,1
0.013931738498749137,0.0021407554637689974,0
0.2378427598918307,0.15707322505650118,0
0.09107455037763722,0.09756951237937231,0
0.029479323840236122,0.015583566415734601,0
0.9207343657198394,0.9385834354052713,1
0.2585964279870937,0.35891070732182784,0
0.10208353379483648,0.08765558162003541,0
0.19106957209249467,0.28234564352020347,0
0.05062949298115665,0.023317161577545657,0
0.02886619318285377,0.00954971298742991,0
0.13464412818006982,0.11421813801839338,1
0.031661719476280055,0.005638839255593239,0
0.07163686776828994,0.04445770603324053,0
0.21145685499960792,0.13439341865280846,0
0.06710883260968878,0.00933239861472783,0
0.034990640437169776,0.016475761517465954,0
0.04454895322023926,0.06577061623964527,0
0.19050498141572086,0.14675694827697883,1
0.04692538564106094,0.039974910944610524,0
0.21286142321722104,0.18264970300384759,0
0.14473015110929213,0.15576336468098262,0
0.01706889680579051,0.0019937522658809966,0
0.9700240602742904,0.9856046582909265,1
0.057866556030170206,0.03217560539306664,0
0.06935312577619429,0.09838218546156682,0
0.28436885779648335,0.35888912016846086,0
0.058337929214975034,0.03421224909669533,0
0.17085173159094344,0.11604865612850827,0
0.15910323481401187,0.06583657962197509,0
0.08353280251007542,0.07068323024806589,0
0.03715790685766934,0.025094126346737154,0
0.0394244604603825,0.032317351205332995,0
0.1258882823088356,0.12362048026738354,0
0.06006111231533954,0.05839597523099332,0
0.07598467392160144,0.060257818256176536,0
0.026597316507115547,0.011290800772156625,0
0.14424380936086217,0.19551808139632848,0
0.024847259606165812,0.014535075307860057,0
0.049082414605151795,0.04082362793901652,0
0.16445006729012623,0.14733068014763082,1
0.01800413505840629,0.004232562186600321,0
0.9664078200187644,0.9978822700432274,1
0.14190258978840425,0.1081377417138752,0
0.0722260702153719,0.07178267028523248,0
0.04318271173940143,0.034578223480340134,0
0.9617543583188145,0.982116426759684,1
0.3208641589440931,0.24093637603543208,0
0.14863874147418923,0.1876516673866765,1
0.11102728455834418,0.08187573683767063,0
0.11074235482670064,0.08411390774201516,0
0.13035178483098173,0.09971383325930847,0
0.2496363132034212,0.36833832623746643,0
0.0750629977464633,0.0982403410780718,0
0.1248980717852709,0.23370905465087805,0
0.043102392608172134,0.021145935711243864,1
0.08052371246541515,0.15568872734682218,0
0.08054266251025136,0.1313215380060615,0
0.043612944984129945,0.0274221899407707,0
0.029765234055183578,0.002122915607468948,0
0.1553443579699048,0.16968868844533355,1
0.11571751019295938,0.07137319586123457,0
0.06397076847970987,0.049430797210956647,0
0.10619251590574884,0.030436013744903685,0
0.9716032032188655,0.989982763451623,1
0.008128571677036345,0.0009764480668339532,0
0.09148420213464219,0.10466587355004144,0
0.13310840522296322,0.11462005786969404,0
0.20029780316831847,0.2651988119188579,0
0.28907092799725265,0.28138111557201406,0
0.016278078632343766,0.01078730004130739,0
0.035613266775721984,0.03761034321770152,0
0.21773334830688532,0.16710264773296019,0
0.026321245978460417,0.00661436708346936,0
0.12729922532759796,0.10521058811133652,0
0.06593867291229039,0.01261561104138773,0
0.9476321385297689,0.9993279265858194,1
0.21440787282993348,0.17118719435886867,0
0.02685021256283797,0.0001778674032316636,0
0.05865803654565827,0.03984763055974402,0
0.07695218383938923,0.0994097052182684,0
0.15872752347017693,0.17554368047635496,0
0.8576605376700499,0.921899962494638,1
0.17399962405653968,0.1645738392587715,0
0.968436072065286,0.991075837430028,1
0.18871611437886113,0.17590575540129152,0
0.18559971291056596,0.27295573845333987,0
0.21805070100029117,0.2626156638000807,0
0.12793930748562068,0.11909754510669807,0
0.20888208781129147,0.18373841764053658,0
0.06326396998907588,0.05698055803560983,0
0.10557817485690141,0.04685150091598699,0
0.05028088764879296,0.03703219893046238,0
0.9828328573081626,0.9991296095881491,1
0.05164077306781494,0.04937895556715423,0
0.27480885274856154,0.28479517607038,1
0.06828981247709318,0.09532919316030468,0
0.04330959817679119,0.03636625708962224,0
0.23328945853570054,0.15606726855749184,0
0.01458946203659152,0.0038884873003968397,0
0.0864530251573325,0.11012936894760525,0
0.06757768026714195,0.13574955772981404,0
0.19753069209714288,0.18090860123659608,0
0.1557973723890193,0.22929224170894064,0
0.17161514771368544,0.067882826774801,0
0.13637065580881463,0.13811160821614765,0
0.1137177213884934,0.11949563740318637,0
0.9708145224632471,0.9798671975290476,1
0.07587163313166213,0.1025875535031064,0
0.9574808589232711,0.9733598560582588,1
0.10649125798083674,0.11848181552870937,0
0.13997794744256262,0.18974991925456913,0
0.0484636848855107,0.06294291628924548,0
0.016232346230081206,0.0023655800737910366,0
0.8750591964002475,0.8479035288324114,1
0.06922945566085224,0.05978267076560109,0
0.07997019958152202,0.07424801161800963,0
0.07029166850894046,0.07386256476668321,0
0.1766551913571654,0.16221992774724153,0
0.15829781793230718,0.21162122231130379,0
0.8349412457732052,0.9797308567720115,1
0.07592312680032921,0.061475676362820406,0
0.13058975823388605,0.11920921530515112,0
0.09465338202748272,0.10789690585222171,0
0.2308352486139119,0.3802076185141725,1
0.1200449844574782,0.10147636582542736,0
0.06277594612125931,0.08992525643209631,0
0.012660146405394318,0.004468282191138786,0
0.24049522065934162,0.13713347344436463,0
0.833422796051532,0.8512300114272482,1
0.0321935600418215,0.0012082213394023484,0
0.04765440355193797,0.03285569912196153,0
0.08788370635478694,0.0328513026664235,0
0.0354014362802215,0.011831416207253797,0
0.12027502668153418,0.12060456084513194,0
0.17068880108840886,0.16584464678429156,1
0.04065290755944566,0.029237414113795566,0
0.1669500377831498,0.16693138961787954,1
0.8287779112143213,0.7304826008186237,1
0.14038138382707085,0.12497324189048657,0
0.016387929261194985,0.002877937070903952,0
0.2442938410353434,0.19665876930221524,0
0.96799112849874,0.9738211361305713,1
0.2155220815806842,0.28294573654987126,1
0.24229212441343354,0.2339292440198351,0
0.22594065225237656,0.17386404040952388,0
0.021861557974013894,0.007379537779812933,0
0.012951378740391935,0.003129628349767072,0
0.02451108124473236,0.023781760568007158,1
0.09689595139324642,0.07920400636889344,1
0.41785906070530904,0.5784629002327242,0
0.06176365631055712,0.04984797736534103,0
0.9732394912941421,0.9909715409746692,1
0.8135905670196925,0.7830195521572855,1
0.22843804732232925,0.3417134235710995,0
0.19484986802220022,0.16391735794745096,1
0.0793163619510472,0.03959188655124266,0
0.19105708368464386,0.24287238482047172,0
0.9691662351130161,0.9895662730969776,1
0.06568117268621962,0.07706646865780054,0
0.014853483231763713,0.002268817948242033,0
0.1941967695837131,0.2007068661996249,0
0.14300173931395976,0.13556040770434266,1
0.2045934378193623,0.3211714216202647,0
0.023647950317315702,0.007367205406000725,0
0.06172064926107549,0.017019522966485734,0
0.05007516723913837,0.03170391436995036,0
0.09688887270850137,0.03192184916084952,0
0.09096004412668988,0.06565076987088947,0
0.09443825318732531,0.04560407351324239,0
0.01191488198781686,0.002854126463815601,0
0.18369641785633442,0.09837649177838156,1
0.18242909406313157,0.28829003178630735,0
0.0752511765231862,0.06650541707692002,0
0.9764272450142547,0.998264357314038,1
0.8991696146221491,0.9895033635088046,1
0.01575478656867799,0.003605569247978313,0
0.03233930623665526,0.030109970421956185,0
0.11296196988341539,0.11228663855586757,0
0.9689654528963977,0.9959661194627287,1
0.04942276436232685,0.029878807270508505,0
0.18311442964668878,0.0980369743181757,0
0.036359444203386215,0.03179744902045119,0
0.17613354548870605,0.21914704990776188,1
0.9748489797098938,0.996491964727143,1
0.2405806680784816,0.28683562373874927,1
0.21331072005864338,0.3180415490852661,1
0.17373679223669725,0.15152713451115474,0
0.03984160440898119,0.008543830414573501,0
0.9476321385297689,0.9987287436551054,1
0.010230155882913332,0.0016816522955274626,0
0.05157909463533893,0.03706718964692227,0
0.2591606309376146,0.40048239950185266,0
0.22665549270958038,0.2371879352531969,0
0.19997027965028064,0.20464428028504475,0
0.041891263872170036,0.024111741255672607,0
0.24791117099824225,0.18891663611058812,1
0.805687716723883,0.8914339297031664,1
0.12497038340881524,0.09848706708930474,0
0.14002153932158137,0.13541157898600956,0
0.12937850426956674,0.22445419442968217,0
0.2672625554954387,0.19385845246465386,0
0.23440802698062543,0.1962076699208723,0
0.9744489690244106,0.9959805219139538,1
0.037498564459060545,0.04431313662943635,0
0.1093701373111915,0.10777036084449582,0
0.07644352251710627,0.07567256738315203,0
0.030625902466350285,0.021899830494463975,0
0.958450192327658,0.9930607391574774,1
0.04721412533159224,0.012277640192784593,0
0.9690786845330704,0.9843078504439168,1
0.1213568077971712,0.10098260992959755,0
0.16710570032855088,0.16627985840138282,0
0.03946951344803122,0.019939692089687797,0
0.21358116427018584,0.250374124683331,0
0.1892144042515702,0.23993256319500317,0
0.0728770501847966,0.06647994585800747,0
0.9471925847419526,0.996690927548376,1
0.0377279373519626,0.00793238042612091,0
0.8619540011080552,0.9126105194926276,1
0.952379324576072,0.9773976820492584,1
0.8165536861151753,0.915581250345173,1
0.06868018914190474,0.09666951021138018,0
0.08332627020684547,0.03669497626295212,0
0.09047769872825277,0.15002922095825896,0
0.07837801428875568,0.08579223950726497,0
0.21575233071778135,0.17001400601021358,0
0.02477119491387057,0.012854137850634417,0
0.050518128164231985,0.044038323276283195,0
0.2757747426946275,0.32748494788095295,0
0.03685206101855184,0.018782199596044904,0
0.07376627249334894,0.05980991787964872,0
0.01974436342361452,0.005502733520303457,0
0.058909863128328965,0.026895397845955342,0
0.021583736494079506,9.036826238954926e-05,0
0.018111705187720387,0.0038855425250523793,0
0.10720845461985021,0.056205422692634184,1
0.10660429421000828,0.1004934472878863,0
0.12627445147579888,0.11103514078372079,0
0.3178992168095842,0.18778641040771762,1
0.11101151027559342,0.08194275257222704,1
0.8842375554167466,0.9630324804358994,1
0.028933107407471608,0.024106891423713264,0
0.05478048313594263,0.04884858482370522,0
0.05283848047711278,0.045926663390665826,0
0.2020310048801633,0.23125077976445582,1
0.16721950757413576,0.2110101022436748,0
0.976634383555009,0.9975910855788517,1
0.11212216185734801,0.08900584766091621,0
0.0319102892666592,0.005339994765337181,0
0.05293901831616551,0.04458833445145968,0
0.9458899377924944,0.997140539290373,1
0.13817766668002987,0.11954223567714442,0
0.23680776682647015,0.2699851214239854,0
0.14366728140384205,0.2188631387879708,1
0.17353277239512663,0.18709135135198235,1
0.18123284707308568,0.2741078202485801,1
0.030108400039450783,0.006728662083685349,0
0.20233971294668596,0.14958951171348914,1
0.8564148421376931,0.9442963228168411,0
0.3455530177068621,0.26071915060826495,0
0.049860918713413076,0.017229710249563386,0
0.03314662849239339,0.012913968593479637,0
0.1538327064489146,0.08718288464642344,0
0.9114634742456108,0.928948781951572,1
0.024372056938716184,0.007530832626810949,0
0.02831861065510493,0.014814766956742716,0
0.023888202856463384,0.01078128173797282,0
0.14304667490282563,0.16019077545613689,0
0.8726886358579842,0.9521607542945215,1
0.1363645605139556,0.11527322186546929,0
0.2630382971608013,0.24400388088749825,0
0.040970457970282856,0.020122717739847668,0
0.08592892263591398,0.03871052130921449,0
0.07936669725433071,0.08298888149735686,1
0.03623406474546547,0.04191173763937474,0
0.10440667267981772,0.1318673422337671,0
0.057692297978911886,0.03469182425720083,0
0.19083096387960585,0.264485751746256,0
0.08234564850292303,0.10929825459193213,0
0.05802255360366888,0.04111576232737807,0
0.07869940238910819,0.07364420185471288,0
0.06477455846011977,0.03876117133840078,0
0.25227423528119763,0.29522630044472176,0
0.0689729613507098,0.04126870230920811,0
0.10558234713136269,0.12866567840446172,0
0.2455072701543064,0.17526142463610597,0
0.034375507221334194,0.030573547248695127,0
0.12437503688643398,0.15059034526345685,0
0.004885624610517652,0.000726348122854003,0
0.0882130490116749,0.014366622096673661,0
0.09993868413857354,0.10540070056751698,0
0.1490418966370674,0.10008846374883427,0
0.1554942443469082,0.08299994237390597,0
0.02143767976253408,0.008655923011110931,0
0.4551445613603621,0.48428392577543,0
0.3484498886307677,0.19117236863584253,0
0.15191206801879067,0.15786357962412403,0
0.23236368163051743,0.18183680357482512,0
0.03583212810979,0.005775815012327188,0
0.9615777740203776,0.9754662765436245,1
0.09951819250907845,0.10252043238501876,0
0.031255058021042434,0.014009971701202798,0
0.8651426020075679,0.974644523807185,1
0.10748269042419066,0.014735852213873352,0
0.21800879902557985,0.1901009562933944,0
0.01807028691254602,0.005904859810743852,0
0.05082394384380794,0.045735132754163105,0
0.245210828341605,0.19556413056418673,1
0.09669343094506978,0.13152243684109408,0
0.18268659573967266,0.13503375713511953,0
0.026408172657281678,0.006201788475162379,0
0.20670797091741638,0.2088446057409823,1
0.037559933974113835,0.03993812641566521,0
0.0333167841824109,0.006514314954095586,0
0.9476321385297689,0.9991940294856843,1
0.07519963947365073,0.05282294655036491,0
0.0857347580143881,0.0733244390176889,0
0.04829166988077562,0.020043827029003074,0
0.055364464240835715,0.05212637962618054,0
0.09475034774993445,0.09591184323607989,1
0.7394530151333513,0.7957184550711649,1
0.06503398273716805,0.0792411563292547,0
0.06178813633753274,0.0421623049698775,0
0.0705197267508748,0.022945971479612318,0
0.11414943509063134,0.1219868626037189,0
0.229784497828777,0.2815333805711071,0
0.016174987915086456,0.005653350223543011,0
0.12521700074778194,0.0747181688198545,0
0.9705305037543346,0.9981452861372846,1
0.012741891634446745,0.0023539037121156586,0
0.08635705411704778,0.054119998416786844,0
0.5583808201484626,0.5591839373848219,1
0.17902865627420989,0.14874557495650279,0
0.9758038235813395,0.9905631284048738,1
0.03222885657640857,0.02526903494274476,0
0.04357245798422936,0.012958984153253294,0
0.04473738432070594,0.04388283886285446,0
0.0996185868720743,0.06990076965278871,0
0.1090599637094913,0.09192026888358934,0
0.12323206661717194,0.10864506315332083,0
0.0733118967631166,0.028967914018398856,0
0.029009797942768988,0.03472364436425542,0
0.186945698291033,0.37992014342017344,1
0.03292353033110742,0.0115591444303149,0
0.04818670716316783,0.03313100767858845,0
0.15402227470562524,0.2186642177453613,0
0.22100612095068128,0.25534031808935975,0
0.23901342812057805,0.417900446176844,0
0.026329349546317576,0.009890702929637805,0
0.039252977644422385,0.027956609183918287,0
0.23009009143954554,0.20983449330141754,0
0.9476321385297689,0.995742081782216,1
0.03190998076416646,0.014131508918829458,0
0.03301234207147082,0.021395975681100556,0
0.04678071569415061,0.014133351959275654,0
0.0759958997684336,0.05404574571469188,1
0.11580771229265448,0.15847279159432132,0
0.15567993172743363,0.1572650235429666,0
0.03316366709231342,0.039949632625502725,0
0.04613241450942713,0.02228843536135998,0
0.09460367987560019,0.06563625703222897,0
0.8987121179449165,0.9346513423343475,1
0.05351718211207617,0.03556679365999766,0
0.038694035740683246,0.011727121540916987,0
0.13113798739531846,0.07772858011224489,0
0.07098069798429764,0.051917397290257544,0
0.09699984035494148,0.06382995332934714,1
0.2124593145105511,0.2504813958053938,0
0.9608339329621872,0.9599881769686835,1
0.10916016226214915,0.07987317356225712,0
0.08397562736859276,0.08305283563092798,0
0.18089465675779468,0.17169593178179796,0
0.0450462903864503,0.017997886539022387,0
0.046148600197979235,0.04607564173500127,0
0.027759742120986135,0.010635936229535285,0
0.03397026626658347,0.031089448873539823,1
0.009100754855312308,0.0023648513269396696,0
0.0101853758857768,0.006088806159527887,0
0.13499956340018776,0.1276007648950198,1
0.49446814822842344,0.5847844887082356,1
0.044030761332732385,0.03016185123128502,0
0.027903882050999584,0.016121640462389588,0
0.04353419788913081,0.01923599110676186,0
0.12940295961367557,0.08458407687910616,0
0.015184811354976119,0.0037290016688727424,0
0.033142036078804435,0.01311765730124083,0
0.1000399070750328,0.11411286522444787,0
0.07371882444117484,0.011698438902720917,0
0.11469708805555526,0.1689856219140323,0
0.1793743872639418,0.18171771229719075,0
0.06379378317492765,0.04219613651614798,0
0.2125320039683631,0.2239344690475303,0
0.36031873857051006,0.33823138799442704,0
0.15777211074901415,0.14203822048737788,0
0.12863227057805662,0.06774601613877326,0
0.02630972911024412,0.041455433272288324,0
0.21939506627013713,0.18135973541475173,0
0.38636742023768533,0.3185917590058331,0
0.01474403734703215,0.0019917771914508948,0
0.8548057378188748,0.9205897194851002,1
0.025878464585710588,0.00403805737955574,0
0.9605167743484144,0.9839764575882834,1
0.9033121885193236,0.9623993150003836,1
0.1272911343592643,0.07585327882559051,0
0.9604534984040681,0.9863646294100157,1
0.1561475123217185,0.13001025495467777,0
0.013752199148006999,0.0036340982969581795,0
0.12223667144536747,0.2622670145174595,0
0.0660771492555336,0.06451931645901873,0
0.3195624926954587,0.3132026763309539,1
0.23907029535784005,0.2332940657247474,0
0.12040627420340343,0.07009591492861633,0
0.1631809635085579,0.08773183551183766,1
0.022232012317252994,0.0045579342753059434,0
0.1475225134821569,0.13076969220092344,1
0.12465140506075215,0.06079849535036233,0
0.058405104057938764,0.025175080845266675,0
0.26224492705267916,0.24868718689016017,0
0.12765623999668185,0.10394620431453727,0
0.6146666649544323,0.7911723308012224,1
0.22290649678927574,0.29610068373426673,1
0.02061423740096373,0.006843849322860906,0
0.9706291693893708,0.995336701835757,1
0.029628825707042443,0.0152693624558824,0
0.6655226826341192,0.6855325000859666,0
0.07139255137540985,0.08192265028637506,0
0.1645474321423751,0.11928433670890065,0
0.17333060392134617,0.2769057373576057,1
0.044625688845048965,0.0199857584950431,0
0.06351376325456891,0.07565914155246077,0
0.8816170615881009,0.9157779022473576,1
0.4539469629827433,0.44223352239307706,0
0.23929215816333008,0.5221518679479507,0
0.21823767475626535,0.4055388785588512,0
0.023486194248867914,0.0564992120725531,0
0.28468953434615624,0.2464204458619897,0
0.046355726708674334,0.027492773839072084,0
0.05059749625300901,0.027888926572458908,0
0.146101427467071,0.18122492503296292,0
0.6852499998868373,0.8135910278295627,1
0.02932263931327569,0.010761569467748564,0
0.007163314420033755,0.0020698641734860144,0
0.16873407573164553,0.1317709768252659,0
0.06595059593426907,0.07309863147680815,0
0.15717318388447213,0.10513436484595418,0
0.20896030369149676,0.22296688061652248,0
0.07074895894448845,0.04553918492251874,0
0.024926104445953622,0.01177181163442066,0
0.109435058585762,0.1266742599828657,0
0.16295954707815624,0.14526609144679634,1
0.18032549801037445,0.16182730995937944,0
0.04438704592674218,0.022013351611002728,0
0.1611718707167783,0.2217145432448781,0
0.18348269691409091,0.13711992295390407,0
0.30416705760568835,0.23844019562184648,0
0.20415920049388275,0.16566441384809985,0
0.8883971674257066,0.9306687879900181,1
0.037314577788022316,0.0389787592724175,0
0.17219779389409728,0.18861166276982066,0
0.05797424116373686,0.02557257951766471,0
0.09970115554718569,0.06787036915433277,1
0.05252519285005156,0.06546982924319691,1
0.04572386424922089,0.08274093144451394,0
0.056739179350943456,0.030053557157410586,0
0.017695356320361094,0.0020007447400106773,0
0.014057042225531951,0.0018705988123408307,0
0.024594856480570124,0.012050413717439137,0
0.16081643592332978,0.13151097168838993,0
0.2222775065966801,0.27418939150601096,1
0.9380672037847348,0.9976954219653931,1
0.19709409592417307,0.21808910313845067,0
0.2901837777089081,0.24588614162132952,1
0.3164775409831964,0.23010403285041736,0
0.016763183507779108,0.003117075260391069,0
0.09476053607268276,0.022503937369990734,0
0.035581410141715626,0.008673814014019116,0
0.24786185771937824,0.3689208227621098,1
0.08443501824326972,0.14912393353102138,0
0.08014131893887619,0.07186322468495637,0
0.014483316229201836,0.004881534096009354,0
0.20811899832772282,0.15696600997744398,0
0.11021602021652954,0.01861150992486588,0
0.16205261562150924,0.16279264993371706,0
0.14355540807004089,0.13155340048250652,0
0.04384089813103161,0.021725129116425816,0
0.07095221509521119,0.10033119481709946,0
0.028288460043085207,0.0020870323309467634,0
0.09481720560737004,0.08544722179060914,0
0.050291416609888694,0.03927965498513881,0
0.8195709412593155,0.9748738674903713,1
0.01611523946057537,0.015244422947001244,0
0.8785429028363401,0.939569018652077,1
0.24311154570076016,0.2554165569028782,0
0.2245208329932448,0.1924131576815935,0
0.030476385128593707,0.0054525601424509395,0
0.04611328450471375,0.05785356469386871,0
0.16128544690514704,0.08673295986697546,1
0.26559291429610155,0.26905971912732474,0
0.10590736677126152,0.07531891244852293,0
0.15896812497201665,0.13217417992146574,0
0.9697335745913522,0.9820047989393521,1
0.008395779225928606,0.005402040342888744,0
0.11717514613401007,0.1193396750199997,0
0.10732551162387564,0.11006475563203087,0
0.021563449838026386,0.0032706114481444912,0
0.10907958891126271,0.09855390498335391,0
0.05140348223453168,0.07012330722855174,0
0.08470542324616533,0.018247043639326246,0
0.8440668755369493,0.8655238899897695,1
0.13152770968797045,0.17919701793594126,0
0.1457422308499873,0.040170587086988,0
0.08302674700507666,0.07727511447134489,0
0.12497159814505429,0.11909052894143986,0
0.04378698524938398,0.015504830595061048,0
0.031414862074638214,0.03585291167597968,0
0.11325541553157598,0.15456746040953404,0
0.047211323810803466,0.03614068778946056,0
0.08349638499049795,0.0617522655321174,0
0.08696293341947163,0.036808242411422054,0
0.11939499552881941,0.05472780801153395,0
0.08034909389141683,0.07203656412069138,0
0.05793648170043654,0.03679496117951456,0
0.16668618113370712,0.2228835137824447,0
0.031158501806223024,0.001732753054460041,0
0.015549684117258685,0.002414876715903178,0
0.664569267402243,0.5735435638637074,1
0.1508353547165236,0.1333354212308192,0
0.11116769852809312,0.1018697355434374,0
0.23679793555339185,0.22803809793216862,0
0.03410771279316566,0.033233695221103796,0
0.07894135306019058,0.042206733589197534,0
0.9784788020734027,0.9855296174036654,1
0.21421219206878525,0.13366796991776891,0
0.9342273847282685,0.9860940649277633,1
0.039986038251535,0.04331217314529272,0
0.23298439703307383,0.17307659445682214,0
0.05123205592831558,0.02808223099311378,0
0.022556378105473535,0.0029733860079886,0
0.032383437186399494,0.0030853329175656308,0
0.02441496026437787,0.010223994463264312,0
0.1449253045158978,0.16169218121352866,0
0.03501866383217403,0.021570815020618233,0
0.022898598307104168,0.008751411476319491,0
0.12787227535347545,0.10565422711794369,0
0.10182094242887292,0.089211585783384,0
0.18671636886979395,0.15435809456524877,0
0.06916122160367791,0.05375261583443557,0
0.017296922348179675,0.002364748735764467,0
0.01121760260761713,0.0030163808058733554,0
0.2519075674229687,0.21961351476488333,0
0.0065570533701565445,0.0016923660910328222,0
0.016435668380312005,0.008667824259178418,0
0.023769000024204946,0.0009612328475492893,0
0.9489603443844458,0.9924076529663656,1
0.04272100978114048,0.055631892625752806,1
0.2635757905527935,0.31135521871034705,0
0.20996690852870264,0.16123930343928328,0
0.017225288590594846,0.0015802076855427319,0
0.19417413721200277,0.16750801345926783,0
0.9476321385297689,0.9993978073327784,1
0.025698602571838695,0.0006894416867116812,0
0.02137331370871974,0.004514372997099338,0
0.6235902908458869,0.8261393943117175,1
0.016793229011779487,0.0031328171720461217,0
0.23716670176986485,0.20239053227251466,0
0.16922812503088586,0.18049075427639324,1
0.12225284748823961,0.09377915059778635,0
0.2046465633831398,0.23462009235737533,0
0.026607707392845226,0.019181573901979512,0
0.9773754745479328,0.9913851237494762,1
0.22657583826587585,0.31881810576054886,1
0.11508970549857066,0.05872332618680291,0
0.036199972563094755,0.01059731006685736,0
0.14171848291809216,0.1341012386522904,0
0.019533331760819544,0.0018441524885786157,0
0.07558724947336586,0.033991574589050166,0
0.11438399586436929,0.0637451786361461,0
0.11485292719188722,0.12410746425281864,0
0.06963551971547849,0.127148472462119,1
0.03248746345611341,0.0033064136841444176,0
0.01831772030057491,0.004271554683043282,0
0.07216861411304125,0.03054764967224348,0
0.017230185386197475,0.0016339155661242184,0
0.057768420791578415,0.018535492279288673,0
0.20815810161490303,0.16302043652663134,0
0.2698075326036831,0.1709547185753527,0
0.015085346620580604,0.0012370585498837523,0
0.017052204060914882,0.0008031297498483522,0
0.3267632129668453,0.37890442158302284,0
0.10139233356080263,0.1618382261073798,0
0.014274927797845744,0.0064664022470608444,0
0.012580341225467388,0.0033583838005659204,0
0.04925923034458169,0.042604962349361376,0
0.2236961285333637,0.198920763827402,0
0.06153633719730913,0.06450479980678797,0
0.19451194968507657,0.24122978340272294,0
0.9780650273140415,0.9930596010852827,1
0.1416950133639949,0.12252609418506978,0
0.22283959264314074,0.26504784131896714,0
0.007317090443986235,0.0016825340110620517,0
0.06090958586421182,0.04693651012766306,0
0.025344829718819257,0.02459356286561309,0
0.27342971469054617,0.23216690485258218,0
0.012341977496451745,0.002948066095076727,0
0.22924414605261786,0.23137616976223124,0
0.23829049779118877,0.21833995650786792,0
0.07090193729839148,0.1105485347747907,1
0.9661103772972497,0.9901931256347335,1
0.04956786741124764,0.04105137159974733,0
0.1522106486189451,0.11431673413116142,0
0.02039015488042318,0.004858244783366452,0
0.7268208067341263,0.8979304213936807,1
0.12464409296082014,0.14692881875300146,0
0.0056383769611401775,0.0029741880289606924,0
0.12491642451227457,0.11981402017042318,0
0.11618768652186005,0.06834834436810755,0
0.013092333083122602,0.0007601607497632362,0
0.14961255842796578,0.168520759152453,0
0.025846077015552624,0.0077276295553121085,0
0.21746619221481753,0.238090318407387,0
0.10288805813444007,0.08674436865375723,0
0.08406427571741282,0.10444371476810176,0
0.05445132224330888,0.06470679008858966,0
0.025188687557626772,0.02734075145869028,0
0.26031675139017757,0.3511727138154353,1
0.01232495563033168,0.00238375442558814,0
0.1313780683979498,0.12095833423196665,0
0.11267230296167206,0.05584349563449767,0
0.12141873946942734,0.09388737976594601,0
0.07618143739173161,0.07578599274119921,0
