pd_lr,pd_rf,pd_lgbm,y
0.0002479056134284848,0.03851738418298097,0.0014031082881927528,0
0.09098052108095482,0.13491051253406983,0.08653197959419154,0
0.020496417258022627,0.09549402015331615,0.0271587206934878,0
0.8569930282454246,0.6875426708242911,0.8558464598277675,1
0.09808527457135058,0.18387107067050965,0.09571635721347801,0
0.21055278671493116,0.20642934582944655,0.28588322169621816,0
0.029344139304991197,0.1306743079630537,0.04524607669560957,0
0.9173193584930021,0.6549468658549923,0.9922846203167367,1
0.07723465573575045,0.1412212238167506,0.11051817914594261,0
0.39320369306116654,0.27660492592422614,0.31335087582368093,0
0.00972592395153902,0.046320002070202725,0.005039066506978798,0
0.16316205399216643,0.17114235475514566,0.16604177824371807,0
0.5385521913539122,0.3961610124352564,0.5187671347087779,0
0.3057408221328773,0.2084714193860824,0.24207148603755121,1
0.1612255308111139,0.16660246958695504,0.1512082432456183,1
0.21084498253181788,0.21479508476662482,0.2509122045082533,1
0.01502845283082458,0.062191871055889074,0.021316050855420172,0
0.026209900494264454,0.11278874162885355,0.07326899588515544,0
0.9101906923846892,0.6777721455479365,0.959677085184378,1
0.1423391901505311,0.19045208220970086,0.21071429635940672,0
0.0038518463435507433,0.0508257454642206,0.002808998814942065,0
0.1301958720597491,0.1547691745457553,0.13693283622066782,0
0.9142323686440437,0.6154748871675563,0.9916333274070644,1
0.09622276788088842,0.11850215739019397,0.07579710504798177,0
0.017965082894807246,0.08131595469103113,0.028244967027437437,0
0.10575179422907634,0.1670445201487636,0.13578495107390678,0
0.2794756002587987,0.21213347272023345,0.22265046878388006,1
0.6593100019288288,0.4742195406003834,0.677055089754853,0
0.183346818812356,0.20730417990741815,0.218452473736147,0
0.16593184336791195,0.1816636940631174,0.148746354625345,0
0.8743754040691438,0.5666307490101712,0.9801307513467803,1
0.0003214725338906026,0.07721926386656805,0.006941425673412008,0
0.013013036874866386,0.08096694792451102,0.01918132076155564,0
0.023011507303779596,0.08625723079857245,0.03095493336473968,0
0.11176013255727858,0.19136471732876056,0.13428710321506945,0
0.14855220686329126,0.1708275079769108,0.1720317728618495,1
0.0008128375318920645,0.07536330771726767,0.003616177143348636,0
0.00988983245615299,0.07672824434353587,0.01546277795232818,0
0.0771835764540843,0.12896764311061312,0.0824422294342926,0
0.057891698270723345,0.10668733661404867,0.08109721411847931,1
0.014609615058826166,0.05390640320823731,0.02022592486922978,0
0.037664300707680405,0.16470074662180617,0.08999232794083861,0
0.002095098186777642,0.044495484073221236,0.0028582434454840376,0
0.028064509204791647,0.16435666431173765,0.09284413059807615,0
0.11986237419287253,0.1868330664289785,0.12671662087914978,0
0.5391380459792586,0.3074764678928234,0.3577028952248129,0
0.061175518901825654,0.140885583868854,0.13386502164867178,0
0.04201487955814425,0.2113663253877441,0.0018113478859925142,0
0.06664739498917154,0.12624377890976862,0.07377444463295452,0
0.02419177618273655,0.14257641600996215,0.03986176028549047,0
0.04735223870393443,0.1489741678363815,0.11149252988649552,0
0.07888610082307072,0.11586435276176955,0.05505785894245965,0
0.2669004932585619,0.27082764861270636,0.0039220244331319145,0
0.16391721837406492,0.18787771855402882,0.15283864550457787,0
0.06532059167810574,0.1495569691337154,0.15699879745694523,1
0.0807444666829439,0.1381037425469151,0.09955999977142453,0
0.14500733986141962,0.16520795685839496,0.18355327330945695,0
0.12396493294331518,0.1694785162976225,0.15996847752315227,0
0.019907058966149343,0.08883008696997868,0.03392318902030871,0
0.1769088008253016,0.20024144580634332,0.18266753056438848,0
0.003295686717020548,0.0412467924849403,0.002710940168512665,0
0.14674610234590046,0.17255065919453896,0.20173761752758282,0
0.03558094689096874,0.06306442279447906,0.027511263223816588,0
0.0007348547844138106,0.14594586630854295,0.006100739275316126,0
0.09116763696181915,0.13011876912645698,0.08659177719483808,0
0.04978177152941198,0.17634317529728624,0.10626165791669588,0
0.05033561996238255,0.07592870124443782,0.04789368853808586,0
0.16988623023705637,0.18277372993805513,0.16774282747629338,0
0.0036439371040963772,0.04641235210845244,0.003013255160376898,0
0.01074747498964018,0.08918230024598944,0.01563333028948063,0
0.02030401514161558,0.12776990747552822,0.05313841035807049,0
0.003070237861832535,0.14527186027375943,0.004599982280204208,0
0.8098238402344797,0.4903081889882076,0.9470653416493986,1
0.5745281729212576,0.33986648528464325,0.5217050396378418,1
0.9728140385217443,0.6619468814041359,0.9969295305415768,1
0.03973619223728247,0.08921354019034014,0.04373441603043604,0
0.01149219168956925,0.044901629549976695,0.012128076794452486,0
0.10955258540393513,0.17223339502186688,0.14259215859616867,0
0.038412792874786994,0.15543039582049847,0.1304429816938951,0
0.10405954700793392,0.17133774895092596,0.16245359035039886,0
0.023657193824655035,0.13018130515868218,0.04683284435888588,1
0.0067264860151415,0.07812577954598447,0.007810037836660516,0
0.0006887080792235768,0.10850595877055765,0.0029320742757673064,0
0.259568162701252,0.2581843688525632,0.23324719798805352,0
0.3227398731974898,0.2075559661728873,0.20294791782048258,1
0.026662535059446518,0.07706969669907704,0.025541481299164306,0
0.038145207055799345,0.0693239811367335,0.026076122640702148,0
0.20717130614296542,0.18007698302901887,0.2404920859237989,0
0.004012828015173133,0.045188246789670865,0.0020940777728999985,0
0.06846491121856782,0.1244200998988909,0.06805602016494026,0
0.007398811580946854,0.06359662316114376,0.004936884300276365,0
0.002956433189385541,0.05497698353151829,0.0031572260469401093,0
0.14429978539798247,0.1723427835885079,0.12910520440473586,0
0.10273996976960512,0.12241662011330456,0.13706289238320085,0
0.03848516915829861,0.07885098969970018,0.04841977789641322,0
0.18937678531549998,0.1720302651260442,0.13844849050718672,0
0.7044727510484567,0.605813703285984,0.6898360207113196,1
0.15307235328126728,0.1992871835887552,0.17863132761711834,0
0.014096338430533765,0.08303323795567259,0.01913644514456985,0
0.21279951443800837,0.22246507693468484,0.24540569525546055,0
0.06945915194649101,0.13951059458425202,0.08000966115537966,0
0.18711769095439515,0.20636153844413596,0.2308347877662456,1
0.31919120157900777,0.21782254878973478,0.24301944405712703,0
0.7610563501179758,0.6026184730408772,0.9588618713703672,1
0.05338857676308839,0.1296135066779866,0.07831231013886092,0
0.2823035813484355,0.2061112932045112,0.2518247579845657,1
0.1520375856354692,0.1778517215309644,0.16345660047062752,0
0.010108345641677854,0.03900312707947776,0.003779354869929133,0
0.0002826643550308479,0.04678118584101173,0.0017087586010758556,0
0.2213974654324531,0.21960611161775537,0.2264579577568229,0
0.05575159030990192,0.15049280151385763,0.10614596975974186,0
0.17452111468731327,0.19607600399679898,0.16398962215821533,0
0.07235351711868317,0.14517296669319535,0.1612109469770592,0
0.027153797019449248,0.12370107111177951,0.04622387963653513,0
0.167209777761783,0.17211212600619183,0.16204567336543957,0
0.04186445237441059,0.08924790450419119,0.04975947070800009,0
0.1974625477600462,0.1861940430648026,0.15066996834734625,0
0.11698731485017859,0.1727273419911984,0.15174990430800842,0
0.9331868385021489,0.6419132028333604,0.991027496514955,1
0.0922178601130907,0.1380648958134629,0.07892684578384945,0
0.00906585002912413,0.0615813693181099,0.005939451654097422,0
0.9670189521826796,0.6873931334397774,0.988711416884586,1
0.057696069258304214,0.14594515215613266,0.14273721407337528,0
0.09231531475694706,0.1309046585083161,0.09353051929114979,0
0.01631871595444209,0.20845139774311738,0.010283142654380932,0
0.09378641928771192,0.1411459634893798,0.0869612758002983,0
0.016694281971510013,0.10996934046621215,0.030778841712886702,0
0.002335958073971689,0.04106377297354208,0.001229062295366421,0
0.3308071076922362,0.2084292335617647,0.18957827356289753,1
0.041075841133645805,0.08815993401475727,0.040270256629365904,0
0.0821323944841885,0.12292215888566387,0.07980822509024228,0
0.03520252459524946,0.06311513016462587,0.028479651289958434,0
0.11551091765178492,0.1412483808601662,0.11160105697759752,0
0.21329319201315539,0.19728203067753539,0.23694377598400362,0
0.18378411684425433,0.19087665312858404,0.21479363617433722,1
0.014014178178710507,0.10795814685234668,0.03354574030182343,0
0.08337429317036646,0.17125714527841965,0.10392971388238588,0
0.043914260893538754,0.07807150998191154,0.04778044371140384,0
0.198499902501273,0.17649630435887861,0.18948602718635418,0
0.011626258019174808,0.05374091804425164,0.008318516228740793,0
0.059438971861142,0.10221937244066716,0.09944276999028007,0
0.011107173744801023,0.07860455402975573,0.014391536426865982,0
0.02919121247828032,0.12650031220597646,0.060909685134632977,0
0.012543170385760683,0.06344023013386527,0.006481959715899688,0
0.0033832653268551995,0.042497837662865835,0.003072983261803121,0
0.9860584608408515,0.7060681774811244,0.9948587406145926,1
0.049033025875771255,0.0819364957260061,0.047694120487359236,0
0.496965218105234,0.324947431508069,0.031069373179064254,0
0.1928339633240215,0.19123510975828498,0.22425141421792671,0
0.06176149757724974,0.08836699221790939,0.04881663962514188,0
0.0819399496112568,0.15746088304679595,0.12131433408366957,0
0.010440563367022003,0.06109874079605277,0.006276114167371092,0
0.04390828528203692,0.16011127961095564,0.11667168404228088,0
0.513617684658965,0.25118333418223704,0.3029657513860061,1
0.04366518691144992,0.07740705795421735,0.04109742023130307,0
0.2120863668547445,0.18811910944092217,0.1376713205390097,0
0.05260164820941983,0.06974070401453476,0.04201791375474905,0
0.9019962280682671,0.65248484175871,0.904815374832121,1
0.20802105730548348,0.21668962369765535,0.22504547430392913,0
0.9605814755204343,0.6861474454165705,0.9960202890219633,1
0.18188539203825385,0.20827297700179126,0.18862426458300152,0
0.10973458029819434,0.177212805470893,0.14064139397578124,0
0.9605545275937571,0.627735804707478,0.9964221237706993,1
0.08064696114904912,0.15560006507775972,0.12100393601872447,0
0.09966069781540983,0.14145227656380363,0.07787284615541754,0
0.16779719522539613,0.16718740718968464,0.14887543149278332,0
0.05075427687074878,0.10646643048525525,0.0600388082277409,0
0.012159321952646417,0.09800444109879777,0.03654043895095681,0
0.08597981690160324,0.15438621097167676,0.1376521353797286,0
0.03383143006602279,0.06805618604060144,0.022731038045291804,0
0.9349173212198559,0.6716588262836273,0.9931109485383794,1
9.619902374853647e-05,0.03633178630041853,0.001059232566518785,0
0.08615771715829368,0.16135872037972968,0.10574907467717906,0
0.1505568132658298,0.18145018706911753,0.13983879896873116,0
0.2721033748156649,0.21368241106004024,0.16668114854165347,1
0.1924063553976495,0.20802567288686205,0.17045073497914243,0
0.836459274833673,0.6599996870399516,0.8961200612777761,1
0.015382933224175747,0.11617109761921024,0.011811546486464592,0
0.11420377687349309,0.15872626627323905,0.135068423209273,0
0.05018490317946386,0.1455226494870399,0.11631929498768753,0
0.05297671781860189,0.1764675070016918,0.09922158490198746,0
0.07479956745081076,0.1312776060713742,0.09284116672030797,0
0.40902462167063475,0.27786331184793145,0.2922087103307863,0
0.0288644737854291,0.05426280397166494,0.01829171810397079,0
0.2915121447521406,0.2219298215181579,0.1888363376062368,0
0.045135594271873684,0.15954946621419808,0.09092491679741414,0
0.43080613576034194,0.2528114283487263,0.321252938071738,0
0.14527934208528975,0.20587398532595458,0.14960837652435696,0
0.0017217136215769704,0.0433270332901591,0.0013578708629938701,0
0.009949657992768613,0.07165036980486922,0.009131114008285241,0
0.010442114609973427,0.0526011670273142,0.015248231292780818,0
0.023389339974791246,0.05854964466083394,0.023200690663879326,0
0.00020054776424256114,0.08758337571531598,0.001563829155557091,0
0.010305034897756091,0.042962094698633255,0.004571225088697355,0
0.34786238743565046,0.40543761898733954,0.36420656883026037,0
0.003959954032076403,0.039547036642400675,0.0026720327319658672,0
0.07997299471812132,0.16054750883494304,0.19151588698201258,0
0.24957816453084727,0.20555174817457456,0.27363344521563343,0
0.002664517012525817,0.04040423797788234,0.0026302218414710797,0
0.009630063682366555,0.21591444338389174,0.08488549228191423,0
0.014739662684338305,0.09768635518713287,0.03444155535261417,0
0.3111633511932892,0.22819185960932806,0.28439483203141974,1
0.010528543126147165,0.057597960695617345,0.006086936064688012,0
0.005702469481633835,0.04947661634415388,0.0022555764184470405,0
0.02822771217412664,0.06549867396437876,0.02644980423282777,0
0.28680085779642406,0.30285718337403794,0.008769475458315119,0
0.0031090342865763916,0.04294358415186512,0.002249889661967668,0
0.005245314743148476,0.051986030722906036,0.004958684624249324,0
0.005545214246960416,0.05983661552113198,0.00395387122769988,0
0.002190247191144597,0.042174574755751225,0.0022300146202897096,0
0.3042995445549118,0.2643134288592517,0.2761280041567282,0
0.9463875051722576,0.6931783402065828,0.992512971590758,1
0.7824130338158652,0.6091032736716865,0.7589037935661218,1
0.3415682699642607,0.24239764867425767,0.23222811737400614,1
0.0019772024528712543,0.1574360058312846,0.005166136126272961,0
0.09807672573603514,0.13012620781436188,0.07398578298626599,0
0.18455050599535394,0.1906036363539694,0.15338051261319682,0
0.8447002927915043,0.4756271441510294,0.9849620500809829,1
0.06255067906755805,0.06854335007594514,0.03269077886108533,0
0.9687266855077677,0.6968483542151858,0.9923827351949212,1
0.2090662525330436,0.19692983570698508,0.17319119889346427,0
0.0038387223254111955,0.1474443439278781,0.005501669374808411,0
0.0547910611826322,0.09109229774264328,0.05747587356906247,0
0.20024977090117055,0.28775955632795186,0.008125098343241087,0
0.11143039665545926,0.1620031229866329,0.15986155997349064,0
0.0014456029235735332,0.041782555568559795,0.0010567113261401489,0
0.14912466731258503,0.1821221203027675,0.14360597800410838,1
0.00918815380826603,0.07607985596843131,0.012962223182279992,0
0.07666886780958657,0.1444009441467884,0.10234624011159905,0
0.12021058981045685,0.25883348500313474,0.011667066312338882,0
0.028474439918641258,0.13905995130897125,0.07717718328260895,0
0.11987977454621287,0.19568674543509304,0.15898340919383666,0
0.13829968200768414,0.1884583916152332,0.19031607568084555,0
0.005068011933070668,0.04055122279414429,0.002324629096307495,0
0.1100307895257977,0.1661613348144986,0.11804317440718591,0
0.11805766742664636,0.1423097677391429,0.09187924276162732,0
0.2608945176077811,0.22084720193363183,0.20286244803426,0
0.014739747348613231,0.05936163640588477,0.017360741987783056,0
0.1401037534377848,0.16500677522307017,0.13328266001715774,1
0.03598939787050146,0.07068569953887834,0.026048326637323958,0
0.04940895121438147,0.17517480424024304,0.14694730882223342,0
0.05835802555284313,0.13922864483613684,0.08459101048089594,0
0.07560864222157872,0.16307968865679043,0.11323764126564548,0
0.06141973462106682,0.11412358400955278,0.06399493425706898,0
0.010372736492577932,0.09006613250397999,0.009402349551684175,0
0.08131510940558548,0.16360980110637408,0.11261044473546912,0
0.01099657673400494,0.08443334084780077,0.03725811287571307,0
0.1673729487655738,0.20518993173243183,0.16584266709041864,0
0.059555390646479134,0.2110105065719385,0.0022656474811577347,0
0.16142613899221142,0.19940186762471787,0.22078859027687048,0
0.010776534070993432,0.07244046017308466,0.018510759448783436,0
0.23058978288260454,0.18632069630322956,0.1971982715728975,1
0.16813674355250138,0.1736659699741096,0.20988786666120604,0
0.7692949333948448,0.485608737043037,0.916307455328355,1
0.010427690750854831,0.2418814098417774,0.033124180722359176,0
0.0745342747098687,0.11810454899771611,0.092593809935289,0
0.837362712157732,0.6930901139475958,0.8860806368449242,1
0.04734323000506546,0.10618658215134627,0.09431391880736406,0
0.4589839407462819,0.24995079212567126,0.3271624996695099,0
0.0005930732971629423,0.05680221730272862,0.0038573107984811047,0
0.020511682588025826,0.05310801967623196,0.023814829682782226,0
0.94723902925734,0.5993076044467891,0.9880473203179441,1
0.0019408722704484082,0.04094467257058601,0.0028971959973816985,0
0.2515665408385722,0.20429437658982944,0.18168757757232595,0
0.013520026981701697,0.07214378501148276,0.006339536581753471,0
0.1402959876469831,0.16743274708241054,0.16807077672332665,0
0.1685009386115871,0.1781844077887811,0.15735449242071683,0
0.1081505705071543,0.15213846473171416,0.11222459659206026,0
0.686566083135537,0.5807223106250828,0.6985475790090335,0
0.008500919242951169,0.18167622284619053,0.05240952669455134,0
0.29971905029115326,0.22983518462394534,0.24414165124538512,0
0.022609392065049052,0.12788561060067827,0.04458834420212262,0
0.010329650334792377,0.07609108326796307,0.012134504471733792,0
0.21952043026573387,0.18994985122762176,0.17244894161927055,1
0.9164407600983656,0.5763563246715513,0.9803824239719504,1
0.010723527409072692,0.0694170955682241,0.007106500122655817,0
0.8558722384509646,0.5301004088700888,0.9577858040791597,1
0.263105812373198,0.20560042934359973,0.26761398279895326,1
0.1835521537966101,0.21038475845417973,0.1866459185507682,1
0.45924065362649735,0.2768065100444751,0.3519588571941043,0
0.0011142772976617799,0.044120229241578456,0.0006899621515683589,0
0.21709061161815613,0.2198780875558536,0.2322867182524411,0
0.012582342725640967,0.19518290562898669,0.00808172146105981,1
0.4104940515499556,0.47060259712601576,0.5565405844759066,0
0.009880560091154903,0.062216606815703124,0.0056221492018499845,0
0.09375907975747041,0.1482768911993481,0.14185276878247047,0
0.08383041282329641,0.13124141133208808,0.08618879075294889,0
0.00023841497748916388,0.05060065389989449,0.0009497379929269888,0
0.2100473088886538,0.21764066335119311,0.168372725265875,0
0.04030398217075791,0.14586753402506833,0.10966598665442784,0
0.017240929336541255,0.061391602647169266,0.015918228268652104,0
0.07735292134652007,0.1623808292050458,0.10354960208298193,0
0.03418144478374633,0.06867655788612591,0.029337748935559738,0
0.5385263869435694,0.30309858865083333,0.05383471601268775,0
0.0986136288659219,0.1688874277921377,0.11915291975832504,1
0.33493958099130017,0.21198015117525507,0.23870509830350178,0
0.025394415449274017,0.06798249481487534,0.02816367682372952,0
0.20322859802750168,0.20200491082213523,0.22776874883312545,0
0.9277003308161411,0.6689597879462403,0.994168151576274,1
0.7232172205636108,0.5933838630941147,0.9637130674427846,1
0.12732877432814477,0.1680753967449588,0.155572210494296,0
0.1740054721370799,0.1703857796174571,0.16603547295211496,0
0.7775634376506001,0.6034833366800667,0.8676603636359479,1
0.20455594619694215,0.20304076060053966,0.19828964030041363,0
0.05686737155534439,0.09873552889260996,0.07175989375307855,0
0.8277065678933379,0.6436020717177512,0.918690817005825,1
0.15816899113603142,0.18287004894138847,0.2175589563998215,0
0.24673496727372202,0.21865081304616849,0.23169191959052107,0
0.0014717651962080967,0.13206828210342583,0.009950749179774185,0
0.2847920856027905,0.2311150391125266,0.19543759846643793,0
0.9626986302849855,0.6720787849072246,0.9940120679722592,1
0.0955646373866075,0.1377064447253633,0.08598318566468409,0
0.0129828264515709,0.07838641547397349,0.007967400424032193,0
0.45034378856740265,0.32988121100593126,0.1791260356539827,1
0.8294190937766971,0.5283235982271047,0.9286648122075858,1
0.02353521324712828,0.1080142432269693,0.030959773431193174,0
0.8634859294476638,0.5894846479965965,0.9449552439340728,1
0.011207965157620844,0.06856129729938465,0.007783268588437188,0
0.0030950938879837756,0.047868559783384876,0.0012327614430234877,0
0.8141884795557083,0.4957143477599565,0.9200468953503637,1
0.1386627519012633,0.16161291191696958,0.13023217990654534,0
0.8235566482206997,0.6189107355581113,0.8742853331431814,1
0.8715671435361946,0.6051652499521859,0.9804317377429442,1
0.42918144115474854,0.284953461197512,0.26073979643214534,0
0.3631851024127454,0.22874862727823891,0.2740013945683413,0
0.00032437619019475326,0.06336416484803448,0.001866985653369556,0
0.1299296731409745,0.1778232941393606,0.15093057116565672,0
0.06915064250486926,0.14674897641254853,0.15347052905066041,0
0.8866086320105772,0.49912587249731877,0.9661894842333688,1
0.15281190031258354,0.18049234005332143,0.14614551959527433,0
0.14881023684801684,0.18000266362995695,0.15400377896446596,0
0.45970424397047693,0.34044903865250187,0.33423799386692526,1
0.15537269873923742,0.18178667880896565,0.15119769361532065,0
0.128502895105706,0.193497372900609,0.20081909034724382,0
0.03147544997375635,0.13867011230931117,0.07294306749598571,0
0.025776523586452944,0.13110907669100197,0.06518701857392963,0
0.03027661467978449,0.1519939435322128,0.04152305099749982,1
0.9877451160590773,0.7233150306066733,0.9972902815998993,1
0.14647022982723312,0.15300943560020505,0.12346403631629015,0
0.009017525966830888,0.07116204761474576,0.005802459022768499,0
0.018179228152667787,0.11712430804340994,0.04544923548185528,0
0.1257417770448564,0.17347643150645178,0.13404723833026744,0
0.06498709959119942,0.11617643460696189,0.09768412840408784,0
0.022600089272070942,0.09158374341234089,0.05199164232620871,0
0.11952336910237188,0.213649541664114,0.15537270568789885,0
0.0027773346451358473,0.043931905930598515,0.0019006632466597167,0
0.07568109010192879,0.08510693699759145,0.06339537056537038,0
0.2642072820695869,0.2145046903619359,0.25166664049266874,1
0.04172439140568699,0.17492296543831345,0.09783395293579686,0
0.2546559068454771,0.21683892748158934,0.258748127544646,1
0.035287912967620204,0.07893618056758968,0.02659228819314694,0
0.002472991637504146,0.04927089125922064,0.001991195764471496,0
0.22823899021176472,0.21944095494239899,0.2063114022013727,0
0.10460748044448663,0.1717866172141414,0.12666670697213742,0
0.02231307644933003,0.11812409828165334,0.043372742687372505,0
0.017964231864652673,0.10078216057549372,0.04385942511725215,0
0.0012208619576529248,0.03825536661228861,0.001379427055280494,0
0.2532144739540271,0.32121169966993884,0.00994765471364081,0
0.013630440014065152,0.061142345612971286,0.01894642710307962,0
0.2417878321180799,0.4130722883912861,0.08955727790445052,0
0.27590412136004594,0.20810213845756673,0.22735579098233005,0
0.027209606918285768,0.12926267482638554,0.05052169069671777,0
0.017388489147382554,0.09563514137264655,0.03852128568685502,0
0.0039012731877129674,0.042322319871768585,0.00235835267530453,0
0.11973209589535995,0.19438104030130335,0.16632053535319288,0
0.16982237411492493,0.20180041650627506,0.20846819029728375,0
0.010420088112693977,0.20126970398990773,0.011852390751442883,0
0.0005907379300106424,0.1126944040372119,0.0156417059734954,0
0.2709551108738079,0.22494888960411416,0.2218207960339113,1
0.037370154922360704,0.07319032420944062,0.027124899659502395,0
0.6941541083493653,0.5136994896411629,0.5667613656727253,0
0.16478286712928,0.19616493683080632,0.1530703148603903,0
0.9620490975469229,0.649743639705927,0.9956788131067822,1
0.03047502666666088,0.16482290096890798,0.10653646901026421,0
0.014314053600466442,0.07976284458859333,0.02488305140104541,0
0.3153976864795467,0.230134813958273,0.22682442925905205,0
0.10422213334701187,0.17500155168215537,0.14490447996599456,0
0.40276471137329234,0.26676366943792185,0.29997516125002954,0
0.10822106244141037,0.16125862695877397,0.07811096427771776,0
0.0003311692494877324,0.04219660110439914,0.0013203103494333142,0
0.051417895490080856,0.1146408968043564,0.05172105857647937,1
0.6078564847545549,0.47879144794780104,0.4579896321553323,0
0.4989041000645795,0.2785585499644347,0.39458215396643437,1
0.9825581495087452,0.6917014789323027,0.9928158959674486,1
0.014348975831472727,0.08098455513468054,0.02320499157193329,0
0.9410249424457169,0.6441165470105501,0.9947350284167273,1
0.11685830337445836,0.19796891019818968,0.16844573095455131,0
0.8905098604475365,0.658836986813784,0.9608109555846014,1
0.13027136837889353,0.16561754441196352,0.20695880611915365,0
0.06390824329832473,0.08883334303879407,0.052235343959555196,0
0.9511151780299576,0.6281660896879809,0.9914206758937144,1
0.0029499718407120634,0.05438949585132199,0.0061247792655228644,0
0.9916595724083276,0.7033946588972835,0.9945668538394485,1
0.014197422308670047,0.0923277721021259,0.025868069416274984,0
0.10412754409976963,0.14209272786604132,0.09302506215318779,0
0.1447188097341581,0.17581172395705438,0.17556602965922508,0
0.08297555180630856,0.13473054018932634,0.12458851281562698,0
0.027446336862811702,0.13784861534400886,0.028902427792097344,1
0.18394347437012246,0.32535452453293656,0.01879657577297775,0
0.18189840841532168,0.19101748566147297,0.2422434879219741,0
0.08458939710758369,0.14198911220892396,0.10697868487153978,0
0.8747162564988443,0.6296131932435345,0.9822092065986773,1
0.015340942991331536,0.08056555413030524,0.01789740208813987,0
0.014310889097439375,0.11306468132709718,0.015556127769256786,0
0.22724844209477202,0.1967188297674234,0.16553706047507605,0
0.9782342707633895,0.6862735973312125,0.996345603357537,1
0.06276675513861196,0.10963429905316877,0.06506644415629954,0
0.9892557365497093,0.692169827077089,0.9980037555485067,1
0.00025539477868229154,0.06476356237607418,0.001900695717655811,0
0.27872655255296863,0.28119922614778764,0.006251025343859202,0
0.13186826134105112,0.20572891144920885,0.18891473237899326,0
0.47231175776061296,0.2787638190770342,0.3039932634043135,0
0.2672006709807725,0.25300800224924547,0.25704276274622584,1
0.9775960101316076,0.6921908046801154,0.9976026175556129,1
0.06799840548829932,0.1080773381218819,0.07867202543300662,0
0.05940029597583964,0.07856596135769985,0.05683806221876028,0
0.8689813344332968,0.4971021651896326,0.9839857508090951,1
0.224773813256082,0.21868564178676334,0.1658342323618602,1
0.011553750758141527,0.04657584195925927,0.00720349613066822,0
0.10078878092548801,0.13978203832152142,0.11194694290008227,0
0.785632672847675,0.4852104184234513,0.963329720211014,1
0.1632993857637786,0.17934015532075295,0.14252921193964238,0
0.3669490173612926,0.2611409083743513,0.26213812240136686,1
0.2221834933164163,0.1944368427009987,0.24602454508788893,0
0.22645434540833942,0.21470945264199665,0.27855967333033643,0
0.02189286126271948,0.07145246413712442,0.024038922109145745,0
0.0019287906221600994,0.08641877828785835,0.003874453267645374,0
0.1886238994609614,0.18938467019219074,0.16225308934506583,0
0.2227329395562743,0.20103105468316299,0.21073271859660503,0
0.7541496770550136,0.625636938923225,0.7633886032200242,0
0.13613029487944328,0.18382855426237538,0.16224089796664137,0
0.6472006119805773,0.4567212016831606,0.4505505300749217,1
0.4852577298172828,0.319892438348118,0.02200961122662951,0
0.00018104445953210898,0.039732181381050835,0.000646157781026774,0
0.05207195004055231,0.08390470944412934,0.04996598513394592,0
0.01454949185322075,0.049336045634283524,0.014327382184551155,0
0.0037267890225414,0.04411283869581884,0.0017802294623044492,0
0.0628505962681882,0.12421862938885607,0.07277650038391688,1
0.1300328828258136,0.25686562457689577,0.0017321508087686662,0
0.39450445485114144,0.23774482384024168,0.2768842238276157,0
0.005069249486430696,0.1836621903329402,0.014972442810659412,0
0.012556199419309938,0.05585575609391901,0.020353080961659754,0
0.04996453627867335,0.13372309411507727,0.11156136824174859,0
0.010225707819436212,0.05508207072644826,0.00530360483023129,0
0.002804353337279019,0.045393866086996554,0.002667065334439412,0
0.07115798898778862,0.15041407387431305,0.09434486353592045,0
0.03322609692177369,0.14098828942095976,0.06711567253641967,0
0.10002124828164659,0.17833404040528514,0.16472211547198484,0
0.05313017739490579,0.11970732900279418,0.09698767631021248,0
0.24666753873185648,0.20923518492331403,0.17066152879596863,0
0.15546935262053826,0.18928814166151747,0.15926025599615695,0
0.02230987578029666,0.09836793527355585,0.04139080136447587,0
0.41101025438088096,0.23125446332856614,0.25655216583339474,0
0.013618244432418686,0.06854290000825232,0.022317569479876044,0
0.01380478012352095,0.0858330364295113,0.02828409475569111,0
0.016487839327658835,0.10091956875938718,0.02314022354615653,0
0.4348498987479886,0.28620615446728986,0.279785988419452,1
0.25546934609376526,0.1943826467624328,0.2358295891052943,0
0.062372103407009646,0.10959945490833864,0.09525538340355817,0
0.10202472372566931,0.1633778606790226,0.11397063755037627,0
0.01287954359789447,0.056532455638524444,0.0054343112786758045,0
0.40105120566136726,0.2635463372246154,0.2288704695978148,0
0.11395534755548554,0.16185450235967103,0.11548313472049258,0
0.09608893113685653,0.14507493759483608,0.07216147386662623,0
0.8815834229598528,0.6020558239047648,0.9921322345722497,1
0.008347419148933388,0.19168401894862866,0.007593791339571348,0
0.3003421808575451,0.24817010254930894,0.30050884005908896,0
0.14858043358996728,0.18701102165656627,0.16356053753085728,0
0.42979701275212956,0.27320336939107853,0.2810880028612397,0
0.5829602855702509,0.3075431287850401,0.03887669346775757,0
0.18968158258421672,0.17640918557781127,0.18998555998531447,0
0.9154596059992695,0.6078803648229588,0.987007657564662,1
0.002947416368549773,0.03992120231352568,0.003289350501658375,0
0.011564262713432596,0.07796660651946986,0.01986404139488241,0
0.012557520097500793,0.0515466874283219,0.01708581778436779,0
0.037754097233433946,0.09923527422364686,0.05824554280186795,0
0.2908558846276989,0.2224247611169952,0.2071105877293637,0
0.9708203003932501,0.6636916435349931,0.9960731828564777,1
0.9397004175882473,0.6571510171941246,0.993074686022799,1
0.6596648206465568,0.5800624689559416,0.6084557288833127,1
0.019161424872675182,0.2315581974562069,0.03520333168924701,0
0.22654154483068678,0.3144638234308333,0.007423015633577507,0
0.05666151029382211,0.10531315923716723,0.04744300919024768,0
0.0195515949736282,0.1356119647389958,0.0498591058741434,0
0.2314496574241777,0.21417493902939447,0.20658704070751305,0
0.026203291873423743,0.13869273109101607,0.07175271903250599,0
0.2549142097761102,0.4315298726660408,0.08654622391670279,0
0.39149855009689105,0.2511196064732245,0.2886498045114049,1
0.028101519060462037,0.10445149614706414,0.058042772821246966,0
0.16316173346281992,0.19921459047994355,0.20764842089456692,1
0.44625889828014853,0.42434647868861974,0.6194650934991357,0
0.8069489586002063,0.5110263954592663,0.9364034743639916,1
0.1292198309769526,0.16216131084660024,0.17794450617239987,1
0.1381434407089156,0.19602567213339883,0.15881490395896236,0
0.028590667854299208,0.13487442359252882,0.0882329871830263,0
0.9374349833250659,0.6439483946250132,0.9897908335268041,1
0.9721906730779746,0.680239620456471,0.9931157082974302,1
0.0027178391024043408,0.17773205100232492,0.020058337145517323,0
0.2379117223781073,0.19849671281130601,0.23429398510438185,0
0.020386411014647998,0.07280208011251335,0.033717638020666754,0
0.07869431429165513,0.1233857375787902,0.07435626702142206,0
0.02839561217755748,0.10552433885305,0.06968022363640215,0
0.9447123202116771,0.5772510236625107,0.9944916234942788,1
0.06632951794746339,0.12716564696758606,0.08311109569931044,0
0.0006115728727734918,0.11461122658372419,0.004145327152228567,0
0.038289161600187145,0.09236114299288793,0.04297576760930918,0
0.16231693421016102,0.18797157972905632,0.1873362252682518,0
0.041663997536123674,0.08253890895024771,0.04467584782001165,1
0.03689456733801483,0.15584039248861623,0.06363818288288467,0
0.9155502586148977,0.6367240819781596,0.9863069483364277,1
0.9386497118853743,0.642171700411086,0.9944216173074266,1
0.9897435722709433,0.710017486570987,0.9986774334554207,1
0.30547185176275055,0.22803776178128918,0.187890280110161,0
0.18804480993155595,0.17690888811614247,0.1506349190059177,0
0.1722827992027561,0.19562954013277023,0.2109955485175114,0
0.027797196130000923,0.13184819261089195,0.12162009852767869,0
0.030476515987487133,0.09467134182239996,0.0547370513573159,0
0.37495641429993487,0.24546884267475208,0.3030323792625927,0
0.20222266219605378,0.21044822035472074,0.16348782518443275,0
0.05793985930742679,0.10558830138994701,0.04640429883336294,0
0.3146298371795789,0.21448074618917862,0.23605081498243444,0
0.9840581189316385,0.7361770816850055,0.9970024875324317,1
0.05384193953446191,0.09659629706436541,0.053021542045737016,0
0.057287113706643376,0.12556833679040436,0.04944672345450304,0
0.01987967295254156,0.12649260552980413,0.043087416961576586,0
0.37383883427994585,0.23557591803310782,0.232641220370904,0
0.046051574097434024,0.10438793194162137,0.054288868044318095,0
0.6155201164713994,0.47136379306601756,0.6513922576394346,1
0.04448678574961648,0.10584016041362806,0.05583809342490999,0
0.7017008972757287,0.37698225862511375,0.6017092146283857,1
0.3398500126617644,0.23950912656467016,0.21379402861968827,0
0.4037842749540662,0.24742213744421088,0.23766906762452883,0
0.2541194557980446,0.2288226143236439,0.19675664297715423,0
0.09988067069719976,0.13819375983824872,0.09073337903117673,0
0.18064555639344151,0.18930272881532811,0.14505972888876983,0
0.0073607280510955084,0.04418141501631904,0.005476422739203128,0
0.988064223715389,0.6880068995910961,0.9986435724411539,1
0.019118979681573955,0.10700775903735572,0.03826005112322544,0
0.087948320792012,0.151968919018171,0.12622280237186806,0
0.1379125241320279,0.18250656068754584,0.2036138129482704,0
0.9832665660600269,0.7504949143656287,0.9955904845961854,1
0.012202140044170742,0.04827395307489947,0.012161387112089106,0
0.01736423016739791,0.09143832755937666,0.030082023728233744,0
0.361925280320858,0.24203938294085098,0.2750302378522771,1
0.927768739451826,0.6291802240854298,0.9917169302448863,1
0.012386300917759356,0.07258845694194066,0.007759412119698636,0
0.04996915024951133,0.14575868873235698,0.13125403561175863,0
0.05754045873850949,0.10429554516970808,0.0715624251649247,0
0.869110883404284,0.5829452382888936,0.9848285475648981,1
0.003081699394672303,0.1318787829741163,0.005065942354896589,0
0.06804987905668948,0.14029161297103876,0.09126216166083918,0
0.18419913405831487,0.20353359367863502,0.1835818279177721,0
0.009761054622154637,0.06874957341822488,0.007490679432055833,0
0.13387148944574556,0.1478419532823423,0.1488511589850311,0
0.9223330070115369,0.6091615161586936,0.9874638473866633,1
0.034356055891690704,0.07320447460414341,0.047276907714783656,0
0.02439653900939322,0.060926005197832325,0.024828905142655934,0
0.1575708455039906,0.18743496851225158,0.216123664902649,0
0.01260849660099963,0.2304644237150531,0.1425699687998789,0
0.008788504428589371,0.060180779207857776,0.01327539156434342,0
0.05248992137893282,0.11250160075167555,0.09602948015224808,0
0.05907037879281973,0.13401772093142325,0.07756187865323858,0
0.028991281003664937,0.058090852323705554,0.022937598028586616,0
0.0162580600516155,0.12720825624210758,0.05647776426948755,1
0.0699823568895854,0.11756173247557451,0.056576440772212924,0
0.02791289553421098,0.09790688532387537,0.045246098948811285,0
0.0024607959781893416,0.13062967255732075,0.006698219153125513,0
0.43706365141560377,0.24125119437851977,0.30221905800150345,0
0.022032421362287957,0.11343967111097457,0.04113521182006867,0
0.107353564528581,0.12130628291903994,0.0742900050072474,0
0.007156146031142968,0.044725462225263246,0.007360736099330576,0
0.06865128323786887,0.14348498808664528,0.10880492273986409,0
0.9643836648704314,0.7099887898986531,0.9974556893315771,1
0.017775218111201998,0.08412971696671744,0.013937169337345073,0
0.09374472987018369,0.149781902786105,0.10367041738195402,0
0.04177883166696763,0.09946714885608343,0.05429423487911368,0
0.13798120557874427,0.18322088033269518,0.21548952181184866,0
0.03651310415028958,0.14482007744366196,0.06862204938730322,0
0.23326806882765766,0.3156819616331127,0.07648362609326474,0
0.12187461756984008,0.17934446825519945,0.14991923346109168,0
0.03924535665091423,0.11958355846983242,0.08050059669729942,0
0.019330441905066047,0.06898877012035148,0.028842082989024822,0
0.03284015122961118,0.08165088517798351,0.039939460648975036,0
0.10723808266681421,0.16415837843512088,0.09260465135243674,0
0.04016781814766149,0.1002764125526122,0.04516392514238383,0
0.2830468779052587,0.20492627311523898,0.1852076744305345,0
0.012619593220226334,0.05985036508134662,0.006632726132713788,0
0.4659783597880217,0.28716574143875423,0.3276829313154258,0
0.9790702830931696,0.7047474098696725,0.9964317764651185,1
0.05500220905565092,0.17272701895867465,0.1408405586924874,0
0.024754677557290636,0.09032195968617852,0.041407286540463314,0
0.08297803833165589,0.13584185999077045,0.07959564155022787,0
0.2004504647608524,0.2023676584264735,0.165450454802655,0
0.009484028248059875,0.06650846417511931,0.006185105530509828,0
0.002159729038447448,0.113551458958349,0.004431258650502413,0
0.286084720510445,0.22310723038807462,0.2517697744088623,0
0.013634422407463754,0.06692754485245495,0.008941271115132678,0
0.10333064762020015,0.15167523755578594,0.11320485481775258,1
0.00011462690223425921,0.034789024501561114,0.001245388827459875,0
0.025885166650999346,0.06935786135202902,0.014571994387890632,0
0.06204702341899727,0.12094550837858273,0.1062631142886958,0
0.9578360393273995,0.6449701821848977,0.9957087587386605,1
0.027970071911053957,0.13301115516143708,0.03434362748569022,0
0.08265704479484158,0.14241997928840958,0.09164823772181244,0
0.47198835415203744,0.4214476220046561,0.37913142749567097,1
0.0924912679366534,0.15639265181892756,0.11087036228625353,0
0.16908408909469166,0.18137145019886752,0.22499762060272607,0
0.01820893479072728,0.08284724085943965,0.02296535035110895,0
0.054422083714629844,0.1288807587464452,0.07654366887417074,1
0.1493018751630286,0.15901413475571927,0.17095164573544316,0
0.18354597012497398,0.18015078550020572,0.14312071782532337,0
0.08056760126227971,0.16783237948059354,0.20506125350108584,0
0.9896544851576791,0.7199898281868952,0.998253710013239,1
0.6929008107544747,0.5820664353244811,0.7552242698054378,1
0.0020282828241480924,0.15994379992446722,0.007221392243680072,0
0.15608620418721725,0.17928694912927062,0.15057118007638146,0
0.10078262105617118,0.14712647470019413,0.12565002393394892,0
0.31608225544142116,0.253104166980244,0.2788636349866555,0
0.9800410352525366,0.6758935712257698,0.9978600621903099,1
0.3367171556994255,0.25304359800191095,0.20001156667711759,0
0.11837676440917415,0.18789801958459357,0.13720316969600085,0
0.1857401036036565,0.18271475276362106,0.2245023331803256,0
0.8688429367036963,0.5707144912199285,0.9795362384148688,1
0.000926842810021065,0.03991735719429181,0.0008965180080879657,0
0.049360392619439857,0.1692382363945726,0.11373579480155903,0
0.23529399196386067,0.1985957517073253,0.15205832316920295,1
0.1992717223858158,0.22482491779844818,0.18354316305765092,0
0.36791358921964634,0.2413887530275093,0.27430361827187044,1
0.00026117591424319454,0.05054326602436009,0.0006947597246259434,0
0.2567000097653681,0.2411722634513795,0.2060928685718186,0
0.9546979970921141,0.6698471774167517,0.9941905174623614,1
0.012670819797131607,0.09393287019117495,0.01177349183493006,0
0.5529563600132279,0.42953512505782804,0.4043924866783897,0
0.048255251202635324,0.123965748906391,0.048461439758426386,0
0.2132718245362352,0.1857743724213916,0.1689798683038369,0
0.1222129265225094,0.16968847862501069,0.1504979371724337,0
0.03157392682654399,0.05924893541473903,0.02579456386611849,0
0.19756729143324392,0.19329641693410124,0.1882957066973896,0
0.028302254151275442,0.12329673052574004,0.07489509344082323,0
0.0550697810380024,0.09059064611774875,0.05106281273323027,0
0.0011871718396068139,0.1270368063322279,0.013500785282171145,0
0.0645334961007629,0.15096944618937513,0.06891030898030943,0
0.008349501409611012,0.0683868065933859,0.005818065205667439,0
0.03768280821963213,0.07497295425823344,0.025090180071337533,0
0.6733873032068406,0.37798274560213996,0.45061801760675047,0
0.23945022725485374,0.21006013069409657,0.22655844439568087,1
0.04911989503363943,0.0922725257175076,0.058124548969639936,0
0.11924274642101243,0.15240581227645963,0.1312855143741732,1
0.05314684699509881,0.10291124304642117,0.06642188423236765,0
0.13321842448201193,0.15288482911388585,0.11983521187447026,0
0.02365153987475994,0.13395771745035592,0.05405385499568663,0
0.2573296643896375,0.22006283696286152,0.2229857959444957,0
0.10638348212652131,0.15645059815159748,0.11074969389775019,0
0.0707133306426733,0.14558579700387406,0.13804927249093468,1
0.1680330880423173,0.18234923940714015,0.20437399820834837,0
0.021149525656264337,0.0611443347991587,0.021639219194253267,0
0.011697497767669767,0.0653200279368695,0.004256976116597478,0
0.951964499286958,0.6039325348126758,0.9881752060651979,1
0.007872786116009074,0.06060106201199752,0.012245373211968995,0
0.1838298251933762,0.1728339211356981,0.1353129484331196,1
0.5535570385983856,0.37125895415473603,0.3184360352144024,0
0.03300029658112837,0.08401832900735384,0.029299803796665642,0
0.10292498779087197,0.13305273388880293,0.08286514717556347,0
0.15971870642809158,0.18434392457893753,0.17826273726764455,0
0.011377384759617564,0.05074819854395626,0.00964052583804421,0
0.05972359810178338,0.0931405342475169,0.044990833025914514,0
0.4817051545435861,0.25071779995262206,0.34980519148898453,1
0.06973450034613775,0.1378721955961407,0.09979247254540444,0
0.003490460977715052,0.059423982148803844,0.0029922280385202265,0
0.9740167019020686,0.6690539576573028,0.9957997352586965,1
0.20656366209271074,0.1906447828176892,0.2015473909470857,0
0.47582579736536385,0.2780839897760874,0.43920785420971215,1
0.1095708988298455,0.18618083934709972,0.1470236765522862,1
0.062714234595605,0.08674445176804317,0.05248189258717086,0
0.27062724159139434,0.34045943187767846,0.08541694694402942,0
0.01429568368943981,0.059421558909317516,0.010919915339829766,0
0.181934657759323,0.19109936693566543,0.23243654119332008,0
0.02099142936377972,0.12995227044123212,0.02913836231420696,0
0.032111947597233355,0.13645296213002003,0.0580097249948332,0
0.013893443169639735,0.07706407613688883,0.006898405004098269,0
0.11433998002187987,0.18487336860836956,0.15946673244078366,0
0.12442025421874216,0.16161343459434635,0.09438868101796852,1
0.013777717429231576,0.0924746185590156,0.02595704760946438,0
0.018519096681769234,0.1133665865155583,0.032793398144127926,0
0.0631625172414285,0.09975070100932583,0.07919485204358022,0
0.003050131191505892,0.04034230936910894,0.002758295081396239,0
0.184399128064209,0.2039960428279307,0.19055820902564358,0
0.13372938932539785,0.1949883932743694,0.2008109336957301,1
0.20128987299638362,0.18400796708331266,0.16473579483343326,0
0.9451552687375775,0.6985982387274504,0.9675283432312358,1
0.2693828472706539,0.22331956109894924,0.21992069573904743,0
0.9687511499428129,0.6663037367342969,0.99809350890364,1
0.007127476128760718,0.044075066835086815,0.0039115455375757216,0
0.03152204594123426,0.15006581157623822,0.04100667619269545,0
0.01996889279437758,0.0662180105536173,0.028605457660503403,0
0.05687416660718944,0.1359072079863124,0.07313203281624268,0
0.09784866722622673,0.14488378106102665,0.11432059794298155,0
0.14090185088591314,0.16722856050476384,0.17651612515377466,0
0.19444694154312828,0.2031786635889758,0.1927854543866069,0
0.0875645485061796,0.18450715465889467,0.1085956801905948,0
0.027458308907242768,0.12231127153930009,0.044847912487436845,0
0.22717473750313488,0.24307597255309038,0.20896163147257452,1
0.17967333654370654,0.1881554137128114,0.14277904199297503,0
0.10228052116485918,0.15577175871225443,0.1039371041459237,0
0.057305497870037705,0.25820902304210147,0.002581906912837667,0
0.9150064387634467,0.660784666390109,0.984928372571007,1
0.027686173119989697,0.12308354561792782,0.04523160565828622,0
0.0027300086421625483,0.04788444413899634,0.0025724712078943075,0
0.05451851716320848,0.11750786955256884,0.082150094564608,0
0.20073180180323313,0.21278595112609108,0.1588164987740315,0
0.9100698437124772,0.631102699732861,0.9878565285573432,1
0.05865967457073733,0.13158108028792276,0.06686561555272706,0
0.08282705839482361,0.13071484480361908,0.0805092151694312,0
0.060086501564088894,0.12967271701650993,0.08562129370913277,0
0.009975245653533136,0.06625448402303825,0.005797287742827948,0
0.001372574581374307,0.14153128668863735,0.013620865245560007,0
0.960862378574406,0.7113337182900592,0.9974454914341931,1
0.0933387436303505,0.12083600266319569,0.09367016199825326,0
0.005822880304594073,0.17121420982716234,0.0045943476906513256,0
0.2945549327090585,0.21932298459638178,0.3287704544121019,0
0.08675801707353017,0.1357745676410393,0.10268447974155474,0
0.044237212911550416,0.13290446364895106,0.11319083240688117,1
0.0066242984325582035,0.04206764576708994,0.0033394610515523893,0
0.09055329498496222,0.1524597763108522,0.11034117726632978,0
0.8253060079587738,0.6073238720187758,0.9650758595666831,1
0.19147251396597217,0.20977445307584242,0.21128063535443517,0
0.0031434058571194533,0.047652923152493074,0.002908571122506454,0
0.018908464325180854,0.05919083602804491,0.022489047494004898,0
0.9318659403260249,0.6303813913729056,0.9938900502379994,1
0.13472129296223415,0.1589417387367336,0.15809939513830212,0
0.1446266500239288,0.19273843644221733,0.15077661004036952,0
0.0023021042324492744,0.15784034385560824,0.006474478032810074,0
0.09253961740848558,0.20082238144721895,0.16151890225911825,0
0.029334067703889244,0.13643687064143556,0.051741748412626416,0
0.472456509422959,0.2687062698107078,0.360623923126704,0
0.7460573429365137,0.48976122502182945,0.9030769823096617,1
0.29879404407420806,0.2123199068284944,0.2279141577274351,0
0.007656537101041466,0.05261518387415974,0.006169870268347459,0
0.29124951798906995,0.1969812737005301,0.24952130662553623,0
0.190878248401469,0.19332860271907962,0.15779974218119908,0
0.0018092683861330007,0.09565743088999369,0.00378894953534491,0
0.0044233568974078805,0.14990708364104283,0.013898259060119504,0
0.11748874057432494,0.16073104557739765,0.13783563968772172,0
0.03453686402414287,0.14407416795308736,0.05945330301471611,0
0.02007981071374717,0.12450861838959575,0.03384521273403326,0
0.109670192077744,0.14985536217938258,0.12536552220284208,0
0.021326975002418536,0.06339400462941866,0.017149022032625947,0
0.058127632469553416,0.09228079358288542,0.05440013084355855,0
0.003878435853593833,0.04491072318545359,0.0019067584504830024,0
0.33609397907379424,0.21598337488166572,0.2517191577636462,1
0.30200098137363757,0.2329411466606452,0.2371067813246791,0
0.024761711252647263,0.09340942869204016,0.060613985060966206,0
0.13543598701616677,0.15455290080017617,0.1591609560727826,1
0.03183065667776949,0.12705255003267638,0.050464431423391645,0
0.04010805607594013,0.06500166337207947,0.024110968201816282,0
0.013809703717127579,0.06610893498122211,0.02105699444687777,0
0.07253179189401524,0.14743462475049438,0.07766449788612227,0
0.10115408329326442,0.1555840627901326,0.10130473760860893,0
0.03672333656711198,0.11280372696888058,0.06285746384458182,0
0.06811687595331506,0.11175859846500293,0.08995207512690964,0
0.8227869535024693,0.41219977243052197,0.7457102739017807,0
0.19983578033481042,0.18333709241245225,0.23610839940966494,1
0.47752944135471853,0.36378295767770613,0.3059169002399192,0
0.05748028853071869,0.09899971091022643,0.05044361092276178,0
0.18390292006920733,0.18463214546842488,0.22178475291362196,0
0.08861481867453606,0.10910050103781055,0.09340652751921233,0
0.28582492015414357,0.41492246683981227,0.1830830871423524,0
0.019230354726665875,0.09894815491889578,0.04575451443717462,0
0.0026389360596995415,0.04592559657856085,0.0022385684878217494,0
0.0022189209681043346,0.04317049853223944,0.0019355069964026638,0
0.02371696997060459,0.11839203485783069,0.062323373125019545,0
0.0940389220857169,0.17010498394884585,0.12151987176144038,0
0.03164264705552069,0.062429606541979314,0.026594340521492173,0
0.9565754307259782,0.6746055883560207,0.9931859580625905,1
0.008528053643849702,0.06500683259713737,0.0060870400021431235,0
0.016655866723928766,0.05453652061176988,0.009656035778820604,0
0.0030576879998197326,0.04662284123457133,0.002840339264640423,0
0.9701219374544495,0.7018860006778831,0.9927879743927235,1
0.008142505119864175,0.0414522194984664,0.003746009120040213,0
0.009068861491084785,0.06251472673844896,0.005724663424800684,0
0.9845630330283708,0.7194524571225492,0.998486447767643,1
0.015528684859259567,0.058684349317638176,0.022895528149842064,0
0.19349957032745407,0.1902809873261808,0.19051462884699322,0
0.1273280172063175,0.1859757912726693,0.1665841015325487,0
0.170129907775265,0.19106520915376618,0.17325293359979427,0
0.0021368500933765765,0.037704640651981015,0.0024317333649139508,0
0.03582338125593728,0.08398506700602101,0.0478002663606887,0
0.979703272932074,0.713355912927584,0.9931720333703968,1
0.8365904834462763,0.5102622439272213,0.9445637567191997,1
0.891402991236817,0.5847093407983563,0.9842614266523063,1
0.047567214450813605,0.1425854456849732,0.10695370873107977,0
0.4912415407907603,0.29008677855305176,0.30224119172172675,0
0.9660688181757753,0.6599282360413351,0.9963553338020044,1
0.47083259034624686,0.2479345523792811,0.35539213137172526,0
0.01679862708610103,0.09074217495013288,0.02866102693054412,0
0.4085128866616866,0.24640832702422066,0.2774288793968162,0
0.0284111621809278,0.1327200487350947,0.06299920470491961,0
0.7175556796870977,0.6253118869019425,0.7249521659139261,1
0.23071187417468836,0.19388977281745803,0.1596201791866208,0
0.04843547858475638,0.11030622971761075,0.06485440757489899,0
0.0918897231868528,0.13745901100602048,0.09621775031149538,0
0.06486389062279747,0.09830927146516209,0.050686700529434525,0
0.9617305381315281,0.6702678401259453,0.9981571049159736,1
0.28650218429265234,0.19470684695990426,0.21859782253374838,0
0.19883921600378773,0.19629871429941065,0.16994279348138625,0
0.01197422962655285,0.06895685977675621,0.005454965950418077,0
0.38687916354207114,0.3841120060362226,0.15260958073117514,0
0.06396374423874476,0.11829773408892376,0.09063689806188556,0
0.15508457427195407,0.1986908620819125,0.1767223000798739,0
0.0797985965071535,0.13836484656184733,0.11120910893194526,0
0.8151179382922118,0.6690072373609242,0.9300872762521588,1
0.341886543365352,0.2141694083048206,0.2088918740762239,0
0.09500908268994723,0.17395182805771292,0.13398733722974765,0
0.031149645721351323,0.1281480083291836,0.043644734996693,0
0.17604047948648702,0.19891428630048974,0.15749485962326476,1
0.16830558846304128,0.18630857730361242,0.16033807335362527,0
0.019288319970709487,0.05322215141784144,0.026337611061594216,0
0.1000399103090314,0.1467287886635396,0.14565267930248205,0
0.12825142467835315,0.17616807661897751,0.1443085468811061,0
0.1321535766601573,0.19805462909991953,0.1417859359551367,0
0.24221450434985342,0.20073692144925823,0.18631709842222438,0
0.02088365404481747,0.05620676766459657,0.014164693520110178,0
0.003893070404337988,0.06074978729559297,0.0033082482952268436,0
0.01224998161741372,0.06883352686076004,0.007586192224285074,0
0.21841028669223042,0.18573474777230553,0.2146653941766042,1
0.12854087576107806,0.1829008976260089,0.20539016210576133,0
0.6432937528874979,0.5466529905326611,0.8157157599601641,1
0.04628493759061565,0.10158346991102067,0.06304370043937468,0
0.00019976991959685844,0.05429929956779595,0.0012371243949345358,0
0.11841311928571109,0.1418333517802847,0.12633761765988247,0
0.4544701188878004,0.2787993812397568,0.24724726731816746,1
0.0031052634053918885,0.18120762414572752,0.012507308674893249,0
0.033771496910486094,0.17365872037572228,0.09430536352272498,0
0.2971966745601417,0.21560646355538168,0.20391054300636233,0
0.24642747311433064,0.21734380693859276,0.24154136953599956,0
0.14060101720020826,0.1529876508588474,0.19068990448233405,0
0.06205857086941793,0.17244671950698484,0.13278778272553268,0
0.029611788778326927,0.08591023994661653,0.021361474450019388,0
0.05699024358108457,0.08410572318718178,0.04934594625279076,0
0.4623927378744044,0.27270438396523977,0.3452772643359824,1
0.08138608106819066,0.1974564150514722,0.16305083274378349,0
0.15015245608360367,0.2057515127992953,0.1986407214033493,0
0.12819280253892523,0.1495394261421449,0.13671118220110487,0
0.09762292254366665,0.15483910339003032,0.11917638139484288,0
0.06046672171477941,0.1363369622345253,0.09745172661251858,0
0.10705305829050206,0.17577057332296028,0.11943636609298015,0
0.005344752945117637,0.0452887255620882,0.00153214114534613,0
0.006232211146939331,0.17779663553950123,0.010079435730113936,0
0.011177022986589293,0.063028906019283,0.01685594699468465,0
0.7630659149770344,0.5034633032727325,0.9387131437961455,1
0.1435447838461518,0.14658883515991142,0.09083775978370424,0
0.11034978555485139,0.1467403117403015,0.11498599578949034,0
0.04063990458024213,0.06387020283216806,0.018977364313530483,0
0.15705107603992824,0.16698796684736333,0.1598924187307354,0
0.5899652911482404,0.5942026710828047,0.6277634093417578,1
0.017402871658780482,0.10875659775505275,0.034227739385437043,0
0.21285783073861383,0.2036994458702124,0.18637834756314214,0
0.44872739935733374,0.32838240645017475,0.09331644956803337,1
0.05045953390193727,0.08956822975152037,0.051501756715413426,0
0.11344201472783913,0.12450222730268841,0.07528672947835527,0
0.01369938208430464,0.06034516835639432,0.011941478862129101,0
0.16605873560909343,0.18371165362064218,0.154149109381803,0
0.8353643024872025,0.6525802117052263,0.8658763334270873,1
0.05258294605476841,0.12165848522315495,0.06727130549171827,0
0.278554860337777,0.21404298164612248,0.18928292464544522,0
0.11077865375431609,0.15817189540353044,0.15683602769646213,1
0.04144772028312665,0.13639988597257577,0.16253600567821527,0
0.011893039530217966,0.08161699899234534,0.020914746428603526,0
0.14059488710166326,0.1645329309391301,0.16811782031465614,0
0.06905220740314083,0.11442576487658504,0.10067276517672664,0
0.008268446495964988,0.0579391637338935,0.006572091362150304,0
0.10118285904255019,0.18492431417187058,0.1462151097693797,0
0.37012645276491285,0.2380998610024707,0.24632019348498949,0
0.022926012878839934,0.06496858306274704,0.020731188482196586,0
0.03653785761850671,0.1545065293686919,0.10012211553174248,0
0.02509262509771677,0.06825517100416727,0.03694560028175143,0
0.9189764471360522,0.6490469319140638,0.9355042115780985,1
0.1830160741934287,0.16888666795912485,0.1668048254943304,0
0.011965486522152803,0.06006627229291881,0.02084699430235424,0
0.002067533171646576,0.03729411268269939,0.001434202223810138,0
0.07165719036230486,0.1501746542697663,0.08821698250923286,0
0.037142237729153794,0.15376647451908604,0.11004578703123928,0
0.011471789597800574,0.07465575078988196,0.007582447125139651,0
0.2138934279889608,0.21497122534340782,0.27423726020952977,1
0.0005571902586401423,0.1125199625806442,0.013334687432604995,0
0.010423594018146883,0.05568854990165869,0.005684767520574189,0
0.02209977131113428,0.062387579080713844,0.03321143372497404,0
0.002078428183259865,0.04451030496346137,0.0026916292052341154,0
0.09837559737938564,0.13896934483660173,0.11556076058790773,0
0.737731307504525,0.5896785147442843,0.8745426495519253,1
0.04526857100087805,0.0927228230045028,0.03657478443623728,0
0.22577049864649854,0.20390714646159805,0.21057893206626024,0
0.051468310399795145,0.08906649462927506,0.04495626583367046,0
0.9539633480434884,0.6247341769056244,0.992963713283808,1
0.28087483836930144,0.4460655846283324,0.20916384800520782,0
0.012434711216637218,0.04579928331275057,0.015361655707096576,0
0.18110934832220207,0.2183848035079396,0.286865575991472,1
0.11367251355087254,0.17227240453635945,0.14609648841724365,0
0.059050958648660994,0.1536337324222576,0.1444143208336203,0
0.1628541515970442,0.2083904176351135,0.23861548386587658,0
0.06905594879652097,0.10948573312398886,0.08184634204441388,0
0.029881911956015566,0.13304011279280004,0.08605585963051772,0
0.05220160292666691,0.06652389955785348,0.03272052305736212,0
0.17743413389111456,0.22303791881390247,0.18999978929606767,1
0.36854610812912575,0.2519207458244522,0.2943146814934054,1
0.0847405141675115,0.14701931891837836,0.0917892855687525,0
0.2692052975190056,0.2285972564265949,0.23135404685310845,0
0.07591191834885026,0.0997477617481222,0.05508961702530632,0
0.9628058770234349,0.7099992788478768,0.9773927270534514,1
0.022792750080505873,0.09744326215320111,0.04913050841641108,0
0.7387901765458189,0.39779696517105695,0.49497547320780905,0
0.008059777190173738,0.04300162027284474,0.001821846613652282,0
0.002227912201773738,0.037812837282748785,0.0015927317926190856,0
0.07759758731706355,0.1480086741100133,0.10188522682171296,0
0.1450325484609055,0.15860530700163472,0.14503081365289996,0
0.11909743135104128,0.14949827454454487,0.13014864454274533,1
0.9845688739903157,0.7131089376204301,0.9982123023069279,1
0.1096882097485192,0.16830701988723404,0.1625204055108315,0
0.002888318119961526,0.043069503601086384,0.002459459048519352,0
0.052398165289035625,0.16749639802139982,0.08571928602684868,0
0.32063581870552277,0.247400947214066,0.1961753489393969,0
0.06663814343858843,0.12872291473871011,0.07368927843990147,0
0.9757942806331668,0.6816128308465458,0.9953536318892892,1
0.5240771148577144,0.3081716484388092,0.3842058466318528,0
0.16908708549688203,0.16698633034089067,0.14402715394704654,0
0.9605349569043946,0.6991560022795376,0.9974288725961766,1
0.02283718786729317,0.09996960767096238,0.05251847277297836,0
0.38453404717260775,0.22973787647817717,0.22108235330579276,0
0.009150878855576468,0.04267382455845753,0.009535723708037692,0
0.012851902702695423,0.05788894933514067,0.018837656496605244,0
0.10929856960187588,0.17592030584634327,0.15620878401222318,0
0.04358123437812383,0.14434701664397745,0.10490214580574696,0
0.9602109258441462,0.6709974021492606,0.9946718758149763,1
0.23161143490787464,0.20437837863508737,0.21163524367938424,0
0.028922482683289574,0.13381689704837793,0.03887372096428439,1
0.12000161568742383,0.16899874564855563,0.15060961988483496,1
0.0021429671240736844,0.03649871555729008,0.0013136379940915945,0
0.008774448861452035,0.04501213138955424,0.0030252349630861953,0
0.030182676897172,0.06363994811717005,0.022698489790643032,0
0.16457103380819335,0.15988218999106107,0.14153290671948543,0
0.14024217866649416,0.15726834171327317,0.1366115473719566,0
0.004338713214905347,0.14906403327156484,0.007088612536146623,0
0.7282667408634331,0.5753794794265745,0.9657060328332867,1
0.7722731701544656,0.47007642352802353,0.9184437132093908,1
0.05990543836798719,0.10942267486899726,0.10108186458543436,0
0.2793847797313618,0.2061355627015829,0.18044298256370148,0
0.9452863008792016,0.5898779213974767,0.9859380622776142,1
0.017969360907061614,0.08837338546965184,0.02088534063844266,0
0.12482601220675595,0.18450196510823866,0.16652497904297067,0
0.018539787727965797,0.24860568626780238,0.050739760456429875,0
0.008928083195888165,0.0699264474803925,0.0055177072757249465,0
0.14098640074509633,0.16097158351262877,0.19403908195811703,0
0.07222237993513726,0.08222590948445528,0.047863588090295034,0
0.3358945707434033,0.21552645350816144,0.23081021326811396,1
0.0052127851151676065,0.15432564068942764,0.007522475047601186,0
0.025100460201998687,0.11631660338776328,0.023895051827392967,0
0.012805217053165167,0.051172736565474636,0.01790361892548559,0
0.07227884570512344,0.1334894344658214,0.09519880141224579,0
0.09325924982752556,0.12386928468529873,0.0780358327472926,0
0.10467591551214935,0.15049532472787888,0.11329962407628434,0
0.03172605886870992,0.06387780762567714,0.028460326839492008,0
0.0785839485612418,0.1396372097627805,0.10861980957169486,0
0.8222364498345581,0.48667691336482055,0.9497831497409379,1
0.013487112493154358,0.08770058729187608,0.03716173679017083,0
0.02006132100505776,0.11570662880106404,0.04599352018980844,0
0.24407965513343877,0.21208909460774547,0.18647037715607787,1
0.03291399157409286,0.06247368873867623,0.031620523924753424,0
0.9640889401304343,0.6571418207628379,0.9955411963705658,1
0.39534556539241333,0.2823363626578612,0.35010776235816543,0
0.08011357436874544,0.14334179322812324,0.10720652630695664,0
0.001260410347767029,0.14186384658571852,0.010075933611367755,0
0.027132253528048732,0.061112875379997995,0.024682572157232446,0
0.011880509953476922,0.10761571741096897,0.032772984773670626,0
0.20539052939988686,0.1943647216552281,0.179110320368688,0
0.17386742748522135,0.18502345747420762,0.21576982341487966,0
0.4041953894442896,0.2585603769272453,0.2841206085382936,0
0.008425877731554135,0.0822070844122184,0.02300841084221218,0
0.0002590473613571774,0.04842679655139363,0.0020194539997758954,0
0.033593780903290946,0.12894389964146633,0.08240246362423968,0
0.062331773660353765,0.11179868379935069,0.08496001917344585,0
0.24818504104912809,0.211092061964555,0.1986256498025348,0
0.0010988499529831514,0.16438248847519274,0.004848968713359987,0
0.0029948476797699137,0.045384547438080756,0.002809427949265443,0
0.00990203363991057,0.03938021469576676,0.005515196050872903,0
0.006057489724756904,0.04956421098691623,0.011226149452609241,0
0.17651818902964617,0.2958847019796566,0.016881979928102038,0
0.05535240619116926,0.17833370786071678,0.12779614302032896,0
0.9612237871009969,0.6620771342770353,0.9965413454354741,1
0.05387163359571588,0.10297769992188308,0.08673857982546139,0
0.08120313105071582,0.16286026833848125,0.08731190421560904,1
0.010721736244645787,0.048496159543977485,0.009684357254239228,0
0.3286304638424428,0.2633034608842099,0.2344810982471178,0
0.972656644384776,0.65352448249093,0.996037873138322,1
0.9203074563337327,0.631931664741501,0.9877445956141623,1
0.05065961712887367,0.1383466339833831,0.1078155803880104,1
0.9460290370011781,0.6321599292728921,0.9885788465401157,1
0.005642899951189908,0.18539024530952422,0.012577373186803343,0
0.07338818915065276,0.1434337974061151,0.11213797113491006,0
0.049593447435727425,0.11105323317693457,0.06904236325458149,0
0.0010808309015853965,0.12444172333156302,0.013621700663616189,0
0.9858432581194447,0.6825374234571543,0.9943525773282513,1
0.1734804531444729,0.2183617320237065,0.1783991247544181,0
0.05858177673373159,0.11761603844900509,0.0670587515447916,0
0.20651296386195062,0.19422061694781048,0.2329389892545219,1
0.011004680991505596,0.04780824543680252,0.01592164803742687,0
0.719908481152034,0.6076558473244659,0.8270223161650516,0
0.24745044201896457,0.2202568367905822,0.22242415075515995,1
0.0718709460920404,0.15956831144045291,0.1791446989468385,0
0.0778623869544797,0.1378108751377474,0.08959977237558048,0
0.12158733992762032,0.17384840610703695,0.1538742277007468,0
0.0010887482253401331,0.1382645314854567,0.01609596211075895,0
0.31867158949553664,0.22526485086553547,0.2084909702157584,0
0.16673349637428067,0.19490345232528514,0.1551354919954227,0
0.9681541646452821,0.6956068102826681,0.994494282594227,1
0.1867453137428973,0.1716868796794699,0.19298970737071944,0
0.01606837036469998,0.08818080749950424,0.04609783726422145,0
0.03989272305070872,0.09654386033244614,0.04626383911116223,0
0.25943170905138335,0.2089752912764438,0.19433966558955662,0
0.03129075589200349,0.0730072885219117,0.03819888409027193,0
0.08693519060378012,0.1257248082192227,0.1028367396209334,0
0.043034635534601094,0.1267761274177319,0.10675016700195782,0
0.024623816993029606,0.10920691969632795,0.052658874227466276,0
0.07512831115657488,0.12035279459389991,0.08934193018038371,1
0.24055316029471518,0.17810500230647183,0.1502447929193936,0
0.046362504430598736,0.17952976284462513,0.14224303377077202,0
0.0049042227701263695,0.05220965708028608,0.004785075761021404,0
0.1357516893660865,0.16971290673279493,0.13134838504738855,0
0.07154880280716626,0.11986375726660393,0.09523497748531164,0
0.9447980407203268,0.6521568507400539,0.9909004738133802,1
0.00020115296937810184,0.033373584482608874,0.0007810014840712908,0
0.19424828846335393,0.20830194333077584,0.19155327607310413,0
0.11749880260690218,0.16361714756698711,0.11254898891672159,0
0.06401651873229235,0.11721132713706249,0.12292194669483471,0
0.11039171665555397,0.14989013132294754,0.1416894256493286,0
0.28329539541423027,0.22894614171476382,0.23339878421124172,1
0.6989860431352557,0.5349476144342971,0.6097910425082259,0
0.027659743225315923,0.14491140250237342,0.06779661592665474,0
0.168317354023556,0.18799530635539058,0.22724136969958633,0
0.025967055016449865,0.1211501403167556,0.06565532529847296,0
0.13597346768354465,0.15555926708383605,0.11312591332964632,1
0.3033157640895465,0.21340001163086816,0.2649563571080524,1
0.00835246072530204,0.05178750145951083,0.012451354270547098,0
0.16907255400174181,0.18660887533570297,0.17416710731920787,1
0.07476440178123987,0.14126228160683854,0.12458656310945958,0
0.03123644361336948,0.14386309651909135,0.08896869841108883,0
0.001260485381741914,0.07721713174971756,0.0054336703909521515,0
0.0636872338085533,0.09642285732436537,0.054419475029550884,0
0.009316521609609272,0.04973582892691184,0.007091380654891537,0
0.02537351900990518,0.13891444951270007,0.11625061913845801,0
0.001062037269684462,0.06762563346841823,0.0030040024068571634,0
0.01894901383740869,0.08048974111300419,0.023791616945790055,0
0.5021452060547591,0.26503067133165387,0.2892906673305905,1
0.1183983952583126,0.15932643456775378,0.20557186331266078,0
0.08346008880033541,0.11169684469415118,0.09464364129408169,0
0.002675954270472581,0.0556528773617104,0.0016600398587388369,0
0.01861154544865499,0.09342833819815802,0.05170728900687781,0
0.08889560490970817,0.13283365330875194,0.09493813296903574,0
0.018587821693389676,0.11156607790887263,0.04309711674227156,0
0.07078743263050415,0.13130659742970816,0.08544909563209717,1
0.281892314881207,0.2185045944350591,0.283537561807878,0
0.02632704439556296,0.07613897143888444,0.02592853139448754,0
0.942343065576846,0.6152220344238536,0.9811923970806693,1
0.39429035665431683,0.23706072152415564,0.24265911913432514,1
0.326660760779678,0.2545482106667986,0.2464532039067912,0
0.01633390258954176,0.09825281770601695,0.0437227500715348,0
0.2306877911031051,0.2348943765756164,0.2008121430170508,0
0.051721695573281955,0.07586009541492385,0.04900118125999327,0
0.02166915604883542,0.07465370120999432,0.03379667750541936,0
0.058409428356545307,0.08188373244484226,0.049534757212767205,0
0.2885763160557756,0.22763988841525565,0.2520281757909156,1
0.0009609606792442289,0.1413372347078787,0.00780370851957823,0
0.07470016363767941,0.12527762236930376,0.12030669089856483,0
0.009352253716676471,0.04793376104897646,0.009170895149362526,0
0.20519870554645256,0.21306463370524348,0.19222058638988268,0
0.09262613121358655,0.16274305953923052,0.12609697228380062,0
0.036597576051656616,0.1551365408879588,0.15300413948152447,0
0.23858212941031995,0.21639059644184824,0.23324115392679481,0
0.5652190264140831,0.2687320039579147,0.3649819743295275,1
0.24885151352247414,0.2280218585956475,0.1750290664415356,1
0.0005193705322951964,0.13058652271400784,0.0022640050755873917,0
0.015227887125455202,0.08683577870380253,0.007788571183490403,0
0.05761748759734229,0.17284519678986243,0.11685935259950417,0
0.760263638666456,0.40070891453419594,0.4113306291524941,1
0.8967824945170343,0.5899051758050303,0.980270556000601,1
0.19499580577488956,0.18537427435880754,0.2610561316894651,0
0.9792266879638113,0.669680261744049,0.9958563046909266,1
0.010382144873045306,0.09537284261084465,0.020420951256198343,0
0.04552845633464306,0.1477892765634685,0.14822394649871692,0
0.08153726278370102,0.14502371988836352,0.0802806572630611,0
0.009145370883973741,0.08185469830314339,0.024043205545219267,0
0.07074317739503477,0.1134105526661335,0.07376617867021103,1
0.16687046872818825,0.17768841241280853,0.20978940631847923,0
0.9377020859307248,0.6536337655456155,0.9923583055215046,1
0.4842625901001664,0.35669126098420445,0.05182128180131956,0
0.0161369636249175,0.06298252450529354,0.02387997407411332,0
0.8315804246206931,0.48877521419363884,0.9718457276346145,1
0.3775943911263141,0.23462187089619035,0.2535366487813982,0
0.8377914843035806,0.6975434251843249,0.8968944482534382,1
0.05308055579219117,0.17405553233522952,0.17452820629612012,0
0.0008876968581232544,0.09776913851107942,0.007266469755169106,0
0.10788242623117798,0.14568502024988864,0.12534511895040762,0
0.02878351342310654,0.10465603152124271,0.06130996633906483,0
0.3095344761653459,0.364481026937524,0.2836504986859955,1
0.36191903468838593,0.23772388810449815,0.2297884091684161,0
0.19290736611059062,0.18262563901591414,0.2107203472920178,0
0.9762646128213418,0.6811795160510031,0.994707534951449,1
0.02253101584713086,0.06819844947746545,0.02465746820584212,0
0.18835403293014838,0.21273276555255102,0.18725091201546962,0
0.04163508481233378,0.0852027539274697,0.050287100314350124,0
0.041570347539393954,0.17880637487286483,0.09977978721703337,0
0.009892709908592902,0.18112659825979072,0.014061376472507247,0
0.0402324374237556,0.10739447677617854,0.04912948323545422,1
0.6728672023323007,0.5201485340462315,0.715874171389155,1
0.42037998567681395,0.261586548899122,0.25943660835960597,0
0.045525436738070586,0.07614058797599195,0.04565683394674232,0
0.05673677284816441,0.13095286857547453,0.08055262711952794,0
0.026322565762457575,0.12490604137395715,0.04419868975214556,0
0.13586105832463866,0.17113259957553142,0.15537034844538755,0
0.053670200187674835,0.15414710828369924,0.10005569674882231,0
0.05595985436443059,0.10190077329447483,0.0622924303826977,0
0.010134909161573152,0.056583022715811206,0.01748915937837837,0
0.015771789997821164,0.09127628682618336,0.01555015382747848,0
0.2751840741552523,0.21029516608672055,0.21729158653999145,0
0.34965666875686346,0.2209584229433524,0.20876199517562258,0
0.05406476012439884,0.1523694298974738,0.11267094556443547,0
0.05151152222978469,0.11773736428636934,0.07257826305139516,0
0.023180016461055,0.0789777874403744,0.03764021830252257,0
0.06669894026474314,0.11213400336529722,0.04181542143559478,0
0.2620268477733831,0.21419170781489183,0.22909402994085787,1
0.04059262266923859,0.06483372188103055,0.028783452693516027,0
0.15046736855846127,0.19046018010436505,0.20977552708697417,0
0.28925332236226825,0.2271935769842387,0.2909032424521324,0
0.004499818992750589,0.14539110775255976,0.009867277651460823,0
0.32248869067114894,0.21859778211476089,0.18719043740364688,1
0.0003270788288509655,0.08758006358445691,0.016714750786842703,0
0.0019771982700371215,0.1484781250945451,0.005522336756179019,0
0.08396475403800777,0.12321962898322499,0.07435927763740703,0
0.04009259177682514,0.07378504032616913,0.018884954658776373,0
0.11194280718791354,0.18311313270495766,0.12460429856335395,0
0.4041172816929653,0.26228828428040346,0.2807335964487921,1
0.007797071718653571,0.058586115631613915,0.00421629266752042,0
0.03194285184216338,0.10288868847818317,0.03565259867251133,0
0.15364618467156366,0.16451650710387625,0.14384702534784888,0
0.024639028453095114,0.06898294129092283,0.0183807727519284,0
0.17688859519083247,0.16175448156860472,0.19417677324421032,1
0.11981421745230596,0.156545212860945,0.15285024980157047,0
0.04554897490710165,0.0609950746530984,0.027413918189601406,0
0.3227329794879007,0.24965709806209188,0.2073458530487332,0
0.13373306636733812,0.15833092987982916,0.14209497486386638,0
0.011804176228017918,0.07371907785675617,0.0060322882823281715,0
0.09728930159624637,0.16055927923865665,0.09842217872105297,0
0.8303585892435514,0.4869615597748769,0.9254177659059114,1
0.033200631329970316,0.05760250897389684,0.026626612660855635,0
0.0484127690973143,0.08646009527561489,0.029258288260354638,0
0.006286901192243789,0.04020996145218732,0.006954165154495257,0
0.008978370982822502,0.05362016683693452,0.007941278011841168,0
0.12672492253312986,0.165249642225154,0.11928593780359503,1
0.007018447658681248,0.20004340650791264,0.009560322002508417,0
0.10930067213989379,0.16033308418761066,0.11039041732085204,1
0.01789358606715344,0.08810851169869204,0.010827698434460227,0
0.05473172992855373,0.1867274245580782,0.14450399856418103,0
0.018730857533572547,0.07161914693872388,0.030746681854890195,0
0.06059869647196918,0.18014455282753356,0.09675688131003983,0
0.1740089760436652,0.1830267198791081,0.12413567174352105,0
0.9306319360830025,0.6347408926791319,0.9922417636443878,1
0.16808530217846396,0.1681381807654218,0.18651985830977827,1
0.2782847732756405,0.2436081335261,0.20003313970748238,0
0.11080080409763929,0.20609829013249292,0.1771170781179761,0
0.0052627223836425015,0.17399278074714233,0.013843939489577729,0
0.5278081469444931,0.27705907795664503,0.3514630792231786,1
0.017731746038329586,0.0557434512704572,0.023752106996451618,0
0.0470823460670488,0.14782223728643,0.09250229349602765,0
0.0385458518471668,0.05911641776523711,0.027703136388868035,0
0.4489122662930864,0.28157405734423446,0.34782208455488633,1
0.5325918204783752,0.41444008364827417,0.613652164378491,0
0.1048587048061301,0.1631259775848528,0.11280221570055324,0
0.030429510610781803,0.12425610481812818,0.07166778595251536,1
0.3034441916071461,0.24361800484152624,0.2220745154334465,0
0.2747836173663335,0.23497185267666446,0.19734732101097383,1
0.7454246663881399,0.5685210808782396,0.9509259130287588,1
0.007057088988605725,0.05092307346414192,0.004612192660040441,0
0.26913873461804055,0.4027291137373195,0.11293034732867478,0
0.3995386320206194,0.21752769031510377,0.22877550295891463,0
0.0038557270104062577,0.044522889846490554,0.0014108519113693512,0
0.36908206546782885,0.2228245342466665,0.251041502640679,1
0.30994972883863964,0.21135309827308998,0.2405833711602415,1
0.11196124169983117,0.17844472384537938,0.12494045901710563,0
0.020231350686484514,0.11774790925774892,0.029132436167650128,0
0.4152905840144459,0.2406435931820855,0.27692439221289666,0
0.12695527926540398,0.1647379792702547,0.15129678396318363,0
0.3537315922624874,0.22209294239269875,0.2391044185647457,0
0.04583569945750251,0.13699046633312736,0.11124294249757455,1
0.15438400374102185,0.16127936179133723,0.14360481174337353,0
0.37359345582263653,0.2472371385616371,0.2789117057106646,0
0.1555139413588843,0.1849447742166335,0.21375740850845323,1
0.6619319678279555,0.482070271279964,0.9227170570608855,1
0.960491097061119,0.7354171709579012,0.9854449437515772,1
0.002682854607883311,0.04115672309949779,0.001687197342636864,0
0.03754972470963572,0.17467251664962757,0.07883574560303543,0
0.0051655666121952475,0.04732374268736325,0.0031944302729376033,0
0.19819990472514276,0.19311824452025,0.20314350813529433,1
0.21715849488390337,0.17398615959572092,0.17450578268644468,0
0.25429777902322936,0.2327867931319838,0.21595766373996447,0
0.16651875892452994,0.21592489300220874,0.16083572510336935,0
0.006945169929542793,0.20093918735878172,0.007508054446962681,1
0.5208635002278146,0.2974822685558053,0.3279469206612358,1
0.032437696026733895,0.13872177830525526,0.05102234934262557,0
0.010680714075037425,0.08132251663104878,0.0065240159043992415,0
0.1852224230562767,0.1804352950323778,0.21117941702860774,0
0.03946422222509265,0.15892238484667576,0.15169645881283203,0
0.05591151591907041,0.09937576543727734,0.048077550575941985,0
0.004393124155259133,0.04791539556181984,0.003036742913374974,0
0.00028671426842514955,0.07402924675779911,0.001061764304241438,0
0.007969403698721171,0.055090132030559694,0.009020063810193482,0
0.04015111103896068,0.13063504276620408,0.10750679987106229,0
0.013292353508439853,0.0656928177604707,0.0091105048113857,0
0.00670921540581875,0.0434963379383751,0.004714979496408385,0
0.1308327983081519,0.1762168034878963,0.17664621912532194,0
0.0018794398815622883,0.13038857332626017,0.007097474393878759,0
0.03192935966224421,0.13553824348064822,0.059784583807450865,0
0.24595579299484635,0.22528042909408647,0.26581517305504365,0
0.27652939341672866,0.19647471578197326,0.2156139554047114,0
0.20869865992842762,0.1907362583102502,0.17173576970234883,0
0.15643362596211136,0.16586417656367708,0.15695518199767383,0
0.013190752099485944,0.04707128990824606,0.012486160375874555,0
0.05218072870966177,0.1016900397020569,0.05886626403565765,1
0.06532647299066449,0.15975884862681206,0.13967556625082878,0
0.12307140688372173,0.16583629855412502,0.19082371985453433,0
0.07900571596951951,0.16750775282537816,0.11652660024415297,0
0.0025337171946682438,0.15035170370937798,0.007464930348548062,0
0.44111118087540513,0.27932980972589694,0.3265532585031837,0
0.8326240063587722,0.5662787152588493,0.9130816209268159,1
0.011419717233150061,0.06670281568653168,0.007281605396474522,0
0.8939778577536234,0.5700833180173547,0.981701978682419,1
0.3328509172648575,0.19557757000694348,0.19711602792721641,1
0.005951606881283818,0.04191539458349971,0.006472513996578835,0
0.0030856951682032125,0.03533243383353268,0.002542040771492705,0
0.07875405171598159,0.1330086379574089,0.07260656223517008,0
0.30311298903059813,0.23444582128899824,0.22340933600184998,0
0.012562124669346352,0.09384211371591632,0.01917013722971507,0
0.08158587086190303,0.1367133419121999,0.10331087950299574,0
0.0014273067763592988,0.07869636566954458,0.0033575108214719397,0
0.0034805279646131903,0.061984371810522576,0.0023215049582441007,0
0.36177393509209965,0.2152512982334847,0.2383908866784809,0
0.04624839980703495,0.2066412129605753,0.14951492147358428,0
0.14386156622349522,0.1899186157160867,0.20840219821584544,0
0.14349055958704598,0.17885335738656805,0.15628164260984648,1
0.010568411527231977,0.054106265523557184,0.006063160459805688,0
0.008210783422241161,0.06464143727846329,0.005716438588229803,0
0.4116694328965881,0.254261011190084,0.2990800506943008,0
0.25078536168625476,0.20908303571817366,0.20078309274723466,0
0.2591345412220084,0.22186422628484667,0.18398751637933342,0
0.15293862786451604,0.20987139801709265,0.2101202509154785,0
0.2735734929648463,0.2277675203898245,0.21945833907435075,0
0.09342264294002454,0.1297170455691448,0.09287705192930319,0
0.7864144061251988,0.42061344785408433,0.8980947940653214,1
0.1802622608928322,0.19564289909752638,0.20990393926023374,0
0.15865771549356047,0.18447639680613054,0.11816473374400982,0
0.09269054480037753,0.15589944289611662,0.09740307107997354,0
0.24259916877046336,0.2126198913722865,0.2296452747729725,0
0.942775489490358,0.6849454505478549,0.9918893770416811,1
0.2016676531650616,0.18132370081836682,0.14843426807753343,1
0.2659107694606252,0.205980641060773,0.2442410554481506,0
0.9910260131905367,0.7004403506245317,0.9953483511204992,1
0.022884713354454123,0.06561594473354279,0.02543096401938451,0
0.04183677277659546,0.061927647540024236,0.03891183698364118,0
0.16566524473527547,0.1903323683457245,0.19619678324794837,0
0.1400294116276037,0.15275806833512492,0.12351263167820885,0
0.05936187498658357,0.10341059801006425,0.04369184983302461,0
0.05123436395251224,0.1661763128915284,0.12344258817356876,0
0.15977202373770744,0.2174034372498047,0.20269825828336868,0
0.05158944249360513,0.11448288681824553,0.09267676658141666,0
0.2205492603310212,0.2038463709464136,0.19816442859636677,0
0.01923863220322357,0.09332693369287441,0.027251514546453606,0
7.121154604252819e-05,0.032587665711620126,0.00037921153916877854,0
0.013136857568879523,0.06590680272959311,0.02181631896294415,0
0.8732691701285646,0.5041961717263266,0.9786345002340604,1
0.05162223707942324,0.1692208527665991,0.12540857970279887,0
0.3877041406381362,0.2878323736830493,0.1830138331505948,0
0.2955013790496008,0.26396565631614916,0.22125259833562572,0
0.022995006962983025,0.10333306947359538,0.04505885933990646,0
0.07026890696847411,0.12251856089366678,0.07686875583552272,0
0.013862643817725532,0.0994703411187662,0.015743022334468906,0
0.30883118058768155,0.2976315155766729,0.008870408235022704,0
0.20697713918909397,0.19587292281841723,0.19575058960540975,1
0.03364119943289506,0.09499598467547299,0.052480695646110624,0
0.31383995781005924,0.2171100550725819,0.2474160261886783,1
0.9359145084746369,0.6619681955181762,0.9948803789630343,1
0.051621414136901224,0.16281102635472888,0.10685415277854397,0
0.0005540696108155635,0.10879400847890057,0.0062911062862915324,0
0.9324882008223433,0.674156011856768,0.9884640472919215,1
0.06768355846709996,0.12343524127045956,0.070388527764675,0
0.09826609460940541,0.17463219868132485,0.11688313566382383,0
0.021248769140284795,0.12447886453796925,0.06314602752693424,0
0.9392758970613994,0.6884873586928468,0.9912227025325514,1
0.13197888166420055,0.15231799628266263,0.13510051847364593,0
0.06540660621569656,0.16160313422384537,0.15425504568552978,1
0.028884839103451212,0.1246688826010248,0.04092324426266335,0
0.9227320984181714,0.6109512245880261,0.9834865232547764,1
0.00041354903238507746,0.062346029825330086,0.0034897724798357618,0
0.9345963182095285,0.6702181381865142,0.9932223630666277,1
0.009328925264883771,0.08240541417199851,0.036645465917502416,0
0.1510407822805338,0.1954901062451317,0.17058926142296135,0
0.4165722659104299,0.27020770741393474,0.025044276423866692,0
0.012333816838062273,0.05292189261228933,0.00905584585439303,0
0.9434123777506161,0.6892896854071823,0.9735079139867417,1
0.015357321517923694,0.22689827932422676,0.008913831461442524,0
0.3249151012862784,0.21590735347177983,0.2810452414118141,1
0.14054766475127564,0.18800430761514483,0.18844324749155442,0
0.0032763699253512595,0.04768379487599296,0.0021820835480470912,0
0.024190196485420135,0.05721524659061937,0.01742973400885503,0
0.023108244458410695,0.07037491801122592,0.03537306869087287,0
0.0579700047738206,0.1496330994708679,0.13713492399772312,0
0.47881639790819625,0.3619011929905358,0.016085824922640053,0
0.21385195045472188,0.20975062463550695,0.22520200235057333,1
0.039902682339206075,0.10279519781691822,0.05907976611448213,0
0.8626064140552164,0.6101619708089299,0.953984056647225,1
0.10551355672672352,0.14769002042682083,0.10246887306427242,0
0.42455141582030465,0.237019677255871,0.2798641971381579,0
0.14613948818694933,0.1719337772280959,0.20329763039517273,0
0.30574971620572644,0.2614299438419619,0.1515826020804444,0
0.033630021205484535,0.07104725783503517,0.026394810818015813,0
0.8541425882752554,0.4640998289371333,0.9816201805334469,1
0.030577179672885084,0.07974522971658331,0.039355941292450694,0
0.0005794351784476338,0.09713695801855522,0.0050537271931088154,0
0.09433683702033611,0.15689635531621654,0.12494441555756201,0
0.007961720265494443,0.06740804082449703,0.0062118103089800186,0
0.17070951457432132,0.1799144640203752,0.15442463028342182,0
0.0068859551727475585,0.04089462587668578,0.0032786048707409547,0
0.012405939503717189,0.06537730105365734,0.0058776417529294,0
0.939825333681891,0.6975393812538316,0.9969304955377586,1
0.007231493759051611,0.05837951640080214,0.006321183074743353,0
0.01042326647064404,0.0829387409585193,0.026495964067378783,0
0.12019211394432382,0.15387605081524525,0.12064909131388521,0
0.022519839310372824,0.06720898015203952,0.03061860447704404,0
0.12156823651797587,0.160918750868036,0.13947077636824212,0
0.39617516115815704,0.251822280140726,0.25313220941136966,0
0.22098084808461685,0.17911548897061122,0.2266332861936293,1
0.9820828744343603,0.7198390230681817,0.9983345115853096,1
0.21150712658015436,0.1759260270961884,0.16384519291134922,0
0.9708203141401375,0.6914426808281294,0.9961980972398438,1
0.9631917667927697,0.6975248620636708,0.9925244768922379,1
0.00973333080009544,0.0569950190566548,0.017783585278385465,0
0.2277378211392955,0.2008402862028304,0.20640796813790613,0
0.02468037734153777,0.09244482695529933,0.03489613990557777,0
0.0300799903878751,0.15788850726225218,0.05025270995331583,0
0.08700455123610087,0.14964871466861077,0.14807905945041866,0
0.11557794811540527,0.12700794291205955,0.08234638151139556,0
0.07004925835910862,0.11300450496062477,0.07205024742831025,0
0.05490657726361555,0.1730973555101953,0.10230911707701512,0
0.0025259504773241545,0.04400140261547345,0.0021466513074097186,0
0.0019619514975198174,0.04187556662696419,0.0021408850116916615,0
0.03398192552788854,0.10201605878906271,0.03979690724989606,0
0.009344158319519399,0.05722432121877334,0.005374086429570567,0
0.003701998884127841,0.046394863807098806,0.0014424754509617655,0
0.0027552143153420938,0.04853137567838264,0.003735104501065531,0
0.003463538308770283,0.1509723266725231,0.0048607557998160186,0
0.15209206159902988,0.16778675854855024,0.13155877893213105,0
0.2849244953326305,0.22073031338306928,0.2060291830625145,1
0.09993519682096964,0.1614024693667524,0.09632356956455361,0
0.22354249721169034,0.22350092249822312,0.23889104131469466,1
0.23073844831954063,0.2114665992853465,0.2277427627282469,0
0.0034279958141452856,0.04717547478858225,0.0031327246085183402,0
0.4897979296455686,0.37536775921701865,0.38353412989131797,1
0.8006394215141891,0.4284247326312715,0.6295357322309749,1
0.752237197507143,0.6289081613797627,0.9053885193937776,1
0.011734093433826118,0.07732776634003131,0.018579540323454245,0
0.0026333793877878534,0.05003119551502509,0.0021896118213524858,0
0.031673850045184686,0.07494030960491703,0.020623571943981803,0
0.04849114323152073,0.1517234273404633,0.1553720610332332,0
0.05551689001022244,0.13236460389341312,0.12487122381775785,1
0.08598196302497697,0.15875598826976503,0.17144647134882138,0
0.02294853848929572,0.05473714850744269,0.015381614744263012,0
0.29538258297985426,0.230004472638396,0.21842814078475706,0
0.2647092548687191,0.22730820859642545,0.21107476060812552,0
0.10830005428231544,0.15892578024282417,0.10446426017177013,0
0.9230684444111077,0.6136390014635345,0.9901303702474327,1
0.03456540861401157,0.0606304554140034,0.026878776557722788,0
0.03469478445766263,0.1300853905947018,0.04390266887691055,0
0.043658840095888565,0.08976520485515051,0.04346016735230348,0
0.07398989019352517,0.11344390462066592,0.06757429494807439,0
0.17369113321413904,0.20560431053030803,0.16449818599251495,0
0.14802082383006746,0.16406903601922557,0.15847435169245816,0
0.006573501453454398,0.05408457687948793,0.005502485745816363,0
0.12097042383530486,0.172245916138649,0.1375186545686741,0
0.30172275434995577,0.2194528980900989,0.24013357667612212,0
0.00021088979375971924,0.048571123659094904,0.0009577959269545062,0
0.1464739705450303,0.16041573218559121,0.16723266293826422,0
0.9202730583094334,0.6054447324408445,0.9840325293000485,1
0.01864932267331667,0.052863007340551646,0.02261695527890314,0
0.0077649256007638005,0.05249514558232045,0.006484827573778269,0
0.9559463561348558,0.6138667559927454,0.994803002144414,1
0.04139822421268885,0.09250238139768559,0.04268315964727528,0
0.006860114826133342,0.19149710245816653,0.005568501730768785,0
0.534952035568168,0.29523476822583944,0.34395893236096514,1
0.05813617701108977,0.10536530270736119,0.08835598046104358,0
0.35161383874715757,0.21620262836400686,0.29745565084812986,0
0.396354415482121,0.2541771889749544,0.2536663206733884,0
0.9063361483818072,0.6057868264970078,0.9832575768312573,1
0.5146477330621304,0.2822071963099565,0.3518938943886593,1
0.09742229397184358,0.17436682322585187,0.19366743078537044,0
0.18925505218371336,0.2120847597644552,0.23460790229532166,0
0.004595298471619207,0.04585230556197484,0.002483351260732477,0
0.02621943450714356,0.05940114459460637,0.022966227218469946,0
0.08765232218866685,0.16228692429339522,0.11382613484383462,0
0.0491308177248464,0.10498695282222197,0.04847120870107491,0
0.014979575794872068,0.09265399609686374,0.03203367740998892,0
0.12489748403423595,0.18740319516856097,0.11273691932288649,0
0.10997471544928525,0.14659309833446418,0.1307468067309124,0
0.040457103613765276,0.09692021404702557,0.061427403153313485,0
0.014645066224420362,0.10595072098759849,0.027599682035194122,0
0.19752211972999162,0.21498276881844347,0.2432307477865908,0
0.00026941164577986166,0.07033908338237321,0.002214942339884749,0
0.10624901446488728,0.19138089422893595,0.11273896180639535,0
0.9082271977300456,0.612213244927534,0.9833923432572264,1
0.027139602313285358,0.07244734146544314,0.01778404847456165,0
0.9710328927732318,0.696397224991759,0.9982167173521593,1
0.08427278471307502,0.14438148927948033,0.10953528953720984,0
0.008351536227615485,0.042084511046102197,0.00605828649409425,0
0.004225288292224053,0.05507555275120652,0.003003334439742161,0
0.0024027005382992062,0.0387802404885512,0.0025439763259893916,0
0.0016108541904887434,0.16920671423681127,0.028382890228755314,0
0.7852278002666699,0.6404748863277597,0.8765643910262713,1
0.029511474159050404,0.05941350049784504,0.016802395658468763,0
0.05195488692284127,0.17207503232605778,0.11122188436228926,0
0.016072757140315433,0.1243176924674907,0.03527156551353129,0
0.04070520117414636,0.1276483487011496,0.057232044452920475,0
0.5434106120043357,0.4352493091686733,0.7255924828324429,1
0.0028026621164749074,0.07098730239765508,0.0027822015586870872,0
0.042141795902686185,0.09007896460427624,0.0229220461037494,0
0.0005106465316176312,0.11697706158014817,0.007196887682487541,0
0.0009860507905326563,0.05863961724302485,0.0025251262409174105,0
0.08906417484324598,0.16920842845070416,0.09184430401456029,0
0.025533070343989158,0.07240437413721455,0.02948609445846326,0
0.6403501789204726,0.47630205808791715,0.37401845525862376,1
0.12146353389610218,0.17251417872554423,0.19113546399974252,0
0.08536734606277713,0.15186209987084145,0.10959618317879252,0
0.210041205819711,0.21019961866390707,0.2374402662711341,0
0.016858628648862704,0.1139355229864911,0.05635798274133898,0
0.3395198467953494,0.25463919206040353,0.27273607123559085,1
0.532531307951396,0.2792348723425671,0.37202619154165845,0
0.011248796706342165,0.062265909890782595,0.007148588109095841,0
0.026877224042321332,0.12743789768835284,0.03803138276321813,0
0.17411948450625528,0.19587986113331826,0.22117766790627957,0
0.012844034686814046,0.05703878177096211,0.012393605463040363,0
0.03949956828800521,0.12752547534773898,0.04531798786567208,1
0.03547196266479427,0.1442411364197316,0.03319328259923193,0
0.23000386693069869,0.19975055542580214,0.17826164815688747,1
0.18046557024705978,0.2004306851747632,0.17971846250320445,0
0.4440717261524708,0.2400197398464537,0.21817822535691614,1
0.09255619552622084,0.1367516101880026,0.08632524893412487,0
0.01482625009994237,0.05516788047382115,0.03141382235603691,0
0.5528801740594153,0.4512925001869625,0.28163133774697896,0
0.12433352764274753,0.17048886223415338,0.14668950939896722,0
0.05692069409487924,0.09304771865869692,0.04625335486893031,0
0.026832352789201996,0.10766897561003604,0.04064481521151947,0
0.31239824760569845,0.24587007676394634,0.23643652033829884,0
0.03363112642863588,0.11950170942219615,0.06500338005278654,0
0.40674766696545916,0.24915194913524916,0.3325422030863739,0
0.010713632711434828,0.06780181946649967,0.007879226092093166,0
0.34796844219541173,0.2115157887042499,0.22166371992000206,0
0.16607740400132903,0.16096854035953073,0.1530781760303368,0
0.038576908027347694,0.14598478377956814,0.08773436505952203,0
0.48272954337891893,0.30568863838302107,0.056364475665138844,0
0.01293009105993907,0.04594292103907926,0.012718400513979891,0
0.2250461783807782,0.19245556829356208,0.2435877818674667,1
0.1703568768397339,0.15715475335414278,0.17864678829125263,0
0.045173498244139104,0.10360316824665516,0.05440673850579695,0
0.17430422774595583,0.2077129827622167,0.22426939916662933,0
0.024103573589331417,0.08920397306406884,0.017458542248522273,0
0.013100798170438601,0.0810672583424384,0.02634022304951796,0
0.06564287027504948,0.11369920801297859,0.057333869399832676,0
0.9536717292572928,0.6848127424481638,0.9968802210249104,1
0.06300575068789402,0.12792030019574466,0.07178587191118882,0
0.009021520909341699,0.04932105940091776,0.005083456257073181,0
0.05124344303601055,0.09529724814767714,0.04430354851339677,0
0.0029648784677870714,0.07422173578028267,0.002616412863174286,0
0.2493019311406599,0.18745292044188272,0.18540586339330736,1
0.035279643161838806,0.14341799785320505,0.07377851795920505,0
0.013058422136199364,0.06518182008232623,0.005813019376890879,0
0.061256806952388616,0.17736296705621546,0.15006510924633484,0
0.1163159878040337,0.1882207098660661,0.12480640998415404,1
0.008382176347904544,0.041849100571801114,0.0034784535536465503,0
0.10593453585105528,0.1305287240640344,0.08905172651982778,0
0.18733776374166797,0.21887463792858292,0.21924986999030394,0
0.3507759463834703,0.2368485187850722,0.2273288498265157,0
0.15224346719849735,0.19345111975658158,0.2177798354808085,0
0.1546911228901815,0.18409755600331593,0.15683398959255565,1
0.9756890521555273,0.699281662536765,0.9973519468362869,1
0.6236541274232732,0.4259676530679903,0.6309885612510459,1
0.03712820337651201,0.07571683673316787,0.03458119509116789,0
0.393095534026255,0.2617801337672044,0.2448320847926139,1
0.12604715962075513,0.17516694522911005,0.16914804197698427,0
0.14426607162023633,0.1864665460295703,0.17197927146925907,0
0.4667326121670544,0.2887207385100275,0.2774223778493644,1
0.1751924273478453,0.1698071162000385,0.19950148457918182,0
0.04171700773585629,0.1559789842373405,0.07082830107187227,0
0.0071296043218213746,0.043065033344745866,0.006051243553114019,0
0.02885132472570486,0.10311091776508298,0.052658874227466276,0
0.05381929382302185,0.08559886843332275,0.059500322477347926,0
0.6016797283364438,0.4575813839029823,0.5840637216130521,1
0.010549032294202888,0.05087003013670086,0.008277776479741553,0
0.4658236526949725,0.2973431038087871,0.039224762363986726,0
0.13267847635668148,0.1610810014189997,0.13399695411850693,1
0.5621471825956944,0.4141387079336139,0.5094678890638116,0
0.21306302036528532,0.16710912597752184,0.1684257810664208,0
0.0003491824743708774,0.059935849695159193,0.000985506169969374,0
0.047420446975997226,0.13783399784531497,0.1202199934755568,0
0.02171060621368251,0.070626711863606,0.022212768404468425,0
0.1008463496110107,0.1549607548616133,0.12674163206245614,0
0.011070846391051353,0.05907585153818595,0.020973185157864536,0
0.1279048606641976,0.1771410003014451,0.1897003356719903,0
0.1354524303274357,0.16033387629905302,0.11584870904536076,0
0.0994712811455087,0.1499596815987408,0.10744342732329307,0
0.026490885465385035,0.06695405146241641,0.026954039874752755,0
0.05121548555448658,0.18598142754889244,0.1588897060288275,0
0.04274498578120847,0.08075486107401168,0.04549917037733794,0
0.0007539929543155336,0.12111607328748582,0.005269718507672609,0
0.6393431780668097,0.43303244811260344,0.8546984603096812,1
0.9473618412216821,0.6915803405950044,0.9962836914756541,1
0.2724751218652375,0.20866551578368614,0.20109193406304693,1
0.1537363626361407,0.16376058468055982,0.1480024403275365,0
0.035946373860728104,0.14322766350768654,0.04822472906210696,0
0.04646516330307097,0.11131446156115762,0.0642781596337386,0
0.02153719613952314,0.10720258751107933,0.04648024886039607,0
0.06425633868440292,0.13969795390943787,0.16145790390266754,1
0.05880207373666237,0.18109581207276396,0.14658132967362017,0
0.21982564794308251,0.19386138182583199,0.19655515773175325,0
0.1499431916475738,0.1699371279256232,0.2022671158494808,0
0.003550136368699962,0.04238871839435075,0.0012450975450571534,0
0.0003819218809187197,0.07018808675573392,0.0022635980568580724,0
0.04302838567731806,0.130618757319211,0.10392236103503127,0
0.16756113710378065,0.16412049605905604,0.13852874618242553,0
0.0026370945802790084,0.13727440300095234,0.005904812298423528,0
0.26493977341048985,0.20687908273497904,0.22325236673852106,1
0.16111114080834377,0.1787682175106022,0.13024290034382568,0
0.024563092563436105,0.12571118984495352,0.031045261978645565,0
0.0022161485476178315,0.035608382944101916,0.0011130768427974791,0
0.22304867795008215,0.2283330143357717,0.22917988531593703,0
0.01043933547055732,0.04330717499999719,0.008936775623637636,0
0.0028086994949714375,0.11158176381984154,0.00884379747757248,0
0.004097079633146293,0.04022621001193123,0.0026862682742054677,0
0.15757370520800482,0.18743736552265297,0.1534509922354395,0
0.18284247895626227,0.1675269121646588,0.2274177085147258,0
0.19617488540055839,0.1883092065275161,0.19916339520780035,0
0.0295490109551246,0.06617361856876428,0.020790899672723837,0
0.17916006817529745,0.20343556514750835,0.1855580963494238,0
0.0074734620571550205,0.041974564929227305,0.0071340610728396455,0
0.003266233866453362,0.12951998456922567,0.003996198614797676,0
0.9515648363939105,0.7288928336263987,0.997613264358436,1
0.039569424340034826,0.1307683726700418,0.10656649514358614,0
0.03540376865084777,0.08255692201371441,0.03790751775528248,0
0.15861933741276646,0.16378622728076633,0.15175151532425427,0
0.9834836536443597,0.706741449530678,0.9969410960691305,1
0.10675315699624588,0.14288594057805706,0.07382216684084929,0
0.21793270056932107,0.22015048895961056,0.23356240440366857,0
0.16814696247270766,0.19068838549180195,0.1800345833656451,0
0.02796118234714996,0.15925691226262392,0.05644942361287892,0
0.030893716382582034,0.07339002141975391,0.023020781564896516,0
0.1351149817083328,0.15969093389814806,0.13516084842326326,0
0.36636484238372324,0.25621581878265776,0.28660057824705004,0
0.0660030343096023,0.09382426759298063,0.04813288662249783,0
0.9907210207261733,0.7349610772539008,0.9990916611835966,1
0.3880728515490574,0.23697731036887962,0.2372629485092126,1
0.25677330237833756,0.19898840699383616,0.17047251110161923,0
0.2717522713383536,0.3128005293078586,0.004349079476372838,0
0.012750254673128894,0.09343502378331754,0.02739074185293224,0
0.026662246953300394,0.10890141912955421,0.06025733201054298,0
0.007378311086762593,0.03939593909819385,0.0035706015760187506,0
0.0513213134552845,0.19868942898716108,0.10779840493889487,0
0.7771365508709599,0.6150867228270595,0.7787239295042506,1
0.13544415367845655,0.1695605202338591,0.15816545683290878,0
0.0007103849419803548,0.12952839621025725,0.008779405674772305,0
0.08141850274396371,0.14280692812895265,0.07059007875709702,0
0.030367583538821255,0.062493759293975826,0.019464999718467643,0
0.03885523720648808,0.06458439521128737,0.02447696551585736,0
0.1299096513794349,0.15377519376746387,0.10441932807678773,0
0.41910577821490874,0.27603990578428106,0.29947603773556236,0
0.0903169630135804,0.1502600406127638,0.11092140145534767,0
0.08529299602142135,0.1293049719667165,0.11469090443705113,0
0.024992627353601114,0.06757171941647362,0.020243140610229533,0
0.2516572860609322,0.22439040896627507,0.2050494271032879,0
0.26219728252047225,0.19545996544481983,0.1900262764917834,0
0.00013215573500482101,0.05029188664315087,0.0010065820369057066,0
0.16668901822769014,0.23526961944710262,0.01463698911314796,0
0.011519719893300853,0.0842672649254869,0.026315089166412467,0
0.9877563596084907,0.7457236401197849,0.9983497861674125,1
0.002548936810220174,0.04957464484638823,0.0022543285267924355,0
0.039721891758641284,0.061860589148704515,0.027831698353350347,0
0.17679546367928817,0.16350333268388817,0.15787910285764087,0
0.6649080418130647,0.5109041357522287,0.5960825961908062,1
0.0754789500635423,0.14550993025543887,0.12061158255579314,1
0.2695997885773199,0.21525246253522431,0.22184104680179903,0
0.02198514997190806,0.06440282554112564,0.024671495600319785,0
0.1430599561078322,0.15722711528824962,0.1682422475169407,0
0.06728690304058496,0.14193148311305537,0.07631707298939658,0
0.02081943519756591,0.24605107162282996,0.1259814487536582,0
0.002499963426433625,0.04468575131953467,0.0029376564977938026,0
0.03705403317017484,0.16404987533528673,0.10958563193191968,0
0.9236689241995717,0.5940993772027074,0.9906946478167951,1
0.9125874674279896,0.5686828709040067,0.9869252919799282,1
0.0052055630148542505,0.04565705307513898,0.0027292137838353238,0
0.07392463610392214,0.13173265562525938,0.09722209678018885,0
0.022140325386977897,0.05852610276547017,0.030034184408343014,0
0.36016145190102006,0.23150408930985325,0.2873079480117569,0
0.019339203763884035,0.11715402578368236,0.05035309744498988,0
0.029334598735106805,0.13920973367099787,0.05271106682376985,0
0.031548635720913966,0.07646248922312811,0.04666918985122049,0
0.01586750950770996,0.06528634713984872,0.011731660629194214,0
0.06133854314761495,0.11389102490764538,0.07512292322966246,0
0.043799767354227866,0.11045933333986029,0.0762841384650295,0
0.06291420954995286,0.1175820744470811,0.0659809171443701,0
0.8865772974717178,0.6011037926323789,0.9844171627324704,1
0.017108441788632793,0.09018242370763183,0.024518311207763786,0
0.12201961938482044,0.15930917829798547,0.14388250839487135,0
0.5540634080665126,0.39796941296471755,0.4741369669901351,0
0.0372278014513712,0.12629380867966714,0.09718001684067043,0
0.10014825405474885,0.1604004412260717,0.08994530875955711,1
0.012440736124850839,0.061924499926226804,0.007244306807164995,0
0.07409116887294491,0.13809099525874222,0.07731568088082734,0
0.2530143636298084,0.2090801151120504,0.18950788087064013,0
0.000405459334974164,0.0697037360313229,0.002290068363375336,0
0.6745331193518878,0.4783701951247833,0.8217323346834147,1
0.037905845496723545,0.09338582296763737,0.05455188394347378,0
0.22177809600045878,0.1727345752798962,0.14454394839547183,0
0.0076001212010117156,0.05689135335677903,0.006572062260915626,0
0.6800678963556104,0.529357675292499,0.7394561338973455,1
0.27531298704035656,0.19814397875046186,0.26817900686502527,0
0.04592300685540007,0.14874893250306698,0.11240908389034109,0
0.11554126858121484,0.14913378661575172,0.1247259031617962,0
0.011325635869143777,0.05816933691662549,0.02512886687498372,0
0.8907631063111302,0.6456981489724982,0.9590263841000393,1
0.019371905425824204,0.11531923933514635,0.03045994240627812,0
0.10852174569722084,0.16804995915771395,0.13552162761041225,0
0.055745412684400815,0.15426013799567534,0.11547225273536899,0
0.03210022828764354,0.1265885865178021,0.03597177669435125,0
7.017971394970734e-05,0.04390100319531706,0.000497629247493487,0
0.1530533974481091,0.1604156205732687,0.13824847704055965,0
0.0013950644092358695,0.13222713132065647,0.010571833345072652,0
0.0510425826032216,0.16429657591970867,0.07825915790702562,0
0.00970351447637136,0.1993435772634981,0.010773949691020192,0
0.16469191712640024,0.20034152515779233,0.2179307730667591,0
0.24590437811431268,0.23783357852532805,0.22361468750993738,0
0.31970846437132955,0.26252749573847417,0.2732475972152249,0
0.26844686270676904,0.23909311631565167,0.17325393810837747,0
0.08522244023816707,0.1588408979380834,0.10950512048300493,0
0.14265194820128602,0.1687776284228575,0.17672262561729354,0
0.042687694421690674,0.16378969621504702,0.10440435854433576,0
0.6685683540258391,0.49082338265467695,0.40923059344140233,1
0.029432227123346543,0.1353613740927653,0.059370944133058844,0
0.10405247272172564,0.14648778820788974,0.08461970935080389,0
0.013975911913489061,0.10026464946756372,0.03179649307137378,0
0.009430039656853654,0.06576074230608327,0.0075769861957599004,0
0.008412232697238325,0.04874861559180861,0.005611830628429337,0
0.08634415492532824,0.1371715326859351,0.107438172746084,0
0.07992611923473547,0.16227656925965964,0.11942704351867887,0
0.1722372538005083,0.18787358699807977,0.2000405366674427,0
0.09631439213406119,0.1570827335533362,0.09931141912807159,0
0.7489944460290154,0.60529093024079,0.7272212325388415,1
0.03181557139421179,0.08372096613535004,0.046991801285243884,0
0.0025326286029274127,0.042044309564768345,0.0017681686147991802,0
8.108875553193502e-05,0.04604248227825428,0.0008882032293102474,0
0.09486083897435857,0.13276983447926463,0.09414636432060534,0
0.037061065995866505,0.0794044590106853,0.038644442017190826,0
0.014149618322777321,0.0820473668645555,0.019472483348851207,0
0.17879775038473913,0.20859108303601034,0.18694579345060236,0
0.1601775061979124,0.21933954973556608,0.220338135043422,0
0.0014321424686215445,0.132657101933294,0.014295300468567473,0
0.0358731034655792,0.1539895496987583,0.07846858623236871,0
0.04660868516878249,0.07671210568324453,0.0353583410891403,0
0.466841442586168,0.2517832752986773,0.3105875313547283,0
0.3817842887136281,0.2250720135367962,0.2555889252842302,1
0.002628262325647774,0.05025858600654297,0.001975281304335538,0
0.04664454293362198,0.1693952438083361,0.11249706043881726,0
0.787267872191127,0.6003785563898981,0.9465440122904192,1
0.05874960500611718,0.11142648779058703,0.0936540218420569,0
0.0035233597180203222,0.043383031264060484,0.002393816025835009,0
0.08749356926207853,0.1491832439092292,0.12154299501620823,0
0.12886050819935155,0.183830688863805,0.18334286367360678,0
0.08766748761142065,0.09612132045289054,0.04925773886260162,1
0.4039322802498116,0.2138775397275512,0.22980799272787167,0
0.1764488900144782,0.1910467541639059,0.15801283641939934,0
0.12337929036524535,0.17093539902792043,0.133822663164096,0
0.011013106080828979,0.051293603162337435,0.008987648989440964,0
0.002721160145982465,0.04007454818093597,0.002802780145249919,0
0.08982192311033824,0.16129962530071362,0.09388369702264238,0
0.6415878272535415,0.38048786629329223,0.45870302470303975,1
0.15112639790690716,0.19713039833698653,0.20597035352502058,0
0.06287558399607744,0.1999228025624661,0.20212578233641257,0
0.15844559146431822,0.2837857119194507,0.020363989650410388,0
0.051693398932266696,0.19625724548191156,0.1545866015031847,0
0.029887027539359002,0.07993542907828752,0.0364629628633354,0
0.9329537718405385,0.6099482931312197,0.9845610050964094,1
0.17438724888178267,0.17691543467730567,0.1549308017146083,1
0.10797714884527645,0.12040136352872362,0.10105475010098285,0
0.7870917562080559,0.6244014263811924,0.8362853132767598,1
0.9418937217297028,0.6734561512504704,0.9845124571079046,1
0.01796239887404043,0.09898012064648357,0.030698391219874974,0
0.07016356538408382,0.13066431285053634,0.06901029737856004,0
0.14574702978994758,0.1926661112999414,0.13045965763000758,0
0.012017960631533117,0.08238676064157997,0.016218169659882133,0
0.08426085874232292,0.12650594784135938,0.07847613590634775,0
0.4974651528252792,0.29445328095385614,0.33638446721363585,0
0.2305861773327804,0.21433514403730125,0.23378682836274864,1
0.07795483236353093,0.14108745377943835,0.10989477446355336,1
0.12634466686996731,0.1499114240847092,0.11607055072992295,0
0.15513070562849807,0.15579598117877733,0.12594240975330548,0
0.16660516501655728,0.1955965526104216,0.1675833186373518,0
0.016067663350271627,0.05359877520392273,0.015801849474579552,0
0.0019345360672471305,0.10512995924348087,0.00434294159793112,0
0.3998543584682287,0.5682316526227409,0.5680154253601298,1
0.01659861988429898,0.09549412401561568,0.03163373219615348,0
0.0516223986435575,0.12698173045025976,0.06326542515355624,0
0.9608790497785967,0.7076611457100266,0.9953014494697685,1
0.0486927324272198,0.09910741453852938,0.038598164789249906,0
0.0072246449628250095,0.16875040151030013,0.005144666068228588,0
0.25627975618327997,0.22230476243421737,0.24514425378871024,0
0.020826574242626402,0.078343953593398,0.028656176179619765,0
0.1458298799819936,0.17489292513808158,0.19034836564007196,0
0.25906405460530035,0.1982304254267274,0.21777971322222014,1
0.040414200491828624,0.16543202140252738,0.07271531372793365,0
0.21480205501973304,0.2109644426532137,0.21245064601716185,0
0.43872749384309895,0.28634828599714196,0.3161309438442098,0
0.00019657973918860467,0.03602129271853238,0.0008657947733379443,0
0.1264274278842421,0.1990228730758209,0.18021770594500072,0
0.07668630602129599,0.14590470651925863,0.10768869596282976,0
0.03716849917468164,0.1555562123759893,0.11500914843492192,0
0.9883181249548424,0.7312269926463566,0.997803883334105,1
0.12514044854249734,0.16498015043717096,0.18569224771050796,0
0.0029525685485100334,0.044850131170357584,0.002126485352092962,0
0.030453429764397313,0.17428238427810916,0.09156365724727986,0
0.008102254988286187,0.056066870505922,0.004474412573740897,0
0.16649669011344637,0.18756108660374238,0.15691258977216008,0
0.0069616497694885955,0.2023394141484225,0.015679025862305823,0
0.027841553130709688,0.13212241292016852,0.061321694317486075,0
0.036171017105640114,0.07713729785383748,0.04252044624117727,0
0.22384287870724418,0.1978639067694242,0.16836748301949944,0
0.09557564843759761,0.13284191085767671,0.1148142251644664,0
0.04805979051651059,0.16021115488615417,0.18071339516107587,0
0.3003235939062837,0.2660654549951399,0.30176723991627913,0
0.14049428099866887,0.19319463593600852,0.1985655528591535,0
0.8020367707393676,0.5477532509331865,0.9558448328685692,1
0.9605893400225025,0.667282400338672,0.9915015961619037,1
0.15838844859656193,0.17938265021989697,0.167586019783731,0
0.00651682915290209,0.04180158513310157,0.003973224366648869,0
0.22811160121366772,0.19934340102789486,0.22924885998280756,0
0.01936813388345702,0.04901745533454135,0.015053654736839582,0
0.16448215363851973,0.23721664463637412,0.016246398422320375,0
0.00046877705165227835,0.0718111779621041,0.005640313738745543,0
0.035842132293752146,0.13518042952958367,0.11465652567820399,0
0.9162660329052847,0.7141688754679612,0.9284562022408308,1
0.783572800342489,0.48565545517580033,0.9258656781367497,1
0.011019475779689997,0.10268818940173839,0.023485467468265575,0
0.02660994259257978,0.14098801915366577,0.057621634850053984,0
0.017967511819737398,0.07576476265731245,0.017819060087219847,0
0.18739639664894964,0.19070969056536194,0.18178643636674297,0
0.0029891376472376196,0.04456294900499263,0.002588678349815115,0
0.1460207203876317,0.1667988991085051,0.21309616033807216,0
0.011692946932581522,0.19094640507008429,0.015624918575902211,0
0.18064420074432205,0.17196446198179838,0.21971576108942412,0
0.931949947098898,0.652465401914617,0.9794919842102097,1
0.1558088104420408,0.17605375525518882,0.14370067797614497,0
0.00931321960385101,0.04650263633909793,0.007082580614572755,0
0.08105696874009732,0.18346849562863257,0.10333256045951907,0
0.016162601304567814,0.08503548251320013,0.05296428232541036,0
0.7500614578301787,0.37159352489419517,0.5569225643578634,1
0.0031940543893970693,0.13625551490228935,0.007848198359553802,0
0.9080650474541564,0.6063877253045548,0.9912427818637839,1
0.14381922197101682,0.19606417385836591,0.1932528266702395,0
0.0037051391818453397,0.11924769335763741,0.009606284838060796,0
0.014269765422136904,0.0930364382199154,0.020873589168766526,0
0.0036800485776434014,0.05322444974379006,0.003268509644088106,0
0.39318315742691023,0.2382446224953979,0.2303737928031267,0
0.9321976240204821,0.5843821086284277,0.9944812981059039,1
0.6997065813592269,0.5075440049894734,0.5435563529461662,1
0.04248156198604748,0.08552262363163766,0.04887238526841324,0
0.31424080359930245,0.3249304999825797,0.0077429903117408935,0
0.03816336246141946,0.08018944648411125,0.024690405363306665,0
0.872348146759413,0.6644590397413024,0.9125660914549503,1
0.3226680401291539,0.22384881338487428,0.24200788345881322,1
0.04242114239638362,0.13995987592384487,0.11590642997284659,0
0.6471537985802833,0.5967435151908049,0.6957905905471718,1
0.36231643580666106,0.5085502087616411,0.4055450552141772,0
0.197088352211288,0.19758488079079933,0.20701191833032842,0
0.021451244911368926,0.1478133648456198,0.02412301108414144,0
0.47160304691100413,0.26984596378583153,0.266696467486808,1
0.15819226376163636,0.17455797104708443,0.14994798279649452,1
0.03437254024093674,0.06412220927248995,0.023474884121739488,0
0.08133788429581904,0.13496030122355387,0.07903255113970853,1
0.8724535914150278,0.5038566786001444,0.9829420640959972,1
0.7425327408968456,0.4816709592227505,0.8193775194523771,1
0.014285689449353418,0.10542806145746493,0.02435773284481495,0
0.061528762015902676,0.10496704359286559,0.0944397176017381,0
0.009474833555929818,0.04274789362811561,0.005988018369903905,0
0.05614468763229352,0.08281897574805681,0.03986530562347674,1
0.09075027412657144,0.13060826571246176,0.08063908783081072,0
0.69118876927312,0.44797576227300473,0.8525143062259221,1
0.07027990976047739,0.13508931258444434,0.09078895188852096,0
0.011117353942108076,0.08162536439927243,0.006339038676557806,0
0.09991431842418098,0.15959578475414213,0.10496352463980495,0
0.029449264620065516,0.08392729857774063,0.026792266059849787,0
0.004226428768217902,0.06956498158341608,0.001367721871134597,0
0.03404432982050013,0.14661505120493357,0.04678779446277766,0
0.014397061434595662,0.07476825893580398,0.025206904642619463,0
0.032649901417429635,0.0741739850553178,0.022813186749657637,0
0.15804647213549763,0.19671804774762192,0.17849734939548872,0
0.006639883157762727,0.17657551938103827,0.009161742120059305,0
0.014667104293593294,0.11197033089684753,0.014239159607640623,0
0.03252791526513575,0.07141324906813762,0.03689614059569378,0
0.029534710088046288,0.1722385212285409,0.0895208231184568,0
0.0658875477013966,0.10977343317264268,0.09996970904974362,0
0.06487604434657351,0.14132041170266013,0.06796804552671164,0
5.146265213142298e-05,0.04049877838221337,0.0003570242896731619,0
0.0024752099274993854,0.053250465349769405,0.0032277801921112,0
0.9565702713850778,0.7063146685032957,0.9961308643965237,1
0.033534037518936584,0.09769502997202067,0.03894765445417816,0
0.14737679527627406,0.16761284484419753,0.1254864868855453,1
0.088389388676337,0.13505978777082847,0.09725576582266193,0
0.2630703037945615,0.20720871329703996,0.19656543520403777,1
0.002306188323264014,0.14037743358651297,0.006987501499064758,0
0.04413586023918397,0.09242008395871613,0.0562145855551169,0
0.16866851820079157,0.166446621025404,0.17853676216214318,0
0.022613291952298203,0.09738212874484088,0.0469414342134013,0
0.25553598276606976,0.33263303057170246,0.06899734267923122,1
0.0030898785624863955,0.041358140536261565,0.0019202051336322159,0
0.02989716297824275,0.1668410042428701,0.11781873370065293,0
0.7903886940904984,0.5986061575876384,0.8586183474584204,1
0.07467236047125989,0.12630981058569044,0.10986199298862812,0
0.33520621796530864,0.24677190969225435,0.248886808368243,1
0.9434928984418343,0.558525818393187,0.987791053878348,1
0.04076233290246183,0.09688187040113656,0.06481355636531752,0
0.035529167356306145,0.12551018413619286,0.07422842876021418,0
0.9612896060886631,0.67128570902527,0.9977067275124133,1
0.5577526873873063,0.43909531250754,0.4966598166502931,0
0.14748175770252095,0.19847875107774843,0.2062009415239355,0
0.9341808009117363,0.6478835203731793,0.9956533493947177,1
0.3989867103441463,0.2706190005213132,0.1804497712752733,0
0.8030551630528479,0.6250278940971208,0.9552390783085065,1
0.34615547389157963,0.2246439208560356,0.2741340139232239,0
0.039109948391146794,0.06618991422887172,0.024375402143341596,0
0.0020431664142605646,0.040873265879424026,0.0026235013237887045,0
0.5466166213321111,0.4273546315336114,0.39723363363373576,0
0.0019859078898297896,0.04185849430462682,0.002309301206548932,0
0.012393195173635614,0.10050744163443634,0.018429917899370214,0
0.3234513170374408,0.232722786963828,0.23398951543149013,0
0.2871131042093975,0.22540776046921054,0.22612336801242744,0
0.0259492053608255,0.1345407267527535,0.049946180481732355,0
0.015417431043151585,0.05977709772012448,0.009233340121038389,0
0.04889796177326999,0.15640545133698983,0.08708952345021405,0
0.021524077325330602,0.13826824167326035,0.07264212997674097,0
0.23101903853408334,0.2191492992492719,0.19394978705577154,0
0.08214621398937122,0.138971777704727,0.08128278939398026,0
0.018446706788455874,0.07431263564548124,0.030660754010024667,0
0.3590226631347431,0.2573293198538746,0.25648854819224376,0
0.031657398320842335,0.05984427154598028,0.018155383236478823,0
0.08560453655169982,0.11435322888192895,0.09415860060072222,0
0.06922645464788757,0.12659284918699285,0.07839170274194426,0
0.8868952234060927,0.5398636718687492,0.9865565553243758,1
0.19009153114674604,0.17150921598640706,0.19354123313778634,0
0.029530236879135766,0.13077417144367237,0.0514611566672093,0
0.02309270676157874,0.1330920485106538,0.040265735695751266,0
0.34413263510787456,0.25254453416943534,0.2809330818548501,0
0.015524051597703009,0.04707531305977376,0.008723748735930693,0
0.013958593722578074,0.0769205438029105,0.01263486636017839,0
0.36163975813058796,0.4154224914003474,0.8027768188844389,0
0.12411927175435193,0.18540441213681932,0.13770060257928002,0
0.08909164738868548,0.15884484208245508,0.1227278158320249,0
0.14023721954985405,0.17653439351123854,0.19303087369539385,0
0.013030769260411591,0.08887638843012653,0.018485931340295535,0
0.1296148449163731,0.16452619856462497,0.21119571981180169,0
0.21811870874961553,0.21120869547171878,0.21430566671149662,0
0.12624390794254503,0.15268347399881782,0.10972966405358081,0
0.8067249794652195,0.4968167381058023,0.9109056241171026,1
0.23456591062033563,0.22946403032691468,0.15205746496433498,1
0.1435177627435753,0.18961303230843757,0.1586483550183529,0
0.038903490199509325,0.17132774285794564,0.09692834890214477,0
0.14626142941859036,0.18379513666279607,0.15226205090714487,0
0.281050139535696,0.2050187895965029,0.1839150867468864,0
0.01379264315277672,0.081622440311663,0.010121520527852092,0
0.15025328447072078,0.17686182177967175,0.2216757179649456,0
0.303710034987214,0.23681758862878852,0.20958124921539564,1
0.0388752119519281,0.10732435672827736,0.05063954311684618,0
0.017432070130363207,0.05594206982184098,0.018314358043134804,0
0.213801653736524,0.2108128424980412,0.19883984478018457,1
0.032281975359518544,0.1484610439322053,0.05137105858938572,0
0.9789372066201296,0.6958373576264028,0.9936274270617206,1
0.07424624263510035,0.15294038974358193,0.08380919817860626,0
0.016659813152182446,0.22728400381347325,0.01296522708751718,0
0.05653476147350821,0.19400879024338705,0.14567701217153226,0
0.05004120903281869,0.09828228310560787,0.03191267679594296,0
0.014453877385339509,0.08191238966993832,0.022172817028515788,0
0.12473995249073254,0.17389045605545547,0.16596084646849046,0
0.0945475997578684,0.1374733231482188,0.09962967076013746,0
0.2851766693330591,0.26112158606239916,0.2531704780121287,0
0.3930786560946025,0.23492467741913606,0.33388929154571434,1
0.022615680427323162,0.10455244007555729,0.029322669258222606,1
0.17201097997890172,0.18462961741116307,0.1406766447864789,0
0.008177541649849225,0.06662108376797948,0.005789699918018826,0
0.17538570612851218,0.2119055788270377,0.15514580910722273,0
0.25713768381931984,0.17530133994582928,0.1648985892989783,1
0.012810023009307414,0.08212493066338236,0.015393797510807432,0
0.12489558298357303,0.16376897227954895,0.15093847155330103,0
0.030502111448401537,0.061389342500317134,0.02318199825461991,0
0.008418238725028237,0.18088665632192635,0.008211039542094971,0
0.5911963733129884,0.4533961670261595,0.4187121276607985,1
0.07012961267602925,0.08865845936582104,0.04897540719319998,0
0.9815442219803313,0.7010633155067071,0.9962548851385438,1
0.034221800936128,0.06550291455972346,0.02470106840181561,0
0.02901671831570747,0.11092690748646966,0.06178526425139288,0
0.923316254285176,0.6657398936240417,0.9905802963863896,1
0.06762946033865458,0.1895240606337934,0.19605308523312653,1
0.10978367642336195,0.1631470562557366,0.1385606056144586,0
0.08421609777926815,0.1449800246916959,0.12224850970440558,0
0.026745698255098184,0.14536570943992544,0.03360266353343289,0
0.04320548552092193,0.15629758361009682,0.12929522258703152,0
0.4715197878654797,0.2569180271209948,0.35184184112759426,0
0.007710589141352416,0.17580419511691048,0.011586556045924101,0
0.7931296964792415,0.6051920814674008,0.8576507624326829,1
0.06363605088162874,0.09423617004704796,0.0595504546335606,0
0.0038182956820384992,0.1561178899254671,0.00571914285855252,0
0.7208709454372839,0.6131634335752965,0.6721910727987865,1
0.2099170408586859,0.19388498131196938,0.2111174259580211,0
0.26190101939861943,0.21082611585423777,0.22901723641872393,1
0.0014254154906696856,0.057164959926009506,0.00228460740497541,0
0.10700961308207582,0.176377328574646,0.1583922029679636,0
0.38790782574795274,0.26683764546277283,0.03651884251014895,0
0.9428696393622644,0.653756604018048,0.9926683623998784,1
0.09704586569894547,0.13997259765027034,0.12863389860111446,1
0.4172706098041318,0.26764524129778,0.2901736149060143,0
0.06078914134135128,0.07528270226587047,0.05150276487649481,0
0.13426560964332637,0.17752978618992757,0.1408865172414707,0
0.0009296333516868073,0.08167251897560097,0.005167410001083728,0
0.04365289770790161,0.11106109514366806,0.058168824652342764,0
0.10876874784986569,0.16127885950174575,0.15613640958492034,0
0.32529770385047324,0.26366881029059175,0.25862946933706665,0
0.07890531951241882,0.12507913853623842,0.08197366286559644,0
0.023365463791808892,0.05592414747135965,0.018523001282076998,0
0.005320899869893044,0.05462569456378236,0.006801892097551589,0
0.15447721326875152,0.16071378227116936,0.1874091082179558,0
0.13332891961549437,0.16885675040496984,0.18413044224196726,0
0.08397611153554989,0.1481804848000185,0.0996534766916962,0
0.028717292847167144,0.0650751263988508,0.024773260561340573,0
0.6335079094611547,0.5269021922695374,0.7593161752100256,0
0.14683041200431937,0.17207569991743998,0.20960113870633237,0
0.9824267190691444,0.7114478051733987,0.9966089922357959,1
0.11595135246832758,0.1526764311163822,0.11086699177836103,0
0.04875940100763652,0.1657883493749977,0.09285764928690238,0
0.027628771988611724,0.14112840340568675,0.07719658499970186,0
0.012707615802386954,0.08839401738346825,0.03233442508775846,0
0.041042559408430296,0.10098942699758716,0.05744868054906559,0
0.04564749031866844,0.10788627458927433,0.0587022429321843,0
0.3439552622660151,0.2813994778638123,0.1357843797290232,0
0.11284278521484485,0.1542594300493776,0.10444425227487943,0
0.026403572354320188,0.12996017900226156,0.07662146458588476,0
0.023581076707626155,0.09687570869543875,0.03328863920095116,0
0.1321248216212834,0.1811182732015823,0.17158267492831683,0
0.9349431973761061,0.6182923772418436,0.9934250383096616,1
0.07201505881133072,0.139762607459921,0.0837368155856865,0
0.5608267269173696,0.5262414388937903,0.7039965643350989,1
0.05345819246450377,0.13144892719486276,0.03905838579312087,1
0.082688739154768,0.16354919704652518,0.0876445687989593,0
0.024154678316274623,0.13681104966202634,0.07529089160493897,0
0.87709139161416,0.48463052043716465,0.9780353316830976,1
0.04344716417327697,0.1719905786111419,0.09971047841695858,0
0.003659605060383098,0.13846714310616212,0.006133208428801818,0
0.23590252466555955,0.22178695765735598,0.16819079253026908,0
0.845555881058001,0.6153781623938166,0.9615896087001264,1
0.21483269433740423,0.1915624153392306,0.23123987297642484,0
0.03920286267578381,0.1825443767520051,0.11706598397645059,1
0.3157155408634219,0.2409210262386669,0.2799035225232662,0
0.3272495016798317,0.23673424036526003,0.24836819615441694,0
0.9885648751435537,0.7109385560830391,0.9951288765919768,1
0.130417898210418,0.18944286661051185,0.1876283317709535,0
0.03690101754241443,0.08970375467659208,0.05523603354210355,0
0.31166053490594375,0.2274772499062434,0.2576813635189404,1
0.3434853847278746,0.23808232793383702,0.2465576420252768,0
0.2684554133803166,0.21726666936249817,0.22099711010718123,1
0.06743555846533036,0.1090483871624023,0.10193642131626583,0
0.02319941618433007,0.11992924765781253,0.05130507882022506,0
0.3154398564608096,0.20720719162405213,0.212595944313944,0
0.17084321238192313,0.17270225773634423,0.13386930838859584,0
0.04194324622440608,0.11840305449737952,0.05610920656778726,1
0.03622211208497022,0.1534149234577099,0.08946450046080005,0
0.008791264250988924,0.054518478749556384,0.005886253344831383,0
0.01737701309741746,0.09884900777700802,0.025305589196081404,0
0.23165017309849184,0.23200783269797123,0.20154665994906693,0
0.19376983298966732,0.20307595981356516,0.15653500996136582,0
0.1074020247658867,0.15508017984647438,0.11612297804462249,0
0.47756453157164114,0.5018802931911489,0.5172906915117836,0
0.045270872109874224,0.09542315053140839,0.05426544771005681,0
0.010739787732062122,0.040854406503954624,0.004584197406529896,0
0.02431684759302216,0.15004520217579015,0.20716258648618963,0
0.051826554603540693,0.14539524885412278,0.17491102677987072,0
0.1311548149625333,0.18671516549624315,0.12747756199805943,0
0.008711542068552298,0.09878539033336835,0.01821863012886477,0
0.25164701732369416,0.23816135027726976,0.25871144257791734,0
0.05998622455146241,0.07734394719403874,0.050753687503623794,0
0.22279657949359552,0.21707033376355592,0.238918264224758,0
0.008330114934893338,0.048758380647633714,0.0074664878913478245,0
0.48994126584807046,0.2730546465675019,0.34374041696399743,0
0.15891187859824094,0.1873109628721075,0.17065809454453146,1
0.4772256619172296,0.26506605373807746,0.36114290736613014,0
0.14339989738623793,0.16227911259526384,0.14160076619055117,0
0.0830479358128452,0.13309124370191933,0.09544218832036752,0
0.04164451278188773,0.1300346014653026,0.11479460106275606,0
0.17930399690055007,0.32369672696501567,0.007370351793549039,0
0.168658549215714,0.17379445648768393,0.11859465894144999,1
0.00812991338418406,0.06882386180322413,0.015501222411017077,0
0.028165048530767196,0.14103880815699912,0.04917082474638439,0
0.08801368842983728,0.11007703051678988,0.09693598903334369,0
0.023593653987564755,0.05661706777295238,0.01960384573439877,0
0.01518498740318947,0.09199925118860157,0.023347111697207018,0
0.4222454935230136,0.25272598431824944,0.28178551025348963,0
0.2517372185754655,0.2156910174653062,0.23789562280004092,0
0.10389817700036387,0.18570093447063502,0.119119296477381,0
0.37260949645125363,0.25577918709902087,0.24087351235444962,0
0.02645594267992932,0.13775613305647164,0.048087932393828386,0
0.23282376389650772,0.22413996148900325,0.19569785627626635,0
0.054104788436068814,0.11536478839689096,0.05087293700894569,0
0.10829398902276559,0.16977993267934796,0.1337659904755016,1
0.1918439698102967,0.17925629881788419,0.23001689582727347,0
0.02305031572923412,0.10758512844379649,0.04413920903573883,0
0.9244613211977178,0.7170026434681438,0.9953564858554498,1
0.0005748983420229365,0.1286979282347866,0.006653695708461636,0
0.02703849121403757,0.06980874126275993,0.019712063704117284,0
0.03435099603110551,0.06495553850990948,0.02397811204353309,0
0.007269678706690004,0.04208546843093691,0.0066537196935657576,0
0.19516920859750184,0.20734313874589688,0.19732111349643416,0
0.010719346319432535,0.10283189978288904,0.017450325642160893,0
0.0005682572742395056,0.0647858228354995,0.004432793838859417,0
0.24711905143497084,0.2287038667085732,0.2584483068803772,0
0.16522918477367543,0.16648823214466796,0.1526475755085685,0
0.17973034238980082,0.20054431033993322,0.15143736282693732,0
0.03244304070549969,0.06231877995330189,0.02510062829212323,0
0.009904773074285464,0.08326471777675758,0.013345050179572304,0
0.954373277017978,0.6408046974249163,0.9940478371520177,1
0.031090247798092784,0.11171630255815594,0.07121166332826923,0
0.15122052986469128,0.18154722218045982,0.22005848128475147,0
0.21666160074226198,0.21101278642724602,0.20183708684463592,0
0.0044475115685656905,0.14313828318657992,0.005479777434914561,0
0.22896256888201325,0.2304882540240709,0.23514617490933823,1
0.8286651377982169,0.6487150469037326,0.8890523614168776,1
0.935160913992361,0.6390546202028917,0.9942999317387157,1
0.12841484240059994,0.17308184752418845,0.17902610667724422,1
0.0033687390675801302,0.17559674688532992,0.011852163012764112,0
0.5825712202915531,0.46039542399327615,0.9347478433967846,1
0.9020881648363992,0.5641879335531159,0.9725710089930824,1
0.051212995698587525,0.10769273161819674,0.05633523590624851,0
0.009555356443311572,0.03952071324817554,0.004566222929841522,0
0.0013804818642169003,0.03808529387282849,0.0008187767120011094,0
0.3667734003863619,0.20630592521178254,0.20743119009578412,0
0.9558547713518006,0.6663088169488615,0.9916547009376446,1
0.029348817394484795,0.0890532334771259,0.021250389594593154,0
0.07754357398783976,0.13692520822050214,0.08679402188363658,0
0.0905280928106905,0.15302112782205135,0.13869294898315848,0
0.08399234604024661,0.1417531594837205,0.08824722152672487,0
0.006170183267837367,0.04549999940624009,0.005586282890619804,0
0.8276351240795146,0.46145168221099997,0.7824211339563533,1
0.41061970119581365,0.2314043019489671,0.30116091939829487,0
0.06078802800240567,0.14502282399474323,0.13875050967046904,0
0.00037550499329061824,0.08811805158973819,0.004099584688860054,0
0.032320500547758674,0.13686818740306117,0.09216280827784092,0
0.058373535367998615,0.1658508056651013,0.14550681536477683,0
0.9809087858808623,0.7235206639366843,0.9975507751824219,1
0.024527258520625556,0.0687895554224887,0.03140453731595798,0
0.5106610934220974,0.4380362167075274,0.04943421857071916,0
0.036567012649165224,0.1673527834395924,0.17031754695545792,0
0.6124775217855315,0.44631520854768836,0.8659766995897097,1
0.07197469330074868,0.09643026634386374,0.04852745007454378,0
0.031639616635247565,0.1457189376065523,0.07385346842970214,0
0.025678980585137432,0.08507136342895107,0.02711827626448038,0
0.023712390290575747,0.09248138036285564,0.029096900431172745,0
0.04070565527451894,0.14969865545534108,0.07577630455626472,0
0.29442946168903605,0.21545257376351862,0.20628739026516835,0
0.09193110688924339,0.1514414379265027,0.22403121057183362,0
0.0004137515625721112,0.042662235512712775,0.0007994549122556809,0
0.00018794084143699855,0.047399460256765225,0.0008096449699729028,0
0.10922892495389878,0.14154025699327374,0.13263310637119147,0
0.008411623952288899,0.05834608856031748,0.0069466682565140075,0
0.02694063742853877,0.13875585156130257,0.07388128254888868,0
0.04281025410536264,0.08937816910625167,0.03215471766019123,0
0.16819899891610218,0.19782526108094298,0.1612864949526616,0
0.19601899280972493,0.1851888582116662,0.25773299563252766,0
0.7857004284377732,0.6021579460359622,0.97721953349253,1
0.10209995387593435,0.16988141363142623,0.12722600983181392,0
0.003125733958566239,0.042352380067617025,0.0024635747021101947,0
0.001205166875165426,0.15184252487955854,0.01103808447735754,0
0.7517129479729029,0.4216207508257734,0.6897861095161548,1
0.010165312579795827,0.06079694670193514,0.006445746844579205,0
0.07512102087506191,0.09065197433343677,0.06103858129551136,0
0.008448414833863702,0.05154510643183982,0.004893814379502343,0
0.3675368378865725,0.23508272986505552,0.2287707404912354,0
0.010048903744170959,0.057042291455139386,0.0059251172373453705,0
0.2872686827914131,0.2035150145301125,0.22092000388567867,0
0.06963943162164085,0.10304660713909466,0.09143195189402244,0
0.7591790590001529,0.38644881138955217,0.639542250168908,0
0.027485513239113028,0.12828210035470616,0.03733824345120277,0
0.003355515465656167,0.13867684055647148,0.004960014536250314,0
0.17093847816967597,0.17868305081244243,0.23343136022291577,0
0.10113536476488309,0.14561791136850902,0.09861516299731816,0
0.07531881950590213,0.13843090778836004,0.07820381143892245,0
0.0024101479608995276,0.1477981062578752,0.007896845353051447,0
0.442292233072932,0.2690110654348361,0.3790714880548039,0
0.8475187877443885,0.5566755376775316,0.9839161702393348,1
0.021556220907968323,0.05699836816899798,0.023969390042810592,0
0.9658842923780252,0.6961626269683748,0.994657691279507,1
0.013788150992849432,0.06822581431182198,0.020307883643075432,0
0.015914958246480846,0.09286458430072946,0.033456438069457306,0
0.05864527672089211,0.15863472494365252,0.18372084222552534,0
0.7568756216717502,0.41710134806941146,0.605599318293951,1
0.024047217221930615,0.08988095306369169,0.03128627827154644,0
0.012229069008042949,0.20381443379272532,0.01495645198343534,0
0.05800827851750469,0.18045097914239866,0.09855217396500789,1
0.07618952062551614,0.12307777784156244,0.0843787083718254,0
0.01202644317939725,0.06444313755004559,0.008905631924933759,0
0.00536948775942088,0.1982373806040267,0.02114645627812371,0
0.34538433401260915,0.22415138639072194,0.24985393322896407,0
0.00533278303552437,0.03721367797091548,0.004436374452147459,0
0.8406455030971145,0.6378310978495245,0.9777101466645749,1
0.13834443615637987,0.1813002240997076,0.11753709550276256,0
0.03948268514962018,0.12072259200660954,0.09293709481836702,0
0.18212418424416796,0.1915618797558374,0.24249894631433855,0
0.1225624959761567,0.17264941402215864,0.17095569639381838,0
0.06772719456138274,0.10055327616291254,0.07752767487331448,0
0.9854923518634663,0.7056019979592659,0.9986714631745228,1
0.011915809636372177,0.08105582193638086,0.02198019329240163,0
0.2339754462612143,0.2141736595083662,0.29409494603775105,0
0.1610921822493057,0.22820149384355148,0.014219336286058329,0
0.028530589802549813,0.13913145854605266,0.04991881993311413,0
0.0031747736447984595,0.043955064040490585,0.002595029409077318,0
0.9398618726046543,0.5908447067376056,0.9930069637363189,1
0.0024526289825083413,0.03910520809210532,0.0015631087915852684,0
0.27152870778541816,0.20107926108316665,0.18610685074992508,0
0.3511155251721566,0.21443383270930538,0.2434041610920369,0
0.08282273089052694,0.15029565999140038,0.10105308852373561,0
0.017599989040583717,0.259660073485373,0.05840618452806447,0
0.11834820552011566,0.18088841038176254,0.1400117978297087,0
0.16917065503879888,0.1784051691690296,0.22064471591861035,0
0.41308769015778846,0.2966458138938183,0.2947011610963398,0
0.010651257205721914,0.22619947818007421,0.01930030078503946,0
0.22811479829681772,0.20279023381149355,0.20208513443639403,0
0.39138022045944487,0.5200284912451639,0.408479904749861,0
0.2255520032417697,0.1926598864948356,0.1409055759110772,0
0.009830533554602812,0.06417288831858291,0.009821447050101803,0
0.11489835854508633,0.17390275955345322,0.12021471884452456,0
0.005012876357788262,0.1630339176211028,0.027786264578282448,0
0.000855161950027986,0.08088477646474089,0.006716191006262059,0
0.03573716136222382,0.06842484776320816,0.021141728667667992,0
0.18535841857587906,0.20350200821180045,0.19195225098289068,1
0.07708447333386952,0.13895260423299116,0.08076148069719,0
0.7034770814173308,0.34416751938596385,0.4875879533353951,1
0.039464976683633815,0.08092505054377729,0.031989474502397405,0
0.011641297376045776,0.05544405395301748,0.005130979208818001,0
0.5937262567791155,0.4655085280221307,0.39364362778144235,0
0.009679878281594353,0.0625915783146576,0.007755655658776007,0
0.027852103510861172,0.05488131616349833,0.018622973224748048,0
0.1515114968914895,0.19258463333666034,0.1540252345375846,0
0.05899669782615959,0.13309805312162068,0.08698103945061,0
0.20526529457549642,0.1842941452318436,0.23110085316890805,0
0.007423226487492527,0.04369315051229111,0.008215064322922929,0
0.04143059626615713,0.1545604013044091,0.07244440879925096,1
0.7916917891503649,0.38751135018567656,0.6640478536709781,1
0.11870026612331211,0.15633975818568904,0.11712813387950713,0
0.41471066146203883,0.23741864889551573,0.2637220437537453,0
0.0021337235221036096,0.03802530065606603,0.000937952649540783,0
0.3401164267900721,0.22754287396384412,0.23266966387782423,0
0.3473766674376154,0.2515876357951259,0.2436173001327861,0
0.9392554596642162,0.6877796792507326,0.9774336197799678,1
0.33245722065651345,0.42756136576468423,0.17722710301819022,1
0.02519238152619022,0.12501166246681517,0.05162072561989612,0
0.09783193678317226,0.1660954319722758,0.13148599554481905,0
0.1444741333786954,0.1605519192050002,0.11663304690686101,0
0.8528221434544154,0.620285035682046,0.9868432033173926,1
0.20588702800548483,0.19395600512543465,0.18682314634718836,0
0.7455499752585314,0.39927033654431415,0.5331134067572115,1
0.11505739170934023,0.20089874437303631,0.11083113470544396,0
0.01757147740216801,0.09700596567566047,0.041082413170507426,0
0.009327776886419819,0.06233102903205772,0.01009698158648102,0
0.7469156924123868,0.3843981148959711,0.5380504458904853,1
0.3744855956726341,0.2463843584810804,0.25839420349104725,1
0.00319144728073405,0.05228676346101763,0.0021642051821592467,0
0.07530781732247349,0.15423190039461218,0.12890671658499894,0
0.05984644586785735,0.13144288126058623,0.07466237292631693,0
0.9524121880686656,0.5811541961737258,0.987637321357263,1
0.01653086952388531,0.07958872748949289,0.008331756877364389,0
0.04203868503922647,0.12899547884373433,0.11296767324827393,0
0.033556939654795635,0.0720511217542372,0.02567322255744279,0
0.21095997665877228,0.22110268276203116,0.1903698618131024,0
0.6402418191681849,0.5721982094509728,0.9431422406405291,1
0.00539352341913337,0.15289342565117192,0.00596141849740962,0
0.04351591172669162,0.10521772131640504,0.03759307183853143,0
0.03391858310943062,0.10180265699071872,0.04854151637439536,0
0.2940067130989021,0.3638681142496812,0.02262720199337986,0
8.544570124261063e-05,0.03989281816303523,0.0006003663574826536,0
0.17676147180514848,0.1606969904387256,0.14078091872096238,0
0.40315541978246167,0.5275256095229098,0.7499506438321135,0
0.26646423005961484,0.2362737975693551,0.24431914173815075,0
0.01095314959598316,0.09868298314179502,0.01423850184903587,0
0.0045200113019985225,0.044157717675775754,0.0015517938020879938,0
0.7022854724223927,0.37756792742549977,0.3974449616734464,1
0.9375546724564584,0.6228225923812511,0.9922105007198827,1
0.020180941931837365,0.1295092288534725,0.06312283513994826,0
0.885726878706282,0.6346126125460155,0.982292126487648,1
0.1674848011387024,0.17312211528971896,0.22171022206199073,0
0.1475965468458097,0.16644093743650076,0.13582898382580122,1
0.09490836192502086,0.15395547501512893,0.10179522387477648,0
0.03196577008454037,0.06003921428728189,0.023439694825727733,0
0.10840712022835196,0.14849372551091675,0.08751751970791352,1
0.3461868988266717,0.2496799352389454,0.3005867397848059,0
0.3721544032051505,0.24626136103492496,0.2541814115647354,0
0.23418382519067696,0.3283204061964394,0.030206743065857838,0
0.9722399065417994,0.6638829358700518,0.9945092235139251,1
0.07848340079595807,0.1480230522561954,0.07965365664712908,1
0.008721595223007993,0.06069054400089651,0.008081990046294002,0
0.024685071561994815,0.1474665217516011,0.09073139079599554,0
0.04657437688847152,0.08927305483017313,0.04501459102352445,0
0.03540675698055222,0.06678981505623893,0.02579456386611849,0
0.2064295856024445,0.17518942653579628,0.14837282092960796,0
0.034854912758533176,0.06858239298979722,0.025496207261310584,0
0.010928499077089373,0.046524473024285654,0.008879832544171651,0
0.3093405079138377,0.22361206408565862,0.19691568338593682,0
0.01355192685178745,0.07469643846633472,0.023609626102643288,0
0.8099971604207538,0.5942009105758256,0.8504934454017552,1
0.049307480141742216,0.15260297588348526,0.09385207925781514,0
0.04992454924035848,0.14329537357347835,0.1602044142957847,0
0.4183034729852321,0.24552153437183433,0.28837116896220444,0
0.06307179764470618,0.13768950303822922,0.09940792430604498,0
0.1453019609163466,0.18648862334188568,0.20893160410375344,0
0.09414889849110307,0.15178608419583495,0.10855856625716118,0
0.021620163791408104,0.06306326930088861,0.032153653970151186,0
0.9768318975219479,0.7038896058558435,0.9942924095324986,1
0.19475321111523144,0.17930668011756629,0.19974014587238506,0
0.2116996399368904,0.22524382890302824,0.19509938974278257,0
0.17167603657575667,0.200108168606952,0.21108961917291388,0
0.26126095315958475,0.20128953952909884,0.16981667396981084,1
0.2162444711389448,0.19580315595963463,0.24438932345890194,1
0.014841247088827794,0.09872380168992408,0.03365497186636328,1
0.20427310488014352,0.20173834289743622,0.20100171883772877,0
0.4100053594611179,0.23191473732368406,0.3140209777980414,0
0.013879972426038906,0.10958907364647416,0.03723582359305349,0
0.14860760922212457,0.18810389154389845,0.14696447049017264,0
0.14700723689683964,0.18585151104254358,0.1508799714185492,0
0.06535206700527035,0.13668302767839816,0.08332372394435897,0
0.014874242391100918,0.05245141978103911,0.020422071771714626,0
0.0361605011903635,0.17939117622785944,0.0600296863034428,0
0.4156669960772494,0.26119232806132225,0.24407302980095993,1
0.2880990898356223,0.3394698155410482,0.010141961860208645,0
0.3886446335306611,0.24470668934010187,0.24330249700664452,0
0.04121391233063889,0.1549681378443811,0.10215850444012181,0
0.5719832198941243,0.43986952311733574,0.47363311951588505,0
0.3104244108240169,0.25721638584423934,0.23837569649241167,0
0.22576094432226854,0.19095978079555406,0.171901530549763,0
0.34274487623167066,0.22824525813332605,0.25420656437024775,1
0.23011570784010718,0.21340826457693546,0.256293240389988,0
0.007379563603085955,0.05068372062693618,0.005566244425211034,0
0.05606012451830596,0.1075245737297833,0.048956346465103495,0
0.01668996645343916,0.10980391941791368,0.023820892631942283,0
0.012989521749778864,0.06793064207982448,0.008908192865021997,0
0.03634180390722737,0.14732731512793334,0.07428376335636028,0
0.00022749972655001659,0.06952084781749837,0.00455699580845535,0
0.01526344229241949,0.09509830622869941,0.03594009597183508,0
0.04162966779004069,0.16379688213381913,0.11944199102626746,0
0.009698966876436519,0.0546408624101492,0.005706881753273296,0
0.8985994932274044,0.6187025305922487,0.9921426629127122,1
0.1355645753978075,0.15380564515898187,0.1430240812524575,0
0.7929537559600579,0.4903848699530849,0.9428656588764454,1
0.06495819314696258,0.083623200445672,0.06523693797572676,0
0.2389250295147254,0.18521240805424707,0.19813953089142297,0
0.3932093904495776,0.25245072001988,0.23021904245114277,0
0.03718995790879617,0.15942634889341709,0.1699424641417433,0
0.2882023061823179,0.2211363907271546,0.22556164852512692,1
0.2867981099607863,0.2026732863077827,0.2634811881451339,0
0.08013562759832,0.13462521558177318,0.11184451759361612,0
0.2221707567507369,0.21674288467942426,0.2250053078901271,0
0.15011398483375626,0.2084945425977105,0.1701458882662033,0
0.0006725133320637229,0.0590483511473125,0.004098326871230494,0
0.05758079358533618,0.10261266645476289,0.04763217731699469,0
0.018766707413027387,0.11786526933221374,0.025385913861708343,0
0.026626494854186618,0.06797260521329257,0.02228124641762375,0
0.04004299714256135,0.1686095639696895,0.08011854706940257,0
0.0027171716252717944,0.043684499962717824,0.003007088200539711,0
0.3044546598714303,0.2185181061872611,0.19558733081084445,0
0.013944873801405605,0.07908810310327169,0.014120481538065074,0
0.9423079614102431,0.6668360341408001,0.9915360220393601,1
0.018812805291859518,0.10539309395176152,0.04499838697805951,0
0.21991713854494124,0.18706876202428718,0.2347968205062134,0
0.24552502070945884,0.20431592609668775,0.1681822510357571,1
0.01639237909859441,0.24447985668500408,0.039249125538291525,0
0.04196786662874347,0.0799529361448867,0.041316027773990446,0
0.010299829464523395,0.061812896597639964,0.0052145641821614965,0
0.09824569343619455,0.17123981810293343,0.25005532712855216,1
0.7924309532143848,0.48740566935876817,0.9449860494420242,1
0.045185758908304036,0.13956110277891803,0.12033820093236333,0
0.001897591971651036,0.12951427807547294,0.011815142047261536,0
0.1345669455682796,0.1660704479078056,0.13829263728458824,0
0.00021801718814525977,0.037557643863472934,0.0011800572995390682,0
0.01185285071073251,0.0633302770723746,0.006324938882263465,0
0.26694839348165855,0.2263755513174741,0.29253852658971846,0
0.00023559030065956619,0.04922958464509729,0.0020904811306821525,0
0.02566736822787804,0.11017618889062489,0.05451536955401983,0
0.028400114871424294,0.14064206613290728,0.06311456458291576,1
0.026724937884389833,0.11225977273795662,0.04713732319442681,0
0.040918821798544544,0.16095564558279848,0.082805804788012,0
0.17248182417288369,0.18406238029778788,0.1820669808184554,0
0.1806412731091825,0.17005292197686703,0.16407916613724646,1
0.06021190553547208,0.10710739567056839,0.09207146365042704,0
0.15914305544320034,0.17710890627727555,0.21243783689279494,0
0.7506685099102995,0.5487039864146686,0.8724147201751002,1
0.17345163262008761,0.19029345713283827,0.20412097855733877,0
0.18328670665901298,0.20424752940465615,0.26689942720653514,0
0.011000561779442095,0.053669761539961836,0.013879664366180596,0
0.1811351950172199,0.19239141772842636,0.1842303553251722,0
0.02311461449639684,0.10460635522521589,0.048404946275231064,0
0.12417382190710183,0.19096279291280496,0.20930439914372662,0
0.08770662275090364,0.17287925254125178,0.1079649208738648,0
0.782359197026158,0.5946779790613018,0.7844368085511124,1
0.19245523959953054,0.18490254036375134,0.19696068004829625,0
0.13291187229018508,0.14946555437492418,0.13021553999170582,0
0.12298659620035172,0.1707502862707865,0.14733860942052115,0
0.010852973817265564,0.19433822329060094,0.04197575454691241,0
0.05556535660282278,0.09507178907998678,0.0435961740103072,0
0.009801502895153628,0.056064204003095634,0.004902972991483276,0
0.08082235774678823,0.19143629827804254,0.14683107800396575,0
0.033300863743506035,0.06482015833448142,0.027247119909587388,0
0.037991507787089956,0.13304491580264585,0.13356962093601296,0
0.0858974992851243,0.13720264500063817,0.09388926086074346,1
0.23897154664625492,0.23753654997066828,0.18896624447468596,0
0.027557318414439914,0.06542700881766243,0.02604684915903332,1
0.8985697687073937,0.6729834303054301,0.9511222772291036,1
0.6869939507041173,0.5854241546920461,0.6217470878276231,1
0.026301859915248447,0.1212419161268039,0.042062186513978986,0
0.003785465112253437,0.044311808190108305,0.0011262500238162789,0
0.30949947363940883,0.22204838926515702,0.2530724373011602,1
0.004196898242302129,0.04319133312836972,0.0014154748110860131,0
0.05324479154872604,0.15710637825710216,0.16050516851828353,1
0.09795210017958346,0.14698808826878068,0.11214054241090346,0
0.30357846691896717,0.26436473796694215,0.3453490793927889,0
0.143677324913767,0.15519574575586464,0.1392405749215911,1
0.10370641355382351,0.16057852439013648,0.13235075945849276,0
0.05426969204661843,0.09758980672817323,0.050586122885886,1
0.00041705952457359654,0.0892100711865152,0.0016351083163457548,0
0.3725740184506846,0.2511623214563369,0.24903427591329905,0
0.6554749926770779,0.5757406831841311,0.939181404022281,1
0.03927010332392963,0.08135115259297403,0.03508319320669157,0
0.04588931614711331,0.06733655702014371,0.029590102559979892,0
0.06666743118112015,0.09868219156167507,0.04561099654175139,0
0.02783254843686229,0.058871189112204125,0.016897240871054486,0
0.031564394772619686,0.08916598586276386,0.04776023921289457,0
0.282587222740128,0.21648307024551433,0.27074105273573307,0
0.018105158571285106,0.06882818446064409,0.034160695730719184,0
0.23863477503526115,0.21312371536610086,0.23698286027545645,0
0.3416805480394129,0.22725407425138835,0.2152515393284118,0
0.09519403762624037,0.15482676637100581,0.09701456189957831,0
0.13545565102294438,0.22207135179375134,0.015344406145273501,0
0.008627436294955071,0.07308347712226859,0.005764977183500203,0
0.9522515871588014,0.6840356950464247,0.9743812172890648,1
0.4416120782970653,0.37806056560488105,0.11562931221949264,0
0.032929895558521285,0.13699310154202873,0.11071078364387293,0
0.02821383200897537,0.12031148463951286,0.07770659907115575,0
0.08387077211221243,0.1565818376616506,0.08837996575127242,0
0.00576434970784045,0.1743776385575676,0.030351583399869216,0
0.06922762068976643,0.11996625357641798,0.0971334583489618,0
0.5497494764839888,0.48409558873700465,0.42222479171270283,1
0.22043658272857247,0.2353208529185461,0.2268897953016837,0
0.2900101579150211,0.2175279339217037,0.17519834122164898,0
0.10509954832023703,0.15697380680166276,0.07832884354633085,0
0.003450089983728558,0.06103360325603292,0.0049779708857748475,0
0.28598291263894743,0.22192454212975307,0.22270715913990483,0
0.16914001931319836,0.18797951955148612,0.15202141009728667,1
0.048998912576459344,0.14245967126481648,0.07457179638079424,0
2.6111813612975113e-05,0.0350316209115109,0.0002525797441510813,0
0.28519458906326944,0.1932510259346789,0.22869375411867954,0
0.9924367899780908,0.725299838512724,0.9954233826352759,1
0.07333077774225652,0.1326437853560202,0.08173607432859058,0
0.013724878962334878,0.0677136965619455,0.008621239852547084,0
0.18983165998255758,0.1888692974060265,0.18145950672959388,0
0.04393872178011497,0.149302482232935,0.08844895105513445,0
0.2864393066765823,0.19886434372940756,0.20720900740178275,0
0.2846386885845945,0.2201126687216487,0.2304872227003397,0
0.3419189979793881,0.23754280606377343,0.2134262756889583,0
0.28030905991046523,0.4206090250751881,0.049437898514949064,0
0.009950164061600673,0.06631027047104796,0.006688356807103849,0
0.0695084443807174,0.12421418677157012,0.12310017304047136,1
0.09393443302779352,0.1726799087538071,0.13251421461539828,0
0.4101679061230519,0.233315742791068,0.24836791757499224,0
0.02068888760905779,0.1177457868184594,0.034193578456388,0
0.07620267438324346,0.14864957675584575,0.12970477132189343,0
0.1923315332050526,0.17022525828840362,0.19237510731522356,0
0.92387294202703,0.6687705268837547,0.9945493733607796,1
0.0016815155759698401,0.03904200857261257,0.0017601283123999567,0
0.36176427456546567,0.2384339528672121,0.24638762671797396,1
0.10546602824382056,0.1639780749509892,0.16255667523094058,0
0.028080241606311944,0.06604171150988897,0.02323053268884247,0
0.18298113831804225,0.17340280652750537,0.19180583035522986,0
0.3090547968252887,0.21525459611300798,0.2610628300826956,0
0.17484178086708027,0.2098797378483594,0.1957560221570354,1
0.12240957530160716,0.20667579736571595,0.14219994883581372,0
0.1810078727775772,0.18993978472479997,0.1806038787541516,0
0.9561450468208279,0.6767084902652525,0.9950170809715954,1
0.48283407385938626,0.3544551162586095,0.020311678634915613,0
0.004524214927709795,0.15485251970735825,0.004338520268776313,0
0.052720232563151496,0.1375837331754537,0.06624126206669892,0
0.8714775869638629,0.4669246196039598,0.9711440287551293,1
0.04507380046095106,0.13505649317956472,0.09327627957842481,0
0.4242134311647697,0.24385107482445106,0.32906390839591926,0
0.06309562123302533,0.08028332067996392,0.04318721309011327,0
0.48805478394821744,0.263986971319711,0.31373758865985146,0
0.019572415094554086,0.08546310661793009,0.02468685340694589,0
0.03825923231430022,0.07650561732337874,0.04542978555403729,0
0.03957800262148979,0.09412775395490548,0.05331112768441418,1
0.8126577150965508,0.5847213570424648,0.9603098801599199,1
0.012911610893528047,0.0773426995567295,0.00438998607142778,0
0.9678510758577303,0.6643379483650558,0.9974594818848848,1
0.0013603834863385909,0.11821582476214391,0.008299243252206066,0
0.011333796196356853,0.07848158715564124,0.025320972894284147,0
0.45799072653719775,0.2681253993825459,0.17934556533622756,0
0.2906287784412439,0.23139160451582977,0.20548899171694954,0
0.9608454380938436,0.6839972782775496,0.9930249104383239,1
0.08824567895854744,0.12216242822540951,0.07652237932726162,0
0.29581423251500955,0.21689051207623775,0.24002481241128917,0
0.04812208528098072,0.1614933563530754,0.09252241205444747,0
0.9359101840474938,0.6727169292210722,0.9945899785405856,1
0.16997478799481,0.1979577833778838,0.14460257898342874,0
0.024366686928143727,0.07220893459565267,0.015972407108282512,0
0.1850227468923149,0.16660087889079375,0.20968035280019864,0
0.2524693799412231,0.2241822298658748,0.21686368416663082,0
0.012336570801765853,0.07043436212830224,0.007321592555066287,0
0.15947505060703882,0.1929214028072946,0.18100645688549774,0
0.5796116756916745,0.3068512137011575,0.049418057357177,0
0.1216655768068858,0.18328241451746763,0.1480089965367385,0
0.04828567016602165,0.08626875100089453,0.029013077526273717,0
0.026248438994328636,0.1344004442943664,0.04829904739395176,0
0.02719289075164541,0.0640418904159482,0.023773639700840433,0
0.037140289057669564,0.06517679778410208,0.022209434982996486,0
0.1405382234975529,0.17784494015625787,0.18953739151635102,0
0.02472133140378058,0.07592639582483302,0.024185876935127318,0
0.8978628652701958,0.5298516457527264,0.9883320812112331,1
0.07874319740879385,0.14234325374358933,0.07345015449876793,0
0.2874782767907907,0.20293799111972458,0.16168777754849065,0
0.01080732194386776,0.08013164692666797,0.006280559053662693,0
0.22483967344620387,0.1801428579477427,0.2277270515442671,1
0.07843780862950489,0.16287290859359313,0.09120730352594572,0
0.17820283613610363,0.17512431386998012,0.2089114910913712,0
0.012472766260222796,0.06664427265759516,0.01913114877454806,0
0.20277561621758453,0.38163296696236104,0.05057160699628494,0
0.32753236309893174,0.25423353321111275,0.24426480193901606,0
0.6798404937585963,0.49553530063564005,0.922916270345367,1
0.9704025969174122,0.6812100167111484,0.997287230901717,1
0.010743213559571807,0.09573385043970495,0.01600495827642069,0
0.03310027131375241,0.15643920503220002,0.0654167466043576,0
0.6227259923461342,0.4541337742675181,0.05721527351536502,0
0.014783675170248778,0.08727066901478717,0.023762530680731406,0
0.12453280700567015,0.16445183068739452,0.1360544146946444,0
0.9307909563575222,0.6402047019907292,0.9925507044905167,1
0.005690493514936446,0.1553113439954076,0.010794104954664357,0
0.008375647996467256,0.06158817669425312,0.006167467499903149,0
0.1397399658511367,0.16505387941760988,0.12847961643928013,0
0.047915148571176965,0.1327599990419419,0.1137459219425004,0
0.08376590873829823,0.1252827223865054,0.09421966172494955,0
0.0690898030918629,0.11285252398398707,0.08174742809368404,1
0.9699655213914423,0.6246184818669446,0.9938471410342562,1
0.6462092262300285,0.43233030609218875,0.38105361646323077,0
0.5442241851409235,0.26844412097330816,0.35132194657846894,0
0.15316682391823855,0.19143339354021463,0.1943697914520187,0
0.04155622745911051,0.08078262698535453,0.046427326211333456,0
0.06089321467877895,0.15335422018172967,0.16424824476081312,0
0.0447018319795054,0.07854659290623282,0.05175431403690574,0
0.07984007181387004,0.13416491692558433,0.10571594957190228,0
0.22950422819380661,0.19152032910975517,0.21375951941294702,1
0.403693532378838,0.2435918142682809,0.3122319735821674,0
0.962358233304595,0.7040885135892502,0.9853115798495479,1
0.16625276817790266,0.19440654771648633,0.16762003710684642,0
0.09816621096922397,0.1831454327260162,0.20643195269056053,0
0.37812437211342964,0.24488397564586453,0.28578566519293974,0
0.030950072374460135,0.1266601938667249,0.036141495869519105,0
0.010374335126375079,0.0554399337747337,0.005027857852404847,0
0.06335584491347786,0.08380476389983667,0.04813975191521653,0
0.11265492728216034,0.15957470261791723,0.13047833561811273,0
0.17150276204379492,0.28494443723512514,0.014024880660870981,0
0.5142379732825705,0.3960386672204184,0.03904830498998618,0
0.21059578439996993,0.20016907515121937,0.150371100912619,0
0.9489006248553712,0.6164840532929334,0.9931999504923826,1
0.06557435151769547,0.14491839382809235,0.13129219858681776,0
0.14141916524796488,0.1634400662214569,0.1337043114460845,0
0.9274733123585414,0.6625409151063775,0.9914075443926915,1
0.2819580479669492,0.236400668393411,0.2772280658450571,0
0.0012231870801232797,0.08832899249098995,0.0030413098429519863,0
0.3545045845109187,0.21769888461680206,0.24106090062402646,1
0.01650113469347468,0.2383208061090424,0.05488776282229964,0
0.0689412733519722,0.16490143740819066,0.07730068231648528,0
0.030001040595911403,0.18004780314830007,0.10266422740012894,1
0.015585500350530775,0.05651687044512023,0.021328253765299725,0
0.023938488797429186,0.12767864537865,0.05972587441658023,1
0.16740538222716692,0.26028145995546526,0.004057071774037912,0
0.08818436505045911,0.1492298185913446,0.08438947557049348,0
0.12638418900255566,0.18099700231166502,0.18394164934297488,0
0.10145113396690583,0.15800212735434743,0.13432697087895565,0
0.06938680129629012,0.19411196715463536,0.24523485452987268,0
0.02490773193419784,0.06312590204006277,0.016585173213244812,1
0.2415435513458838,0.2257612040500998,0.23758286583724036,0
0.013778286051355745,0.0912357249627232,0.027862581478299384,0
0.0629267957816441,0.13556221393384482,0.1711606740556442,0
0.01539983455481696,0.07795215910316905,0.014542580039772051,0
0.3277075705257991,0.2697910079454987,0.2696226800945178,0
0.008094306169040244,0.049063516899183035,0.008584267828397383,0
0.049970874609385124,0.11551971670363215,0.07601585483576626,0
0.25024152546506945,0.20630968824192222,0.1828603731448964,0
0.0874160959601474,0.15435536142316525,0.12305013757874554,1
0.04229583244758159,0.16404603048074565,0.05301973022778332,0
0.08670481972313546,0.1542153094231074,0.09983494687261772,0
0.2006289585377795,0.21584038411145767,0.18143880110931554,0
0.18326570817218568,0.1883626931018062,0.23246794638437296,1
0.3102079591273574,0.21153558522511984,0.19904686847881656,0
0.9280894797505094,0.652240004850023,0.993971681203562,1
0.001254359733228439,0.04199283142812174,0.0010543053037977033,0
0.23560026680008414,0.24826869474894345,0.22788386979887063,0
0.16080172708331691,0.21272735640234688,0.22839493679255196,0
0.0084369319618901,0.04025174724952225,0.005656884782228136,0
0.001253901499253806,0.05280740993181389,0.0007355471503364143,0
0.8559896065764275,0.6640184938495901,0.8853150217129461,1
0.013892812610578299,0.0687141597076092,0.01930849041670489,0
0.24261637477446496,0.23595643511364853,0.23547205329174445,1
0.007093197498555168,0.05670120364053941,0.005488188880390237,0
0.048169363031933504,0.1408478847174057,0.11423674197778082,0
0.00796738030208791,0.05539401084455946,0.01520961969952283,0
0.03163032078238182,0.06327791934676541,0.022166127239396826,0
0.28734918655368824,0.21096056343828123,0.20556196298044938,1
0.008615466761130581,0.05474448735526301,0.006247535434950542,0
0.07145526676759012,0.09856962002780571,0.05281605627095711,0
0.03215847256890256,0.12702087397008588,0.11980955513015279,0
0.14409854187941468,0.1659053678121707,0.16714818957429237,1
0.08541046953200825,0.15531896647235197,0.09586092774483136,0
0.8238625651688664,0.5555640713907329,0.9526859709143349,1
0.8354295018278808,0.4173554413442348,0.6181967112205551,0
0.0032962623126468566,0.043204787121385146,0.0029956997737581536,0
0.2037960420210389,0.18629307967450182,0.16887641138808837,0
0.020837645809786157,0.11682159789931709,0.03813968335752257,0
0.03494781941118232,0.0680071973522882,0.024374438522906744,0
0.034101691527796525,0.10259840985679525,0.053303814547825415,1
0.044282371999479694,0.08525821188399021,0.05382338905940094,0
0.009772303216645753,0.05443850555704104,0.02038462910032495,0
0.10511728626424739,0.1560046738158961,0.11858883915795652,0
0.15533530320979907,0.2076525441007101,0.18675480611666628,0
0.9426247346275439,0.7106950873847264,0.9879199688812038,1
0.0475551957538853,0.15085398311998816,0.08883198245904564,0
0.8589687805063065,0.578838514726495,0.9808191788206507,1
0.020745562698879956,0.1152378754570157,0.022555054925823218,0
0.09381059986172872,0.14618898734987795,0.10899140919108634,1
0.023080017275173014,0.060428400123952626,0.03453063414895549,0
0.13740702559022397,0.1897646974199861,0.1534672189937811,0
0.04619990719568334,0.08050391331633296,0.04784681106620282,0
0.036922149908164704,0.1149742082266558,0.05737054236063089,0
0.012244954780394312,0.061459058330574225,0.017651439839559215,0
0.04250448215729171,0.16036008264499385,0.08121557717009059,0
0.003029231377042977,0.1553554926331334,0.011136138679358386,0
0.2785346238563957,0.21675494853451782,0.2522035292567522,0
0.0018154616893945234,0.03837703547387528,0.0014120982445420965,0
0.015255451254597013,0.08294894032870087,0.012411016858358938,0
0.3191984264782959,0.23064530488913224,0.24538190603165635,0
0.945964971192989,0.6158399586088972,0.9945238449780097,1
0.3512920044937584,0.24765943310388452,0.21887726783905798,0
0.028485378915094742,0.08955868533692644,0.031113695673345963,0
0.019568745504929062,0.13735977166560037,0.030441656862336477,0
0.12200304860259727,0.1779979034467807,0.1417668962424901,0
0.09876443974424182,0.16420265167721937,0.12113723585632105,0
0.799229506222064,0.5080575822752322,0.8813424539907672,1
0.04376224328743655,0.13280124221736575,0.10627620963183063,0
0.16778351260680335,0.21724116774580654,0.23842528826234927,0
0.6870494389687237,0.5957475305097228,0.8363228686752618,1
0.09350657959300837,0.14099430256799914,0.09798118551066115,0
0.0028306117313564878,0.042877833595362416,0.0016701605825140923,0
0.9188377982544321,0.6259425557153487,0.9889980510048404,1
0.005921061452653512,0.2080325179027296,0.007679980031784425,0
0.028193036587916637,0.15098776454702897,0.08355890506656094,0
0.083485780513041,0.13704304588338462,0.06186298260627975,0
0.07411612488857067,0.10288167283717298,0.10238075620712904,0
0.011720701052667721,0.06067035773467142,0.006203713052293081,0
0.20525096344791444,0.20002688171989375,0.19811173991175726,0
0.007980097767826131,0.055906292229573995,0.0057941687901136895,0
0.013327458190220945,0.09621879824275198,0.010359227299604073,0
0.9250892460673682,0.6696428862747823,0.991830046918094,1
0.14570623346802686,0.17447877272187706,0.15841756043512792,0
0.07127074453719622,0.11965746826679646,0.053411803384294514,0
0.04382995474590387,0.16200343032320985,0.0748591420477317,0
0.150196260610335,0.20148215216454127,0.13904132551373688,1
0.0920121379463959,0.14265688924644845,0.11895907002965289,0
0.25019260154619233,0.24174977712168008,0.20077170295638744,1
0.584656167981284,0.5412342284701666,0.6411376492089393,1
0.023088648961130578,0.11990107521475982,0.015154521303072346,0
0.006642575036801059,0.054783937996058886,0.005420936375341494,0
0.03005540341646318,0.14588993447761292,0.06450949251726304,0
0.9301561848297487,0.6339444255464077,0.9945158778461152,1
0.942419901085427,0.6524514800364394,0.9901847877924994,1
0.0014181706488705446,0.04282474803236169,0.0017417256528938882,0
0.08453577238698255,0.15039657981441437,0.12084571026464282,0
0.04850815033556834,0.0889328573765253,0.041461624117528656,0
0.013608690194685245,0.0920427485378077,0.026318761948030192,0
0.4614039376382812,0.32462052891973986,0.04327783743394133,0
0.35072679815241276,0.24866792975730778,0.3046844886945926,1
0.021279527961841065,0.10151933488274692,0.02253776083588577,0
0.01190477980273256,0.12560357135208036,0.041826617216449334,0
0.153474686934503,0.15717474031337578,0.17791839401464854,1
0.05863003883047806,0.15247734830298257,0.14303843879668832,1
0.9879055309733554,0.7473953488537172,0.9977026857506052,1
0.04981880162323885,0.13845942131581315,0.11235969849526539,0
0.9561278004096644,0.6207923977662613,0.9935894489445563,1
0.13689660927736194,0.16842954751752234,0.13651071332109568,1
0.2177875186586237,0.20070270121285164,0.2195830119146684,0
0.01077379953236906,0.04724049201212628,0.009429734222835672,0
0.004221540426278481,0.04004348185703382,0.002771671998666943,0
0.9366374644754937,0.693097825421003,0.9942152605288328,1
0.04199458300457183,0.06431164800710276,0.0384303522590206,0
0.39447093005953615,0.27102626225032095,0.016494585869311323,0
0.9549751874965946,0.6297200141563393,0.9936130088706058,1
0.08128495426498779,0.13088301842511968,0.0864525077680455,0
0.00029228937611667084,0.06355578133836746,0.0011588920782624583,0
0.12399655500867182,0.1596337398241527,0.12410963681973267,1
0.029330358618769665,0.1292416064802035,0.06536170723296163,0
0.06452948022808325,0.1552317123610189,0.09371374438824487,0
0.028802287453829734,0.08957665538361766,0.05374082382834143,0
0.002446616430352787,0.11667302375133826,0.004480944591854486,0
0.05619118102962872,0.08708418032527972,0.05528064012090137,0
0.04179959777690587,0.1274586879343312,0.06856278679502628,0
0.5966853308934069,0.37388255703797163,0.03998231695459528,0
0.9864499300369635,0.6908894333084287,0.9951941893240629,1
0.19577048558945576,0.19027922964926017,0.14854517727772523,0
0.0020123990992416832,0.04460449412233107,0.0015359596226249576,0
0.9404849625468867,0.6851120733636153,0.9914974179671697,1
0.13807337447712836,0.19385806397668337,0.16091000979841047,0
0.010340025490083274,0.05593273332159581,0.015108464087008288,0
0.3673183547794364,0.5422623260982946,0.5446849295050956,0
0.030055969688363063,0.13281051857025825,0.054187799558920384,0
0.016552413838806863,0.10036643291290341,0.021819963938849128,0
0.017249745110161252,0.11892637265719604,0.03008184690749333,0
0.07891864593175703,0.14681535522291267,0.1827766757931824,0
0.0036703505360642917,0.042623722599866014,0.002987233491314537,0
0.3515097657181824,0.21736764204811704,0.26526014715480345,1
0.016271282263273717,0.06362237353132975,0.022373168557044527,0
0.34802123672635665,0.23058882510329423,0.26547580097490125,0
0.0623121581327825,0.0846382338505844,0.05463460274585358,0
0.0663027925576198,0.19138966992815776,0.2167084510858365,0
0.0164231930382983,0.06855109226753305,0.024701407452613948,0
0.3002144895681548,0.22445298518013934,0.20804799653152498,0
0.0645733107647213,0.12680277638278722,0.08291488730399325,0
0.03723016353264215,0.14962538021581295,0.05450883660728225,0
0.9670479379305646,0.6650914402359909,0.9943466840747246,1
0.01109697876246191,0.06786433715422406,0.006730189043654358,0
0.033926238735497216,0.09011472977424449,0.04734282999470037,0
0.9326482598917195,0.6605531075013659,0.9890057805036431,1
0.0195248936615344,0.1243900388708362,0.028321740538150342,0
0.10547169245408007,0.16071379855993528,0.14352861033793177,0
0.807155955452264,0.6172447128904441,0.8119491341779984,1
0.06732732852938522,0.13498759671525856,0.08226671695703765,0
0.1993687881720443,0.19511992939399309,0.20686712688950454,0
0.043958999150619765,0.1059636494500199,0.06910034695880267,0
0.0010240717010936069,0.1467450787269876,0.01110749944509473,0
0.0018825763860875367,0.049578017406240994,0.0028826945537557803,0
0.025729365001562466,0.11197729051895396,0.05968591621103294,1
0.3776744103668669,0.2211637042544815,0.2334756876613626,0
0.0325812398411559,0.09403942064954922,0.02752172116463115,0
0.0010882682222295701,0.07489149295441747,0.004685796553627789,0
0.3000610408802731,0.2560369445324097,0.2618263801686732,1
0.2869511805802086,0.20663067597325063,0.1704765920516607,0
0.05595414457601654,0.1260948425770838,0.07699299241131112,0
0.19935708760291718,0.1775680355665987,0.22079520793585516,0
0.46732828185787717,0.25197116400311953,0.2760193825862868,0
0.9078868645962007,0.6186229286907257,0.9874994759580908,1
0.34032287033975944,0.25418017819712874,0.2781694398140609,0
0.0582113016163975,0.07831628058899155,0.04773573125082005,0
0.45642980643569153,0.2518212135028955,0.3131189259327828,1
0.8645894363104272,0.6858454091062077,0.8899067361613152,1
0.00457251439948025,0.04574234548380936,0.0014599158574264974,0
0.010162430081712059,0.05726485606106885,0.008196177245000892,0
0.0034646041234467897,0.16247875247001822,0.019700443204790377,0
0.0591573519706904,0.1467195198915055,0.06671035447107204,1
0.03839465390570897,0.11594518168144065,0.06772874232231627,0
0.20037485816358427,0.19722916149893657,0.1879116739372995,0
0.19212280929944248,0.18382611314213365,0.29059829609426013,0
0.023516160055246687,0.05835357320158705,0.020343857543732746,0
0.14411745206180335,0.17512498600410004,0.15444894573798332,0
0.11915391880721522,0.18423216441776047,0.16527216465629468,0
0.7084120034412936,0.3782335070331939,0.49679808802323755,0
0.04606558577418465,0.13944205938932222,0.16583591686397167,0
0.0010063682630582084,0.04224960020767327,0.001000697901708572,0
0.014661984139933928,0.08295524978830657,0.02424018559499402,0
0.47313485250816834,0.32061845321692717,0.02994287803455265,0
0.0751404249834666,0.13282999475503685,0.08288913574048065,0
0.21011286795767345,0.2148319483025734,0.19556728977424648,0
0.9744798599988874,0.7173229855347476,0.9976295683073152,1
0.2537156927468118,0.21120510792653982,0.23354462738430376,0
0.04310328204059577,0.10701549822454251,0.05226190636721649,0
0.010988198871332767,0.0519662191661574,0.008469603430694144,0
0.22743520206422188,0.21378239449012587,0.2047907330933901,0
0.9182734625164284,0.6453892624800898,0.9479733733609153,1
0.08315358683674172,0.14906943280423118,0.09414307211344163,0
0.020058694820048916,0.1187908493441324,0.027685329413018114,0
0.0038255652620547377,0.04452092504892041,0.005714964718456291,0
0.002712002114335474,0.14929750046864035,0.011836544016525943,0
0.004301454460091286,0.043480118828245484,0.001301199793010835,0
0.20148566468531096,0.17742210215104293,0.2178781896091992,0
0.02546891615447102,0.1412329246938376,0.03317993618203196,0
0.011010991579600216,0.058957215693785356,0.005217006691195813,0
0.05186169414520025,0.1396486926080553,0.1310891901266357,0
0.9311623894859936,0.6408265757942231,0.992861644702436,1
0.3691801710761124,0.5609768307059454,0.5365830126589999,1
0.03607777721314771,0.14366420934648624,0.04947893599583189,0
0.013700053741435313,0.07623364152573024,0.02217816023317305,0
0.10779522019817585,0.1491430119513975,0.12293048957324479,0
0.002822474512576237,0.04342851989955304,0.0018775098523492312,0
0.21836041599235123,0.20500608526947808,0.17237527635545322,0
0.02423405978546732,0.06941201502138691,0.0353268772992632,0
0.005037185593855533,0.04821490490896942,0.0015769121704189257,0
0.17193882291460477,0.18173902639632095,0.22961365571152187,1
0.3539353027133962,0.24752775348976935,0.27769393665430075,0
0.286249184290316,0.21498976663199276,0.2197774260469158,1
0.9555247030240226,0.7007771852450178,0.9981352738609364,1
0.005044416182674964,0.16239278646916228,0.02540570864695408,0
0.0027341921092088714,0.04037575479341426,0.002344362990916924,0
0.32093822274720346,0.2370189444665065,0.29052522060144825,0
0.9501866261410681,0.6398474822453731,0.9900931615875128,1
0.9747196606369556,0.7136767967530255,0.9960529293121985,1
0.12577774697200858,0.1941957190136332,0.18276126446961682,0
0.8984341648105689,0.6202701964944257,0.9854322050630573,1
0.15768240316152524,0.19607548911312758,0.18467028522754386,0
0.04347876195845567,0.16138339662342951,0.0942980980173981,0
0.18105142364364782,0.16981837046582912,0.13972368111056171,1
0.07222311679342101,0.1521363725719882,0.08669627424290874,0
0.047379913832107205,0.09517455479315569,0.062285212962300204,0
0.08893916684624431,0.15206302796701054,0.10382057833559086,0
0.0015878797962698447,0.07483317378200269,0.0033341220813979037,0
0.0017002288970699316,0.08298864893072871,0.005850123982601834,0
0.15614910476873317,0.18433008838030807,0.19626140539162298,0
0.23952122674078952,0.19600349362779312,0.18922717036462444,0
0.9017914611380125,0.6534439572233275,0.9904430533354033,1
0.9167476675318804,0.6332851507035758,0.9807352900005025,1
0.28876729077678087,0.22067984739885219,0.24880630057498074,0
0.0008637566002393275,0.11641582303637432,0.007940232480703498,0
0.3331648236487431,0.22671088879648674,0.23445229729548392,0
0.18958604984915192,0.1805760964747399,0.19505753184043648,0
0.0012496857502659372,0.15384980236348042,0.0134348135669557,0
0.2751024734006783,0.18752924302181143,0.22666397282888548,0
0.8825626021526275,0.5221289490661394,0.9625819844701028,1
0.9178281922620536,0.6375196814533693,0.9877193395431039,1
0.09835759102627567,0.14208113407732686,0.12411060817795316,0
0.028509326690758195,0.13004287729379077,0.06455149567723942,0
0.1274261910174752,0.1898107304692566,0.12166306796756124,1
0.041749981287775205,0.10631045046870696,0.02950602414757101,0
0.39564264615674055,0.23096887481790473,0.26240619722149194,0
0.5417467281573134,0.39723990907448525,0.04822067771038906,0
0.0023414612384583767,0.13665154363294546,0.009314821542964572,0
0.11251854703946025,0.1767753788385683,0.12812408619379853,0
0.8734285258339275,0.5832409547339432,0.9800911466023206,1
0.3954717472070338,0.22953813733161396,0.25560012081206374,0
0.2076607919590012,0.20190962940056228,0.19273983091380736,1
0.02691245164947749,0.10496150216596709,0.06613226635699632,0
0.02734789099710164,0.11990059372738204,0.04323896289023686,0
0.10408381988061757,0.1489558042393318,0.10854285440521275,1
0.0634232163052991,0.17662528203331276,0.10774895900429862,0
0.1248223777382018,0.15058329796509373,0.12610362724436996,0
0.05794365465793795,0.17503912801639993,0.12040955842948753,0
0.034279146469579344,0.1594262167636247,0.11798932307457644,0
0.2021494899670148,0.2011996098690876,0.1784034047384464,1
0.8238631211974994,0.5340975296281771,0.9767220422791312,1
0.12029535479948454,0.15881009322601228,0.10913731420590976,1
0.08278521440983808,0.10565440043216305,0.10347007159314965,0
0.3952873756761929,0.27382771457045635,0.03916658697267033,0
0.023813390940048154,0.10852033123772206,0.028304929621373168,0
0.031685165823885496,0.09607423326423568,0.06214653487437152,0
0.08071304892041303,0.1768285281199812,0.1262608773038299,0
0.006272844720314979,0.17189991393785994,0.02245023322801499,0
0.017627217193098215,0.09995793455338797,0.020315397109591248,0
0.043016914350960424,0.10140527574094409,0.07040478643772609,0
0.004443057664913942,0.17318092682655217,0.00552475850614787,0
0.13866899409168576,0.21505240902642597,0.19698869085504916,0
0.029168982197741174,0.059317885003763525,0.020707846547610608,0
0.19821660134545557,0.21200360892088285,0.20314394956612275,0
0.016126886457173716,0.06723960149766248,0.021598721680875416,0
0.013395018271949407,0.061706294356257706,0.01912121485794785,0
0.0029150226139991867,0.05415833659564509,0.0036664048742424816,0
0.39785778333424443,0.24604027333201625,0.30816147879976147,0
0.0011969811571854267,0.06762839387914528,0.003607207889993514,0
0.44515927780523457,0.27003233585216885,0.3232219180932019,0
0.8805281371794523,0.5950689442043677,0.9847118405270048,1
0.21058685683009193,0.20343547955809446,0.17860105362743017,0
0.045262414060434554,0.17558321098121996,0.11571117340369566,0
0.1836887259689892,0.19169526846384236,0.22274285873699526,0
0.14212113890104192,0.2011497105289108,0.12881071253600973,0
0.006389193539399269,0.17830754527545029,0.013871616903102948,0
0.028257687778969892,0.09925224893375936,0.03890677094560486,0
0.28213308110790214,0.24171779245307895,0.22770627711815242,1
0.011345667203346935,0.06331089636026024,0.006730556623703534,0
0.1276316545914726,0.14534901478778864,0.13316731627601944,0
0.24231138977916505,0.19271607973125982,0.1866520573373005,0
0.014444877502560688,0.04761764400748874,0.007728464642028667,0
0.10040350081593476,0.13389904766173663,0.09780701532586186,0
0.31564866377036,0.21486644100465502,0.20448978204209367,0
0.08900844612783111,0.14588739229970513,0.09195705116107493,0
0.14444896834396898,0.16398361252577476,0.17134345188652814,1
0.037765522679198596,0.126508913563578,0.05032361140409386,0
0.0067336794044487135,0.04592618570665605,0.003027468136786243,0
0.683081747674104,0.43159510860735384,0.7791097824238138,0
0.15647332768182226,0.18426467497690568,0.15578243660752203,0
0.27020538660305055,0.2319451614517608,0.18627298036436765,0
0.0003471904382490588,0.07068741689116678,0.0037958784630528356,0
0.2386280239864787,0.2361506753442305,0.30279726984723837,0
0.8447498478750338,0.4741651391202499,0.986738866849349,1
0.7794218224563854,0.41425468347067895,0.6770179453744796,0
0.027032986171658047,0.12831186744515097,0.04794624253604805,0
0.05117100660716846,0.10256677707739094,0.04926511322218608,0
0.07240131333810314,0.11565654839035343,0.12177785251208055,0
0.0021855092458372945,0.14233377090862068,0.0062856987454386415,0
0.14655749711341332,0.16588288447366567,0.17107551313179484,0
0.00598324311973786,0.178358431828955,0.015351373751245014,0
0.2802061751562151,0.1959694796630636,0.21465877000797662,0
0.003542542604390864,0.04617328267647057,0.0018153292450088006,0
0.9286571328094881,0.6415872924329756,0.9925714396935057,1
0.9844287365712371,0.7084648340413892,0.9983643757482668,1
0.017650396835241108,0.08106427844842169,0.00733764944130311,0
0.25085273455286733,0.19283762840714622,0.17628585687165416,1
0.8500378058380185,0.6534424108103947,0.8643262640310181,1
0.003056363330090017,0.045194133390734414,0.002207883420163428,0
0.04890460275746747,0.09803722187760108,0.058429598348295274,0
0.1045034389505636,0.13565712344029832,0.09341744178058689,0
0.0012129276812081222,0.10907039407923448,0.006781246748794796,0
0.037159820905667704,0.14165847666080758,0.07424537541202035,0
0.19964682023564043,0.20783977619083965,0.19829339027642542,0
0.6928524794509617,0.5775649557314257,0.6386089468919577,0
0.42060104703019435,0.23849001651116494,0.2805308745327327,1
0.6048836170433557,0.48469077181258935,0.41885471647092415,0
0.028558670802234877,0.07415778373625535,0.019330742785492155,0
0.07369968997450817,0.14234194543641188,0.09794366837557501,0
0.0913840457545083,0.16356569588215172,0.13526770407958785,0
0.9083994284925679,0.592174682272924,0.9850469509883135,1
0.016762488846544587,0.1018304404121596,0.020428834213109596,0
0.08062351452013325,0.1491692927734819,0.11493820350841885,0
0.10313536016343124,0.15432002621742216,0.14163614620664325,0
0.1479973505563159,0.16588366419042286,0.1750205480483131,0
0.29892794170157916,0.2215478989950761,0.2668384951848361,0
0.18428566076358555,0.3346135782393174,0.02028430135627342,0
0.053208497771645914,0.1652146579724049,0.1139629529486591,0
0.06757278511158926,0.19051896945389718,0.07709397512092094,0
0.784145433258661,0.6837297125159997,0.8436783106247153,1
0.85527483290109,0.5943178490783774,0.9743737412333906,1
0.3563413894630625,0.25648987878167473,0.28438387225375245,1
0.2378021209151339,0.19376132379191435,0.23309755023054904,1
0.11956538127779905,0.15183391086577672,0.11452190705219739,0
0.4637944928402807,0.2805579165780267,0.31017941162954643,1
0.12460762362983178,0.20869386080031666,0.20536141199533894,0
0.13370875789263317,0.15989768902936352,0.12300043599363468,0
0.041123148785709766,0.1482937082411841,0.09819183449068006,0
0.2034808629309784,0.19692164634598336,0.1630427175977654,0
0.024197721079717262,0.11889921311604298,0.045905066826853545,0
0.18445926126699022,0.18948227057971953,0.1896361576683353,1
0.03449975876488523,0.08868396341476369,0.033481898381127834,0
0.5873397633771537,0.37218852037453404,0.03808859333604941,0
0.006784849671445709,0.0511100410199116,0.0054620655941861095,0
0.07405852012317982,0.14479821920738542,0.10553384314029227,0
0.2359594372951248,0.23430822984766014,0.21364994889398936,0
0.00020799893747679754,0.05439184712670159,0.0010234866017672555,0
0.012711658550761664,0.057916978553511654,0.021689533830047382,0
0.026101687870448427,0.1369532380847938,0.08085836408202546,0
0.03205863244670398,0.14355399486986575,0.03497457303053308,0
0.04267305349857173,0.09827832422608809,0.0512034148461275,0
0.0013888545852199152,0.05044286873136372,0.0014841800449541533,0
0.07322769811288553,0.08772850532636686,0.0477716915813937,0
0.0739255004506794,0.13612568711855838,0.08856979472622364,0
0.015400149934443975,0.06871128215011121,0.00834287930797404,0
0.00920750499994348,0.048097658195781184,0.006662715670457539,0
0.1806921200790324,0.171847517575503,0.15903041702331908,0
0.01455654990056119,0.09102742618100615,0.017944027208255556,0
0.15924343762794593,0.1983068041665638,0.17353833654394535,0
0.04455248216734444,0.10538338526293226,0.037680528082150805,0
0.015334598336615466,0.10263683671720783,0.03412322798996732,0
0.05699855533627076,0.08060140011720994,0.04681895162605599,0
0.06465592321769607,0.19027116412659673,0.16476263162294233,0
0.9511439992980957,0.6996451278138123,0.9956933528473034,1
0.023466223782395372,0.1206326508546353,0.07115191206748325,0
0.01203429613023994,0.06315105408572083,0.006238347714473298,0
0.0907107382728612,0.16025246348399103,0.09210060429116011,0
0.1533133475244802,0.1774690987954293,0.18512434960724944,0
0.010349333837960968,0.21476008996137727,0.0839745778671547,0
0.03209972113120156,0.06707040083850756,0.02658996730817165,0
0.009447183007328566,0.0766676411665816,0.019920532292939,0
0.040676040188056206,0.06640423987100606,0.022593682628382232,1
0.2868816955694315,0.24043154909208916,0.21538050345946047,1
0.05337676792200637,0.10819957451988087,0.08131138775675119,0
0.025692603243111425,0.10902094361004251,0.07100824503947549,0
0.14994823155594936,0.18101178669933707,0.16819495094295145,0
0.1778826153727311,0.1860253934354223,0.1920564100650246,0
0.018416424451507964,0.056498602454639515,0.012519468593587336,0
0.02615832786322614,0.07281922797135283,0.02425081592546638,0
0.029824440052369342,0.06662965779036979,0.02790493976548893,0
0.021726729581308907,0.12770552478789232,0.05093623520419147,0
0.10781660841399467,0.13672292015967255,0.12008137792232741,0
0.04354695036560963,0.09103921680110123,0.05213548401975853,0
0.010646813958104632,0.0509434699172146,0.012216521748205417,0
0.20797429804887907,0.18849003144925455,0.18472872123808495,1
0.634894207784768,0.6110794851153935,0.5988049762202363,1
0.4412814188785093,0.25748142067726454,0.29278749773687657,0
0.05747271712664859,0.10502158263753032,0.0976001025782438,1
0.05921126773400941,0.1616734624481818,0.14444879182594994,0
0.0009522148599684933,0.07744208029183425,0.0034345742502823948,0
0.00021526445859697366,0.05284805051838293,0.000894568195749152,0
0.7660492886414868,0.4533571334622346,0.9234259892118997,1
0.019164189009295417,0.09330406098011759,0.04335304389436873,0
0.16290265615093,0.1670441698331267,0.18997974706256046,0
0.0028718640224030174,0.03740176392763802,0.0012008910192002282,0
0.803391978390221,0.6538664530323521,0.9657717053616227,1
0.001395444572503409,0.0438309682450752,0.0006950032785726955,0
0.009334640785297638,0.04491187766830969,0.007172630665274883,0
0.011617252888491624,0.05923871196929172,0.015195317724191158,0
0.1716682619095874,0.15806699971439955,0.14265479362622127,1
0.017196448130800665,0.09273148310306152,0.026209766383765154,0
0.10566522183528447,0.13935946561950782,0.07988605127215374,0
0.11780639920401119,0.1594278181285378,0.1663439872339156,0
0.3534999175667345,0.21477109329687857,0.2100306379079977,0
0.12416845276160654,0.17251791174156555,0.18812624637763406,0
0.307556033007505,0.21573496132404055,0.25055815129318193,0
0.011389716811989605,0.0473740366493049,0.014218860548034978,1
0.028158995662394076,0.14451886255769866,0.05718658937602331,0
0.13915138339905675,0.1784183294880882,0.14826630120425444,0
0.14595465906073596,0.1668444417145124,0.134254238371003,0
0.2818092409902637,0.236379474872316,0.3264151734496777,0
0.07115274146523072,0.16242876909745083,0.08983204989755779,0
0.14648304362822534,0.17882044301456038,0.18837729619465865,0
0.6849400241116153,0.4503192820104445,0.8908448401306592,1
0.036567857640624916,0.07666489949816664,0.0445117066400862,0
0.25397945494732016,0.21907588062223143,0.23833425792341298,1
0.10912323242948872,0.17058986313344018,0.1557614036938177,0
0.02356578307699249,0.05774922746303704,0.020723440637209507,0
0.0070960957163967815,0.07220992904695081,0.021512047118539445,0
0.017154583269126313,0.09897381892802509,0.019486538284836593,0
0.033537930945601785,0.08833722812446208,0.05169431315776416,0
0.10186834671403072,0.14151806291773886,0.11613652793208559,0
0.00137955529510296,0.03792418892773684,0.0004672975287300394,0
0.005519348723345217,0.17498007710062635,0.0039962247815172516,0
0.0257484287881108,0.06805358347249836,0.018786890737907198,0
0.0023344237829487084,0.1393252982992445,0.007166750623478701,0
0.10101418218391553,0.1433112092851978,0.10611261810498064,0
0.06748544391382001,0.12713592588597258,0.10472344218010447,0
0.2941672100219951,0.2323065247469323,0.2921545082274813,0
0.04285753089288685,0.13227268350843516,0.0717518137447988,1
0.0996210998962311,0.16726104963788424,0.12371012811702069,1
0.08918335625182945,0.13001218507533457,0.11073214116402542,0
0.9060876645755374,0.6335350648880197,0.9904287765903936,1
0.24070161952453117,0.20462646792083344,0.2620846063601782,0
0.0032266057447822116,0.1436552795531621,0.006223068170776845,0
0.0655139583343059,0.15993261228308286,0.18318150531838884,1
0.01268123610454801,0.05773679813954859,0.005829066872811958,0
0.04555494279335569,0.15562407033972356,0.14449265997294963,0
0.039418841426452585,0.08336014817549432,0.03778601250611815,0
0.9308916632404899,0.6876980327098002,0.9685623611157864,1
0.26229541381518207,0.2106132250908354,0.155231611126308,0
0.059490697350175994,0.1688979516675225,0.12997337502069733,0
0.16625029524395452,0.21115552486093284,0.20298270884208605,0
0.9640929638000378,0.6986366141603711,0.9933373195490247,1
0.316362922936117,0.22371869995843782,0.27407609586135107,0
0.007729508593258739,0.05440081244258275,0.007274771943726353,0
0.066770160265353,0.11257835898830279,0.0936109489690353,0
0.009745711163561085,0.0589938033189738,0.005488913996446906,0
0.9915345263934956,0.7311619211590894,0.9970200400712104,1
0.22856841452414156,0.1944474681739775,0.15169124728139186,0
0.12241517142269169,0.20663239775044068,0.15678439481832115,0
0.01718341410847354,0.056663848944315,0.019899811715400527,0
0.07106914572796581,0.1393913513380225,0.09730926877228034,0
0.3185518906182635,0.20001865220533513,0.23496544135576528,0
0.16314590966441225,0.1937579287369763,0.19853382623081284,0
0.18317072451172925,0.20949210145977193,0.2297889198817444,0
0.2239303381546435,0.18467427904213665,0.18205403957299127,0
0.006572322260802063,0.17214852076136622,0.0060066170371732945,0
0.04970335801475389,0.13848720716179666,0.120089136461959,0
0.07857458748770069,0.1283042215886937,0.12936912795592814,1
0.21678847195803463,0.17732701365180284,0.1561083828870765,0
0.0343882180267202,0.07133619308187451,0.02936776649691604,0
0.017741519382223816,0.07055860939587165,0.012792037746470359,0
0.15807111543244184,0.17759499625186584,0.2093137707944547,0
0.04334133609991293,0.11493078422072812,0.07418963483293395,0
0.07516125232885135,0.13715297266933332,0.07069162063360193,0
0.003178180897675274,0.05043762457423617,0.002970200850002721,0
0.8439528021537771,0.6356033227129254,0.9542623544324238,1
0.9519849946764714,0.6828798807571785,0.9965607827190788,1
0.03582733187764311,0.09632874871744296,0.03032560944425801,0
0.03294401891104499,0.13647582453314247,0.060919566545182,0
0.9936821067546827,0.7294238539860727,0.9970804572484872,1
0.013473728346975637,0.08495994310884326,0.025306336579310296,0
0.045837228835494584,0.08976097836784462,0.05066050379511932,0
0.0029973355679674936,0.04982524389736639,0.003286729178954187,0
0.19441258407011655,0.20587102552338563,0.2152202589788761,0
0.2734406993059228,0.18094918892537754,0.30574843673154034,0
0.718870549132063,0.5918907895900185,0.9764629252681745,1
0.0022135084579481827,0.037545262107174196,0.0011564036746073158,0
0.004056047254394903,0.056895729588947855,0.002997453422570659,0
0.05495257970768817,0.08083017749747747,0.05085589981536046,0
0.15154658179785668,0.16198725816454143,0.138374475978665,0
0.01143872598882426,0.0522976268300537,0.016495653593345466,0
0.20991685782588862,0.21004403540331734,0.20412267458778913,0
0.02147098227667831,0.09323041460894584,0.04948740853236989,0
0.5399024231097355,0.41897610073128805,0.048962994171006996,0
0.0018245796892434514,0.11133335870773939,0.0065364642840191065,0
0.158894724158093,0.16971056332648768,0.15980706628011104,1
0.22227059104639565,0.21555808735225615,0.2599173332681627,0
0.0649394927021785,0.14194906288682743,0.08772467087930819,0
0.41407018221766395,0.274048721712666,0.26797434643240015,0
0.7906321298096509,0.45876165986788386,0.9254684233717883,1
0.00022065116838290423,0.044670044778263904,0.0007119546125761291,0
0.45684789967506817,0.4172089662522817,0.4807125490117827,1
0.027285125602161998,0.06954567386199213,0.027046193234604606,0
0.07108070015234066,0.14328113894186006,0.0828601339358574,0
0.06246243174936565,0.13682219891818043,0.1679226764890071,0
0.9580911198243961,0.6720691656949607,0.9957687878059143,1
0.045311560128386594,0.09129433382025554,0.05417889646605477,0
0.07929686555195456,0.14054883531397766,0.103349276882993,0
0.08771007869761266,0.21651678954269518,0.0036105687357100486,0
0.0061968784789873214,0.039468939880318604,0.007017365457727152,0
0.07255496858801906,0.1623558082345014,0.11342925593051438,0
0.015851817296001196,0.07164751247363589,0.02006663468901526,0
0.023699180270921858,0.11586900891378048,0.06042973826619733,0
0.006685330965274526,0.037434133459761536,0.007541595283547329,0
0.1474839575954267,0.16592654981180874,0.1370313249332545,0
0.2241379931406178,0.1833434620614517,0.2533819460558121,0
0.027003628034542582,0.1411274071896914,0.06274885522876983,0
0.05710387368151076,0.16115809270877032,0.11621324769540571,0
0.12191046830473053,0.17296038512937426,0.15351388970859695,0
0.16431565960018535,0.19291231364188707,0.2261617367015918,0
0.02748390951982341,0.13051413677904214,0.055897528752212995,0
0.2730041253400799,0.20915226574316276,0.19110914455156702,1
0.01996377709849401,0.1305229462826977,0.32429040002666787,0
0.6227026571029206,0.46540591492121347,0.5882732265848992,1
0.048836008961787566,0.19656066917800885,0.09924271804777311,0
0.013465092841651143,0.05648811980438739,0.02085475719486643,0
0.9333531943846233,0.5845369622357895,0.9929525805598515,1
0.007027234656749597,0.06070799473379468,0.007756351799567256,0
0.15125333774974262,0.1866976095287689,0.19058851234594623,0
0.9458936238838903,0.6363921287274753,0.9934208867609856,1
0.7057645549443253,0.590539002977163,0.6315988418728963,1
0.011622583866024074,0.0558192154690566,0.00689113523243201,0
0.8155968457980058,0.656161825486897,0.8803115796160655,1
0.012150478009139577,0.04777050400293017,0.014266236394990634,0
0.006405756743389951,0.06015011139460553,0.0051850062487611105,0
0.4672579505404096,0.25424643894763255,0.3168224356707722,0
0.05005471280181533,0.080878135917328,0.05245655746697724,0
0.027014365164293924,0.13246070483660669,0.03858163338150227,0
0.092942447367374,0.13028378455997833,0.08630328093126431,0
0.037408448645778906,0.16054113955297658,0.1075945408162304,0
0.0976273721506387,0.14078004670554972,0.10631848240917573,0
0.007059724450792616,0.06006198216013518,0.005302744898270612,0
0.9511294466209307,0.6413439200463281,0.9974788989687207,1
0.052719587913024654,0.11262047248567045,0.10091635668562,0
0.46995741903057975,0.2799800303254274,0.2865956975933278,0
0.05508386729810501,0.09677834435639658,0.057777056440131,0
0.0014913530877235903,0.11728707202824332,0.0046917168958946365,0
0.012442262080359538,0.07859636326693939,0.025221443434294007,0
0.19334909818015072,0.17856612681878584,0.1989610131549053,0
0.08041299087648394,0.13372115249117697,0.10220799992865026,0
0.020860545268562757,0.12432490633900321,0.06387591968291814,0
0.3725369399763249,0.23391697219113924,0.22532881178401273,0
0.33572828734447957,0.21967610595364345,0.24035046544052488,0
0.8688260495758373,0.5794333838734856,0.9393651929806559,1
0.925361834703507,0.6485379968494608,0.9884547437666514,1
0.08928646199078497,0.13977569961035005,0.09974565821660014,1
0.002448128161429869,0.054409369943100847,0.0027931186400485396,0
0.0347653783470593,0.12617867539962185,0.1118881521812638,0
0.06932657067429883,0.12792404929440646,0.07001142360073724,0
0.2825043187535602,0.22642923332052808,0.2596771059702662,0
0.056888318397131626,0.18189585160594018,0.1332177967345371,0
0.027137034613614962,0.12442112421906906,0.06465352768553574,0
0.32907375244612536,0.24378722303326483,0.24292734843831948,0
0.0008371358742082016,0.0701185864060921,0.004703892872309593,0
0.020308786761527167,0.05970163457372306,0.025725042509265376,0
0.04808694538736282,0.13683980787673045,0.11985125272464746,0
0.04672736461183636,0.1330115995229805,0.09068852793255754,0
0.0006781364976666628,0.059089035841806185,0.0027650174726889768,0
0.013591928536165192,0.05832485661404709,0.0161004566599482,0
0.2984065294474048,0.2059628207966904,0.2152231279967964,0
0.1484127191517309,0.19463989244197485,0.16187876166448995,0
0.23505022584900304,0.21832658584752154,0.1839248474085093,0
0.01022796447111978,0.057084793334970386,0.0057980543351163994,0
0.19605192720840267,0.18301154906437284,0.16184261529008862,0
0.15845012697729088,0.18919003518258057,0.22484487365400485,0
0.5100992058927906,0.2731381508243456,0.409828762082367,1
0.05003468726868999,0.15389380055520543,0.15792582513911763,1
0.07311107524401524,0.14169430412183728,0.07225900617994983,0
0.5042822909974594,0.30244038789765093,0.3602544545575282,0
0.1730508869504343,0.20699643283934444,0.23536152834571847,0
0.021970684243125736,0.10025825542366992,0.036434558393894874,0
0.2958132436358204,0.2407361157038037,0.2263961390752234,1
0.08439426189497827,0.12474580892293241,0.10187641699501401,0
0.013775687378960707,0.08849229784105159,0.027940296362089504,0
0.5481898795526943,0.3278119723818331,0.02296229754766841,0
0.8809072333703791,0.49346372547180506,0.9905785649167409,1
0.02893284306063708,0.13554872233158527,0.07046385298670037,0
0.03589126609465708,0.09398383982393002,0.04750982840649458,0
0.02497957818911898,0.1278823732584661,0.03783037990999355,0
0.08570537288292245,0.162374937439828,0.09487649945874344,0
0.03677317561984285,0.08189855294867787,0.046444803462404975,0
0.003245846278651312,0.18197564017180523,0.011461837040607112,0
0.05414984006789991,0.07782985581006162,0.039333434397073604,0
0.7424747239276198,0.4927807215091328,0.8978861418326803,1
0.13134436781091452,0.15374773555173962,0.1362215020218269,0
0.11449021777547277,0.1886639664735534,0.15800266284190342,0
0.16747866586594248,0.20166989389870754,0.2219739472551461,0
0.0035959873449928274,0.05090459110565856,0.00489856194326167,0
0.013663434766559906,0.06776326432138269,0.020167746985274505,0
0.2850095255197192,0.25289677592464277,0.2843098034600565,0
0.0030377231327966027,0.14924408846185225,0.0036464175214090165,0
0.14988043847425253,0.19208209705526472,0.16493589373449083,1
0.42818183840059293,0.27397946118153726,0.32079797226746204,0
0.6749970695329058,0.5689755166470043,0.6889210959515535,1
0.07643228346741035,0.14581722074845282,0.11342224615283995,0
0.06409031733404634,0.10795626288594419,0.08940728124410328,0
0.03963651190345601,0.08102350500024197,0.04017111257161869,0
0.1210769491529604,0.18095359858532736,0.14838447155775372,0
0.07520017403761518,0.1250999784120951,0.08139836226570527,0
0.00017198890927028497,0.03712566694311216,0.0015118642342741193,0
0.11398697215541172,0.1576427878702468,0.12447639621685332,0
0.25819585414080687,0.20088213433384508,0.2276814183749196,0
0.5558384340014497,0.45095075851672684,0.42356328497270235,1
0.07484570748148452,0.12145300116135486,0.1045266625190103,0
0.016654310150906945,0.052507840556577076,0.031559564148519986,0
0.0255666300682514,0.1408774819717658,0.0680514086176797,0
0.6615146022439047,0.4423136096953195,0.5546480246505029,1
0.06155436873431163,0.08602772167112682,0.042629971013380646,0
0.015233164227438417,0.060940702565681126,0.02711377330560196,0
0.0031861893319094304,0.1196298102517047,0.003725716100892295,0
0.006411221282408414,0.20194124257097532,0.014608796840633693,0
0.06908010411120291,0.11926037812582883,0.07673592284282181,0
0.03377543122916863,0.07551510427179473,0.030970847752814123,0
0.14226834639573135,0.19213280602746027,0.15250133033666086,1
0.29746813688788354,0.21150093273442372,0.25918438137502064,0
0.00352277913375445,0.047161295565143334,0.0012496971698011212,0
0.524272161616435,0.2607524167578302,0.33779710050736733,1
0.5454882958440213,0.26063403613938296,0.41541803548833867,0
0.008060852231615536,0.056750378141912264,0.007285552418690688,0
0.031133954482297176,0.13853220445092465,0.07354757249659886,0
0.01183023343344662,0.25199461321644967,0.03154864946361351,0
0.0003279601512459063,0.043784107333478796,0.0021140191854861347,0
0.044316797022986194,0.11343486278657394,0.06454002048943609,0
0.035589300705567366,0.09397070906935104,0.04340561164155607,0
0.04305109478659714,0.08673139237487204,0.05826652967429415,0
0.17212645015207628,0.18547169779411943,0.13980226973482784,0
0.01187755731455996,0.06935427100125488,0.0098975176219915,0
0.9183894374436363,0.6710393166623644,0.937309361294614,1
0.9423419517288432,0.6457449578074576,0.9895600306525385,1
0.19657365967934945,0.20178348239858782,0.18707152054796786,0
0.027876347696874318,0.12886493299759835,0.03836823754473707,0
0.9279115489105997,0.706381921987799,0.9954036103058029,1
0.05955249255282957,0.14905614387121113,0.16008729474665362,1
0.014284661231675492,0.21157575915471566,0.07438780366295361,0
0.11230991027136274,0.16946975914171752,0.1996544788163706,1
0.01962838974498245,0.12543063916165467,0.031204878259656437,0
0.023957031506549476,0.11075477082276745,0.023955588313624664,0
0.009554687232066745,0.20547655719221453,0.008715548132080657,0
0.4707732481673584,0.2414765279905573,0.28574802990446596,0
0.12561298553984504,0.14942974928640737,0.11790575862641149,0
0.951543926726182,0.6663288675965997,0.9962247903261117,1
0.03634225735739025,0.06301833902966877,0.019684878646650594,0
0.1801227147365152,0.18233622689001236,0.2257029579211647,0
0.009930939343250065,0.059579529812725185,0.009076700581777994,0
0.29627278336149293,0.20639518827112768,0.2207780830382879,0
0.5330397020716287,0.40222757554859084,0.41900801474378263,0
0.24385229537615902,0.23016178880108557,0.1904216171592616,0
0.9351622924369615,0.6895175165266925,0.9955843484355595,1
0.027857411759209222,0.09266712685017374,0.04474521525878065,0
0.28163426811560727,0.23780585377406244,0.22146657155175545,0
0.02400885043357818,0.06221934220096941,0.023900144763317296,0
0.035148110042138504,0.0667906911344708,0.03628291635358194,0
0.006724397081817845,0.058120296461246806,0.00714276027958004,0
0.09406649254243998,0.15409604037894845,0.1013227613576408,1
0.04345700832016957,0.1693033505368648,0.11490991701943058,0
0.008425742134324527,0.04183528264869646,0.004780625648641712,0
0.5543505673914785,0.5019463257752509,0.5620547275102253,0
0.02920715175993338,0.05792810841606975,0.02287939959259443,1
0.006352039192539601,0.04221309390944371,0.006791315907357708,0
0.17973091565596278,0.32125099647575306,0.012427459134736939,0
0.024962692686119357,0.11082969609651977,0.06162097264506051,0
0.08220662471547373,0.13802338022347038,0.08673890410150671,0
0.02204587365599411,0.10176095247849877,0.038379877523180804,0
0.1691886321908019,0.16431461742147002,0.14299649535310122,1
0.13776307163156176,0.15972798728466656,0.1533861426635525,0
0.19799057398098519,0.1746617136357181,0.22485545538894963,0
0.9119087311191696,0.6538445568250777,0.935357109131591,1
0.018648858741659575,0.09817584053997552,0.02663913314694536,0
0.14808367144255957,0.1790482211024105,0.1706852341600255,0
0.9718919614178595,0.6844025578147727,0.9946438584092918,1
0.0027326144265572435,0.04870783203229497,0.0037775678842316045,0
0.03687546719717713,0.06022102845948167,0.027952287546470597,0
0.03801601863338605,0.09856468133098548,0.04899997756090479,0
0.03417196912067643,0.1508118588504768,0.07205073746036483,0
0.038708740480705,0.15426312809384182,0.07852594047768484,0
0.21519807782898395,0.20376716638250816,0.2590400333222459,0
0.029945774386299404,0.10867981710560587,0.052551974049854296,0
0.013084407497698732,0.08498717649789564,0.016939382461045906,1
0.6515441632165403,0.38691546897959894,0.06168670598815177,0
0.15423457466670162,0.18238917156565632,0.1431999562990658,0
0.002069288315119239,0.03882242898842479,0.0014632336483633914,0
0.15746958158549637,0.16993694636237305,0.1635439239078396,0
0.280260785027371,0.20958806598052854,0.20895116420541138,0
0.1447896223752798,0.1754441353220162,0.166366434198069,0
0.054106203268506556,0.0969139927482334,0.054995212289515046,0
0.1970602733734783,0.19588921304233178,0.18883257643515497,0
0.011314849946932128,0.059771112519301686,0.009307644477966968,0
0.0829986065380583,0.16615485190638266,0.18030137291615758,0
0.028254835535123635,0.1366230956057464,0.0810820531882479,0
0.007233400594933782,0.05368537704323176,0.006145256632275118,0
1.9435687494598478e-05,0.03522199276901221,0.0006619500135447081,0
0.15740707737333506,0.15820517516186614,0.1118594446424264,0
0.05840848897937825,0.1384305755187117,0.11519040488550575,0
0.3598390285716202,0.5121174087479019,0.43325408644821595,0
0.8716723928017986,0.6810321550453605,0.8866254939221927,1
0.022025586337028197,0.10520522150548958,0.050602450390918534,0
0.21801676057192151,0.2150742119323474,0.20216281867658867,0
0.028087150696522442,0.14878610382313107,0.061078684047819735,0
0.003192819005157501,0.135881737493286,0.004009684461331127,0
0.9706731245480615,0.709423817434951,0.9966846428041659,1
0.04987647636712798,0.10299729178955166,0.06568022897506375,0
0.07480102685598966,0.14218700602016726,0.07357964763963634,0
0.4802730136635594,0.3697758668626463,0.020469545952328486,0
0.0025953314797697545,0.04297970915839023,0.000728321449337061,0
0.028072110006134316,0.14125835782892715,0.06181255592391156,0
0.022020653904278393,0.08240922883543719,0.020335648971587173,0
0.8944443222896661,0.6081409064505346,0.9862904562495304,1
0.14999529010505538,0.19145618663109984,0.13468608443321387,0
0.027689912624884242,0.1308956045027255,0.046740146695799234,0
0.03949818950293297,0.06892721819289079,0.03189892117085217,0
0.388606216726629,0.274473492550311,0.31224998085579986,0
0.02704552727207294,0.11941321498764618,0.03152575638417125,0
0.08699586104628826,0.12155858071124762,0.09388108157595151,0
0.19775101897376599,0.18927238045900996,0.1722018843999091,0
0.031753184019190805,0.14914947471505094,0.06582810191155257,0
0.18193238420979713,0.18868815381111328,0.18425016366731956,0
0.07065970498804866,0.11242173720682545,0.06430556629814951,0
0.013350242244746346,0.06215395125416375,0.00642459994833484,0
0.23826643693716748,0.381459940013876,0.05860235324875013,0
0.016062761636994237,0.07715345227549027,0.009145669004368273,0
0.32293378652606747,0.2076003826651455,0.20014763533431917,0
0.017517871079746734,0.07018983506274856,0.03176429719996788,0
0.0377312143019351,0.09329884986440656,0.05416949845449007,0
0.002317019399470924,0.05300433393025344,0.0019967361524752046,0
0.002576201055437845,0.042715344801766975,0.002085238858177353,0
0.026907177875981618,0.11918668439744107,0.05642372489858605,0
0.026159117597447965,0.1351112035773344,0.05122529366750298,0
0.467799087303531,0.26824475721181174,0.3155649527126142,0
0.6703134754204784,0.47018005780291644,0.4843254582616024,1
0.03620098087824266,0.13731717116502334,0.04794756409483436,0
0.06895934562435758,0.12154987486127686,0.07100133068898064,0
0.11141316759450215,0.15186629824658673,0.12051842512217834,0
0.007837820481937588,0.05932256168683022,0.005700645133747291,0
0.17184553134103364,0.20028782626717326,0.1591882209421462,0
0.036757034593394036,0.08255250908557805,0.029373116172363448,1
0.14282850847767084,0.20286471125479993,0.16297158238910614,0
0.26043302329596224,0.24279501281515437,0.22708519981632744,0
0.9617419068131084,0.6643310250918938,0.9927426876494763,1
0.0711694639897985,0.1285491211726757,0.06762959217363035,0
0.08112802763365357,0.13392437536275942,0.10990684956822126,0
0.0720701280463856,0.11659188142752637,0.09887915035053778,1
0.0570455798632084,0.10348277730182405,0.06685549385389025,0
0.05225595780098362,0.07577686948947954,0.03755145897658607,0
0.2605342764278707,0.22824741443309757,0.30188597992690547,0
0.011824220368227365,0.07212672224018518,0.006784382512265502,0
0.9478643470840383,0.6556165648553852,0.9907634805785588,1
0.33577645881243073,0.2430234952157669,0.21958983812016816,0
0.09783180891227859,0.16388854907561562,0.10444675236246333,1
0.029936867779578002,0.13624511671447767,0.06830740330142576,0
0.2663428547271159,0.20989570952024783,0.19979673762558245,0
0.32245317906677234,0.24697435926729921,0.24693682967887876,0
0.014427556907627205,0.06878507792495146,0.005835845841173247,0
0.7677277455133511,0.6064371202734641,0.857755691270704,1
0.138003628879175,0.15053439331891177,0.1771331751611257,0
0.011325250602946675,0.12366659444425648,0.05123843235129865,0
0.9320550364561796,0.638717457292759,0.9881910223107458,1
0.051812538932663084,0.12932229110346596,0.0895045256050106,0
0.060861809968253376,0.12039382373953351,0.06485257235257076,0
0.01970082451939009,0.10424997575607255,0.0313466163353871,0
0.04912315888673519,0.14620562173762947,0.11482322062577292,0
0.2413403404780158,0.19595147921064984,0.16830893064171196,0
0.9526994156196716,0.6500061685300621,0.995285957089569,1
0.003377277902275783,0.048109078781987946,0.0029470818271490084,0
0.23917993744574823,0.2093524292203302,0.21776124574198455,0
0.3343886747594549,0.25843674090787966,0.28432662035524153,0
0.012240375876178836,0.0974229772724738,0.01841401918176111,0
0.026415573623309548,0.1188428479258265,0.030399082622329827,1
0.03474496271379934,0.13338607412063452,0.06619893743422442,0
0.2055761533648684,0.19556068138538163,0.23239118131304476,0
0.23723228754044,0.20977086882137264,0.2720012592577235,0
0.816951518304639,0.40760788868541487,0.6597222567707907,0
0.2949865696045725,0.21760404280764306,0.1983923952763101,0
0.3088979277790687,0.20666690833112242,0.21989871296313993,0
0.07610069149723642,0.13410542561506855,0.10161184269587344,0
0.043823485144610666,0.07954877395014988,0.057194301425062655,0
0.9674403588760548,0.7068638510568053,0.996578310535738,1
0.006871469623303536,0.05969826457334602,0.005274559422715008,0
0.1530870137525863,0.26770542509303363,0.012358402567617964,0
0.03685231617795861,0.07693947526978147,0.04702178354447084,0
0.031402545226423925,0.06490992202487585,0.025078319668050353,0
0.009827480482734727,0.04518748723036752,0.006664590111974563,0
0.00775379960807219,0.17247854147591415,0.007879012114498686,0
0.375705978914692,0.27089961408434765,0.34326248917237373,0
0.000999200780665932,0.06846953511474496,0.002514196620653586,0
0.03839790813109754,0.08441572476069842,0.04564471896482455,1
0.1407981905905765,0.17546409314875747,0.14557701344902513,0
0.2994589088001936,0.24760436595036334,0.24927384884467493,0
0.06280817041286,0.1290181487851875,0.07633020487876847,0
0.05850096100324802,0.11147189293960634,0.04950739468435094,0
0.24636858496557887,0.20961750617454836,0.21051164850662824,0
0.2388336071709928,0.18986156101503376,0.21753322781591128,0
0.06683691456758609,0.13647667050113768,0.08890787098531276,0
0.13294338532337996,0.18198015805872866,0.20816569845424157,0
0.19574494867924147,0.1887385072015925,0.18319651761714856,0
0.003648046428460609,0.04500344084467939,0.0031199420892659216,0
0.22702992956893814,0.18368552379187716,0.15683166701580173,0
0.062193342369127255,0.09331626713687217,0.05286199949677878,0
0.19238467375061025,0.172912640739802,0.19041933873737463,0
0.18164270880187586,0.22138953575008477,0.16883392396623292,0
0.014926503564084918,0.09097439267571834,0.028975670513572412,0
0.2145242192290911,0.2633033194113226,0.015083618602390709,0
0.058248374029496404,0.10400121204460142,0.09611015287247598,0
0.11153734541092773,0.1651195747242335,0.142795646205646,0
0.6064712241575124,0.4807239680417566,0.538481971170766,1
0.05386533385494213,0.10130164041854682,0.05873792900906777,0
0.3340754418960679,0.2587502759173345,0.24245348330567773,0
0.1775493526105417,0.21560218614637955,0.23549687261597982,0
0.1268771239297211,0.16543491366807545,0.14298201567898852,0
0.009648164326419363,0.09054244972862188,0.0060420883120511715,0
0.02749329373689272,0.07151238157303086,0.029833730307505166,0
0.025851559200354556,0.10526199421709471,0.03752032499371041,0
0.40825702804441827,0.27944357919417834,0.22516259144138692,1
0.241410163294805,0.2149443727447231,0.26799685258315875,0
0.018692836272752714,0.10437648010338219,0.021095347149632144,0
0.017979984731718628,0.05928392628376468,0.022180193424788695,0
0.10419771961575199,0.15840310374119385,0.11622964674105889,0
0.018837320720077624,0.09397633039123342,0.023141266981610297,0
0.2164159541915543,0.22285845947911065,0.18270648230426667,0
0.3753803180300636,0.25624597185179787,0.23778092436102843,0
0.9399198237953107,0.647310964452136,0.9946587040912852,1
0.0004610117548963457,0.09131420518221084,0.003200115498007187,0
0.3903975345504813,0.2569416114213129,0.33261941894230673,1
0.08584126248529761,0.12338884015772533,0.0715794436682423,0
0.03218967142552778,0.12961799176115363,0.05248830575371502,0
0.026358364223742554,0.11009674206579069,0.04455474334029137,0
0.0104562502876753,0.0557572884430197,0.009193587579257045,0
0.25435072927574687,0.20076936606946671,0.20043592863720183,0
0.008374651424333024,0.06312097774091623,0.0069844272121337685,0
0.506265927501962,0.38034488754821755,0.04021793461653641,0
0.16759831718055757,0.21424078458649257,0.1899908153182277,1
0.012593453029329387,0.0571904902254932,0.012395728215886456,0
0.009004229348782556,0.06522130962779249,0.011165045916129244,0
0.08415904439547629,0.15243752799135346,0.10180453416536485,1
0.9022823216544987,0.6774331909064639,0.9587694496634714,1
0.2250677716436715,0.2202731857649886,0.1942678668068923,0
0.009793381795146978,0.0489168552886213,0.007636494110416424,0
0.024996078189916695,0.1615281255152518,0.08441824986412037,0
0.015710945286056977,0.07255087128009226,0.018128263791268445,0
0.048097525200397125,0.1577684250742291,0.14647856831785902,0
0.47537974954090073,0.38188712179757806,0.04114011610209654,0
0.1598065683417947,0.1981428607400325,0.1889344012297357,0
0.06093918576202814,0.08562692473825427,0.04943088976978878,0
0.38152012414488984,0.23343664521395396,0.2337071087866061,1
0.04366261264906679,0.09699139812353601,0.053102472710587344,0
0.0686304575644176,0.14199824832117838,0.18165394391225856,0
0.8074956322323019,0.48756204859276187,0.9455651838378448,1
0.12955277525752126,0.19058551469965943,0.2421587612658117,0
0.03321501581915437,0.06876673337414842,0.02615970619747715,0
0.06943669138932036,0.1254395343068945,0.08197302149700365,0
0.8061272037229221,0.4580644161280464,0.6393290794889959,0
0.20132342083151572,0.20128044296165895,0.22779472113160076,0
0.40583476785301015,0.24236245170860335,0.20648647503042958,0
0.8233605729412015,0.5735123330343229,0.9714484913023548,1
0.0028853368655904466,0.0464662310367787,0.0018499367282771887,0
0.017031626355689843,0.06385626143671928,0.028322839802425715,0
0.36230638178613445,0.22211925258962512,0.2400501277881393,0
0.025748965126036163,0.15211804296784637,0.097791827634678,0
0.9100550359020713,0.6204388974804037,0.988754637499814,1
0.015053348077824385,0.08620393315549577,0.03324346988679773,0
0.009698324690379621,0.06156203924907297,0.004620173398617591,0
0.05214637292074634,0.08876073984618417,0.06611938958956277,0
0.0851948100855325,0.16598589749015238,0.0769707051260537,0
0.19095178691163622,0.1816818598052629,0.17245654179558503,0
0.06132754634524667,0.12777896608355918,0.09260530906995079,0
0.0023461522100018486,0.1354125765649894,0.004302979044561575,0
0.047287834814244936,0.15924834561541576,0.08357737378729385,0
0.046909772990904944,0.11032582277127315,0.04547959184275436,0
0.009310486951501565,0.07828426676995036,0.004807156138553658,0
0.21619220694035327,0.17886462463341263,0.18783285904227304,0
0.25781918579338253,0.19827665701048847,0.19020956568689174,0
0.022905764224700177,0.0747743247792262,0.015013019962364576,0
0.2039052994062841,0.20387827222717073,0.23103599005184522,0
0.09139106112424572,0.1749156089406819,0.12156264145793293,1
0.19320562304721664,0.18525427384452414,0.19082921086658164,0
0.05193118247394407,0.18242052709268958,0.1471749916798267,0
0.11961168265495474,0.2156923216521239,0.2159671381008238,0
0.5274746700843461,0.3233730107959311,0.03661395890277747,0
0.18911321552123747,0.17502043171444162,0.18458803481233046,0
0.8901711387139729,0.5708780818897727,0.9832301919757371,1
0.14059028726894085,0.1508441666266032,0.14014265374737056,0
0.2060313446786565,0.1937329121162598,0.23276401642694894,1
0.00026595086544132634,0.06386857491986658,0.0018573399953436766,0
0.04915682730514034,0.17586896449934575,0.12597587355180612,0
0.07901475636016714,0.12331941802112925,0.1398121658920062,0
0.13269501111888288,0.15415879549428319,0.13715322221584983,1
0.002546380103606389,0.09450926861383546,0.0038270295267005595,0
0.003399036400178505,0.04513351179587729,0.0019552562571151623,0
0.10716203684367605,0.1452267097751803,0.12449885430417403,0
0.029503258828216448,0.07268483830677933,0.03774362070213904,0
0.00982963489492192,0.09518960591960231,0.028145176325623508,0
0.030277279035798,0.06525744364335266,0.02045999502781364,0
0.08080620123512891,0.14865176993891577,0.10071930606846304,0
0.001256459480413949,0.03850790039118577,0.0013936675836524247,0
0.022443688123598118,0.12485426302538294,0.06043699297984627,0
0.012739651472165738,0.06486637847190466,0.006502438347422105,0
0.024381858541476252,0.09188991872175659,0.033207367102993796,0
0.4200876506255596,0.4210008078999366,0.21500542043254528,0
0.013030912174824444,0.11847325428548797,0.027079765241124952,0
0.06830945213175446,0.11617159219245642,0.056703084830161274,0
0.09596584818609215,0.15443181357745067,0.13465535195901118,1
0.00028730038702016173,0.055917481345595564,0.0044827196183178895,0
0.001937439369075052,0.0424045762871603,0.0015177952032352116,0
0.5103645827313283,0.39170495605048017,0.5806228728391526,1
0.33363167292110163,0.2137254018696562,0.218523870710791,0
0.13803739287912656,0.15411549826950618,0.1705180067539505,0
0.5238427633578622,0.42292196784367336,0.48812636502199347,1
0.16598208292530453,0.17574873724025808,0.24901050448229858,1
0.10440079791605472,0.15357999478207982,0.16703719538937953,0
0.9350002613289894,0.6625066481310914,0.9956914886472883,1
0.013513555340253173,0.07509808804129706,0.01584965247002199,0
0.1341499860407014,0.18923484244388636,0.1462699069735706,0
0.7141267373621958,0.5750135842139342,0.8872881064206519,1
0.01869675922445333,0.05600231796837735,0.021100579168791163,0
0.252929595681715,0.189248122674611,0.2373766410436014,0
0.21032400673819257,0.19999090025484212,0.23390441165194475,0
0.1955246029578129,0.17633616174303576,0.21920782908173317,0
0.8121412152003493,0.5811548057432584,0.9631380556263989,1
0.004156760204342481,0.043226125402810164,0.002159192766318912,0
0.047001124168580016,0.09598722318635355,0.05194842908125583,0
0.143523648579032,0.17158060044959567,0.1945011416976075,0
0.007238195941069568,0.042438068299961,0.006778721840711259,0
0.05784035301555908,0.0802855429513954,0.04777378177894581,0
0.09190415547596631,0.16061522226992203,0.11164375090168757,0
0.23206371981008653,0.19843781231078275,0.1938503265742087,0
0.006939571315236372,0.061185564267755975,0.01681679640582741,0
0.022732711631019,0.11509503560678029,0.03900290135463472,0
0.07690191979433357,0.1623101500713902,0.08619138385243737,0
0.1400209242008423,0.15799020400068253,0.15086980072908146,1
0.050256894778654436,0.07789853942148137,0.05026520286194483,0
0.045514901434923455,0.13819518810877296,0.13095965430224105,0
0.0009595873092232376,0.10266101796758165,0.005276466016478696,0
0.07664998949074887,0.1363003909207369,0.09430818663428864,0
0.31774010137121694,0.21957378261960614,0.2446733588634528,0
0.04677639369476923,0.14372849002812946,0.13430508358535947,1
0.011324340339993964,0.0554682301490979,0.011110983606721112,0
0.7013169625977688,0.5654045382704136,0.9610224055667074,1
0.01817086688763922,0.0884086280554513,0.02113393367391929,0
0.9097203526127509,0.6106680165601328,0.9855376613267418,1
0.2821926590774476,0.2124578562830578,0.18609579607878615,0
0.117545958238867,0.16065037593599107,0.1268053069329407,1
0.531759888353316,0.37328078953394445,0.042925769501180884,0
0.6787243770993778,0.6150746046512353,0.9540473695136602,1
0.027076543156248953,0.151184331119936,0.07039854319388157,0
0.14634389951013319,0.18041133326681563,0.19988560550189557,0
0.34536794663377013,0.23851964665162484,0.31756404447285025,1
0.01135824615556978,0.04862228100997859,0.008261240926352229,0
0.07401659221651608,0.1608499303638636,0.11861878195095198,0
0.4714914764899207,0.3026214814673987,0.3555055203353298,0
0.057443318923323175,0.14968659710946722,0.15395293381264483,0
0.17605598497935093,0.30807753290563744,0.014457931494323827,0
0.15016298964682434,0.19572184940774315,0.17530788280635604,1
0.9063184092901864,0.5568345600178849,0.9693420099047955,1
0.19507245392264144,0.19648003502117334,0.17161600549788514,0
0.03369293698892913,0.10813340285701767,0.04878240145539813,0
0.04541352608281796,0.1369784421804983,0.13544484953296748,0
0.011228299725488437,0.051916244192347,0.007991985911610721,0
0.0346873988120848,0.07967997214487638,0.04449116738518037,0
0.00031952127416894955,0.10340965971138263,0.0033523142521909278,0
0.13477829899819838,0.1290093579112358,0.07886039614857657,0
0.5501736499786622,0.30109844033902955,0.4305835913565995,0
0.3166418432266825,0.24740688856851925,0.2402407829445904,1
0.10608931342244533,0.1311625745982197,0.07903504244421773,0
0.03956905638555626,0.07122935390156233,0.03401679691672573,0
0.15695571650130677,0.17541685574307875,0.12289702614680617,0
0.021856270161209765,0.05409852998485943,0.015200325380292094,0
0.012287826270218573,0.07516356464002234,0.01549386296009546,0
0.4931970453711797,0.31895807091723477,0.030449177929678033,0
0.40877784597398226,0.27526824659506033,0.2478495500779838,0
0.017133051934816013,0.07786138601620068,0.027939363787816217,0
0.9785562656853444,0.7116445135932383,0.9941608551253323,1
0.21962935920672433,0.17674176956347604,0.2033845102205462,0
0.12246818703144406,0.17872864596151067,0.1392471028981866,0
0.22628357171839913,0.21711774857084803,0.21734512594460068,1
0.022879104206790266,0.07250427636271904,0.03787179691369855,0
0.009622687741172252,0.08933203597184353,0.02857064735098976,0
0.08050665100853166,0.14246135829841813,0.08615417316842407,0
0.9718230958903175,0.6850915765434782,0.9979727964573395,1
0.6679873419421591,0.5499033614928095,0.6698625682116148,1
0.02287577723961839,0.1217213613494273,0.05034306792652264,0
0.06685102562877915,0.18737871688826818,0.14627723946854887,0
0.041630478024083775,0.15170222679676681,0.1037630868974911,0
0.9618686628265463,0.6811167778530014,0.9936071408163075,1
0.009859471209473739,0.060358040349481286,0.005311873662689533,0
0.007421717994725764,0.04337536389088049,0.005328383834483546,0
0.17292483652563959,0.31351905028176985,0.017852903765657867,0
0.12424942316993681,0.15999900083526103,0.1427346050790437,0
0.683842530463712,0.38910812565307623,0.4240226316062059,0
0.18134531879525717,0.18506480470725292,0.19068195085894243,1
0.016443093555225972,0.08108292079297218,0.021615611394980326,0
0.08572977710183606,0.14381690403550734,0.09698034794781499,0
0.0005508501461507953,0.11182491771307333,0.005186227496145578,0
0.12930347910061912,0.15386424361317858,0.1184915478747022,0
0.053528232580595726,0.07885771382037392,0.04613023113290454,0
0.2330303415523558,0.18894728295069407,0.1895861435867616,0
0.04094210522689778,0.08089858541055486,0.04575643534309108,0
0.030157712112290173,0.13733657257448253,0.06388921191663928,0
0.03440673296238503,0.16738321383258564,0.09078157731978256,0
0.05337988674988998,0.1430574401036634,0.081290127410862,0
0.46836003971738277,0.46729718744143867,0.30629681438350453,0
0.349335876228105,0.24658118243487465,0.20633005093807885,1
0.02269177677701575,0.06994615384031486,0.020542501782081522,0
0.40231686627360963,0.2707781977332024,0.3086141069314824,1
0.0029792344634980068,0.03906995756774578,0.0015750930521402436,0
0.09296904965048002,0.13853188724633447,0.07169963015518172,0
0.0807852871449293,0.11390962931905031,0.10755938511378878,0
0.42131452808141084,0.28234882004885026,0.3656758880409775,0
0.1067957073812804,0.14471130405790789,0.1294085479291813,0
0.14802440177852158,0.17945967243299202,0.19736560303468498,1
0.11589568877415526,0.15199624945147172,0.09604655850560759,0
0.04189048065388538,0.09038931928229323,0.061360209625332104,0
0.20365408793659817,0.18446508393328265,0.27755980339854724,1
0.03452293252533645,0.14642283236569842,0.0988440029726467,0
0.03406296076761706,0.14115436675051943,0.061634355176462284,0
0.7303901400248325,0.3965137790661164,0.5239118826120168,0
0.28017294037171286,0.19620936376645506,0.17490980287279267,1
0.05957715625671557,0.10946067672453746,0.06026725190980142,0
0.032796711242096585,0.15913190381605483,0.09567823925944238,0
0.13085377928382066,0.18100706752433404,0.17791090618824457,0
0.9336874562180886,0.6398589991506455,0.9938689113823965,1
0.9824278165341915,0.7238182753107131,0.998110560964797,1
0.20440383182458602,0.213135386879927,0.21762270521544277,0
0.128483470350211,0.15433323757210907,0.14456263224730395,0
0.05354352537464489,0.12879888847011883,0.07455894100614953,0
0.274424614907656,0.2029431953284326,0.23249319870271784,0
0.20979289140836258,0.20014321942514285,0.17543766496994717,0
0.05015240761291348,0.07877439408572241,0.050685989263332974,0
0.011542790019619891,0.08102182517417021,0.022486561546200122,0
0.13503177442269595,0.16529913794018133,0.12084893669113078,0
0.032003689554020186,0.10654701346072191,0.06341543364473963,1
0.9048384341357281,0.5648480137477896,0.9745982483242527,1
0.006081331175690255,0.05127342069371726,0.002720693218089472,0
0.09925018894847448,0.13964761384021235,0.09049703787073277,0
0.5104777880398079,0.3273776572298597,0.03907442350388432,0
0.05645362606249257,0.07354625194782001,0.04171822952070205,0
0.23161865176680121,0.1964667191128989,0.18640314305728706,0
0.003605527703405035,0.1697389213440009,0.014574040668504326,0
0.2221266319846225,0.20212709988198072,0.2837836017293642,0
0.02789118727872307,0.12926787751293645,0.0580470238140911,1
0.11879216202492303,0.1524653331596858,0.11753203936286184,0
0.4381041527785845,0.24632595398110918,0.3006370841153368,1
0.1218125949929929,0.17308334944279527,0.11612875162052974,0
0.21186875939409022,0.21009100312146164,0.20625279993684556,0
0.2488163062411573,0.19288086906229115,0.1682790397225154,1
0.3039465545359415,0.24069281726328243,0.21769823545247652,0
0.05815554387690468,0.08007905891140218,0.04466739908941983,1
0.04283959940925815,0.12655913368550506,0.09860874378993886,0
0.001952925575400442,0.038821494902314124,0.0021610618919103656,0
0.0147081960204608,0.06627402238357806,0.022887252905785076,0
0.000358782971638452,0.0813844277986676,0.0034815717432778157,0
0.3070718168961858,0.2217442574410966,0.29102806021141414,0
0.005666327397959939,0.06503748612233011,0.011509052270186068,0
0.015266327632007803,0.06142363934404339,0.005993718238267566,0
0.15090086128488098,0.1837338788774999,0.13892995924847304,0
0.08459104638076463,0.11414627830791967,0.1338729263255661,0
0.016401234131151615,0.057303589426849426,0.027620682579640947,0
0.045733223029504125,0.09811702554450226,0.04801410312132643,0
0.830598312525418,0.5103265011848982,0.9259439153481864,1
0.2099814585342312,0.1934151823354251,0.2522693503628587,1
0.013065456017649274,0.07228193717509292,0.0059638173669587504,0
0.001258596669632678,0.16317479838053034,0.02767504710044389,0
0.15189873244650062,0.17795323490013562,0.18890446333853683,0
0.0391386823764385,0.15347925060532444,0.11342102655341334,0
0.16500887054813895,0.17644261623918162,0.17258040422641696,0
0.9500219920281231,0.6766465191535438,0.9945181686511076,1
0.35085012533143467,0.22723350705865877,0.2609954813413711,0
0.026752148347405417,0.05919899173374236,0.021860916185952005,0
0.028187387368180435,0.06276041363028657,0.019922923155067933,0
0.1589079935569107,0.18716161407491194,0.19249112680448138,1
0.34995296867713166,0.21577423210242905,0.21581072466497897,0
0.13973831154774677,0.1794137366117554,0.19923240282054086,0
0.2674320602607704,0.20637217042818165,0.2199975738349929,0
0.40394688475383494,0.22690813871645837,0.22560917534467118,0
0.025996106183436327,0.06843895618461378,0.027930461713006286,0
0.8394320190775338,0.6056460352671839,0.8190160332013912,1
0.24283897139889687,0.21796083559981136,0.1631007931946473,1
0.0007993097642330985,0.0718515765456047,0.0035214119470869066,0
0.006135454472564583,0.04130505546776476,0.004422786963689346,0
0.010782371006750575,0.04699876987199117,0.012698099703649799,0
0.27642800255648825,0.2324075520148232,0.15700224544260702,0
0.2287992921098259,0.19287076126654923,0.19774225991427832,0
0.014540721926289338,0.11375082328895872,0.01798449321148549,0
0.13268635919815064,0.18417950488580095,0.16605277437640023,0
0.20423551911421847,0.2687078589023904,0.007746640296288092,0
0.4551662865139657,0.2884645975605796,0.4004342760154474,1
0.05799586902931155,0.09799978417067073,0.04238616569296613,0
0.049715861348099244,0.17546161057102974,0.1893851879508139,1
0.07491162701258804,0.1251963825999368,0.07827687727782871,0
0.012809740486913752,0.057809344290455915,0.020360107773916475,0
0.32342901076623665,0.231588811470691,0.20579733015060542,1
0.25250070603857805,0.21270911054393324,0.2125726586187907,0
0.009449856797906326,0.1850087640834655,0.0119488245810481,0
0.3572762314112974,0.24407144842404332,0.2204580676048504,0
0.00970785974365461,0.07070678560751945,0.008987594656633362,0
0.8752671551572615,0.5671652781911561,0.9771698122731236,1
0.03417163255874154,0.11280675969239223,0.04918981854700584,0
0.1777457991168401,0.20479769302542206,0.28272112294804397,0
0.013077001197487545,0.0821856996484787,0.020703508280023524,0
0.20454523746347247,0.2059925024563018,0.21350917535535868,1
0.015992772520147195,0.054064915903108565,0.01765753384459372,0
0.4265998735381827,0.28034825202860525,0.2831655724625507,1
0.09046975783238752,0.12989868759246034,0.08154656002279558,0
0.018035479866104154,0.21720104481073116,0.060141639201883874,0
0.32397976451515287,0.22120038835164338,0.23794134017404678,0
0.41089970349609956,0.23688020367448034,0.23079213300842305,1
0.31674040015576993,0.2364276335016197,0.24379601526810663,0
0.03712640680668539,0.1607893634223198,0.09166556952356354,1
0.04322488962194468,0.14388381813990891,0.14386662276260181,0
0.07000305446666696,0.13025237940548934,0.071357247784944,0
0.014868356331716402,0.05319689735943613,0.01316183841700269,0
0.011122676214256668,0.0785284085666444,0.0054026464528404315,0
0.8521869155519978,0.6599690736678648,0.8797399870002685,1
0.012623820775321143,0.05702290952432266,0.005821399688063869,0
0.17741103143608347,0.17586903219554986,0.1794338080793131,0
0.013627605717634923,0.10006977818533468,0.02884609174064997,0
0.5171124184261394,0.26051264130621266,0.3398013118158223,1
0.4136679459820505,0.2667095035443841,0.2701520265122757,0
0.06053836540533164,0.12862336531051125,0.07785573676891905,0
0.10442133182837224,0.12429078861282233,0.09467455316825568,0
0.010344678940122073,0.18889303094910387,0.01945111045335437,0
0.0010732403968883907,0.08183727024315036,0.007610544557208703,0
0.04406911585646244,0.1813037051304913,0.1363279455340829,0
0.4568833379289,0.24106127018043008,0.31919734959790397,1
0.4129493233219965,0.21754436230682853,0.22271091698971116,0
0.03559541842489648,0.08363243108190768,0.049740566551755544,0
0.037474239630528955,0.07612548691077857,0.04857420679347531,0
0.5830866092197102,0.4327205566449941,0.37524713178546765,0
0.1270162438581545,0.18119797670485768,0.1733538063326011,0
0.05765916002607884,0.1814671090196243,0.1522534882049049,0
0.21474849028235,0.20024210988219723,0.19734815145029974,1
0.008404581467029734,0.056557420410168285,0.006439427314454665,0
0.011938845454862089,0.07224402410218109,0.006902485528145312,0
0.08347884861264972,0.13853055579589701,0.10947490253963371,0
0.4623000121971548,0.28783110998350964,0.029036833189859283,0
0.0865421404445202,0.15391309800346195,0.1092514945788815,0
0.05553639345443733,0.1086120821333597,0.08427646012482042,0
0.27609707286543855,0.20520638683085127,0.2016862444627012,0
0.21695872398878102,0.17568200017310476,0.24460747345854456,1
0.05393633420031843,0.09105768215476888,0.05233325056004921,0
0.14779584269971316,0.2156524760206838,0.12288481648540545,0
0.33011236463578153,0.27147579054062726,0.2784431413758634,0
0.421080060763613,0.25677131001236714,0.30264086785402144,0
0.360850331271729,0.2736765580429683,0.02500795453037589,0
0.010529001073895974,0.09533583171757683,0.06928969703626184,0
0.29825097091790365,0.23945135912825502,0.2653317558734838,0
0.40805933172660874,0.2801793199058029,0.2252618706033743,0
0.21440347109302507,0.20865237573597703,0.24671681800689452,0
0.9313681672656329,0.5830568991197451,0.9914208739974354,1
0.1662341225689464,0.18548924106265532,0.20429501218741697,0
0.027317613460311238,0.25244886045284726,0.09812930515590117,0
0.011289229533292103,0.056299517894871635,0.005738351567833248,0
0.20798530081979758,0.19111301181821408,0.1415912761563691,0
0.07552959267552031,0.17495781495010612,0.09245146118390572,0
0.11956509521486208,0.1675530985156798,0.1384936528408689,0
0.005367323350873756,0.04715582040348281,0.0014803107845605184,0
0.7999742422994675,0.497014917291027,0.9426411783307149,1
0.1121250274290485,0.14959465402600758,0.09056978274018695,0
0.02390523954950772,0.06498184876973886,0.034941325697753746,0
0.15825541633864024,0.1583656577920426,0.11555585865558794,1
0.032733928333751515,0.0751726729726697,0.020662773255184532,0
0.0005596296624002959,0.05959603140221421,0.0031818861488365187,0
0.11792776407790515,0.13597403378385042,0.14308400878220043,0
0.0395163394761476,0.06955022647447388,0.021612361936046428,0
0.03388981248316531,0.07871813204722931,0.032037484468523426,0
0.01861015311341999,0.12180797582574908,0.03374379054252784,1
0.026682364392423483,0.13579922945264294,0.03767672794163837,0
5.8042583092080354e-05,0.030018632427102735,0.00020195126808625826,0
0.00961291424829371,0.06161096712909051,0.006743255941544479,0
0.036031012643139515,0.142715304109375,0.07530750299882301,0
0.075151507278256,0.12322649200182355,0.10598309548490736,0
0.016035006069239868,0.10172302765630767,0.022994858362449362,0
0.3971447849692073,0.2482471192238715,0.26666328777163845,0
0.03795615873517459,0.07151659543028493,0.030401818414978146,0
0.19443746393942682,0.2041965708683039,0.22942173873605853,0
0.023860029498561322,0.1270923756407031,0.0523911000188704,0
0.026897002557712543,0.12202395283282856,0.048546705439900445,0
0.0338148572122702,0.15322815568000533,0.08783461566147417,0
0.9165826154712812,0.5827637662337604,0.9859384581640024,1
0.1735314868526094,0.1992086029759634,0.22668663701974565,0
0.0674690960157073,0.13368941591290961,0.0772762930059206,0
0.9214229202987023,0.6627522646658038,0.987123464701409,1
0.1073103799459181,0.15048771636978012,0.10127841377802654,0
0.9504951328104959,0.5983593299103189,0.9876818351251994,1
0.014704606346719646,0.06766312851157953,0.015943452822312548,0
0.08897015796157313,0.1447548753118773,0.17667593183859684,1
0.001732994802486093,0.07546344532236281,0.002470211156421681,0
0.030657696590992198,0.1383128883276284,0.0798852399132875,0
0.008759290978831743,0.05541648561824874,0.015935219641654612,0
0.0004536515023670887,0.10185590671039381,0.002961036760941549,0
0.08421307835066698,0.16090182416460055,0.09766614636223976,0
0.03314226961759482,0.10420201172911753,0.06705356350836128,0
0.0006654078218176781,0.11012477997837364,0.0038419392948404315,0
0.18015102879969705,0.1662525378320738,0.19131200753054242,1
0.02580370275977543,0.06353596708961297,0.02314307078173798,0
0.013660062024823387,0.06025796564063333,0.023906621564086815,0
0.06035573234760336,0.14222853586652912,0.08267213060242806,0
0.507024356484382,0.32568968796676256,0.0399011514104742,0
0.00017691122545303222,0.03457121656694989,0.0010163005720541793,0
0.058813549081238786,0.15935970020815665,0.17040871321146833,1
0.0926287295345459,0.1888943166598413,0.14115944187868326,0
0.5273589793607171,0.29755942608922653,0.4923164353314831,1
0.09962428563232133,0.1947520108503614,0.14786296473658317,0
0.02211527650943569,0.07675237668422677,0.021954311579767027,1
0.010006624261045828,0.06062949846150847,0.006066958650457159,0
0.047906539321064714,0.18046653042334518,0.14103157874553848,1
0.0012584153786115097,0.09291157888927662,0.004752142313544576,0
0.7807040596544779,0.6285567268065494,0.6596813677765851,1
0.0395405002394387,0.11824752098560602,0.0455333692430057,0
0.8750907048605013,0.6387996933237767,0.990417296411898,1
0.9481320656456479,0.595606659086363,0.9911922349452658,1
0.053328856780233636,0.13480245353104878,0.09986536805625042,0
0.37064102261458154,0.27140244579793127,0.3008606902814444,0
0.09284788949444935,0.1227288635420957,0.1303416764826928,0
0.10042731864213718,0.17484479241708178,0.10911377629106213,0
0.38352895238828105,0.2271029590726872,0.22208225342755597,1
0.14941173207895694,0.19042871674507847,0.16043512941732196,0
0.9150249002160712,0.6184147570023333,0.9918747293321668,1
0.010091986545036367,0.06050123312462629,0.005939531581630562,0
0.0012238931567151643,0.1422760025383586,0.005438804799773013,0
0.0015306484109448414,0.12050065423207902,0.00859746202751163,0
0.990996871867085,0.6967618068953954,0.9950515495122206,1
0.8812168560217897,0.49395133241973066,0.9821830604882887,1
0.013662209923364801,0.08058313528774112,0.010299047689876802,0
0.3166611972811943,0.22301611401262889,0.26414947734358196,0
0.0418084152429074,0.08363371669954647,0.045808167267119705,0
0.1477165269165669,0.19186746643396854,0.18030719379075744,1
0.09961542304296271,0.1702930538588778,0.18207309624585763,0
0.07802401054102075,0.1566961610234176,0.10946399311776499,0
0.1428165030405322,0.15906001632310562,0.18581634124468088,0
0.0480770017056088,0.0879774148589107,0.049263719437206734,0
0.15848162835641405,0.18680872230846585,0.17010371042259884,0
0.12376178406192488,0.1664826246720716,0.13630088169521246,0
0.001332616097336394,0.1165449062769943,0.006054532412498152,0
0.9739819686023664,0.6641183368839435,0.9946410498600355,1
0.15246452423895446,0.1631857328880555,0.14181786749325995,0
0.22947689366943608,0.218686541516907,0.19759846020358499,0
0.9860773811014432,0.7158478355115562,0.9983951065596169,1
0.25217095658024086,0.22912422144735528,0.25209120963368026,0
0.18950319851230446,0.20906228624460793,0.16762273630551752,0
0.9840324286069785,0.7141624641586551,0.9986590840894403,1
0.24726027036273768,0.25270524220153656,0.30179642052078065,0
0.0017840810238427493,0.11998141813921757,0.006785214031324178,0
0.06029807879210051,0.08990046046746257,0.05359156687380607,0
0.16621538034284572,0.17932223021469146,0.21308034804749298,0
0.02877239528554326,0.1350607955523802,0.045299023204350315,0
0.038779762066693334,0.13883377364782987,0.0924309824998923,0
0.540407172066583,0.2537805829185449,0.41457929433616403,1
0.040978946826109204,0.15292990994031797,0.07720248455196986,0
0.010188054182569847,0.044182685836247695,0.009768466487469053,0
0.14174652823692438,0.216782547863542,0.18259330820195593,0
0.0011476481501490644,0.17256888051343217,0.028830203092621385,0
0.9737384052681518,0.6184501025131159,0.9935870195606301,1
0.03855618764624709,0.07327998858491605,0.04106620807766083,0
0.21053282820166955,0.16762234816021246,0.21237019888510783,0
0.2355694885460407,0.19700651843918188,0.16689772160986507,1
0.014046405996688159,0.04848775797097519,0.012210067540807001,0
0.26751755371775066,0.22448033200370854,0.2742057579721996,0
0.024475016229642346,0.10831281402890118,0.048267315989861614,0
0.0013989462178849573,0.040578973938745766,0.001547260546278645,0
0.010641744583293283,0.0724718648632466,0.01333997130457882,0
0.046563455475097576,0.12976265961006359,0.10751085303004085,0
0.3540203305158595,0.24073561016943718,0.318622394724545,1
0.19507917943719622,0.19097405948318164,0.20275671637322612,0
0.03700899756932425,0.1665822352385793,0.10270978496814422,1
0.243689573435844,0.23021736193679998,0.19474529640612204,1
0.09585648569123896,0.15587220842186714,0.11067922808545937,0
0.0490569463503733,0.17733437383025058,0.13819717920278604,1
0.10372527994442218,0.16500621886848957,0.15999928520509976,0
0.00411116681630344,0.04440124903646243,0.0013034699323456647,0
0.10490870432837214,0.1558398379901131,0.12030222552213736,0
0.47754877827177583,0.2588871635973802,0.3814131421524625,0
0.0719033176255137,0.13650667657572774,0.07874150603462146,1
0.00355878071568037,0.043559602784577926,0.0022199134777369325,0
0.12619556921878328,0.15740735671819595,0.13868325899658493,0
0.04944677437367941,0.06870107473844335,0.046682666524573174,0
0.013600125076646555,0.07814420852816303,0.026676638076672945,0
0.05785117677972043,0.14605194707946373,0.09741730853033119,0
0.24856073276738788,0.2795731213413367,0.006465166823147485,0
0.0012791674150072236,0.04367882255778779,0.0014363798212315838,0
0.04338340491918789,0.11506114713177802,0.07075172122550503,0
0.3083656184551093,0.21805073738001104,0.23669110211325192,0
0.27000618443521307,0.23451393943742047,0.2639208364015256,0
0.7363335535250151,0.593598389847827,0.6798872041752348,1
0.36166034779409134,0.2553251724519214,0.20856174162815655,0
0.43525955016226014,0.2832774172772437,0.2533900921537044,0
0.030587080286960708,0.13522421586950364,0.06137841349215459,0
0.31826377462153055,0.21950761233721883,0.2138299878673042,0
0.7587139669940365,0.6031723130732788,0.8033896780131058,1
0.0024457980462056334,0.03939395497196751,0.0018787790889580342,0
0.003411458504576046,0.131461046188928,0.007073478981104181,0
0.006626179207369016,0.0464542889765456,0.004260685415117693,0
0.42226440679054816,0.25510827023618243,0.31873030590915846,1
0.11301623338922573,0.14346492533979066,0.13128349094092706,0
0.015112985971286401,0.07901243135367665,0.021564064011023305,0
0.015854888478925484,0.05139649348287411,0.02644032253941762,0
0.002068819135568807,0.10317296879474769,0.0069656694575869,0
0.03156409440674443,0.07108797492128233,0.02271963929171364,0
0.08050403777533745,0.15466542957089924,0.2305692457814903,0
0.07462086179813864,0.11065397711821529,0.0588414487049341,0
0.14571349318557278,0.166986170977049,0.1475208775528711,0
0.11206732919146062,0.15791177683234606,0.13938682352129525,0
0.45675413603552584,0.4191976296990288,0.30803098841915744,1
0.08794560858395917,0.1373197858431883,0.09297038761701673,0
0.41077276574386745,0.2529591973336288,0.28673131640971977,0
0.14708233108777893,0.17088277512173006,0.15716986154674442,0
0.1726804961349302,0.1847826523441939,0.15317476240229644,0
0.09415570383674386,0.14472697866508286,0.12797908310851544,0
0.9386264555445957,0.6532183632481725,0.9913198066210791,1
0.06322639464571335,0.1388172810797899,0.1745706388908651,0
0.019047398963381305,0.060499599569953356,0.026009424611305756,0
0.11769256598153228,0.15725187937427865,0.09818866226245619,0
0.06086512287913959,0.09568013161494043,0.06077377351581922,0
0.04384273136277689,0.12380705806606004,0.08516612734354526,0
0.2851885761473921,0.3996405170439594,0.18274887565460954,0
0.09833778813328771,0.1287728596429812,0.09056635280232696,1
0.0009069086081025014,0.06050515848969462,0.004310359649839355,0
0.40938678303931203,0.24847941389772601,0.22595222617000787,1
0.1943470610106503,0.1939442617723594,0.2697755908655302,0
0.19985746680325936,0.22141682591769335,0.1905454169599973,0
0.016225835098912907,0.05564421847529475,0.021586893108035493,0
0.06825086140077476,0.1083395525003453,0.0670947067499247,0
0.00034109294723606414,0.07950155943607723,0.00340608942696177,0
0.18370650906002375,0.19318687429243855,0.15572719677945535,0
0.1561076100926324,0.16576863568863134,0.14599279847839428,0
0.07925339946548472,0.14735059961971064,0.0822966998435276,0
0.054770624188396344,0.1661007169920912,0.1317883604346989,0
0.20659109732312292,0.19753124838790176,0.21082200098960568,0
0.0916595285492141,0.14243115239283946,0.060964781538288305,0
0.0035768454582411524,0.14306381585398092,0.004539353003742991,0
0.18961727545024723,0.1802275400423534,0.16035708602001678,0
0.02576377307956433,0.07260236358840416,0.018454719498509128,0
0.2285704166727587,0.3025232596896347,0.015734237381769926,0
0.15571063994689152,0.1685962072142386,0.18935781311464472,0
0.01493466224885134,0.0608980322140323,0.010490255106322613,0
0.012861820871433845,0.20952780735679685,0.009088813849888902,0
0.11650783019333075,0.13055276994378767,0.1000307018325466,0
0.0126101375371754,0.09077380885189683,0.01146775941513175,0
0.0766312901713305,0.13326890097852978,0.05881238714052147,0
0.20480468728539789,0.19828174282639607,0.2153022104889356,1
0.033261678069392175,0.07582430862193831,0.029851950637315775,0
0.18178043548316036,0.18148338140147918,0.1643752100194106,0
0.4557694335285058,0.2859519326520412,0.39378906226041777,1
0.06546752779285599,0.08941390289236666,0.06597815680104017,0
0.19107069888321557,0.1952059134344429,0.18866849604612104,0
0.9453775650045642,0.6521657397984258,0.9944374904326572,1
0.24865378997017754,0.2160393493382357,0.20138769936106743,0
0.013923764960977547,0.07904943087097072,0.016595791321176653,0
0.08254978782231677,0.1375043988523626,0.08148697005146534,0
0.13065375865535003,0.15452635536528214,0.18876264564195097,0
0.032598165410264626,0.14360798927266288,0.04824423620563871,0
0.17247340103938338,0.27045931726745054,0.002828969167038636,0
0.6277620567729173,0.575939967896674,0.5804364409365536,1
0.12071942165180205,0.1396387511306292,0.10153926042852514,0
0.06243181236956685,0.2423235267953203,0.004257442459425432,0
0.21396958224604007,0.23183254929483177,0.21729780110223518,0
0.019201886766970364,0.06397174717499785,0.026735446258245223,0
0.42162726646502185,0.24257045939402683,0.268625844926391,0
0.0008949407369548678,0.09174830456202908,0.004488951749339093,0
0.20527537037477372,0.19553346006255873,0.21933538995779528,0
0.012327136510570564,0.05087835579504347,0.01772961810643762,0
0.12557684747592568,0.17858316218881712,0.16191457337411203,0
0.021901932208712404,0.1286123475427579,0.05578505845517327,0
0.9664924651829351,0.6704533442491558,0.9931018024191682,1
0.02912286286669171,0.07505154813501613,0.024531826810674475,0
0.9320581085375598,0.6369108931591005,0.988962767832871,1
0.07825352617278925,0.09993550502407846,0.05134577655337005,0
0.03360133408797657,0.0625172082289446,0.026251124119965285,0
0.10027631876328463,0.1338377639121919,0.10840739495388031,0
0.98380036324987,0.7204622594696607,0.9936454023715813,1
0.011809154109112898,0.10034593110617297,0.023017974887903362,0
0.3564829409844648,0.21289502846943964,0.2874449706760371,1
0.0022756260383902252,0.05996502956312198,0.0013935238233487082,0
0.4816909348302922,0.3399991310097995,0.02877031072959113,0
0.9705553867284795,0.6881431285335835,0.9950089949421456,1
0.9602248362529621,0.6936976805930384,0.9940115538880798,1
0.20835965601442166,0.194272945131246,0.1932209755333113,0
0.06648646669421542,0.12294707454021785,0.07832487847572303,0
0.04335897223530446,0.09071387909130216,0.03635987701977777,0
0.021024111711490642,0.13165138584203392,0.03688546896755615,0
0.0024653808175590765,0.11469996528084941,0.006393697259573117,0
0.13068986318181303,0.16877881199329733,0.16386054905472852,1
0.3120135721756158,0.23135986019196295,0.2205171133564849,0
0.1261120917776662,0.1771997559051502,0.14664283996589492,0
0.035421582922042553,0.12515732285252615,0.06948858422343247,0
0.19304620245162377,0.16691030948422403,0.1984448950511455,0
0.08402634477563889,0.12939698905523844,0.0906316799284175,0
0.06731175807118528,0.1257340656275497,0.07639839494363732,0
0.06442401030598495,0.0969882490301081,0.04577072412101003,0
1.7007377241242542e-05,0.03730169398890691,0.00101930142756565,0
0.002268423225597924,0.05627179901505118,0.001390705309826322,0
0.1663999972490733,0.19660798209676855,0.219992964275344,1
0.0037771684447853067,0.03999129126300501,0.0027162431294979537,0
6.410012701527472e-05,0.04091988215288259,0.0007236405482707577,0
0.0013129680013960164,0.06801029873971963,0.002585834589219298,0
0.12132220339401947,0.15967058730041342,0.14546776148220467,0
0.13513744613726691,0.18189815009245522,0.12610175231781331,0
0.007600936864416553,0.04529862353067414,0.006664128457058726,0
0.00037784170848599363,0.052966662195476355,0.003252225163474454,0
0.005777907230348997,0.045321483100262974,0.0036955830877570747,0
0.01450942857834525,0.061039425605693205,0.01878587483586791,0
0.37233309232803796,0.2616555727272282,0.29318393632811734,1
0.10647759222353191,0.20158275056180155,0.1548320040079057,0
0.005822854612336584,0.05455484481013425,0.005508412761963228,0
0.37786137572583695,0.2605429129384315,0.23592956303353066,0
0.23897731992977897,0.17618306433834582,0.15385275200476725,1
0.36539179028585766,0.23149922660245098,0.22735639119910755,1
0.013330638304306655,0.054904812994267894,0.019845749939825193,0
0.08107811361743662,0.14588114426522927,0.10221196419160862,0
0.49559661273009703,0.32554403606973414,0.230267238480685,0
0.050234106659684315,0.0868971529547112,0.05376806486901791,1
0.32629435849087834,0.2407488268386115,0.23519246821529025,1
0.12739756383613945,0.14842121912702622,0.14474480841559528,0
0.1053807760408344,0.16846811994956915,0.15487405879071925,0
0.006591836567953983,0.0698688452509295,0.00940041274720113,0
0.14547309943894096,0.17193648725408647,0.1850502606961892,0
0.017158316953898828,0.052916611998650644,0.013025711222619049,0
0.2208178404516369,0.2940157322086844,0.009237893547471841,0
0.22450025188684014,0.22433669083620983,0.23282572474431817,0
0.010633070019427204,0.08033396593972027,0.020983324125753922,0
0.09608198442184844,0.12861186320151438,0.08104601335138635,0
0.6772158746387436,0.4604047836936382,0.29410625237925486,1
0.05279282948698764,0.16854017402298205,0.08308282172751401,0
0.5054804843078019,0.25380806430631564,0.3109462873218062,1
0.12780159132969385,0.14600768662204475,0.12718408244879284,0
0.010956360626549179,0.06632161808186827,0.007404308788638446,0
0.9825651045623723,0.734223804548625,0.9984251755406135,1
0.8946214516318363,0.5516332289566827,0.9675593371535447,1
0.007013614416091001,0.06402440313676627,0.00647161394399857,0
0.9439241728056702,0.6166022674693828,0.9903912999211196,1
0.11296058482391638,0.16732691918531994,0.1452991085569862,0
0.5010161985393065,0.3981973092093602,0.8963873995813101,1
0.16035265209665492,0.1708196218851194,0.18842938986560462,0
0.23970534539513316,0.18866919770565715,0.2563334599798006,0
0.03143688442450464,0.1117888971518777,0.04885022419048807,0
0.013392508276201672,0.08096116483182104,0.010545723427633666,0
0.11948190322195633,0.15199253636516116,0.11973745114021692,0
0.21819420547223442,0.21750147269633324,0.24568765093902636,1
0.0007641168612820315,0.05683700753178101,0.0023335416030117974,0
0.06260761984217707,0.12642661703953043,0.08219033398385657,0
0.2820369709488836,0.22825935348022766,0.23862980147559798,0
0.1796697947748056,0.16956648471499158,0.14619314754633225,0
0.029337423683547675,0.1440652286416397,0.07232846351898403,0
0.846800708401844,0.5712260600450049,0.9768768641701265,1
0.2180450412935123,0.19823602272860025,0.21606235113277386,0
0.03071967438673452,0.0632467920638452,0.019723114270255377,0
0.10593315285535887,0.18408852022323363,0.09773385496363274,0
0.9589210454730455,0.7135148490189309,0.9821669557738895,1
0.038430539011539394,0.13205233754983597,0.09342336496579888,1
0.2385117827006949,0.22894251750250727,0.2440362577266939,0
0.0001576755276018343,0.04949309652665344,0.0031750418487178893,0
0.05126833180833021,0.14940436399259346,0.12917622024304026,0
0.13798414029352904,0.1566870653730775,0.13637993408665489,0
0.015963549626394027,0.06811903684871451,0.014346193085164657,0
0.13780183619728878,0.1948030286324898,0.16990215638215553,0
0.0031687017608873825,0.03742220744328323,0.009572540331331513,0
0.001677577156853875,0.12026627047724718,0.004861687537271653,0
0.12112489865742469,0.1498030334591633,0.12851762541944045,0
0.3841745437592218,0.4600026892122938,0.5106214723829937,0
0.23244611017876432,0.23431651896427746,0.19726741536272072,0
0.011821706146132292,0.05487715315389157,0.020447811564317988,0
0.3395602351701687,0.2392026147749178,0.2420442110141001,0
0.0732879209546345,0.12933257362339257,0.09337591624283206,1
0.00042147884355426423,0.08587293572449302,0.006977934106701073,0
0.0018412294118565918,0.1341372701553783,0.007062655818521476,0
0.2232730251778501,0.18227433239393392,0.22308946562967572,0
0.0029184977882953725,0.13084543618660466,0.003945669413903937,0
0.0582721835449269,0.08769460656040935,0.03820800024763593,0
0.010204913249437493,0.05705288203299776,0.006346743093861151,0
0.7789035463984982,0.3873088410650733,0.5376543369231086,1
0.5468618213548541,0.30997317339836644,0.36124689323016757,0
0.026751918425873895,0.06859595646344838,0.0191171878421359,0
0.012730961893065025,0.06412591118275865,0.007652155916124216,0
0.19266535218104053,0.18177909907389617,0.2495371157647409,0
0.2287047489837336,0.22775381199095118,0.2601977677840108,0
0.1883288360621285,0.19069424001263702,0.19804081676289872,1
0.07664741424560055,0.11306869566603776,0.10392519087075786,0
0.9760388627270913,0.6697238064531054,0.997567789527594,1
0.4400081159545888,0.4529792608291471,0.5691248862232787,1
0.05307154330292976,0.1451630952945709,0.11535380119034999,0
0.11065796120649722,0.15528556401791951,0.10129657851699,0
0.9613470933933271,0.666121322034166,0.992683970415919,1
0.1444200554105061,0.194461040273542,0.2190767414845464,1
0.005572144534958873,0.06216402751807656,0.014430146336755323,0
0.06449799082998188,0.1396278154278121,0.08027654184167075,0
0.40579638709350335,0.23788314588794096,0.31043714297646113,0
0.01704675052922475,0.0796960458405667,0.02565945450358972,0
0.008893195913642956,0.056351632553299114,0.005494218067300033,0
0.005335061616821962,0.04464390142160048,0.0020003435227495085,0
0.003378392559419854,0.041612094112488236,0.002430367045151676,0
0.14069382165298877,0.19553282199056599,0.17386969366078392,0
0.17986775659928428,0.18554985224098247,0.1512383039281881,0
0.04738626624427667,0.104653752252189,0.040412341047153834,0
0.07016562356067778,0.12620351985600603,0.07706349679870533,0
0.07156101803684521,0.11273579748399928,0.09054567164322437,0
0.17999601293053463,0.19113402387673772,0.13187167903055824,0
0.05174346484255593,0.15431435442734956,0.13881347443493244,0
0.006150920703941327,0.04690746989157404,0.0044405120018905985,0
0.15985024539290824,0.17139140307094006,0.1381798512389755,0
0.013179427574075761,0.05676947942913249,0.016402927998158744,0
0.5125186193930811,0.408997818807488,0.3911278838946297,0
0.9910788129576638,0.70491615400081,0.9943604246597056,1
0.054165809576116226,0.14442680771440175,0.15824705998107408,0
0.12615087836032207,0.1751353802334282,0.15795326271265334,0
0.2098534950223439,0.16816876894528068,0.16427065849344819,0
0.0045741546788758925,0.14969717790807854,0.005352370480070057,0
0.011331985538983284,0.1019509150122639,0.011427298549550756,0
0.33836806644659695,0.2412525644522949,0.2998792719715021,0
0.13399881006063033,0.15550990921831168,0.1126225911741712,0
0.7474010171087538,0.46980689355126876,0.8485218191924407,1
0.9542505819051025,0.6585524492626703,0.9947181936425682,1
0.03864266979531127,0.15645757863740728,0.07427907753345504,0
0.16617231938964183,0.17177173748581534,0.15971218268154325,0
0.0044103715259728995,0.04272496309148487,0.002349798364663972,0
0.18487551892603118,0.1915891880177312,0.2091555103550564,0
0.16411704506694677,0.19055935021120726,0.22164066038464486,1
0.011059273067831284,0.04648490754349158,0.007716979753099577,0
0.03311479599315841,0.13027084386400464,0.07263635494865182,1
0.06342384571890668,0.1247340354702123,0.07572085850398842,0
0.017711274351254754,0.07692289947325813,0.026761473973893224,0
0.20674814116207713,0.19431474430702161,0.2155060252389419,0
0.019122164250110603,0.11739256154541818,0.04591148217237462,1
0.08203958003178155,0.12012818894779774,0.07453693727860239,0
0.0567332715253175,0.19730638802608538,0.1711963804798339,0
0.1256779713109567,0.1834951477362588,0.13738142401406087,0
0.07191834715712574,0.12480497668770706,0.08657643759756001,0
0.0095952829498414,0.09420403702446134,0.026735638905571547,0
0.04191649575281922,0.10159600345530863,0.04768217417563062,0
0.071783563218403,0.1330954171582044,0.07679546500437671,0
0.020441115708566535,0.07269614285082658,0.023516088145887876,0
0.05754627871878965,0.09738841864374691,0.05037811686954062,0
0.0785378188041758,0.10463890918874183,0.11053605668586963,0
0.010794618727696824,0.047944821936340025,0.006137564436960722,0
0.9905472733219363,0.6996135781358,0.9983817911387541,1
0.15106364876689932,0.16933305649316824,0.14302166262215382,0
0.0030958605329917343,0.04331863246975184,0.002297818469738384,0
0.0028185104496104467,0.04915690649093548,0.002557921751867958,0
0.13205394870815348,0.17110416458271824,0.13886456682959503,0
0.016924222370556713,0.10946901596559923,0.025215679972674016,0
0.010039365477083168,0.08234803698345423,0.005686762363564321,0
0.022458710700487456,0.13474508795085965,0.04787362200454263,0
0.14157483270283464,0.1707625789157471,0.1836280480611565,0
0.07336459807051966,0.142437960688338,0.07525194569863643,0
0.9562806121402796,0.704569535286916,0.9921375614300633,1
0.1889503893736415,0.19995332094464335,0.18915897190949058,0
0.06692083541278697,0.15464749819143375,0.08139504089797162,0
0.6519480948619694,0.4452869887232751,0.9149947148865362,1
0.8001697319545954,0.5937086232447706,0.9588663926603953,1
0.41089828031885894,0.2431771908747069,0.2852931593551864,0
0.11925239753104608,0.16147211567340292,0.13896223655640727,1
0.2935193545077811,0.2107133625194969,0.24117605162917008,0
0.2074540076980384,0.17152394685114444,0.23170849231920634,0
0.041615704927571454,0.10044462041859777,0.04787644171189994,0
0.8973653530800554,0.6162771133973797,0.9935602997666264,1
0.0035133140856607177,0.05948958112195906,0.003144445851747715,0
0.09748963460807643,0.1657069824257271,0.1214292200540277,0
0.02697346742985682,0.28021674929134727,0.16792849471595883,0
0.06698186151836533,0.10831726211647034,0.09138600345080178,0
0.04461775217183788,0.10278986366296582,0.06328661230885656,0
0.0002393123273727827,0.08117336597346322,0.0010435244918726918,0
0.018947156893875033,0.07164189775841559,0.021790545735978217,0
0.06076825303611551,0.106677034495694,0.04333302969678935,0
7.820259741561442e-05,0.035616760984873916,0.0010083884269908618,0
0.00226634406110017,0.05277733857971811,0.0030153075286387353,0
0.26142664118769876,0.1859053315800331,0.19756639557915465,1
0.2361209116723912,0.1948336737158661,0.17744862826223137,0
0.010791266430499592,0.05554033824665971,0.009240504107650255,0
0.9832863855937151,0.7051242536608451,0.9953279188574019,1
0.0031469199680095017,0.14942698944218583,0.014274226825878918,0
0.02064833136293848,0.12303360578386616,0.054967476387608745,0
0.0023930147742155213,0.037527857425918104,0.001255321140093294,0
0.026429681555705454,0.06310616183223498,0.01733686449798451,0
0.13035604366810288,0.17499921006621413,0.11913970507597038,0
0.05874036072263171,0.14391319338409467,0.12033365378520341,0
0.3064251830986295,0.22384091741198442,0.21460896901292573,0
0.084997312072173,0.1245125340048866,0.08495225367035678,0
0.15359907071471762,0.1952021394620227,0.1449731719739078,0
0.9893517432018114,0.7426387888149961,0.9987517174175449,1
0.872588455310419,0.6256757278981027,0.9701570136585446,1
0.2477583102757068,0.19289653989727817,0.15389554311912917,0
0.008010500569560874,0.06314139511210279,0.0041313552030286535,0
0.07487016386037701,0.11059272183839534,0.1064214661504679,0
0.003423784417877298,0.03939623767986752,0.0016439063048635802,0
0.49977744321823514,0.2735282764709819,0.3161551839991217,0
0.036362984965525466,0.08895773460337246,0.05090203860301311,0
0.32109951720269386,0.22958149910815429,0.24321699029444793,0
0.007301779782876909,0.21516836746163256,0.00963274152766492,0
0.10323938025266373,0.16066156352764346,0.11811318521387545,0
0.015369088284981873,0.09271959235338494,0.031960616577440606,0
0.15894317311337264,0.15820166598189037,0.18185546301490194,0
0.18810598324150057,0.2905990778991674,0.004763543375515506,0
0.05508769024834659,0.17895038687561343,0.1151422011983367,0
0.01240911097637924,0.24058240643318995,0.06213468989769484,0
0.008665034666021552,0.04372661177670289,0.005478590187362925,0
0.7661719536353544,0.47087417527346415,0.9470074507605465,1
0.006165537418109869,0.18603106786172188,0.006803805800331304,0
0.17946580389353575,0.1745361235434385,0.17345978919468333,0
0.12824435038390072,0.20156024775157352,0.15260670051338554,0
0.22465694072012407,0.19433039926139592,0.20493752048582933,0
0.3570555926455063,0.24067796877301378,0.26836215276539255,0
0.03722697111328106,0.13821736984481794,0.10360530868849507,0
0.020809558056754957,0.1295036305273858,0.0538388586884911,0
0.1330244758696567,0.17674628355145516,0.19734671676729632,0
0.2584284251477979,0.22210686682677774,0.2522793178192401,0
0.9652533619571956,0.6821717180974927,0.9940139940011544,1
0.30654194703376814,0.2604172403288509,0.24776453046980526,1
0.018830374805410333,0.08186197490858141,0.019685718742986864,0
0.015191470168347581,0.07627755190211262,0.009813464258068894,0
0.028964991942811692,0.08025134934097765,0.032413000737458376,0
0.013859579113882985,0.06201977876315449,0.005971863122061667,0
0.8559728378192263,0.5636869394403423,0.9743642084246416,1
0.17254089494924701,0.18596855913768784,0.17305521031149984,0
0.05516951019256115,0.12350044500947896,0.05012496368012034,0
0.39502096706713746,0.24072864576973613,0.23585914814611736,0
0.06784348135407257,0.13202322787413423,0.1143885815595826,0
0.0074373080180032015,0.048641250198009044,0.00421689716783444,0
0.3210242225045938,0.21853972444437877,0.27844083214085047,1
0.002229159100712915,0.04950003278132749,0.00365052133087262,0
0.01879299480701189,0.10382324781302037,0.03084501651483262,0
0.0480787182514107,0.1283864446331793,0.05433250394573322,0
0.0832028223082,0.1368638238741018,0.0856703986925235,0
0.008992081799695023,0.07309032171394661,0.007757362257523123,0
0.03997245116891139,0.10120688814164214,0.05052962583055403,0
0.07524155745638962,0.13487713447005953,0.09633281705130836,0
0.38430286351214393,0.24477263560276347,0.26638251867296303,0
0.0472321193626173,0.07882855074607074,0.05114107386989278,0
0.9611403340450255,0.7058911937327316,0.9973332845843353,1
0.02381619726436367,0.23219660818174548,0.00034254607478711877,0
0.24250121331099145,0.2160735980155549,0.19996659102425363,0
0.9134930265635447,0.566175515735287,0.9754982900171342,1
0.049975368284961,0.15933916466976414,0.10833753306653401,0
0.1246688675069987,0.1616618864170573,0.1481029072324978,0
0.013294534636590201,0.06456158336493864,0.016295574171433957,0
0.026315749684249858,0.06379591982746484,0.026326320936331964,0
0.05973423897090883,0.17563169106952362,0.16088770271595335,0
0.011195272075374055,0.04943801126474684,0.007541595283547329,0
0.0025999915919602806,0.04154548885387899,0.002142995632888158,0
0.1533075498151339,0.2662083196157343,0.017645081015759245,0
0.01012527964849794,0.05143895238189275,0.0074670836414768285,0
0.20430666077712165,0.2119875724434043,0.2022326765702017,0
0.32949469795573877,0.2123041166938644,0.24786908945869118,0
0.15009368680330754,0.1846966353346785,0.17883734536920068,0
0.09247888066724726,0.1498934992128907,0.0961982698604527,0
0.09325003293091991,0.1526086629320127,0.10886723927545018,0
0.000273148766577437,0.055538370749206735,0.001073087602537421,0
0.004037441922245521,0.04693790816716833,0.0038759214307296065,0
0.4029886647611204,0.26212027726289067,0.38452525066859594,0
0.010167864945068892,0.06801523191699725,0.006636906481395644,0
0.3117909224247798,0.2323226534328072,0.1916887334445388,0
0.9640999069093216,0.653857687519278,0.9946076882984236,1
0.07543011183067305,0.10292749430586785,0.08817091530874288,0
0.1860551968242141,0.1950387629362857,0.19264083233856352,0
0.022072838137115965,0.06272822090526707,0.027299606996743195,0
0.01721413992390534,0.0949667918172683,0.05595539067595396,0
0.030502312570498822,0.0681589094240697,0.02234081332171038,0
0.01821459084066548,0.07944723935993926,0.030134128408572155,0
0.24077217307888665,0.1781795750050211,0.22245884267873248,1
0.9408507512636296,0.658256676508264,0.9932764659679604,1
0.4708617241053958,0.523129817313485,0.8193043529243204,1
0.04508719995352333,0.09365773717049983,0.046235415027576846,0
0.1863842426998666,0.17893640354532553,0.2719048846146232,1
6.329967822464491e-05,0.04816272422984028,0.00026411848282283334,0
0.04174689305947674,0.07777517251334942,0.043299276533317804,0
0.36900277556677546,0.22197040315625316,0.23440716136631337,0
0.03370679635265499,0.1197908851221534,0.060595595970960495,0
0.014534399162451658,0.08072464333561187,0.013420122982149035,0
0.09973729188869455,0.1427006070626696,0.08598318566468409,0
0.1557516905589478,0.18600597465904828,0.16573576053610173,1
0.8629572154308504,0.4988347344580602,0.9702575111177393,1
0.007949672848558855,0.0778480492640171,0.019626004984463267,0
0.1428672765364496,0.17731172686138175,0.23097369612708338,0
0.15928994924516812,0.1732064308910883,0.2567767251846329,0
0.006301676037725799,0.03874460299947127,0.0037235476576545044,0
0.20090751025532305,0.20723659342777745,0.2328005329170424,0
0.053066746687508014,0.17945508048270145,0.11897744774117355,1
0.016051960503182208,0.07408131871451488,0.022625123448387824,0
0.22575614330863653,0.19464064378880322,0.19610602217835102,0
0.0008298573511427129,0.06183153922429842,0.0026394367976659244,0
0.05309452162374735,0.09524992228365405,0.051178494386478326,0
0.1598110123958871,0.19471193635492956,0.22556012856941143,0
0.04775538188132391,0.0776022190883175,0.04733431240553726,0
0.2949240693248235,0.243797416122517,0.23025146569115107,1
0.000962465213756648,0.08094912661483594,0.004968346951924465,0
0.012295585590897743,0.070381711108336,0.010527448337587026,0
0.025647831796022105,0.2546929129543825,0.020162184362075914,0
0.2427652414632792,0.2073580796702417,0.34851971242458724,0
0.263652068500396,0.21143748462368683,0.2302001571340175,0
0.15369359807444222,0.18638615280630022,0.19249207069471197,0
0.9005970282818826,0.5947870396053635,0.9820638751181562,1
0.14959503621449138,0.1874770653765547,0.2253650681019798,0
0.09466159695955123,0.17014861012215166,0.10352839459367542,0
0.19885229698897178,0.1821974731074415,0.17881412021205603,0
0.06816215064732432,0.11464165029316473,0.1140301158920486,0
0.028996445705692195,0.06090113602809787,0.022646221753497113,0
0.061496477656176274,0.14425932540780964,0.12116407242718906,0
0.010564206083246106,0.0883332027997447,0.022493529959107052,0
0.19403063144700314,0.21004105223656372,0.25388624496314166,0
0.09870268613736619,0.1612994396038451,0.10489506532470866,0
0.006424949009762053,0.05599983434758803,0.007775590227054677,0
0.10759301446740835,0.13531729864475447,0.0905179758405305,0
0.4528945742065489,0.2752951724278984,0.3590794144484858,1
0.02163063544269875,0.1309626239430985,0.07491776154600259,0
0.03288542340242002,0.14701064502103442,0.07668950076830171,0
0.1716171484724706,0.20479564777815765,0.14465473785569888,1
0.09968367170385307,0.18265255477643294,0.09990321619174487,0
0.04271678133276145,0.07880499577310682,0.043849577522294673,0
0.05008927118160377,0.10728506698610751,0.06558441409507959,0
0.004109157056710867,0.04671215507393426,0.003187960420784707,0
0.013939415747518776,0.06145375493951083,0.02096076408913159,0
0.28667810592307297,0.28220473906507854,0.005938673388731381,0
0.7388804436024807,0.5528028363399796,0.9618007199460554,1
0.0006574231085492234,0.054883621450449026,0.0022694580560969685,0
0.07830674215136911,0.13009760473951767,0.08280251186711592,0
0.49502751851464327,0.25581604840820127,0.325500227547867,0
0.23577500294277726,0.17830226759077367,0.21788163916379413,1
0.05482678088104285,0.07882004684410443,0.04508128325234062,0
0.12122522130102627,0.15578848884534668,0.13385353640097286,0
0.018950792638567453,0.09669365419286557,0.044207883762575215,0
0.3568536840880609,0.2403732041460399,0.3339340331301169,0
0.0806870066833628,0.15856030002076732,0.1645579452938987,1
0.07687821611128064,0.15088854132774357,0.08073402611531595,0
0.2087197016269108,0.18183287735685427,0.20233705767378807,0
0.1560067574786091,0.176075569059533,0.2014102989447519,0
0.7518821361671784,0.652843090223376,0.8386990131318631,0
0.18284191283105647,0.18387501833849276,0.16854978026646383,1
0.06989545602399337,0.15044273329015212,0.1566053944807272,0
0.08957784687673727,0.14773969135844606,0.10476002966470464,0
0.33789978573042745,0.2588433562250391,0.26651735438602825,0
0.003907140605659561,0.044666662972077824,0.0035044492991224974,0
0.2474423809892158,0.19943897243771475,0.22241130349104513,0
0.5237349450741084,0.3170985820363537,0.04856698450072138,0
0.18437387608781197,0.1743920963008444,0.21176742900756074,0
0.12257619007016884,0.15547226473969908,0.14032641420784894,0
0.03809728021700043,0.11474506607413165,0.06984784798148914,0
0.11812466779146998,0.15025128239930696,0.12382567570031464,0
0.06336040424152314,0.10217878020826825,0.07697676766747141,0
0.004822012103695602,0.049932348930556286,0.003199846478016308,0
0.4258988394577175,0.3218676414470817,0.22268849988037615,0
0.35125980045585314,0.24474701399194335,0.2689137310357064,1
0.057414970408587736,0.10652472971271341,0.06891250830389466,0
0.0003475689800984313,0.09896560514681871,0.0071108734981560956,0
0.037027321201277254,0.14525763802817312,0.11562580252587745,0
0.012912676436483066,0.05042922597539414,0.008742630021607916,0
0.7387636159442728,0.5855427143458897,0.8181363252630806,1
0.03256120490061966,0.07973920081989175,0.02482152215928393,0
0.023836588947001563,0.12200216570648893,0.052643259168058856,0
0.27620708996351956,0.21697867320093298,0.22319969934906236,0
0.0858545935119174,0.1436613571965955,0.11988589799492873,0
0.38649806383804775,0.21813602293382442,0.24557581914556842,1
0.19469031029053097,0.2771403666891877,0.0067792445025067795,0
0.5962348372161389,0.36274430711652633,0.504117398389575,0
0.11601953308199531,0.15507198468119382,0.15878139716880108,0
0.3347779760718639,0.2541898945437767,0.3645901934398931,0
0.01609121267849549,0.06350071900691419,0.017302569162882794,0
0.06198864205343692,0.10372468794742047,0.051704738750677284,0
0.023824551489861987,0.11164827771976531,0.02886046098335411,0
0.005435257955579969,0.21459081250924025,0.024063793335271234,0
0.06972869437511427,0.12667481863596367,0.06632362136133971,0
0.019017783346427584,0.05579242867953773,0.024070104904283462,0
0.5324669048599207,0.37264361604192886,0.048701957567281955,0
0.014924901088026667,0.07707757680167307,0.022953131811729015,0
0.31105270103456256,0.19251531233051442,0.26158416480226676,1
0.04984902586103965,0.07531823110033879,0.04407408368707925,0
0.5204029264179898,0.3130622250796325,0.031966168767848725,0
0.049463820012715494,0.17070280405577487,0.11570935727585674,0
0.004452191420186568,0.04849908844921063,0.003458793346931847,0
0.8898461072219845,0.6054589814911676,0.9743931661316023,1
0.003430724655384918,0.04156469996399737,0.0017726611330564973,0
0.9468031799531129,0.6609418400374851,0.9942812223668969,1
0.361324599782988,0.22986216998278297,0.20244717535069887,0
0.014163818345691376,0.08621265630516763,0.02591494400190038,0
0.046978634343611214,0.08622558021378329,0.05011595280014276,0
0.05233360118416655,0.1461937617095854,0.07237100174847222,0
0.06826064336732927,0.15100906059081884,0.16371842173849138,1
0.09402192315251781,0.14525823009122607,0.1138636844317936,0
0.08940359828101714,0.15110066070864286,0.10295471893794374,0
0.1401852294545893,0.17506081870565074,0.15712953189748285,1
0.2465526275560049,0.33246063181099944,0.014689920683420172,0
0.005647778075966531,0.05469265247932965,0.00698367923106444,0
0.0028297935990881694,0.04213448846211043,0.0021203561732422173,0
0.005673145249750515,0.16371413471824775,0.01049328227749583,0
0.2772613214273206,0.31256050719155537,0.01772477790994748,0
0.019887280209913392,0.2481834748896839,0.05682011915952832,1
0.3386455416705396,0.2159453861989987,0.2569188472640393,1
0.028396641498980135,0.1367338418826606,0.04374789071754923,0
0.047075725762664715,0.13379071758323843,0.08588433018739004,0
0.018678153983912142,0.09255793626582573,0.03635738603430877,0
0.017202573903650844,0.08055003951584748,0.026280859652771875,0
0.6730844985796258,0.44530849859314897,0.8511746789186532,1
0.0036408393019268515,0.04354561739952899,0.0031061751764604306,0
0.31394421441051584,0.24498987279799003,0.2485902727825635,1
0.34120898149454365,0.2566069099579516,0.3062561872087536,1
0.05439498872075549,0.15357802930314773,0.12354966507112161,1
0.9630643992207636,0.7162909997811833,0.9977970976173064,1
0.0343110973766942,0.0997332229032038,0.05580909152672132,0
0.7947290276994277,0.599045484971174,0.959640631424894,1
0.3210943275401612,0.21848860426680766,0.26276398690041414,1
0.20736788198012251,0.19907656988830638,0.20825151167850683,1
0.6980211457310915,0.3665500534024659,0.4644134933481126,0
0.051311448461766336,0.16685482995073994,0.15622858312916288,0
0.9820372755720004,0.6999263552705102,0.9966896568731282,1
0.000251012584400286,0.045128672780477636,0.0021347176192081448,0
0.19154928657702847,0.18051091346886478,0.17736769932916485,0
0.9882344313935829,0.7343813092585594,0.9992564369729199,1
0.8401960719164807,0.6735197743665852,0.855165099016815,1
0.22721726491703503,0.17318148978041784,0.21438782462961045,0
0.07011595931665637,0.13415200711906614,0.08329971898385122,0
0.01720542684475264,0.1033533161872876,0.025939305421946765,0
0.003005232514688326,0.038434178613180506,0.0013863607525727594,0
0.9401683448929542,0.5817437305740497,0.9885147631578458,1
0.9603670354049517,0.7003152141482697,0.9979720849743697,1
0.07447350581766297,0.14898732600226325,0.10024403178785564,0
0.12170353878193454,0.16545554180004657,0.13535269996052354,0
0.0004834941687085653,0.08232340632938052,0.0038837109419103937,0
0.07195393913181446,0.09938795817614571,0.0882989222097972,0
0.0002939661945190288,0.06186876729899978,0.00111252818975707,0
0.0008909827387080699,0.09430505601560542,0.003579314699147111,0
0.041602942509133094,0.11536672565316897,0.06634116794612958,0
0.18786312271302355,0.20377413100864797,0.1924142118651775,0
0.0207105550108444,0.11478649707756661,0.032396230550495037,0
0.045050405209545785,0.0933580612740601,0.049225098316961216,0
0.02220334637435821,0.09250818036573588,0.04420437612386872,0
0.11477864505379619,0.2377908115998806,0.25397174699935626,1
0.009165076224924863,0.06232033951257449,0.0067224250258155665,0
0.06167866371523715,0.15824826341082737,0.16355629608390324,0
0.12067799459358691,0.1275703913541131,0.08520729564743153,0
0.3881152874435198,0.22660144797569226,0.20518808190635307,0
0.005548893366257993,0.0535415090910808,0.006909695902131329,0
0.33272275633293774,0.22067190521506186,0.23294478244747932,0
0.9499310682803889,0.6838805351109296,0.9745318894070552,1
0.06738085394491705,0.1305221713971137,0.0692429603716795,0
0.09799940875285124,0.1399745773602935,0.12756643904819215,0
0.017160676828412255,0.05916665539586146,0.023900336787664397,0
0.9294039474726602,0.6470578249325131,0.9943611706315337,1
0.0015099694370892256,0.14357461353145423,0.008185411206876382,0
0.018197776529752567,0.10670478536546256,0.0770220337882471,0
0.1663913812265808,0.19171443493652676,0.17217133828779857,1
0.02050783254675264,0.10814297715844967,0.06780687806403275,0
0.8730954555222149,0.5612160466229699,0.9853461808882057,1
0.02627493955995617,0.06416349337004995,0.02212606330899915,0
0.14272849468631818,0.1559222922220939,0.19514788926223595,0
0.016646064697723718,0.06084517914822819,0.02086916520303519,0
0.8058569739200944,0.489303863185803,0.9891461803672122,1
0.0030898097404326846,0.04974316019559656,0.0024261174487375573,0
0.04774059736536105,0.09995220638358672,0.05080183906578501,0
0.33574917604656357,0.21585899372273487,0.205686752827844,1
0.8043576305691287,0.47141523162517335,0.9823067404148921,1
0.2190929633494575,0.19989347465047808,0.20962088162228779,0
0.2880585744198461,0.26741621748201627,0.008867560844391461,0
0.5434872697381649,0.3735450646104808,0.3933976976399424,0
0.9592888810206062,0.6640728446766031,0.9956375658674494,1
0.15946751750003282,0.17536671943866855,0.18547666118470746,0
0.11418616128010466,0.14101368607426856,0.1049435504225629,0
0.3570841148743753,0.2524781110803461,0.32923910371451465,0
0.12279564006632397,0.15676993556856708,0.13508296609249917,0
0.03631769233442461,0.16118471993081396,0.11025059470015945,0
0.01461874431814068,0.08503650923642199,0.03271912930080877,0
0.7173308394663988,0.3952083470090736,0.4781345742877514,0
0.07493142814371402,0.11618658433134872,0.09779253851688188,0
0.2151416428479267,0.19683994190546328,0.2155194576952831,0
0.13066797781680453,0.16472431178709937,0.11849320028607427,0
0.18195609059663712,0.18202867515478002,0.2107654507019171,0
0.22703189507615654,0.21670847503678098,0.24943830114108742,1
0.9595858330803732,0.6438496492387498,0.9964226013907318,1
0.1566056660568027,0.1951277183161979,0.1700299521746735,0
0.12893955740947205,0.17535036001296275,0.15248188530661316,0
0.02603347545830742,0.09842032853828235,0.04822370048142053,0
0.03584968744687078,0.15105751280358973,0.07282342153713411,0
0.009178291683133605,0.055438110657945606,0.005928958141090077,0
0.19958243858937041,0.19428607264860653,0.1822985160512356,0
0.07900562355998328,0.12963222554420853,0.08404387985318663,0
0.03940973486501403,0.06910610750721118,0.03841845724096268,0
0.7615193974654603,0.5932956035127807,0.7593473766355119,1
0.02482923305676132,0.2522641120491514,0.13958308046771606,0
0.17419969212258082,0.20374258715765547,0.18877541784711932,0
0.08421786724973353,0.14199920544185884,0.07445336870149342,0
0.17106537905039632,0.18038681889446798,0.17046278798820824,0
0.09350046646865562,0.14829368404610427,0.09015392556465206,0
0.013811049405160305,0.06852426832056344,0.006656364107182194,0
0.7422669900265999,0.38195926979351574,0.6113371952118279,0
0.14827860912029317,0.1785254103060434,0.18788207783234825,0
0.12195680207451358,0.16758167784251163,0.12603621541141205,0
0.10748553602162708,0.16310954774121925,0.146205053729728,0
0.024626100590151717,0.12575817185952967,0.044654670708133004,0
0.045339689453828595,0.13782735282056163,0.1304426075131133,0
0.0735782570570088,0.1107919964284886,0.08376102468465059,0
0.00893128452913932,0.080648098005873,0.017522083412352406,0
0.23442648952452222,0.30606316471523387,0.0034213003634308947,0
0.7797198926445467,0.45613565279671153,0.8802834947848848,1
0.5028288002738431,0.3183177702974102,0.04006409926407789,0
0.11835518526547142,0.166294696478963,0.10619655653771364,0
0.6531139752036292,0.5726046175057513,0.6962865988832255,0
0.9553447526940659,0.6185031065149759,0.9967255334583223,1
0.21920458808010673,0.21253235147038635,0.1739736055552443,0
0.031491462340856036,0.14335360000851724,0.07317115086144911,0
0.06144052155388783,0.07889717409576384,0.04784570643953587,0
0.30960670303300103,0.20958448811779298,0.21006711612969253,0
0.20063031728037733,0.1927532846960795,0.2283962781961662,0
0.12125252386914478,0.18467132753445314,0.1621332646416438,0
0.02177211214559958,0.07261682553138123,0.028468242985799693,0
0.20212842707194809,0.19442851267543843,0.17534813207011085,1
0.5280223183849876,0.2770445797173256,0.34791744960391274,0
0.05075855350264102,0.10792925990615979,0.06462599927303574,0
0.8454208638652716,0.519502318869762,0.9402899160216561,1
0.013178965689591827,0.11230410065302301,0.028145894500768133,0
0.0629514024752993,0.11803418743295847,0.09645974399088106,0
0.9506837766499936,0.6752551738452116,0.9951530204900966,1
0.21582343862666045,0.19088600999927124,0.20112630544354632,0
0.9563011214074308,0.6834707863014589,0.9960406772612126,1
0.06707944146788579,0.14042105403317137,0.16007109083787216,0
0.03688455896584333,0.07885287588829834,0.01864718129887131,0
0.029749869949136906,0.06586232779463413,0.0477404451723618,0
0.11844887621010614,0.16790650549881983,0.1469546281738766,1
0.03017298527814472,0.12930357692006927,0.07029971112239936,0
0.3203138721910496,0.2110722471021319,0.2554679455921167,0
0.1344251244435925,0.16660030730242667,0.16631398868314431,0
0.01918155209748308,0.13107152093233124,0.023698424777849524,0
0.041342361874399186,0.07485335748638781,0.034695571855203236,0
0.32217046086945367,0.24149309255184365,0.222098519407048,1
0.0022000458886129396,0.03613028407903118,0.002820214949230343,0
0.04484387516704603,0.13370926422893767,0.07333284432405249,0
0.09316908802061047,0.13239764004985377,0.06810080191613112,0
0.16354665435829546,0.19363192885644254,0.16517556439100886,0
0.05707833006674682,0.09148772332571793,0.057190603596065204,1
0.04481563339170993,0.09742742208667787,0.05634067089451667,0
0.9767532930437908,0.7226854360018203,0.994048594435379,1
0.0027319595786271626,0.04247422373182947,0.0029510192361125497,0
0.10076579296632536,0.1698281624818857,0.13485629900324453,0
0.08973564598317339,0.13397258906696247,0.08803015228806511,1
0.9767311947689351,0.6769641153834791,0.9951649604448461,1
0.21067004139563184,0.20614494515066886,0.27866520845381487,0
0.1536226883869512,0.18135552259151483,0.19503936247237505,0
0.11319845643710885,0.158179932231541,0.15795391134081116,0
0.38126282203813583,0.2391972843529882,0.1978279112876926,0
0.028995230158787872,0.12014975058566056,0.053641884004321815,0
0.04565946077224062,0.09185282115118829,0.04517255169512862,0
0.001005545815442708,0.08674847163402281,0.00804497225854757,0
0.012182854654126619,0.0734733752140991,0.007472021734618729,0
0.101056071128865,0.16128108690280635,0.11826694538398035,0
0.00046662310896387703,0.05885744469021684,0.0014939118047674013,0
0.04472581107496851,0.1524939795534903,0.12320940674714814,0
0.28571461900386574,0.21446496961030723,0.24509581584639464,1
0.06415628360365902,0.11726476167977376,0.05842279411766565,0
0.061777910368252906,0.12994614354251408,0.09346643026557214,0
0.042696342113124904,0.12888501115133338,0.06396631198142215,0
0.04585282378872963,0.09569108379463712,0.03349549077331513,0
0.01094808386479695,0.051969393883424385,0.012121784724914387,0
0.14567238714141859,0.1970570614096477,0.19250861378964312,0
0.1910729544698015,0.1717469323689716,0.138453157768722,0
0.004516036504161609,0.17383919965669442,0.011857527300434182,0
0.0019648939215914296,0.037074588914185504,0.0011323147176889737,0
0.05023759156941633,0.1792074232762923,0.003384690133424864,0
0.0012549312401276718,0.03792812276819283,0.0005634586421145819,0
0.0016715745401836952,0.060375577123745826,0.0013093072416224922,0
0.019317784352115633,0.06426986255396597,0.019472236092662104,0
0.020763030027881425,0.12636988595281703,0.05277471126517754,0
0.07884395977449743,0.1523708197990431,0.12999236345774284,0
0.12015512134838918,0.15842065583494244,0.12321237397961662,1
0.02031604195857029,0.09798261694412808,0.0461885807376183,1
0.006450694828852218,0.042649979587711474,0.005583795406460279,0
0.06725833010546355,0.10321170975370665,0.06827059313444041,0
0.08475090464962236,0.1306729950355363,0.09645451562865688,0
0.015317421615993603,0.059714233015947964,0.01882471711562797,0
0.13858822673941076,0.17885468920030093,0.19697472204354144,1
0.18238941612125947,0.22050567610264188,0.1773029651531822,0
0.04658311220727622,0.16628392344494633,0.11505199211053949,0
0.0015859010379332297,0.0366807259481246,0.0007394660928672517,0
0.2774183694814495,0.2075891037524875,0.21198256526503922,0
0.0008983357138741257,0.05735589702012941,0.0023140363746792262,0
0.0586614936473521,0.12687446585676357,0.07079735539670073,0
0.44612013377904663,0.3609678376249549,0.29044625030033433,0
0.7520516779577274,0.43407445803820205,0.4263406910703028,1
0.05865293716618295,0.1423829791555974,0.14520330528413639,0
0.1698041134120944,0.16711304171860725,0.15982574753883966,0
0.14359821888311092,0.16522947145751096,0.16408159627136876,0
0.08770297731603137,0.15995639354442126,0.11252416227030876,0
0.43018422346630564,0.2786304612926285,0.3610656352858062,0
0.01534370230387734,0.08147639579191293,0.009269214309191948,0
0.4361962200985898,0.264593271294755,0.38936206527446027,1
0.030351580748324565,0.14194929508273493,0.06969305073474028,0
0.1913993965275756,0.20836642767871352,0.22423390522853875,0
0.0323299422425304,0.11884984535993812,0.06674748581018446,0
0.11631809186618167,0.14400595944124256,0.13620575294180212,0
0.0237215223319894,0.11127929075112121,0.0638476594791892,0
0.03180660575183647,0.10958232453943169,0.047594796871445036,0
0.12087182366083403,0.17739366197184778,0.14119006920258068,0
0.3681149761811767,0.26820465940414634,0.2577101430762558,1
0.007187546833947406,0.05674951324070847,0.00587936500623551,0
0.003857358325504379,0.06178459121084471,0.005856822651023136,0
0.17762677384245248,0.1810029061605839,0.15872456850131475,1
0.5586441793577311,0.4505155137601854,0.5659165304288825,0
0.10809511744229856,0.12550092266745008,0.08738184891904559,0
0.011057917560343649,0.05031606602931357,0.01870048602082239,0
0.012579533421440766,0.050168665799355264,0.007585407713989877,0
0.12399791250494702,0.14688456252712348,0.12583643809055783,0
0.30426182939037744,0.19862656446912816,0.25481731634651617,1
0.1862803101865885,0.1985750009287414,0.16821754399192163,0
0.22673740159877448,0.24411321045910497,0.1729828795151031,0
0.28360932092135394,0.20439423407123627,0.25813983019143194,1
0.16011752469062998,0.16344977996714385,0.14416545874868525,0
0.8943311292153457,0.649899104946386,0.9833755591762732,1
0.025922004902052775,0.11839249060015586,0.06494470247669265,0
0.4370186172354047,0.25000376855299894,0.27801678187336315,1
0.46402162091269944,0.5913311507688536,0.8134057089529001,1
0.7640179753199666,0.4452786242143217,0.9810221565131142,1
0.10433505711159131,0.144152611566984,0.12178666973922786,0
0.007375923886157489,0.041408785550084266,0.007203520257854277,0
0.007107384323030756,0.05519119285641417,0.007089420664585787,0
0.005430215409939681,0.15515031338138346,0.007865481527916617,0
0.08140835498602338,0.14185398012074618,0.11677602518460807,0
0.941326825383607,0.6330619655082407,0.9924841693164365,1
0.06423834751940231,0.13152785870742778,0.1358447318410387,0
0.027942337001039035,0.11106281686217512,0.059312661203139924,1
0.051815565253147934,0.15076543960342062,0.07502728080196207,0
0.1674465673048404,0.1930902864644553,0.22713328706771702,0
0.02111420208526373,0.06080804433311939,0.018481693186643416,1
0.3673845709955519,0.21638064807177843,0.24100868147971768,0
0.009120101481258382,0.03901625568929148,0.00880374191944627,0
0.3467753031610408,0.2334286174512743,0.18265882697519095,0
0.033256875121915,0.11806953987187134,0.07913567542991883,0
0.9113236241670102,0.5864940055720325,0.977935114969122,1
0.07478898486201614,0.1050702645332733,0.04631167032125998,0
0.03163408138802465,0.14248361067606097,0.05943354752093584,0
0.30344230319494825,0.22890574229037508,0.1966044415782755,0
0.034250695039910836,0.11349307049523426,0.055288690191059295,0
0.022483473578932208,0.2467380590361257,0.14258623293915304,0
0.06452921451398254,0.1369316422532749,0.09225945655361777,0
0.10438898962613391,0.1789969250004914,0.10901230703311227,0
0.0805862194818938,0.1274683787433227,0.08076130934064141,1
0.14657496140114767,0.19273953176625713,0.15807833536053764,0
0.03303539509806716,0.08007983258759391,0.049555605777009,0
0.4019001219632594,0.2790196169954417,0.29275484489354753,0
0.04413933754265721,0.16179876042634803,0.1255651570900158,0
0.014311828385911921,0.06645654535828914,0.00937112352247247,0
0.012259322907935325,0.05152651634726254,0.005548520753145631,0
0.26722264382928285,0.36259456874694473,0.09820953733573742,0
0.05193738854119425,0.17337835298911844,0.10124394469075866,0
0.0012109403523316363,0.03641692879119476,0.0005580263658859547,0
0.9058801248687011,0.5543152426637259,0.9766527014974824,1
0.18856651314208256,0.1837714612517947,0.1982258400428147,0
0.013127326761775606,0.08599220849949447,0.02418458926265946,0
0.03288799740363943,0.088517228804095,0.051762097997474,0
0.05636733291175349,0.1470795542254911,0.16878843741955868,1
0.009338078873393474,0.04302792463085491,0.00432795398978191,0
0.11560677413641703,0.1868427242442945,0.14168143966866367,0
0.010406741127944503,0.09019197667721297,0.027453407424941585,0
0.00803364926141959,0.041508196828264114,0.007389584897618549,0
0.35656194209457637,0.3083638242286654,0.1415990348391055,0
0.3130040389658473,0.22690881039649793,0.2243448432079394,0
0.0069122674551201245,0.04504317250065368,0.005272076176530742,0
0.02485127258326791,0.11621501085725551,0.07093922934167671,0
0.012193868817313713,0.061622121537899685,0.005747432299860306,0
0.02834731505637149,0.08066560965650912,0.02314075272479358,0
0.04924451381548712,0.17099779392550604,0.11280455028486039,0
0.025101765150396332,0.12308250413634113,0.04144073248411951,0
0.002555814650356397,0.1334699563477183,0.0054305674857905144,0
0.0007566954226382574,0.06655825506526082,0.004866596327540293,0
0.015160496454304083,0.06470954218305519,0.011367050188193756,0
0.3977582326415647,0.27012477823703906,0.3405469601771766,0
0.08351789602313044,0.16201526086957527,0.10523863749716518,0
0.22976377541174747,0.22443600488513074,0.1958445356753462,1
0.002209060541738221,0.04094091626996699,0.0020909395830616983,0
0.15973959041428265,0.16146647376643972,0.13604533656180026,0
0.009323574113482485,0.04360615020709789,0.0069325348071161644,0
0.04186793916301246,0.08491350544609627,0.05243520223601291,0
0.02530456674142704,0.06957137198751641,0.025117867466731954,0
0.039164937018624994,0.14933681567428192,0.08576479089254421,0
0.2636186609861151,0.25389856223376706,0.25819546332692855,1
0.8972391948826544,0.6529417862755662,0.9891198293597349,1
0.027525002017102212,0.13055084771934858,0.04345271518170578,0
0.004581446369435579,0.059240773037265854,0.0019842579879424858,0
0.019890184647807146,0.10593031175722316,0.024676054440175677,0
0.012991243917737363,0.05331676111503033,0.0218339167753898,0
0.006883948133151311,0.17630322908036783,0.008866393181798148,0
0.11788526314308463,0.1573740887550185,0.1623330702076085,0
0.8598939390438314,0.4714062617069424,0.9855559107090056,1
0.06516643387802365,0.08774383353285313,0.05166656316253428,0
0.9318739118305707,0.7048303670998424,0.9729149360960277,1
0.021177274192239914,0.1160873612575276,0.06558836393318519,0
4.6408973902521115e-05,0.035258228098060965,0.00038959189599733454,0
0.10653347772186034,0.13094351378018726,0.11914522113829588,0
0.04006919880943552,0.11543583326442397,0.06266573136734066,0
0.00025426712509139966,0.05400702095443074,0.0014258048453395444,0
0.13807352116872515,0.16948600645438602,0.1586803345615667,0
0.06841849092636813,0.13086201671911663,0.06930060883722061,0
0.9538593820562702,0.6397649462522578,0.9966557075764552,1
0.27695415692192327,0.24130174061533954,0.21096081062147376,0
0.5348452667601961,0.2945727034871395,0.3802613587272596,0
0.45137752492114375,0.2937074280908523,0.3480739423945253,1
0.34367328988348944,0.2522681410736464,0.20264704635629555,0
0.02941491961411801,0.12931863184748627,0.06833291995584581,0
0.10382241453627959,0.17197832805324484,0.13463987189608703,0
0.08456944804777779,0.14789863545497126,0.1355680462353442,0
0.9440383631027801,0.7169089883216716,0.9706299597681305,1
0.027614877837134597,0.1338758760800794,0.0632565876745849,0
0.9454834229192391,0.6302214211325741,0.9872516846622515,1
0.06191656629909573,0.07853240801080552,0.044944115629881314,0
0.15259804095370436,0.19205602905621433,0.20698550098510113,0
0.004211162437201786,0.1407583518108571,0.0057666284647971515,0
0.012317934661822393,0.060643094970467236,0.022169137740339132,0
0.30477201510686236,0.21782723257813205,0.20680281328005617,0
0.9799779634647569,0.6987271205085311,0.9951712306703211,1
0.09030721371027739,0.16124584446221135,0.12343101121192314,0
0.0029585031231248236,0.04825670257063428,0.0028732281197391255,0
0.8853998224720521,0.6427852114817887,0.924865997850034,1
0.9825647648102973,0.7101285284601891,0.9968134658919497,1
0.007113538558401367,0.052623124907503205,0.006386588265345261,0
0.21183951425439343,0.20494381464093245,0.16614103762258964,0
0.30480872912834894,0.2327984369829982,0.23155791533073242,1
0.017784956235286458,0.0948861761477945,0.0395472527440293,0
0.014898202655104378,0.08680675708392957,0.017548226770966166,0
0.192414538478488,0.2116312515311018,0.22612750812605678,1
0.025474120314885388,0.11220333145375463,0.06097340511979795,0
0.04300363397035024,0.24205129282814994,0.0037431331099358096,0
0.026227220804611824,0.05975899468960473,0.021292924057191426,0
0.019552181855424264,0.0820580623143232,0.022496791306714104,0
0.9354772277226612,0.6267897873373669,0.9932452879637149,1
0.021597428782387067,0.09806254630384352,0.03397405700300284,0
0.022482816969759997,0.11858819843340607,0.0329371905119256,0
0.0012653474089280201,0.045327101287575416,0.0019499808335449636,0
0.04409786860514415,0.07619103392253906,0.04627320249798823,0
0.1583312109311801,0.18381589542865992,0.16993880173689058,0
0.20101630078736082,0.31386117194196095,0.11546443341134051,0
0.005508362437654575,0.053521187102985666,0.007596439835448801,0
0.01872283731068778,0.10419498317908531,0.02370482338830852,0
0.9571852918276853,0.652349135260164,0.9978402616729998,1
0.17859464382325416,0.16667925181258889,0.1672074748812666,0
0.16209399907017866,0.187137673977577,0.2319509770006246,0
0.04408415414490627,0.18997418426075968,0.08133894217188643,1
0.13293371354417763,0.21523552112761976,0.1997307803958224,0
0.06000273295791805,0.18174440116487056,0.13886862121275934,0
0.549381304095287,0.5569236055899612,0.6019147904834383,1
0.04591407371368686,0.09250206310323053,0.04693643289768233,0
0.9562988478670438,0.7259603228734629,0.9760746229065778,1
0.027886699260846592,0.12910689406272222,0.06648251863304726,0
0.23032068368246553,0.18210311049749375,0.2211454834544211,1
0.4758086689332952,0.2810293094326865,0.2949952469907365,0
0.06239934953738501,0.10964641766988681,0.05762622192285766,0
0.09083176664094393,0.15043477042109854,0.09338836010241011,0
0.20023051488685067,0.20161147143491664,0.1702524336646412,0
0.0004136930769664224,0.0971556323433234,0.005979831820463644,0
0.08719818351759918,0.14807012742505843,0.09617071935517159,0
0.10203924372538165,0.14607679709307153,0.13695462550284096,0
0.06136894368751781,0.1512488643849556,0.09504397034647048,0
0.0005696260881621125,0.12758473167093984,0.003946581141119107,0
0.041086885828229065,0.06978289255936374,0.027563403081556647,0
0.0032103208563166877,0.041105098530006164,0.0011842886414921287,0
0.9867407562495809,0.7138578683488255,0.9968091104507071,1
0.021966778968317956,0.12785844363650556,0.030658476445314112,0
0.07720840942780752,0.15162555856651708,0.08502057782746107,0
0.16837806444396236,0.16984857349480323,0.20115445337698334,0
0.03224374920570519,0.10389622213897241,0.0597808271227938,0
0.013889276515853245,0.08064373960067818,0.020803741428124592,0
0.012208344879302911,0.18601303642661637,0.019735463416349446,0
0.011728134743037282,0.07593344707891822,0.019038707993278756,0
0.05809854462399106,0.08683744295967856,0.046475762727680205,0
0.20650275453183267,0.19457320672781417,0.21282235417439277,0
0.14690088058329182,0.17352684662276516,0.154203899537255,1
0.00283412646645897,0.0506040687058931,0.003581734350742176,0
0.10091823707733504,0.1530841020837816,0.11036350745452968,1
0.12543118818654223,0.16003393514767641,0.17436534302147688,0
0.17193739827306043,0.18706705148128286,0.17675232760367093,0
0.1027451567685637,0.13968748961879393,0.0842302131195837,0
0.04749753666555866,0.08538031623699145,0.044970110403824176,0
0.2803077095958905,0.24931371553019088,0.25917353181523967,1
0.04690939112406756,0.08038896687687919,0.038199644665611376,0
0.038491577588640496,0.12849898497300064,0.12009994585396468,0
0.6441667530082442,0.49181846535106777,0.5623420665980636,0
0.005823263709700986,0.0415387395979782,0.0029798963413175087,0
0.4465326929811884,0.3504192625812923,0.021858081056646647,0
0.047302595465950774,0.13324667090897668,0.11144834876958569,0
0.009457082014578204,0.05792873722835237,0.006522020641399179,0
0.12723446077736417,0.15308292711392932,0.09328656914177483,0
0.03141975275279918,0.1417199007182799,0.05319311218947449,0
0.0023760215264973755,0.038165518484210466,0.001692974635510332,0
0.8461817229858486,0.5987343212226132,0.9721902596282812,1
0.009587398607332025,0.06526224223502909,0.008224778320611354,0
0.0028029220339302907,0.04266420177320405,0.0017200440815553803,0
0.903659538409471,0.6383273930090954,0.9901999263948646,1
0.3569629058295078,0.20928400713388318,0.24307451207061204,0
0.6011379983614897,0.4814291444293632,0.7102745642878081,1
0.04177266027207475,0.1813874101879273,0.15568303707510092,0
0.9286767731273946,0.7060011355959096,0.96317229491529,1
0.21083954020951817,0.18586255970432639,0.1882759201059161,0
0.3138755212850786,0.2551874211367204,0.21401199194977075,0
0.6094854555006388,0.3655154032389732,0.5012427363545736,0
0.10323157314786481,0.1861344921818883,0.11924422811930759,0
0.8558166951153477,0.5849488229835886,0.9342622860378864,1
0.04766593231063765,0.10109410812239483,0.05830243098277388,0
0.14665399771633894,0.19870969714165485,0.1332535778111418,0
0.019414894168186585,0.12654161467041744,0.04481358377110364,0
0.0030537487907216962,0.04257665579777683,0.001984250881657842,0
0.2513120613024904,0.20771093847384156,0.20287874049970422,1
0.5884682038177853,0.5677620169490127,0.6270418347974729,0
0.017717536879780525,0.0906911998149288,0.054489075447183635,0
0.3668981135200396,0.28050940102372746,0.22025936807967297,0
0.04073172327073717,0.08860686459166137,0.04675379755082438,0
0.008533170823239287,0.045676766354457665,0.007319454655390991,0
0.983799125854261,0.7292801371814639,0.9971167717973205,1
0.8886408303919444,0.6562879079858386,0.9829554024347515,1
0.9037049562340684,0.5706243498372715,0.975734436340398,1
0.011010289703626205,0.07634994774580398,0.022550055533186047,0
0.015414464628829026,0.09440125655660253,0.030002982492201586,0
0.04550884125639828,0.08652911651144239,0.055722260657719416,0
0.04620944149502757,0.10904228637424881,0.06800615599490797,0
0.022747533151689397,0.06188756800736988,0.026140326227928713,0
0.011419807337753034,0.23413287823154427,0.03747665441610781,0
0.03964022438667294,0.1584508115820196,0.05905049476193101,0
0.12136010327544217,0.15646339772789922,0.13591531941045917,0
0.0371487248359589,0.07252215353623571,0.025125597877086275,0
0.8829630891637857,0.607746430939468,0.9862648450720288,1
0.017110500270533166,0.07866334454309595,0.021474122672017128,0
0.8841874133723928,0.5816909470369774,0.9529714798961616,1
0.1535441615425309,0.18936446357929052,0.21626972788318305,0
0.0464086081239379,0.16848488387608518,0.06172293424049087,0
0.015658024184576343,0.050440646446119584,0.015490527870646887,0
0.20014324363291477,0.27742949339730294,0.005486298039228713,0
0.14621680419070524,0.17332653544144172,0.14224033872219877,0
0.006322386222465996,0.18900127416009213,0.007207446577560106,0
0.004191814410467592,0.04162118227131632,0.002720018153969809,0
0.0022530832527692607,0.038815794425373605,0.0008133296671197933,0
0.020148716353914718,0.10129220655619743,0.02826555748291743,0
0.027095168717045218,0.12984848772009122,0.07443690226553794,0
0.8127512550580777,0.608198295780575,0.9291103309750789,1
0.7418325541667062,0.6055562908717758,0.8173026626826153,1
0.1967002890569021,0.18137735698464766,0.23687752151343058,0
0.09846605272686909,0.13237971320452813,0.0988442303552595,0
0.49237253924693486,0.27500865766780347,0.35970270635191653,0
0.057794233238752935,0.15090529038379186,0.13520553254170892,0
0.17918003825725382,0.17015776062348503,0.1525929534699693,0
0.050845495501518394,0.0940898326595499,0.05703836071693019,0
0.0809006097547764,0.15470742130218487,0.09439649862333956,0
0.034559380686170725,0.08265097252172436,0.02906782927377998,0
0.8504684329079043,0.46179877915990886,0.9789634277727189,1
0.2010568071612107,0.23229180572798172,0.20244415179770242,0
0.9688322824396309,0.6769514856296723,0.996195702388328,1
0.0028260995090947567,0.04428142188612175,0.0018773763415489168,0
0.059790011753951246,0.07110017843757468,0.044107873495354506,0
0.22177263393274577,0.2102077453995857,0.22050884522094785,0
0.3115641472848369,0.3041264115523497,0.010058511091691216,0
0.045433969312234784,0.09655286123486584,0.05825384637824072,0
0.1285646193536285,0.1626829041308867,0.17248529882635252,0
0.001973322790111895,0.036208892424964216,0.0012852694463229971,0
0.06994587844257714,0.13493418001033475,0.12529345166890302,0
0.3397807370131353,0.24781962179878314,0.33037241396272804,1
0.010525021751886311,0.06688032862806341,0.008188203916564695,0
0.05944754178657831,0.26075054673547143,0.0024530201084060387,0
0.12510496309871608,0.17901051969031156,0.15315941508808417,0
0.08964556751511168,0.16081122746610876,0.09801938497993476,0
0.06002955938679387,0.11785372446654784,0.07515350414549897,0
0.36194957762359853,0.23501419558767306,0.2576004379013243,0
0.07611392662329645,0.14534829059478654,0.07825377181326162,0
0.9749963469674519,0.6900239309041707,0.9951125286701011,1
0.016562049197649305,0.10007639952044026,0.039135487674753805,1
0.08489699770441198,0.13326395989968995,0.07785317133883672,0
0.0016667824875507189,0.0882759588571659,0.004544009941962589,0
0.06819135935821456,0.1517314588943485,0.07581970494512963,0
0.3406319934418373,0.21694082068912726,0.24969397928955295,0
0.0852663666103783,0.14607046210712094,0.097819273085508,0
0.03882072236731066,0.08848571253011496,0.05295107283695459,0
0.039617241615238864,0.1563069303521828,0.07276231746996577,0
0.018918975176900884,0.12590623940146684,0.048449906036099055,0
0.025576031321248742,0.05899791826638205,0.0186408885817457,0
0.08325733886118468,0.14832603448801415,0.08509944345569216,0
0.14234381361465237,0.15865697986470043,0.16742225417228584,0
0.00018464633180782547,0.038387435674467056,0.0015939498746490198,0
0.9788161136423487,0.6838925864038925,0.9981982097878019,1
0.3714116802387017,0.23524814580224798,0.22046557007628068,0
0.12792727388767425,0.14479566909042513,0.09518581151457713,0
0.18376196687149998,0.22439259289885977,0.20600225700183872,1
0.2619757650446949,0.21782854501203525,0.20167468168103359,0
0.14223846199695558,0.16075351116051273,0.16884672999788178,0
0.015248676465882996,0.07146458654457445,0.02275006897894899,0
0.8860657363860592,0.5881310431549842,0.9684493819974257,1
0.08411668097842002,0.12488888993322174,0.10735823048015167,0
0.34872122460737875,0.21176008938162022,0.2110063930730647,0
0.0004160353840045761,0.08141514421316512,0.006026088289533561,0
0.27293264643692966,0.20566965821674565,0.1881096558803431,0
0.1622747023467845,0.17296222918833876,0.14525440074182494,0
0.032746449273006545,0.17918034401096636,0.07080251636113001,0
0.020631998327462018,0.12405863194444176,0.04954736241256949,0
0.24040547288788322,0.20153690384899767,0.22689183747130776,0
0.04311563987764985,0.15843472045145662,0.09438243137456433,0
0.07029780286229412,0.1363021631627778,0.08296945710782355,0
0.03593135175016488,0.06834057639690377,0.02778611529142224,0
0.16693883130753276,0.17049516137570808,0.2321375283549625,0
0.02894728589752873,0.16297381506910158,0.03507219257413272,0
0.2897135850446529,0.21281029047827418,0.23912409749610472,0
0.19125908039680475,0.20709201749164452,0.1913638853882448,0
0.2066854734709607,0.19908134171141156,0.2396724843422059,0
0.013182176507576209,0.07870731406866975,0.03414215861346732,0
0.8901930905995494,0.5042623444800627,0.9838027368928945,1
0.17961356152916563,0.2097372528166117,0.15568274469634283,0
0.2222820205669064,0.2090758771521911,0.1902395498569298,0
0.0003548907795200096,0.09347600938524367,0.006218400356742664,0
0.530573925682901,0.30338516166521007,0.41337744545539834,1
0.0011210249758515397,0.0948319957709577,0.002797022372093892,0
0.7685189919238667,0.44424654249893863,0.9028013836697217,1
0.039354761298199765,0.18660432319856077,0.08231946874814086,0
0.8945460593494844,0.5436973080541715,0.9718688345826783,1
0.007929427371204733,0.04758219986363475,0.007254462420954986,0
0.2051862622497211,0.1805648940441423,0.218636172152623,0
0.011956441797730043,0.08680670689496037,0.01866044842903442,0
0.0004058376761021418,0.04789666657510196,0.0021741705330472257,0
0.9622318224234041,0.6918175500010985,0.9972843024457337,1
0.01293277068551677,0.06082155621247925,0.020673007686907174,0
0.21383361297193332,0.23151578291863772,0.1653660700646179,0
0.018698238014096126,0.07457468563382567,0.02758502828416691,0
0.0021900321957300114,0.10925101953952239,0.005657517160391073,0
0.19832983293319503,0.18969806905373646,0.22451035725059657,1
0.037075581490800744,0.15785376491227082,0.08101720506255089,0
0.10593745924311578,0.16395550986968752,0.10234604640675231,0
0.861317033917217,0.57837071309192,0.9665826654397719,1
0.8468796811918512,0.539159902239361,0.9632085275491629,1
0.010971040970611691,0.08646459079424296,0.028559019252401285,0
0.009974277369293816,0.04456342345705601,0.005614258792395033,0
0.015908432088491842,0.07455629188954256,0.021975887473217433,0
0.1524591276485882,0.19117118614541354,0.22471185215325853,0
0.17002291026173866,0.20197797940483134,0.23401542180873688,0
0.6381500995423675,0.3988247325857872,0.7089679889766676,0
0.010376513674127126,0.10089137564138774,0.024723981590967444,0
0.08849262973271194,0.15096178817252348,0.13202825934148057,0
0.006676585499037243,0.04140728137140615,0.00277891844217131,0
0.01718719435347164,0.2329105037235512,0.0904363950806936,0
0.05442368634137553,0.1421209966616698,0.10245872804882332,0
0.012061087251352241,0.08691890390478303,0.02919763931651704,0
0.9401284455332787,0.6595601323427236,0.9952920965725216,1
0.13021644316203249,0.16633298526309864,0.1293003718396544,0
0.004136598972334873,0.1605552897563935,0.0058887376635286,0
0.071379161363753,0.14438428561970482,0.08890897517507419,0
0.12977925077069863,0.19220418100475659,0.13048178920272444,0
0.8849163325677545,0.4898121519928554,0.9495731962317367,1
0.0246496138920475,0.10173416829257674,0.055730836826741355,0
0.054303353378017664,0.1763796649145862,0.13247327807587875,0
0.08830883892467573,0.11885249629986698,0.10278252469519372,0
0.06708314896867684,0.08864697661815157,0.05759818680660474,0
0.16289292448521162,0.19247960401376962,0.17552101299664424,0
0.009862976342166428,0.04296852649110603,0.008984650431229257,0
0.0025727301034787426,0.04202660658703642,0.0027321392565034706,0
0.03877957342342665,0.132724717057029,0.08423484560877095,0
0.0986279803600583,0.13579171429611858,0.07097685323133382,0
0.03411180987070756,0.06868844791927892,0.027200879213798435,0
0.9792161815148318,0.6890508043738671,0.9963617723252356,1
0.013003114637689392,0.24111183723254334,0.0604953313472912,0
0.20183408325210883,0.24745352002278653,0.2059775123291351,0
0.007181147328914897,0.05601194340689623,0.005705378071536717,0
0.0743580029988141,0.10681999889620165,0.10370273176420403,0
0.14570627271137734,0.15478275525226617,0.1694759001428647,0
0.09241117825232596,0.1325273300673345,0.10837507840034667,0
0.9147332430131423,0.6057552708216131,0.9869185512178514,1
0.05896165646876756,0.12205964678001627,0.0667166861773611,0
0.000993296379185672,0.04578649045856423,0.0013121368071901567,0
0.002503267970590704,0.04308591396563676,0.001871600369226953,0
0.02525356840534044,0.06218036603710987,0.02195749756843563,0
0.38688196304950195,0.27079850555887114,0.26675167060564586,1
0.0002221085104129219,0.03991093903095052,0.002085008747729184,0
0.365557836634118,0.2520973501216694,0.26871629976573547,0
0.11826265416941353,0.16084334355234176,0.13622089582364394,0
0.1334541010877712,0.17419470300139045,0.14692248198906482,0
0.9651316117777459,0.6553110924305958,0.9945649863683149,1
0.8330032502439797,0.5053928109801867,0.921421306896952,1
0.2702401341164203,0.2051736615135923,0.1550751168082384,1
0.13793164434956295,0.15738168169027383,0.13779562520373878,0
0.010657763817522814,0.05063521508497126,0.010495155987912492,0
0.007571813482366498,0.2058734498802232,0.07130538123155479,0
0.20539503205900106,0.204786956739704,0.17851049810677908,0
0.09861573809226254,0.15982654680818975,0.12709395841864465,0
0.14515046326670988,0.19454821242735215,0.17634405510772688,0
0.15485565013364314,0.17104136202769246,0.1201062519190312,0
0.039594101797662505,0.10171037130433563,0.05362765877961977,1
0.12260940969989279,0.16214980976115287,0.15926377139266076,0
0.0037339063273249457,0.1578391268795158,0.006295741564509149,0
0.000860605274868236,0.13083564016484014,0.012880757095029656,0
0.0317858263935727,0.062266706967872607,0.020212164175151908,0
0.04031782734250144,0.11577240200739901,0.03972526715028047,0
0.0554438665735028,0.18287531753277464,0.1437918230722374,0
0.002764856825358855,0.1233096823792559,0.004948130814078979,0
0.046499815224286256,0.16797055801028485,0.17856088381454976,0
0.770017789665945,0.6442815859496618,0.8616760189374706,1
0.09964637158297915,0.1621033837117019,0.1027015911013596,1
0.01704550796634552,0.08461682878608494,0.0308822150174736,0
0.03718662639850723,0.06542967065701547,0.025699597103368155,0
0.2780898331438837,0.20569232932170067,0.22023178008972658,0
0.9613330980595499,0.719870993248354,0.9967916296597258,1
0.014423611147519933,0.10208318642945406,0.05752814749943545,0
0.18907460290775335,0.18252498793453362,0.13888551055870635,0
0.18094678465327246,0.17717708323682638,0.22956830456071858,0
0.0707941899405732,0.11061246088947777,0.1345715581375734,0
0.020886169594610673,0.053262156022362867,0.008902939365214604,0
0.196379905072362,0.21827184966331029,0.1448543986873381,0
0.4808133680212542,0.2795574636585319,0.34626589141613656,0
0.010787007142411485,0.054131806378875165,0.020673007686907174,0
0.2110755526987395,0.2060560317230462,0.16040905583100956,0
0.03700963155658683,0.135700719832107,0.1084881218232132,1
0.0089272873200112,0.06432804293213981,0.007395549894347066,0
0.07337860623822302,0.12672760567592042,0.07995230323868191,0
0.0034568438988825355,0.04571642504084312,0.0016272495989051435,0
0.011636462887064844,0.05707520547995675,0.006175854872470901,0
0.00016603192794990558,0.044559859642893815,0.0035968919247732103,0
0.9637748788715973,0.6552613830083063,0.9960621538630128,1
0.07044766571622835,0.14381975781379955,0.07578374581950696,0
0.002779868319809982,0.043325244543986084,0.0020935445185278297,0
0.0027163963605479173,0.12884082596723717,0.006305503117513384,0
0.12795165449462115,0.17775949194148097,0.18141164624197054,0
0.6737153460931923,0.43347388108722673,0.10086999572838765,0
0.10621123414153985,0.1557867594680877,0.11460110808227147,0
0.04352423558305639,0.13674597784039966,0.11868763203952314,0
0.009702734093033476,0.04895601847547704,0.011209755417030572,0
0.01721602253552937,0.10505115881621846,0.014381189806521744,0
0.07307848707842474,0.19037506534429466,0.19989212427652583,0
0.974196932179218,0.707938103199923,0.9972418621364886,1
0.01573257855717366,0.08541030684662482,0.028057718742983878,0
0.1907025322528249,0.22206785705084264,0.16428215752476832,0
0.001751499303808002,0.04183766474282237,0.002667065334439412,0
0.0827909582686152,0.13525918379036436,0.10674204011386071,0
0.009787632411930808,0.05430630776561167,0.0046136667703823315,0
0.009681897652019569,0.06640351352082192,0.005306241533505366,0
0.06645347305981832,0.12923774121585788,0.11148420013570315,0
0.5338369400459337,0.2930071435034561,0.40849739256513345,1
0.11664631585886898,0.16721123809750324,0.12798901122648623,0
0.07417550141192514,0.18656736640857785,0.1955715014511967,0
0.9850180873385919,0.698220471144805,0.9968228529624936,1
0.13063169944421393,0.17813803143370677,0.1853131665228525,1
0.02766413538247187,0.12569686932402582,0.043824582779064834,0
0.15859775835024809,0.16438103682086358,0.1532286479215443,0
0.016059410254177318,0.08066863229618425,0.03548113817369688,0
0.03944708836174912,0.12027966886607291,0.05798443054110374,0
0.0009234546729623588,0.14322456639551,0.014871942221470353,0
0.005278189838398582,0.052594699977744075,0.002174307106247373,0
0.8968640600266137,0.6049988720346735,0.9748391255327834,1
0.04212511543252429,0.229125701865038,0.0019240999508648884,0
0.1061856802084088,0.17642127668843774,0.1339524122886957,0
0.11979056359287145,0.16352343908886152,0.1475062959366964,0
0.21846317414445368,0.19778756597027733,0.2638606949174214,1
0.028853943126403072,0.12409811995520685,0.09375860607407613,0
0.04616513162436938,0.16462782804780665,0.12452438910332285,0
0.024433573459564255,0.11067609799927726,0.05482189986359153,0
0.03180546980263557,0.07582175362250228,0.019614427309813744,1
0.03964053826238223,0.12714230098561885,0.11143873136295146,0
0.004397997609999184,0.04310274922125046,0.001982436196654185,0
0.22842163680588576,0.19317010318623967,0.14764858781019807,0
0.10999202528375243,0.15355156898058822,0.1066787458306565,0
0.15579018739697492,0.18973620277362643,0.20068165443779992,0
0.033527685708147646,0.06425502275806744,0.025045561182266043,0
0.23429800645618978,0.19155777609096916,0.1950545954669813,0
0.1551822090223694,0.1802124031393963,0.14457920801411353,0
0.9448645837353321,0.7035824949073458,0.9948032921098253,1
0.8469137632008897,0.5674732094386495,0.9773474282162632,1
0.02769165416946646,0.05749694908140222,0.021773823314642952,0
0.008933135912686345,0.05524641652306418,0.0046071765692100655,0
0.9166482907575649,0.621865606337477,0.9928628318474022,1
0.0014193552176653033,0.08646671706736152,0.0053648349289102506,0
0.05765366428491648,0.1534285901197359,0.16554166787071595,1
0.21869210238586229,0.20915940552988185,0.1839487715556927,0
0.16674657405111426,0.18390010023509776,0.13529383524236732,0
0.15682957765830027,0.17824345320148316,0.1907482276166105,0
0.07871065571252156,0.13164645602925149,0.07351541609664922,0
0.09140890777639857,0.16575965912081608,0.12090120794779026,0
0.0006098755610763146,0.1054930196898036,0.0033004406298126165,0
0.002194596662762198,0.12578653930991518,0.006931704043258764,0
0.052992173561007154,0.08864166569041922,0.05007060904491734,0
0.9678019852273181,0.6784597850985568,0.9965611939715088,1
0.019211721925514125,0.11259142304863855,0.0465691730244903,0
0.035698953452350524,0.09929993855738704,0.044368660130366874,0
0.015561557608422724,0.052133090194218384,0.011712522534524946,0
0.27727589217370824,0.2437707714422296,0.2258312507139885,0
0.0033042583477157707,0.04940098317524408,0.0029819774152142773,0
0.1003738177478343,0.13473204976852882,0.11514728632876531,0
0.8154295871857653,0.6852565705309737,0.8992012991661205,1
0.011370165388911014,0.07548371154991405,0.011239512803601075,0
0.027590187425751162,0.10795589376445061,0.04982743681053783,0
0.02328556977827893,0.1291690970638836,0.030365319118780005,0
0.02682906809166945,0.1317903715986277,0.03290818894367537,0
0.012383404065735673,0.049820857339162236,0.008089728627614043,0
0.03143868816343752,0.06394312134620722,0.027057933752575845,0
0.14525755228521325,0.19186419123373905,0.1848830832667021,0
0.2814267962584544,0.24071470162162661,0.2192545774942978,0
0.10415280069564907,0.15396611259468862,0.10278987361287031,1
0.2554630700204979,0.29996388280380604,0.005910718563346029,0
0.9819727726961527,0.7226922519791353,0.9981106307780255,1
0.010410305902955027,0.06832693836652555,0.02107875237373671,0
0.09180360436696286,0.17856787973079064,0.1042740933165033,0
0.09849051282307048,0.1584781368522862,0.1179183565091574,1
0.5073336406432644,0.3095605748789636,0.05452048117128508,0
0.3301583319425755,0.22033156168217474,0.2867671313472221,1
0.03803166099184847,0.08524970109411213,0.021087919570717584,0
0.9697341547245983,0.655687999753584,0.9933879444851209,1
0.17089464190406245,0.18919174564748278,0.21551987390602273,0
0.47261950915589984,0.3809936447722625,0.046671151604947274,0
0.02366585233835782,0.13926287957547195,0.06023175381023028,0
0.03956420852717379,0.1899915898964259,0.07970025165129781,1
0.12790873103618888,0.17950440287582908,0.18830475662329005,0
0.034983807366895395,0.07778925483222006,0.028784681721956442,1
0.006668257978820358,0.17080298057911697,0.012853820302888959,0
0.18320343943776465,0.20120813114119876,0.21418093932764332,0
0.03533365559729554,0.0870044234301646,0.03959660748883712,0
0.8372600141866674,0.6305905695537981,0.9235983507615156,1
0.1912377133706634,0.20724900697400553,0.18382794959855892,0
0.013475281600406756,0.053817654482356196,0.020273228763341342,0
0.05022883871835607,0.07266550430225129,0.029013682933670133,0
0.14747141046292436,0.17269192625878335,0.21298278789507405,1
0.006992333572444668,0.052220353326670535,0.007828674270271854,0
0.6092899592711465,0.5607023275783466,0.6806025616093693,0
0.011499902376121762,0.06083201819280177,0.005975869802591863,0
0.039916851309544955,0.11381854526333826,0.06844061620210343,1
0.023420244344001896,0.08012451585734456,0.04374524946196773,0
0.44898711789921425,0.3008786505073914,0.030004606943963924,0
0.03005576815145941,0.10746967609780232,0.052054423028677785,0
0.823326533447722,0.6024821322539158,0.9728238681625331,1
0.03289729625116663,0.12589684593507305,0.10137940379073634,0
0.24998004038871366,0.18469334896148346,0.19419458780010423,0
0.16090628659700804,0.20352780932389222,0.12903232941454218,0
0.014458773593544267,0.054212068490009487,0.01690461638538099,0
0.25288989677014745,0.207845228527551,0.21746969947783573,0
0.031952527476909534,0.12492538156947103,0.0381195950752992,0
0.012544704583227862,0.047116226678683225,0.01614145049692813,0
0.032967178741971324,0.11113637868267429,0.06467958835228588,0
0.03593646834149146,0.06363187653900383,0.029283513284671638,0
0.17521653959409927,0.1836060754264598,0.18557564326131107,0
0.9418828286297728,0.7001254463675873,0.9945602865400271,1
0.01208669958296952,0.061082747751116696,0.011955796860446385,0
0.10294709000887942,0.1392379192437517,0.0896585369683143,0
0.001767699855850925,0.11818143459824598,0.004889097171302026,0
0.08669718540483082,0.1533449969307831,0.12353909815040116,0
0.036566127850006194,0.10473139043767414,0.04015143957388593,0
0.11433638386197578,0.18068875788330646,0.13088943800042116,0
0.007360348391607439,0.09355304285968656,0.011965633094101966,0
0.009550528456273646,0.05305183336222783,0.007254969193471485,0
0.05509913537257674,0.11420462280227887,0.06954514730820285,0
0.17256523684195282,0.16995878354866004,0.20137821265939249,0
0.032183232076054245,0.14284110942559752,0.08051456739711692,0
0.4180014479549086,0.25342384168127907,0.25914440423737983,0
0.3284808811204571,0.22722460177314466,0.21546490648501945,0
0.6891879485402633,0.5424676590220031,0.6569583611428149,1
0.14841318696341557,0.1934864357047999,0.19841603894533047,0
0.9906917160362348,0.7584651888944821,0.9956211933875279,1
0.019509881305679315,0.08917854697188475,0.04096559409315029,0
0.10603977878436341,0.21078285384127654,0.11815317814930092,0
0.003150991129402885,0.045609848492509,0.0022847258701750132,0
0.03085595668088487,0.05899378854136978,0.02711900414392292,0
0.00024193052561892445,0.042568783992988586,0.0019834231905364206,0
0.08552411716958568,0.16769973151862377,0.11397435117056931,0
0.04699406218273917,0.0940126082571434,0.06135077011719316,0
0.05727236836684659,0.17677944754313044,0.09262640670833074,0
0.7672386221551332,0.47195794468017555,0.9692676770795323,0
0.011019325461247734,0.06548991830577522,0.0053535274716914605,0
0.02879378402779992,0.08822045262449417,0.02445049017393965,0
0.02524161621885173,0.06157835186532868,0.041732576028226075,0
0.22874091871749827,0.1971765705918763,0.19192690382605251,1
0.08657944598653354,0.15250274539850073,0.09816571494994422,0
0.009413743784250049,0.05917965178765879,0.005577892094404237,0
0.18939127113228493,0.2071210102775086,0.15983703367190052,0
0.20077950502002995,0.18755774562423816,0.1654299985949478,0
0.18710016929297607,0.1766166129985476,0.18166340269128722,0
0.1957301031034901,0.18315025149739225,0.12330523790934333,1
0.058962744732563195,0.181384971608871,0.16518249040588054,1
0.1794734161012033,0.17018793465580478,0.19535673130378728,1
0.01751904883685301,0.11783979585374847,0.05258545325269206,0
0.0021502540472796107,0.03664174989107885,0.003058782537897771,0
0.43378066758424455,0.35673118057633657,0.23312865914328626,0
0.16687062398375724,0.20541069672728243,0.22171915401542294,0
0.4759920118184778,0.2737765657526225,0.35561472242645076,0
0.011596837652139431,0.08040851157309797,0.009303169646016572,0
0.8323987970464027,0.6598608449891012,0.8741692601009737,0
0.057573336226384615,0.07643267878323805,0.04897724411172318,0
0.021110657364941835,0.06142377680576549,0.02133662531214984,0
0.27889967130567495,0.21513217313129776,0.2243244201981938,0
0.42583769909891533,0.3465068422162848,0.24991693779949906,0
0.0909473208154588,0.12905602374889885,0.0875850484618967,1
0.14765505875675977,0.18010217268733206,0.20757233880470968,1
0.04657437731847859,0.131507253030905,0.11681313795386598,0
0.052562553992806495,0.07290706390165907,0.024153492182727537,0
0.12389042963880469,0.18107547115352465,0.17086711748548028,0
0.0016708194683553955,0.13950542679700592,0.009996492978206829,0
0.06796145888733719,0.17943146480556954,0.156444425586578,0
0.087427212840519,0.14540560417967827,0.07225554014160455,1
0.06423105360335218,0.24901850698832934,0.0016385004397602874,0
0.059243471216370934,0.1622162726804572,0.12070811632174687,0
0.04104548845836591,0.0903844914790081,0.06084140669639375,0
0.14903219057332945,0.1463278180484016,0.13769297279415826,0
0.21720333292026756,0.18972853456251096,0.17319508041379192,0
0.9099416028444653,0.6414088217068802,0.992211451226746,1
0.021551872752406102,0.13352768819294084,0.04336904958988296,0
0.08644596919988362,0.15078317014123604,0.09220294232261436,0
0.13796776071443367,0.1812151609987577,0.12841795474295883,1
0.018068949152718228,0.11448554794641706,0.04019604749038941,0
0.3080361134797664,0.21316691956533299,0.20741983718370596,1
0.002860971339755436,0.05786098926668286,0.0030818155334623185,0
0.16659533055169315,0.18957317254396155,0.15250660757432757,1
0.208653654001646,0.23439471759204666,0.2445443840300498,0
0.9780667415944242,0.7155074698209235,0.9968375778885572,1
0.16032488546612697,0.1768855163427766,0.16529704294136252,0
0.051853039926200835,0.15069042490207324,0.057984802444754215,0
0.1933084507872787,0.2222372714066718,0.20725941234625747,0
0.06982605237231844,0.16768777382106978,0.22568347758521692,1
0.1103232737715456,0.18279160314789503,0.2304604673577865,0
0.10582509936049173,0.15762538821302752,0.11844088250886745,0
0.029993609023704102,0.06430368035976382,0.023765502476561846,0
0.046933882878947404,0.19773845697766068,0.1804502906935627,0
0.0014820639616608818,0.13550073212830402,0.01285890529882314,0
0.004199855269492792,0.05153003082251227,0.010508429898265993,0
0.16831371328482428,0.1785937645828472,0.18403922489261682,0
0.29144456782617884,0.21116298370251108,0.19871248228313632,0
0.002192793531238979,0.040165052332714946,0.0007623543583310701,0
0.36329132578497453,0.26363178698726647,0.301938769775076,0
0.03293900134749768,0.07638027124268097,0.03973150622078063,0
0.12315013543647434,0.17398997633384777,0.1759318782558989,0
0.21457114409720476,0.20768227471800857,0.19447180177094958,0
0.48878636672348363,0.3550355005145972,0.013277913621185083,0
0.1708538619130812,0.18526442574058694,0.19475064041235157,0
0.09347758241851355,0.15171165241114098,0.10293504307748426,1
0.08691045716359504,0.10816789238172204,0.09505253247590686,0
0.27284686701299804,0.20520639638181795,0.22202724108806315,0
0.14445465775394853,0.18547598991504888,0.16111742619759595,1
0.08596721509619083,0.11700625631795947,0.10615052784600923,0
0.0012739057173588658,0.04018768601661512,0.0012957845518032315,0
0.09527119021234459,0.16416068641109252,0.11610147337914291,0
0.04991702797042791,0.13736275576938914,0.11606099850656985,0
0.15706974960984493,0.16931418989497332,0.19135791979308955,0
0.035423317620630286,0.10232718372457453,0.0338152204263944,1
0.0823124171641828,0.14755579518664003,0.10778637280185034,0
0.006406225266748758,0.0537586098603728,0.0059123561881896415,0
0.05822256453981361,0.12234196301750741,0.0905764749468527,0
0.0536412007422462,0.10425893005226924,0.061884689631831614,0
0.030312170412712013,0.16489298976871888,0.07005126386053799,1
0.017729370352478225,0.10982179594629349,0.03186963448157793,0
0.0693636967031841,0.12900754745176973,0.10473458311868938,0
0.7678387595367739,0.604386473518273,0.8577898791419794,1
0.004099629007011759,0.03839769602301356,0.0032839749376473563,0
0.9181042432127294,0.6377925576169267,0.9883103462835391,1
0.12068882189748245,0.16518619844535418,0.15722386264596905,0
0.038905408550735314,0.12317531124957327,0.060289636022625284,0
0.07641079191398081,0.14573182239254348,0.10628395817060159,0
0.12592265552975224,0.17267225737609038,0.17253342870481372,0
0.8269210038139083,0.5013045681492233,0.9527305593226373,1
0.008419502586016061,0.03944982027231436,0.004175139274791838,0
0.2848017414246335,0.2315162345851992,0.25651408053911806,0
0.14324335398452667,0.18549607608679256,0.1514273959810993,0
0.2502395494995146,0.20006804369834583,0.20316686787109461,0
0.8748288247584467,0.5387246357365931,0.9591273750969714,1
0.17182349788000262,0.19616145094108334,0.148442724750241,0
0.32265041522393034,0.24065613655410995,0.2178116722516967,1
0.583838377362738,0.5333940689608124,0.9232691274190469,1
0.05480587793456955,0.1162060747214833,0.09292137907199717,0
0.041283475432785294,0.09349829335806337,0.05903271076067683,0
0.7949693229229863,0.5824128803501115,0.8117677217422025,1
0.3362571524701107,0.23508962418214677,0.2669598652336578,0
0.21257069692316152,0.2194476872809345,0.22543303796350236,0
0.682311180992208,0.42665502959095486,0.6390084404915588,0
0.12648453139825114,0.1764761437119156,0.1606785052020572,1
0.09998872425279783,0.14350999723847907,0.08092448622034275,1
0.009702913738862435,0.05442028459320324,0.005767864594898947,0
0.2170822589799661,0.20447395490846393,0.21071088557154077,1
0.28672549706566075,0.21136016088761964,0.2888479154165329,1
0.14028953788966453,0.1653060510241443,0.1418209176612026,1
0.1013781099115553,0.17114177558111252,0.1069579264243323,0
0.36536219142009546,0.22194920228379422,0.27640815670495755,1
0.023221413535005588,0.09495720265955769,0.04322377077699787,0
0.05630572951892697,0.0891453550382917,0.056057765429877546,0
0.04135863998053321,0.12325466413143493,0.110308221598444,0
0.010600880460061069,0.08937782624230943,0.01684346122410988,1
0.06849291388154122,0.12128626693128344,0.07002467131190494,1
0.235018720285084,0.21451048134802045,0.19910176392906045,0
0.11505997224807141,0.15499611101157848,0.1550433689177379,0
0.029506333247560267,0.0754002471263588,0.02038394977062445,0
0.9451870591036204,0.6585006929104784,0.9882621284145997,1
0.14882090417140645,0.1591624714372377,0.12407918359892423,0
0.009105690256912616,0.045316307507999976,0.00338368190668202,0
0.11889990074014341,0.1646368584058144,0.13327584190586986,1
0.02917714453555734,0.06557154229803634,0.021445573010110786,0
0.15919887971215516,0.18668847851093798,0.19872329719958629,0
0.003908405901698775,0.043934294124557204,0.0014418815139204386,0
0.24833814531952814,0.197303095521845,0.2675429870721557,1
0.022287200852417182,0.09676581211858658,0.038880834916473324,0
0.018130604425654156,0.04920959178843237,0.015229924384455177,0
0.043086584925614874,0.16849455448459771,0.07874578391913696,0
0.11620934048949118,0.1481963647004358,0.1177862154478714,1
0.09040315710202645,0.1478406545035106,0.09632408171470744,0
0.05932057852813293,0.07746567645497222,0.05135333314119535,0
0.08633757372703943,0.15129990704803462,0.10602628545492819,0
0.3288071253014541,0.2269507659345799,0.2793414702176101,1
0.06517975918044117,0.11128065246029527,0.11646309183613456,0
0.02240670218476051,0.06810169718579823,0.021771883425949524,0
0.02202947173080978,0.11197598970749056,0.03817067564274334,0
0.0917749871034141,0.15295152902401413,0.11950616688225023,0
0.2990615378874268,0.223164992658395,0.20930421010194514,0
0.07678334642489902,0.1562450167730806,0.09300893942207875,0
0.15961201625619378,0.17058473218001433,0.18298791583799173,0
0.29721286812428055,0.2339922379312271,0.2624275914183262,1
0.0003495796953074536,0.04329427385929344,0.003675232881556662,0
0.03734296971346212,0.07180059495942458,0.022202413603831166,0
0.12481095267668647,0.1799105893909939,0.1766647214694342,0
0.0005050422964692469,0.048790995022912544,0.0029074932985830113,0
0.9733070011915267,0.7166387757942416,0.9967358938478692,1
0.05009891985484169,0.14322105726415485,0.11443018231769596,0
0.1861971842990591,0.1730030287318344,0.19867670620329841,1
0.010369644075348836,0.05682442450474013,0.005682702074129334,0
0.002698649935315339,0.14526615578262858,0.00474611179236396,0
0.00726153511274753,0.04990740549133294,0.003786338733906906,0
0.010499015555794772,0.06588384515694136,0.0068275254481490145,0
0.13054609345376156,0.1707575908106399,0.15666575470164879,0
0.09598553084437936,0.13480704581067265,0.14621605757317102,0
0.007572652644658236,0.19852889253083966,0.016802316412050086,0
0.8836514422383345,0.6181486479976073,0.9850853092952488,1
0.3578062073617022,0.47620022590258615,0.6349025479832189,0
0.027915596842497906,0.12100233791689866,0.04453941481630244,0
0.11905022134885905,0.16076679641286273,0.12397348765546058,0
0.49393498533599833,0.2699040886569149,0.30326430964885526,0
0.00041198951280736046,0.07133626700308789,0.004977545407172587,0
0.13943112822702,0.1714327230395589,0.14836845829339942,0
0.10217129351222543,0.1213485536990487,0.10447530064973955,0
0.20911259428922732,0.19136093960280023,0.22665526337735148,0
0.02901802945476681,0.08998339162753341,0.0324128789820156,0
0.01712411606843501,0.10094842617723045,0.024142760009964244,0
0.017144099784205412,0.07934101662830344,0.007972663091674945,0
0.2111519872464465,0.1898264837771361,0.19483299296165224,0
0.013675473222202722,0.07393477201168604,0.016744127479495944,0
0.19534934895926706,0.17968779789864356,0.2082145403495515,1
0.05734656989101608,0.1358398343675968,0.054355374048585745,0
0.02742448629800815,0.14834909814330605,0.06552678621354537,0
0.011366902138414408,0.05339107934686891,0.004686364228514422,0
0.8778598077356145,0.5649094732239827,0.9873646235285571,1
0.21755737526675006,0.1992353176015218,0.1945002877253209,0
0.0256735534333797,0.13624008853952488,0.05034087305607034,0
0.06974881526585237,0.15512298346447875,0.18793375476261978,1
0.0015087812978596576,0.08996787331504083,0.004121766945533671,0
0.0011241136238590089,0.03800103058127718,0.0010537364411058615,0
0.12500923524704788,0.19092132985051427,0.20393037116160903,1
0.3229598540269837,0.2304482592471534,0.216482439112626,0
0.986957243559012,0.6793581044274034,0.9953808829907645,1
0.021137645808279933,0.09343835553968935,0.051096849211143776,0
0.003663069113642125,0.041848562441561134,0.001457990587791558,0
0.06880003896290232,0.10015372950473318,0.06975108555497889,0
0.31909943699782295,0.22653069472474505,0.2689480844165507,0
0.10609376159499649,0.13123503380041113,0.0903031672602916,0
0.0029343834096299043,0.047276690802643774,0.0032509810986198523,0
0.05102737429698197,0.17782177848023423,0.14342849471406605,0
0.956979760669452,0.6759635979858991,0.9959264580342656,1
0.09153446977157963,0.12719730839557705,0.1349662120671279,0
0.7639552593604675,0.6217970833642316,0.8004958310743916,1
0.1117490418628615,0.18156004146583302,0.16278891161746958,1
0.010093922903893732,0.04590953696197708,0.010958148636446133,0
0.054852740228403925,0.0952272925410183,0.054856162523392725,0
0.2707023872396957,0.19798696948747235,0.19166569685284973,0
0.07312674008335548,0.13953333369324983,0.08133058596973984,0
0.026744741616045932,0.1406434965094507,0.06763811471250723,0
0.007892721266237385,0.07010027300224664,0.0078688671646031,0
0.022909555438578595,0.1390009069974442,0.07816163991712965,0
0.012364766262034817,0.0659854765286574,0.025256666476639014,0
0.16966995432340629,0.20882964972726412,0.22551084365674076,0
0.0012200197323925701,0.08040194032168409,0.003424488789782634,0
0.035277685084351015,0.061654688192157886,0.024196340993593062,0
0.30934441280809216,0.2933219472640699,0.09440189514654079,0
0.017332608612835632,0.09276557226118613,0.035262547612443504,0
0.003670321577677002,0.04227449739315904,0.00361368548866574,0
0.08213923652548442,0.16487374013678158,0.18744132867106303,0
0.07839898820548917,0.1362856954935455,0.08581919771792074,0
0.15363510683114545,0.16554757161969064,0.15638587622111483,0
0.006446482126393519,0.05573475939357994,0.005723210367927934,0
0.029551973364183335,0.13912114616204932,0.05226751901259559,0
0.04002965907070566,0.12225699935480491,0.07787586447030383,0
0.053693344463686614,0.07567844598307805,0.048811096003886674,0
0.26072416865391157,0.20502023965800625,0.1764664591696569,0
0.9747174641144868,0.7031105972986769,0.9982920899067994,1
0.15391981983045488,0.18149201874422233,0.14492481519777634,0
0.020626834069306325,0.06840985055692778,0.021971907823960513,0
0.010561905138406746,0.05095371825186949,0.003348616654995208,0
0.16880416044124066,0.18053151531860012,0.19049378179221932,0
0.18673179127205541,0.19735028986749806,0.2087202724759482,1
0.02843269872700222,0.1592867718581451,0.06209413945531569,0
0.04579012657155595,0.0946291987576432,0.05318948326579248,0
0.22063192017433056,0.411095666827306,0.1291827667021742,0
0.059748403273138545,0.18097591808133032,0.13149961995133483,0
0.007673394022690461,0.04546606007190287,0.006401325542201225,0
0.010204837560643977,0.065340557047855,0.006865612935244205,0
0.11290133597775737,0.15641955388703427,0.09863856624736772,0
0.2181717400235657,0.2143710115959282,0.18548321336820536,0
0.005575527395136103,0.051300280524276924,0.004359458516849481,0
0.022089552914904664,0.15217022010826478,0.054545963799006066,0
0.25067528889205776,0.1725807046067828,0.17390186596419144,0
0.11131796550270259,0.18417335224893672,0.20291515317183947,0
0.00651436484609644,0.19199195393544122,0.012875940332596258,0
0.040875527446525686,0.14871182463934882,0.08040218144001975,0
0.05215051679879072,0.09140332032445665,0.033518996304077064,0
0.8492540834959447,0.6170780791669471,0.9562280389966649,1
0.048464140459234306,0.0971356106463696,0.05689412031645532,0
0.04982882493651647,0.17179818604552421,0.17620181895001982,0
0.1213551856655443,0.1726644753703678,0.12271008582472423,1
0.11573623092624732,0.1511174576424035,0.13443005588257237,0
0.18700961152213916,0.2125847049824704,0.19371319917639176,0
0.37086083084594007,0.25263711522048854,0.3170291177554875,0
0.9821494200249627,0.6911458552400327,0.9981968574525121,1
0.054178087004944954,0.09929679597470611,0.05243667956550578,0
0.00951889812140592,0.08772491179650689,0.011674026827352316,0
0.9551463072841582,0.7230738505833213,0.9908322960812791,1
0.18848370105531995,0.19506972927825905,0.1907011462087637,1
0.0028664444565922333,0.03833086006446709,0.0016233432407171489,0
0.1709230165214173,0.1719243626180228,0.18215635095078034,0
0.029631114045290886,0.12821887395561243,0.10108902978140133,0
0.3703689050034462,0.29238348384536594,0.0087113655278796,0
0.9583882513762634,0.6200985788077358,0.9924684367893147,1
0.22100908955615556,0.197821192877313,0.1858375588998238,0
0.15818879142025247,0.18818803040061338,0.16381262645513672,0
0.7887968050786838,0.606249896417889,0.8883181401200377,1
0.007025538007375741,0.04250746541992942,0.004573757562496623,0
0.00019838839855848805,0.038388409714881146,0.0015189449297299288,0
0.03423087075330576,0.13310423951453562,0.047950377349302895,0
0.0211201824448793,0.061110671903709404,0.01943443094007409,0
0.2645237013998848,0.2190649804866349,0.24806425467448207,0
0.14873041460210623,0.19833639163813707,0.1955280644296457,0
0.0033957753641063724,0.05479961427013391,0.0030604889621693135,0
0.11601868084914405,0.20930656211327783,0.16473228440115584,0
0.44800438252277863,0.2533578161556091,0.31990544046261443,0
0.9577991367263415,0.6401599469817254,0.9947319345027335,1
0.02760928933851598,0.155534292956907,0.04874284138379111,0
0.09100841961457037,0.1818277512747321,0.11418794433901466,0
0.03340019611794614,0.15140250616083667,0.05232211420282619,0
0.1885003529882548,0.19765959030391475,0.19983280700870612,1
0.12923892684519941,0.18445727358086822,0.15531718736606814,0
0.09697697347631405,0.12836919667082744,0.09198794427950381,0
0.16724674919168414,0.18325878658213315,0.16038711406751197,0
0.00031864068860421095,0.06346794062635257,0.003360733772444171,0
0.012228304453013247,0.07434452896325827,0.007965193730388011,0
0.82326122585877,0.5305232088445475,0.9787874594972131,1
0.9652972518309355,0.6868865280686609,0.9960951762148464,1
0.3997260314401589,0.2999996294448751,0.021754557729139392,0
0.05844219986669263,0.11643551435742162,0.06975418304678344,0
0.011091877979532616,0.08053345889173368,0.01511040708477599,0
0.007593285183780607,0.1037156870232396,0.019209637520067446,0
0.9434026510141326,0.6789592502444619,0.9964246067636189,1
0.12902191143562117,0.18244856640510376,0.21384497858050955,0
0.009624342526771025,0.043678861831303865,0.005017348797192149,0
0.01681271375860531,0.07958067795260176,0.02424878587479917,0
0.005003863111446864,0.058705156312256694,0.003068713562389554,0
0.0006054251063610037,0.11126236158758729,0.008085373723340682,0
0.07152977941513364,0.13865029566835038,0.09007620038198277,0
0.026033143145751125,0.15353216810977224,0.06853365017077438,0
0.010187876108899272,0.04540341868135538,0.0057152687467649085,0
0.1173190492002384,0.18883562080364347,0.14360497979217607,0
0.026922706066044983,0.10626097703586397,0.052609943318744135,0
0.10757596702286852,0.15429026458494938,0.16962168800371122,0
0.03578035783076077,0.14808667613348184,0.07947717710782451,0
0.034236192349354946,0.09395339292988626,0.026409565903506405,0
0.025501251104956827,0.13623312052455047,0.05284665257208706,0
0.005636447061879573,0.06875351601734907,0.01042660822424178,0
0.03531918428443926,0.08027521183020117,0.04230409931938024,0
0.4904652009698685,0.5794758778924244,0.773647389970824,1
0.012811670002793303,0.08978675528679507,0.02709640561324196,0
0.04312283112250012,0.10315442301547148,0.06897506506683224,0
0.2298915189959033,0.19380779350566613,0.1666165419790026,0
0.08714180585592453,0.14320246343533863,0.0941324725804306,1
0.5412342006337192,0.26677122571838285,0.37159515941849475,0
0.03812727400693099,0.08495665003395342,0.0430805740198658,1
0.0011195556365952907,0.12475649434797767,0.00791792811602812,0
0.028916713140873525,0.13182648620463697,0.07909994860938933,0
0.9511314662034208,0.6656089539608467,0.9927436192921826,1
0.12290973824391156,0.1665000719335278,0.13287993962193856,0
0.009018600212469328,0.20945270333159874,0.006596872305242473,0
0.21139447616942683,0.2039119228553602,0.2115936204133779,0
0.19285753279048648,0.18448613538202482,0.15250767396761952,0
0.08313436425266649,0.1430675721488508,0.07976137538955899,0
0.009627565729981113,0.09086447062147196,0.023255074742491468,0
0.4150739992499907,0.24160194220232964,0.2993457734725189,0
0.1734420690662155,0.188797211925918,0.17721044210565914,0
0.030273892931188606,0.1275514459539548,0.031331714572108156,0
0.10363668966514432,0.15052262804933483,0.11915309684465784,0
0.06494017275359576,0.13604881680052197,0.08378629810108419,1
0.06723226586251776,0.0863935120119363,0.05940361227574679,0
0.12942491765321704,0.17262533477024586,0.12454423729830925,0
0.00035922355315470665,0.051975133974458014,0.0020811275180581696,0
0.03396903598090555,0.09723838894701621,0.0596745977888677,0
0.004040566309552642,0.14854530075046854,0.004370269259902565,0
0.40438217776800817,0.27604456689135387,0.35997716781482625,0
0.031644285744780544,0.06893162202100091,0.026027146094809966,0
0.13040621983664413,0.15806774405855015,0.10297966575148147,0
0.022995638925411118,0.11544530716121515,0.058244612144428665,0
0.781561153476491,0.589088919171036,0.9626515403325039,1
0.02606489346144875,0.058839031130747114,0.019729678678905155,0
0.18612152235045082,0.18816022140254707,0.23357678021379882,0
0.21976447608723731,0.19387217054537995,0.20569564630418943,0
0.7481324295038584,0.3801145404349859,0.5240522686197372,0
0.0003853646150807307,0.046854664925532405,0.003918778421461575,0
0.013964197300855009,0.11603013989332818,0.08262839771218393,0
0.14793281750473447,0.1837808037407223,0.20682199563242842,0
0.009410153629025012,0.07444182815812629,0.01462903029948655,0
0.2546057015671933,0.21651767493512183,0.26234371805632556,0
0.14310457176506375,0.1442236859590391,0.12972089754965915,0
0.38419925567222046,0.26232712003888875,0.23668415160685116,0
0.6102992586954806,0.5653823157549711,0.618449404428611,1
0.010257716791822203,0.056580513812629525,0.01705281310439097,0
0.19708354046070592,0.18927350226316839,0.2274339472354527,0
0.004046708661804143,0.047281058912733626,0.003270419799863184,0
0.008955502561591094,0.05852658243358334,0.005405741298425509,0
0.8500965492360562,0.4664831174243467,0.9636891381919308,1
0.02200252523079284,0.06201527440197187,0.018993629832262625,0
0.19200904758642537,0.19416200803782624,0.2338416823826258,0
0.021048075532500612,0.12160976144345068,0.048360484160582036,0
0.9188378494587115,0.5812955168550876,0.9909234696376058,1
0.5910834108389605,0.43129201499367387,0.5237333870667328,0
0.244751652773061,0.1998858014107944,0.24095613457698348,0
0.3788243874209262,0.2024395791886333,0.20935188220366419,0
0.19349315467425618,0.1932215211610318,0.17136177055454374,0
0.20638045275637462,0.19366054435730265,0.19112955713921564,0
0.03148828534623229,0.09396082204296932,0.05776567377011844,0
0.18138035718129367,0.19408619789601458,0.1372517530840439,0
0.07411137501569952,0.12611392382941936,0.0718013897521132,0
0.19752425611130542,0.21026537243792606,0.2283444718490426,1
0.027200814533997208,0.12178468927043144,0.03435009918533587,0
0.0009918820608387994,0.07501253562847059,0.003950596283784347,0
0.7343218373646466,0.5652346844793942,0.780052486565227,1
0.12658449697425864,0.17166629286573043,0.17310193983467853,0
0.8440286847718756,0.48467918044456354,0.9557691013954486,1
0.04228357177047692,0.08711561436549903,0.04622141049984756,0
0.0036537013869931854,0.04401061701924611,0.0013536523256689542,0
0.08381821534468074,0.1521456832280524,0.14882566784987447,0
0.3193131779986813,0.24887092126754712,0.29896753082695365,0
0.03731611254976802,0.14751061706703986,0.0897955135496395,1
0.9085188811768954,0.6298869720802259,0.9541157039911896,1
0.0746559301157798,0.14609786739787994,0.11758516700316837,0
0.001883013738385621,0.1266696514005431,0.008310891203344677,0
0.10826944023989421,0.14650699227775976,0.1119937778671402,0
0.33060729509881726,0.22322906375010065,0.21238670073880273,1
0.0025463239256504453,0.11634384024427845,0.0032495891924077306,0
0.26878537277886194,0.20467689829926475,0.24469569914334308,1
0.9006661494421311,0.6012978902784171,0.9839918533418848,1
0.18506896509131743,0.28822658032399634,0.10795847530188155,0
0.16931128881726204,0.1812168051570585,0.11238073680823239,0
0.1253913015405774,0.15429067466152996,0.17342991502799923,0
0.0921493174868201,0.1454488728026088,0.0891765740253372,0
0.012327816676873793,0.08083057429280215,0.016556478556466456,0
0.021323802276300027,0.10957909361759711,0.03430636020570982,0
0.12924960880510294,0.18317627336721581,0.18238358278713485,1
0.028069507632774455,0.1370163400385681,0.06546750235732282,0
0.015542027135518449,0.09677579152736926,0.03050813278905619,0
0.9834648655549387,0.6988278948366409,0.9950344826087256,1
0.003163300537433684,0.048027398029412006,0.0033222796581583694,0
0.16748523364048526,0.18599910092105942,0.1737774841946419,1
0.005989617204875944,0.1662201262620905,0.006106757285298557,0
0.1495312457907495,0.15961497688065068,0.15585187112685403,0
0.04748933709761975,0.1603924847645027,0.08958577158899785,0
0.09635017293335325,0.1333746761572446,0.09754039778493091,1
0.015764145727173086,0.06884900322964456,0.013746880443072367,0
0.21525598169146615,0.17378264532223342,0.19794194367042842,0
0.22317080911161297,0.18978771610619713,0.2531138986687242,0
0.05037129912230544,0.08001686124643215,0.05460736957302312,0
0.9656279501019248,0.7119908070019008,0.9936197236781218,1
0.9782441324314264,0.7014337161990395,0.9975642685674585,1
0.19133987790806078,0.18291002755174482,0.1797743336691443,0
0.010497226848628468,0.06895772378572597,0.006863454187598602,0
0.017145185045630455,0.06049191384044416,0.01793280422984791,0
0.15119885347779588,0.18152291787400976,0.12769945480743802,0
0.03556778608550049,0.11141349801191064,0.05499017327676821,0
0.06481042252705935,0.17237048147772058,0.12571657157667546,0
0.9821919771439744,0.6785130043907521,0.998105509328293,1
0.8803696046296887,0.5538106556696333,0.9716831228940507,1
0.027044658422174503,0.06857496683346796,0.020038189843079986,0
0.36839414967742745,0.2530655717230051,0.348085698407634,0
0.9789656472518821,0.7178269452156479,0.995998257336157,1
0.5580519961480972,0.3930142053730102,0.5165754294673145,1
0.011419252367778725,0.06073616514941743,0.005905494768370511,0
0.020298797297057778,0.0667460091496655,0.020663937889959696,0
0.45074921253741274,0.264858833042291,0.3362514960921289,0
0.001989737530816458,0.035516527355091775,0.0007962767799112056,0
0.9821692485266654,0.7236659808631043,0.996627662064482,1
0.01012262565098268,0.08021605328324641,0.016682688604719807,0
0.11100391524905487,0.1755233291935143,0.1276723012145017,0
0.004185845317391578,0.05424598626772341,0.003098307546640659,0
0.0753038108591667,0.11827616394600478,0.09569244806692973,0
0.7843395649565621,0.615164591298868,0.817730810799495,1
0.050447107272640165,0.1572970428712789,0.1317370556973406,0
0.9438694823562338,0.6538164280143391,0.9902910969944065,1
0.35285835944281724,0.22212277217742632,0.28006396208873785,0
0.006722882709262894,0.20105155111475165,0.01678735736695141,0
0.002384273830816942,0.11180253643075215,0.005363527073496795,0
0.0009719606687274446,0.07594702937388025,0.0027158484512132043,0
0.001189136465527516,0.07955341214103315,0.0032704581645239556,0
0.3351796809869277,0.23103123955175095,0.3258628875319054,0
0.059084884029181356,0.12423923958819326,0.09014673966807007,0
0.14466025135953728,0.16766301049527732,0.16228990630845241,0
0.08506976635481406,0.11811869025714067,0.11970615430918631,0
0.46392478592443465,0.37901562078637346,0.14624769424688733,0
0.41001150684081217,0.24802366452485047,0.31703766193489175,1
0.24319627764919563,0.19510455068659957,0.22474501498443683,0
0.20090862275398738,0.17721673320544937,0.2276431402963209,0
0.1779416473026793,0.21016552615869458,0.17127212683196644,0
0.9165173248141244,0.6061769019856597,0.9834128520995015,1
0.1102160460593262,0.19836051011039169,0.1699738104223906,0
0.7705552830640688,0.4809070929827544,0.8913817349709738,1
0.15180710703673947,0.2017212465064723,0.17235419028801677,1
0.08604354658464408,0.1669133969704806,0.11589424865044623,0
0.044901422720860486,0.15900988193569449,0.10182925891580707,0
0.009397093031390396,0.05757216052687892,0.0071983415947329795,0
0.11266960468632918,0.15623859325935557,0.13822872177791712,0
0.09105450547606175,0.1419713823628996,0.08203078693438366,0
0.4205243645105971,0.34532494850509665,0.2181380267658524,1
0.044352430958663626,0.0934088018637263,0.051258374986737194,0
0.007383844066563795,0.05049521309696505,0.0073297252024060455,0
0.9078834135317654,0.6260607724772,0.9840343199249458,1
0.06582871172448973,0.1692557461246612,0.16019262734481804,1
0.02052815836905135,0.12467521434088309,0.048267273661522156,0
0.006360501510265153,0.0516375407822652,0.0073282775548390066,0
0.20567303556300381,0.21720361575974267,0.20190332555845042,0
0.15657623420739122,0.18460848270629146,0.1717803120003578,0
0.0008393567850347886,0.03941324051334161,0.0014357089937710851,0
0.026878554468440886,0.07170763121861318,0.02038056578507289,0
0.10748719731779748,0.160033548678532,0.12901051246891396,0
0.11134694442648244,0.1690194152409196,0.13060468203757034,0
0.11958807675691487,0.15258594640682263,0.1574987916938538,0
0.0026897973154698758,0.03939368978525914,0.0016274108212558367,0
0.01707369373221427,0.058345168532132695,0.010153459434141174,0
0.017290586310816244,0.07376222863979613,0.026545944841103425,0
0.005766995347039371,0.05109840602657924,0.0018562030007568209,0
0.0002755929940929794,0.07911051138344793,0.0032706443932554465,0
0.025957863667133374,0.13105259716914858,0.03716322234852517,0
0.08780871167013388,0.14983843510459818,0.09911394979971729,0
0.0990205517230853,0.1617366178019247,0.12228275252450521,0
0.008333465588206851,0.04153140932239474,0.007522307684801169,0
0.8369907741257805,0.4661046029380074,0.9505099869213991,1
0.0968272550453595,0.15351567358696144,0.09630967723838002,0
0.06223217692400811,0.14442788744443855,0.11493500540898653,0
0.1783724788159659,0.16662341609296272,0.21276534193844066,0
0.008353700543115909,0.04483178349637366,0.005401472813886428,0
0.12945642664295545,0.17158298609575157,0.18649536562381902,1
0.04751261195639198,0.14134740681565647,0.1032281061891312,0
0.49057712125018743,0.278097712286963,0.37695330151195416,0
0.9783055866774452,0.6824090202454287,0.996269633065996,1
0.20106373707848962,0.18364990777051696,0.18182806786681746,1
0.0014519708582990253,0.0885180773500339,0.0037277230296276893,0
0.020125739366241454,0.11664587030805766,0.0391538057654826,0
0.004338333254425973,0.042047265475601704,0.002858975545902035,0
0.20317900587563986,0.18849252221067908,0.16417290896721476,0
0.050985729612896394,0.14523468557244332,0.11635795882611245,0
0.013448752936551902,0.05974178679891306,0.017993445220846914,0
0.19049677341840968,0.19519780119086297,0.2062489416923402,0
0.33929287555970633,0.5071097730842232,0.27292164009352454,0
0.2899757978525307,0.1928143248826326,0.1977350062561485,0
0.011956809047828988,0.054615627750505845,0.005012118320604285,0
0.07115983217900704,0.137965870786851,0.084051252783509,1
0.7744652197695279,0.6291401529588725,0.702301454375911,1
0.01261001023270682,0.05438707050659115,0.00471984637178362,0
0.011949684863335534,0.058073810448547446,0.01988390435643547,0
0.3118888561025803,0.23616627525946218,0.3082103710583594,0
0.013918171720141129,0.09864426629644099,0.01823235222240935,0
0.8989489929543523,0.5698454757444561,0.9786994449320842,1
0.5148438366983284,0.27758682220757686,0.24685190051788308,1
0.03857669063679528,0.14937456096411406,0.08289146577724223,0
0.02034995243524774,0.054177696667954224,0.02043863075552304,0
0.011341623782560794,0.07086565561133494,0.019290499509165376,0
0.4380521608849785,0.2516545876092892,0.24022968531352362,1
0.02584314596102498,0.13520185217276684,0.05759124135808476,0
0.15267649801528396,0.18597622144858583,0.21129964740788884,1
0.02201939156958716,0.13271271137616308,0.05011811797134742,0
0.5393428441689225,0.41069967723687434,0.05932918604684373,0
0.015033582863650474,0.08284789109482489,0.028414447768674675,0
0.11621115391070734,0.17209035046965576,0.15465077618197767,1
0.7493670404392274,0.4639744893778375,0.8703075153078416,1
0.0029260995584285614,0.042708504878918814,0.001646056875320482,0
0.09801994145223601,0.1292139539049027,0.08101342409631487,0
0.37034601575719234,0.5600968924645998,0.622192248814087,0
0.05005230958094848,0.10137943665773552,0.06001200023153292,0
0.07784801930914595,0.10837805583813354,0.07441954877607722,0
0.3809619341118073,0.2693752329695353,0.26699070714302203,1
0.06147711153370392,0.14486318652009772,0.135552335544103,0
0.024523401626283352,0.11961941013802456,0.028612602861926503,0
0.002413155043422887,0.03762095972206978,0.0026171939676349946,0
0.07689543500775474,0.15237571786187473,0.11057250962973884,0
0.8589317168081035,0.5031425723580131,0.9557380763831362,1
8.197815291733439e-05,0.0355261585785327,0.00047722510413069984,0
0.13686414655728887,0.1781710440050622,0.1546640921453692,1
0.07332296306092237,0.14809906200900863,0.123560526565507,0
0.010909663706439464,0.056009703487185473,0.005027692499548249,0
0.9801116077051738,0.7047267223253758,0.9944890748253503,1
0.02565791536194023,0.06337236247203469,0.020175766765811794,0
0.8755969432233885,0.6465616230895673,0.9458962168025142,1
0.12511726151788724,0.16181500604509433,0.11111285742650173,0
0.3521864573970125,0.24879520786906176,0.3036934295532112,0
0.20749176309781742,0.20284056078998364,0.233598942820516,1
0.03995177815193756,0.07806016515369221,0.048050175686207376,0
0.09266196557784795,0.14196269580848928,0.07142870783690526,0
0.003532661336742422,0.038834638492590376,0.0013396998926370996,0
0.40566289284342094,0.23824808510502365,0.280890556995061,1
0.003700494399274705,0.04437571236661612,0.002828243109178404,0
0.3158750185116143,0.22712728724586553,0.2181769822396131,0
0.977554472876984,0.7239629200354571,0.9985730273255611,1
0.17928443198655547,0.1824776779960977,0.2653386598254615,0
0.02665565180568131,0.12569272222764713,0.0531744678676682,0
0.9863450094059728,0.6976755513702614,0.994529761194388,1
0.005472175014177059,0.036708987579023876,0.003246405703721464,0
0.9607077688425024,0.68551835369532,0.9937566203162572,1
0.0406810582468178,0.16301560095924383,0.1084833354656796,1
0.9006113785299844,0.6334630277304181,0.9866350486346825,1
0.0529991421527781,0.10937046850470351,0.0690941268666354,0
0.01582073180843604,0.07754391205797125,0.012484271108862606,0
0.0538360013832391,0.1477083829225195,0.08110905969513069,0
0.15138789250329154,0.199826607746204,0.24513048224318157,0
0.00047900080628744804,0.11590936678231206,0.007469581689778584,0
0.0001833658022530356,0.048490120782865645,0.0026020786477972797,0
0.0008843352972884004,0.12948326219613748,0.008273034807780496,0
0.018961920686345137,0.09917063983003478,0.027683817087450602,0
0.00821457258410628,0.04990045932487611,0.006963707673381894,0
0.22694106226170963,0.2115689983102163,0.1612291967898319,0
0.9687620865842073,0.6745584857091775,0.9965664869861062,1
0.2908818465167125,0.21118696580281293,0.23228795478089048,0
0.031823203336138264,0.08174583192148556,0.025925025387730706,0
0.06129214052034705,0.10939360050570282,0.10027026127198581,0
0.5882056836658627,0.40093302573637435,0.4405310151415128,0
0.22073728585964028,0.21347730128687498,0.27399625025709495,0
0.013479296467172983,0.0789371865250342,0.02030562634677981,0
0.04475239422738739,0.0963561263941609,0.05737668796913127,0
0.9107402686194996,0.6771414881474273,0.923818045861771,1
0.05133945404136409,0.11986434549134681,0.05570210941661287,0
0.20681548946739522,0.22455387808260296,0.28627751693522613,0
0.041329582511205734,0.12674959646529121,0.06242315372211297,0
0.011288158551994944,0.0793407973316411,0.015361675091588313,0
0.1655721737905723,0.17272933261770906,0.2037100257798809,0
0.04652095198461317,0.10334675835344066,0.054224254872297505,0
0.13760873772095797,0.1844489274707283,0.17323007996032386,0
0.09735029631253342,0.15485637518089349,0.1097478703842941,0
0.03307798113449125,0.07370196561680689,0.030188035090722175,0
0.24061323252403397,0.24117624329097845,0.2889086047840439,0
0.06595590275299944,0.1505168466656618,0.2010081305923297,0
0.046425699002404605,0.14185595730935485,0.10725776224226902,0
0.03661809395047782,0.07682045458350019,0.05917473198611957,0
0.013134634365185516,0.08644938189480934,0.024031287817482695,0
0.2590526860091005,0.2082895114611467,0.2156143350583012,0
0.5035577931415759,0.29727527003793974,0.32968171952494035,0
0.9229692835621832,0.604960479853901,0.9921131268181348,1
0.10216629521576931,0.18663855504751797,0.12179095997672787,0
0.03904892261437337,0.07196696029164643,0.03615189850159276,0
0.006742972073623777,0.18323920757184933,0.01255195973965676,0
0.028616574134454904,0.1418230683582357,0.06727981172365491,0
0.006653960750484396,0.05457362359600761,0.005461422563703311,0
0.04088165977551158,0.11235331723772399,0.061587490809459695,0
0.004471954730336062,0.04756077466657725,0.002717310804676966,0
0.0005461197704175509,0.10910311540433838,0.003920719094585981,0
0.10517071950701815,0.18227600645609499,0.185344794020173,0
0.1663316553230359,0.3000101103410108,0.015569390116222893,0
0.4249890300151366,0.2570749137349842,0.3241130524716613,0
0.03818123248693241,0.14265246878616678,0.0936367445840448,0
0.04906658091975717,0.0913888557415705,0.033093387360812965,0
0.0173351440056105,0.08694724962880755,0.023707254911078723,0
0.21226251596295312,0.2138585197270098,0.19950166035800218,0
0.12493599104224948,0.17240720691357728,0.13540178248433,0
0.06872828182878073,0.15172657622136307,0.1945738249104319,0
0.21865031307543553,0.18595452483971456,0.16630714371951447,1
0.045263426742225034,0.0873025489293715,0.046453857353969015,0
0.08280745235966304,0.1160755928811834,0.10060846048182927,0
0.017192110907468847,0.04848289182900117,0.01548292308653938,0
0.0873236415497348,0.1482513980748196,0.08816606753386463,1
0.05763719264505036,0.1393769074777585,0.1094011627879737,0
0.022167723984060413,0.09491379604572846,0.04175194993225735,0
0.18255359263530155,0.15531842954665298,0.18283638241074496,0
0.09900166157988459,0.1559668170800236,0.08372831730683865,0
0.2242132187459823,0.19076596329722048,0.23050541298876176,0
0.01313205076138633,0.07360418717246046,0.006794338244075157,0
0.027150999795198468,0.13121729901029758,0.06324637425794581,0
0.21507082448756523,0.21224286696846506,0.2469729163247782,0
0.8325661811673749,0.5102699906194776,0.9488471682493527,1
0.017524945522137923,0.22283021768744812,0.01223837713006394,0
0.12670595049676145,0.15982180805555782,0.1387325490137897,0
0.010372700102118406,0.06191900646075108,0.008220351055489572,0
0.014883840921187053,0.09154613543432133,0.028985166535604526,0
0.3584976580091453,0.27025027429644227,0.27647022341311767,0
0.037123842057890634,0.09492150015029675,0.032116272904361996,0
0.025450979391961517,0.05842853460507735,0.02392522077637265,0
0.019520196674754155,0.13029098080422696,0.01926413892258216,0
0.12580627125898353,0.15273735017781204,0.16001101782312852,0
0.39144891688595923,0.21974580301583835,0.24676154909950868,0
0.01669772464081886,0.1296267495807342,0.08725236875419747,0
0.19034873088191923,0.1844933166045942,0.2083537064259871,0
0.11433183620596772,0.16597183074761948,0.17469181309795317,0
0.0027832176676097623,0.04127033457125194,0.0011283204845748585,0
0.9232876696106868,0.6582638811644819,0.9893849093088496,1
0.2378822155721052,0.20302027923157642,0.25747391255901053,0
0.9475854016518961,0.6900024328086697,0.9938493549999527,1
0.02814151872444874,0.13419602342864478,0.09461414602608084,0
0.05540193057053664,0.17584053289803764,0.14727715649913417,0
0.03885642436775736,0.1799056185317388,0.1620837296395855,0
0.13497003784709272,0.2028599406256305,0.21369852911617818,0
0.011118617643838948,0.0918844324273414,0.023090074165003464,0
0.3695740426675243,0.23412762822071767,0.2929978727789854,0
0.2288410242457171,0.23379959035555026,0.24571649386521927,0
0.1299348009486602,0.1774567617365409,0.1802864756481841,0
0.04615525881068089,0.18684167305524557,0.11082764015527183,0
0.7487344022115248,0.42258948639864746,0.6260164813469661,0
0.010762255127517703,0.08432309764229161,0.02376466264905405,0
0.01198553702860683,0.0993113021854915,0.021683083220485365,0
0.17378094764444918,0.19065761716927193,0.20869506993255565,1
0.003238642812092441,0.14649915422289136,0.004962133341597324,0
0.040049099137120826,0.072979387303987,0.0405613234378097,0
7.536353713996342e-05,0.058308819496174814,0.000423537214915022,0
0.468967647364909,0.36418742243127894,0.04500303802026327,0
0.9495511592540375,0.65328993551191,0.9934933395204153,1
0.009997736844774216,0.07151728694215165,0.007638623161944094,0
0.571422343090249,0.2964854285295377,0.4007252604247228,1
0.01372285207119624,0.06669962120466076,0.011098461189569269,0
0.9426658559086984,0.6789140156956445,0.9926582582743868,1
0.028047973482080216,0.06445269280062937,0.02455053454556198,0
0.0007921186526056048,0.11343647116582035,0.00344398912958371,0
0.021084639372963117,0.059828575290650575,0.016114832392340798,0
0.05179247840291383,0.07083752901548193,0.04240783563718135,0
0.19918020753655782,0.17714291538165428,0.203455994351593,0
0.10418441504757778,0.1796622087184424,0.15901860093823192,0
0.08642695901129029,0.14831162686074872,0.12166656633710807,0
0.5353856998347287,0.3876267657222573,0.3288913637802266,0
0.0502887008176959,0.18825638492287544,0.18904432315852834,0
0.6150483459329731,0.41244073430927186,0.04865370061635903,0
0.2162335231558922,0.21451694545938926,0.19873581026528803,0
0.01996292367609252,0.11623345290984936,0.030869012112080468,0
0.3326652469148489,0.2419003410405645,0.24667542361109748,0
0.042493421979210265,0.1551913917739008,0.12052440188146488,0
0.03708026339832719,0.06132997789355159,0.019946210377993857,0
0.20029517982226783,0.19006046034432805,0.18176706361952674,1
0.951602483863041,0.6584173198130007,0.9961396278547873,1
0.07257921088904545,0.15087511231250667,0.08170412672501408,0
0.1406089697787945,0.2003817609318171,0.24595902591375696,0
0.015996035423662836,0.08265026433651665,0.035037161762331195,0
0.10628236095071086,0.15404278434194088,0.12383658410182034,0
0.046046565722990505,0.1015560210395308,0.05400039844941368,0
0.009049573876188823,0.06866102217184102,0.005766386142651193,0
0.01347489009153223,0.04706407533278076,0.005298906803004651,0
0.11286443978769166,0.16391069696550767,0.1244826898936915,0
0.8850864065424238,0.5914063961806668,0.9792749315943807,1
0.04067720258248212,0.13917206261159876,0.11351249573650715,0
0.01798625240408189,0.060226873805067443,0.024650472744929694,0
0.7173196642854873,0.5866215147899357,0.7048047363598131,0
0.007245446525601983,0.06287501555111465,0.005553292889571195,0
0.07956969629404052,0.1100395953432753,0.11269646107616224,0
0.009968434406406119,0.06735915589620256,0.00679399694475048,0
0.04617488597866243,0.09158186593567305,0.04857307783662001,0
0.003441394744268176,0.06629337431364572,0.0016696977575373303,0
0.037361751454513314,0.1457621358778094,0.1099060118132014,0
0.17735211207284146,0.2885856583281188,0.016922908032273788,0
0.0013942734478826348,0.04207453075236049,0.000951950319597326,0
0.12486770017431485,0.16454349624371742,0.11982757783910829,0
0.30234287008099364,0.21857973438972084,0.20879103131567764,0
0.06924054606243685,0.12868676769253012,0.06314257894621854,0
0.25666858418637,0.20572906367919497,0.20897270794622078,0
0.3683272148276684,0.3898474692659716,0.11779938282357973,0
0.056236798623564586,0.138901692301448,0.16839971790191322,0
0.09280503754872461,0.15887326977776725,0.1093415260935128,0
0.015660410140928567,0.050993245316209086,0.010305907379090392,0
0.05660835767373342,0.14241542757021292,0.06761765168603436,0
0.06076926118559649,0.1221820424128461,0.058849137137557045,0
0.01956791776700477,0.10723206103509074,0.02326781380551359,0
0.33260136614236047,0.24896665009417307,0.2086812753167984,0
0.04217294245733989,0.08103095845023806,0.045198183336266,0
0.011229101861548565,0.06827283921308522,0.0063234916379077645,0
0.014072810864317014,0.05336098732519224,0.020833237482930516,0
0.5321984896883701,0.26726333547225284,0.35444174907250414,1
0.007532628441973789,0.051437451674458345,0.0046499672700499655,0
0.027014190719261526,0.10689975619853344,0.05378885571115894,0
0.006306712524124655,0.17739188183615015,0.005562065167974498,0
0.05538232088522304,0.11370058571834821,0.057480272162974556,0
0.3361932120285467,0.27631353920456053,0.2980601861908998,0
0.9709964802831461,0.6964177206505013,0.9718304008126408,1
0.09261154986863178,0.13799831864721074,0.09171175935532087,0
0.022968622205816278,0.08696445783438296,0.022096331768514034,0
0.013414522384984792,0.06243798028470841,0.012551914706717682,0
0.061401623059107756,0.08547751870832762,0.06897369771036713,0
0.004304494993630325,0.16178852402851276,0.008470728119321237,0
0.007428418813963728,0.04105295325562362,0.005040458116543,0
0.21188498022605837,0.22799488916702418,0.20259319406162193,0
0.025230208061382195,0.12105063349940605,0.05688759100855771,0
0.9596411895885372,0.6945833084532459,0.9973000684375251,1
0.44581275042641677,0.27629444892819005,0.31267777116723927,1
0.8575163579516126,0.5619404143806032,0.9686550869740442,1
0.9240446371706125,0.6491450799900398,0.9901409671632544,1
0.01701816121226105,0.21881835137290728,0.07935013778778123,0
0.013283432120510764,0.07727420322003055,0.03078887907309052,0
0.04107626677923882,0.0932831838292688,0.046096511724056974,0
0.040444901885283886,0.1428161936347422,0.09068130489443038,0
0.2937893917933004,0.2018037806813695,0.21305204170801992,0
0.012367242001095603,0.19981120707437608,0.02064670294324844,0
0.01257987049669001,0.08076094673856594,0.01773081931755683,0
0.05109837992479651,0.13905107521917576,0.15905406550021134,0
0.1874721768266381,0.1890911318041209,0.1734692058648116,0
0.08849192107355759,0.13432918344699066,0.1353142644978987,0
0.04469917740660517,0.15589293004751248,0.08290839415443817,0
0.16593284070197428,0.19965145652498448,0.19861457385832298,0
0.02400518496767085,0.13553989797670207,0.0438172171234149,0
0.0855739712659332,0.11437039327262831,0.10601681614376819,0
0.22734540167394213,0.23090767406941048,0.21491233186539363,0
0.006250643303270257,0.06411270463605755,0.018283486253273255,0
0.9670045845837565,0.695174816034795,0.9917972169655412,1
0.0772126224562087,0.12119941722763301,0.07650432107784254,0
0.06258059848753852,0.1366296707403429,0.08270930527150167,0
0.010824251884165394,0.05926461887186409,0.0056502428462757446,0
0.01486209030694802,0.08140083035666143,0.012643801404249247,0
0.0013149072098046207,0.06253240594133708,0.0009147747369639165,0
0.024378101415326547,0.23385714630992235,0.061905441153177,0
0.2155996582541515,0.18982927394039245,0.19928181964014102,0
0.2769615419093995,0.3540506612762952,0.026838704074896615,0
0.0898312090068968,0.14365454849790515,0.11504493915687669,0
0.33189729987414573,0.23418485645515838,0.2616424096448085,0
0.27742334052224077,0.23374348801917927,0.24794102593135608,1
0.05790143983935844,0.1823432370654034,0.1863428927805408,0
0.9811792136462191,0.7068530820394846,0.9943003430506239,1
0.9304013422611189,0.5913668297719467,0.982099601106277,1
0.04283290463013177,0.1018446655533676,0.056147584236105406,0
0.01174954051556897,0.060449766734407814,0.005642827319581392,0
0.05406762628127477,0.11121907579831315,0.10793470079833518,0
0.8343591850359872,0.4473095816542301,0.6392431148178394,1
0.03513246706143355,0.1486379957296125,0.06216058229943409,0
0.0019679065549625795,0.14334950688410125,0.019451305554706717,0
0.1798739263430768,0.16885212695465038,0.1535713104889184,1
0.013142704802901337,0.05603226203165109,0.009125589886085314,0
0.09560700278173186,0.14027419768326177,0.13380997328664446,1
0.007308611767703869,0.052707378608389525,0.009330780720552496,0
0.08164038426986929,0.18252072949710885,0.11786786930972018,0
0.01182266744461806,0.07735337942028822,0.021725636074918057,0
0.9836395296825233,0.7021483210070203,0.9948263581646989,1
0.09772437156742693,0.14658534470834056,0.08890097213570236,1
0.06031516402880646,0.08359656154055632,0.040973708344087915,0
0.025710947061920755,0.13350162137211588,0.07307381506711332,0
0.6422458626030456,0.43776085628078365,0.6687419277842374,0
0.17920090397459434,0.19396321028751734,0.1728857077208177,0
0.4612469477768709,0.25320214566685256,0.24338155583560964,1
0.031923476856439356,0.07688408412540379,0.03943442176153709,0
0.38891729019107435,0.3179300558695546,0.1619416546857915,0
0.021587400785566428,0.10782351147369099,0.024971799550240363,0
0.2237136040896041,0.18930108051592992,0.24703544722135207,0
0.017129824209198355,0.10958285239299295,0.028948774885874013,0
0.07349526930850002,0.12594433919756448,0.0789384227195608,0
0.9464608038710389,0.636073988667332,0.9900106199399978,1
0.21777846637298154,0.19271352077082107,0.22851415745432668,0
0.09903842089109668,0.14406850079281097,0.09867269822421114,0
0.016150728484965137,0.09134088126673602,0.02557511377701643,0
0.1398289949121958,0.1717206220182644,0.16278696180965258,0
0.13802918413798884,0.19291574858127808,0.1651783792952638,0
0.329030155309701,0.21341231333365326,0.23443973439876253,0
0.8829962584229705,0.517186609213362,0.9746124632380768,1
0.2900428751965906,0.26065521049482226,0.2633993063976788,0
0.003074660053796117,0.18544127933647894,0.006919299023841088,0
0.23907113615482037,0.20223034710617208,0.1953900461243836,0
0.0442864122934356,0.15215494784453645,0.120257519241144,1
0.03617072861349404,0.0851446861373857,0.059776363072143145,0
0.01744076663525339,0.09337590446417035,0.024925641797519292,0
0.2622873849415537,0.3018665027080978,0.02217562935494486,0
0.979393239642538,0.67739447731553,0.9954707222881797,1
0.034706061637988506,0.14480550422190167,0.05462728927870449,0
0.04832394076735635,0.1833735238531037,0.09660668877503364,1
0.37691340867745016,0.21766272528827124,0.23390319132997495,0
0.3657349458055221,0.25419756849406633,0.35387519784582117,1
0.3121524012596961,0.2259462713364125,0.2538740509888057,0
0.05129690852075415,0.10349175994587637,0.09272183599255661,1
0.3472736005024839,0.21474118032208042,0.24777918965800014,0
0.48251881845781663,0.37638801231845204,0.040218203639884514,0
0.13795438492353038,0.20175061822453869,0.19631655318013422,0
0.12998820729874216,0.1647214369467067,0.14525050445134685,0
0.031019871112151844,0.14480787781083385,0.08337883508766027,0
0.16269778350543543,0.17690790168978016,0.1565715767304979,1
0.04730329906916855,0.08631674324470473,0.05066994396887782,0
0.12007704343107788,0.15551523535166506,0.08960662391525422,1
0.23546919946668232,0.20644750815188845,0.2363713789603672,0
0.7850241707235077,0.45849012561989116,0.9408477859200448,1
0.007884258403627928,0.07226239458527377,0.006995931718412489,0
0.2123770455636553,0.27393703084158005,0.004865881648067421,0
0.048424325367581164,0.12398135118987641,0.06634900722745324,0
0.32454842546889995,0.2326770790194319,0.2498246233189843,0
0.05212922359956491,0.12345108038263594,0.09151924394103281,0
0.03582736177400925,0.10088481309228817,0.04792997314609911,0
0.016631361544757008,0.05317862868257647,0.012464916667463502,0
0.6682783463338332,0.41142641464305635,0.515796575759264,1
0.01927639301490227,0.23017727160722912,0.05893760638713721,1
0.04669168134396955,0.08952284370877281,0.057738072194333474,0
0.01672840578025045,0.08796425918626162,0.024367438058172194,0
0.9217193655453457,0.6492708422534844,0.9925731426429744,1
0.12919048086343077,0.15523915030216048,0.14324058068800288,0
0.08319262703241781,0.1212650357776369,0.08071017443320941,0
0.46383181321956407,0.2477349280539978,0.2982279656920684,0
0.23003524262014416,0.1934853338684347,0.2472661238943972,0
0.33725953743362413,0.23165956998169204,0.260956271903796,0
0.06156006051044855,0.1100530014359312,0.09831860498637048,0
0.15170618278331804,0.19926278665717462,0.13802430325403264,0
0.029317223190150593,0.1380769095164002,0.06040314190456976,0
0.03442783321982238,0.1409777900664191,0.05362136107954554,0
0.45083689292134327,0.3741024209904072,0.16751562118774074,1
0.16920106849001645,0.19025111850949242,0.15061907653411463,1
0.00182397186661529,0.11069445491758623,0.00442649999831877,0
0.48940906371514725,0.3642665623206865,0.318796722408608,1
0.35885766781633827,0.21580818555264628,0.22759069123799153,1
0.05652040616813606,0.2173300589406985,0.1500535363044344,0
0.012387418872835705,0.06027294928369812,0.012238057031094948,0
0.9579037223516121,0.7311252220573942,0.9965412477853214,1
0.41251285759018663,0.22646603206301513,0.27968251927244203,0
0.020454823034169234,0.127297784077307,0.07067043507592069,0
0.9870147120901984,0.6874934969697098,0.9981542468353178,1
0.2553809989340329,0.20932610637549504,0.17880707136842774,0
0.0806949246507717,0.12882056567461939,0.08222232312069692,0
0.2051620453632344,0.1844019925174343,0.15969415982900675,1
0.01675121774177846,0.0922200127356714,0.028449665211323007,0
0.9519125346968383,0.5718508052386168,0.9892635586453662,1
0.9153543195968237,0.6089053673325696,0.9884942505214912,1
0.9665156931895492,0.67991530286197,0.9907122054368401,1
0.09791840001646472,0.14376946191938075,0.12667657021436574,0
0.06726105961638712,0.13764029241012687,0.08395633252678598,0
0.304231670271188,0.22140578646396306,0.26809503341459473,0
0.15635573730094723,0.1911790230453103,0.23765975797686706,0
0.11766586636172957,0.15440006614543356,0.16120684430471585,0
0.023653331456425092,0.12274604343847999,0.07468572174690774,0
0.01729556541584273,0.05479256945029996,0.012747969079433192,0
0.01397674373132245,0.09284299794200548,0.02594976989701086,0
0.014426628311533782,0.07758012918230267,0.015018626644744593,0
0.08724347530153748,0.11841240667886832,0.10432735891337985,0
0.0949298110808053,0.15734538090841452,0.13444583149791223,0
0.05770976451514212,0.09886707879970694,0.06244048727465735,0
0.07463210074278304,0.12758030498206888,0.06950562010522467,0
0.19154631246983594,0.1995826340597826,0.18739729947073003,0
0.0017598003279290437,0.10638492661572099,0.004347200394065376,0
0.04161201311162241,0.07494324366359655,0.038612640383918,0
0.2979706756781172,0.20926700426709766,0.20054311577163678,0
0.007777551495824486,0.04405288862119194,0.0077778293666409225,0
0.030266448683540264,0.05862214137650117,0.021718297053234758,0
0.0694586072511455,0.14414062669165248,0.087068442206566,0
0.23053610264829116,0.19316979684278252,0.2181462902124822,0
0.048198748261613016,0.17612434609339517,0.13823038004144472,0
0.001190310601666804,0.14958062633490038,0.0064919504840600375,0
0.00437747577630052,0.053423564654592005,0.0034069590678133827,0
0.11503193296205518,0.1634560118520234,0.17068860697124139,0
0.011750660357720035,0.09832019514448392,0.04774342975465716,0
0.9117571269299493,0.571974595013796,0.9905381347709726,1
0.37579863240212363,0.24936409428652917,0.24618359666577824,0
0.02625525545381016,0.13830012042470954,0.06510682651156909,0
0.04182677307554518,0.07393776364550063,0.04785288093010337,0
0.016829273610512657,0.046622298222017446,0.016738074137383076,0
0.2116783130816707,0.23207308838902804,0.42151296071216093,0
0.49141327883951413,0.28956820449858583,0.031922858460397205,0
0.9810680581408312,0.6998592805866358,0.9962787646352648,1
0.9811143168088235,0.6731966641113596,0.9943146159412334,1
0.16149773456378508,0.19000933084886826,0.1584855929566884,0
0.4120839920827915,0.24781821202924945,0.32149559497520364,0
0.036396564798874584,0.16854347521306623,0.045008539415800304,0
0.2814500257227329,0.24630069618192782,0.13296306510212524,0
0.1004873566805193,0.15357811236508243,0.12480403575949109,0
0.07321932722984785,0.14373739030009589,0.09510899100933015,0
0.047246944604843924,0.095233664439452,0.06758222979240817,0
0.1836448535356517,0.18971580837264565,0.14357902114258805,1
0.0010157526858482525,0.03496036350837832,0.0003886202304944984,0
0.21964490357072525,0.22412053426357312,0.2066356220058585,0
0.037226964517593754,0.16668936283022648,0.11608483452737842,0
0.00039676292404852427,0.07906218230258927,0.006257537068622164,0
0.3644143272024791,0.2682856725628321,0.20840198229914,1
0.04552918534598027,0.16928555753363442,0.08316233095005751,0
0.03299336296985131,0.09416718957850495,0.04650003415261966,0
0.10417163356807181,0.1582867250571761,0.11754877684399948,1
0.48551429253141803,0.2775444686905565,0.3977596861248986,0
0.0316992710590868,0.07733222724578999,0.04342078042414067,0
0.8348994478997562,0.4941481776987853,0.951907086198135,1
0.06232553564985921,0.1321481563959434,0.06380210955349991,0
0.3181364763829155,0.20930275777181698,0.18483969654103252,0
0.012610378265888088,0.06561251442010316,0.005919340187553952,0
0.04486406484631701,0.19751718604116428,0.09032227891637876,0
0.44644062417531083,0.2520159347132412,0.29917649761843607,0
0.06777858886388918,0.1270529240173681,0.11677803919182678,0
0.1358978732031181,0.16220269795091954,0.2246999556532082,0
0.016552625846252045,0.07233757392096378,0.022989487460114404,0
0.011394088255213484,0.05033104971539524,0.00901017477859471,0
0.20735886335023723,0.19280478546132357,0.22589567971825378,0
0.987150058524213,0.7253251965939782,0.994944501200951,1
0.017118934535812314,0.06378245397681753,0.033719396268850205,0
0.1123170570738899,0.16375016004117016,0.1268974015254022,0
0.0016131215718875238,0.0894289816319488,0.0034265111280088302,0
0.0014152747695466725,0.11063806392393198,0.004322500662233438,0
0.004399939020161805,0.1483464861746041,0.011574452273407162,0
0.006756275537067498,0.16069503105928123,0.008974421262074787,0
0.14476357781189542,0.1813719329946453,0.1928049568386053,0
0.10643218895038177,0.15529336518972997,0.1134334970349844,1
0.10853462358914857,0.15538230800172695,0.11969938211921233,0
0.9396290394568927,0.6701216289493068,0.9949711092487966,1
0.08221604912462327,0.1474786526708619,0.08417728557489944,0
0.17636977915002996,0.17807840954816834,0.13598206414743794,1
0.010695428750511786,0.04453313639471095,0.008591057025739706,0
0.301545172374551,0.24018478788193282,0.2188753077828797,0
0.17942038914183994,0.21907849609243465,0.25160931791175234,0
0.01228523498915672,0.04419758407031593,0.004878831005818213,0
0.02520265685102428,0.06989023714525318,0.020493789653089466,0
0.25295781978515225,0.22851341014945922,0.18566210922197757,0
0.01274512039265829,0.19358147210800186,0.01459386567079661,0
0.38524733027662267,0.22485185157893472,0.25719279125286676,0
0.33751881155022406,0.26666450451928386,0.27191015236015054,0
0.12716976826790571,0.20842226040376893,0.14653296623397596,0
0.0025659574762834543,0.1550978613124799,0.012492320235845525,0
0.9405534916245065,0.690968812783945,0.9927891418021899,1
0.5233466005181923,0.43481922625775465,0.3823939490496141,0
0.9726225605975434,0.6896014036389368,0.998196574643277,1
0.44038720396407793,0.25005924033754195,0.2726109097473104,0
0.4175914943555988,0.23002459689328497,0.27703114634788534,0
0.7723952364947774,0.48168785619486926,0.9242902841655577,1
0.021965513275609524,0.05705685856427152,0.020027577258245575,0
0.3396179455798428,0.21116545133616746,0.24289083385872323,0
0.05476251565929093,0.11269673207076063,0.06708005035201813,0
0.06687509132146151,0.1760986669749816,0.10845794700283617,0
0.04283267083102649,0.16121218751914942,0.1000828854146304,0
0.05473856190290825,0.1369541712438554,0.05403706742385369,0
0.13918721641719792,0.17576759835640643,0.19965298951783794,1
0.4492496319675334,0.2485529401249434,0.2974612321045373,0
0.002529119053911081,0.12081459327890677,0.004235757936234201,0
0.42670022965888393,0.3017488021581376,0.20399939931552394,0
0.14883713206983923,0.1621053356735681,0.1494601161308638,0
0.036505295016732914,0.09596188612764303,0.025927540329806535,0
0.015271247063458206,0.07715251567970496,0.02484315927443127,0
0.0036093520701191155,0.16369861973842326,0.006018586838289048,0
0.04945775139343159,0.13109155471197273,0.11376017284514495,0
0.08200432009617299,0.15577977451082156,0.11558947673214638,0
0.18501239513676865,0.20363709685854325,0.15092244948476316,0
0.06370031037825201,0.14856829714750683,0.08468665667553674,0
0.0653768654155389,0.11072768679977754,0.07681796988528714,0
0.17194743983244268,0.17340882956928358,0.2006151576269344,0
0.0020892744904456146,0.13171800507143325,0.005179475999518186,0
0.00037405573734257923,0.06444144382000476,0.002329758432085762,0
0.041478599423637075,0.09556918161582058,0.026746749538465415,0
0.5279102849112876,0.2580153480569726,0.4818523074817773,1
0.08158028501119019,0.13166359716810278,0.06065016966647382,0
0.13665204873437173,0.25554410754081663,0.007648010210055418,0
0.9590615029402181,0.6603656443158669,0.9946378324284322,1
0.0753315457883745,0.13479068588794854,0.11348341902961781,0
0.10175537189629758,0.15232497483060836,0.12801127861243428,0
0.9894965808505266,0.7372834436637935,0.9980191070481081,1
0.08244840768146823,0.1352975341577883,0.08422564700085003,0
0.2139474495731645,0.20343205120005184,0.15471587913067797,0
0.0022045051851338525,0.045738948518757365,0.0025559215027149305,0
0.027825097943236024,0.13166640481727052,0.051637893730634266,1
0.030327450554144667,0.13108980052576194,0.04702338880041733,0
0.02716832964929583,0.0663159974584718,0.02475251435233498,0
0.07218919718133329,0.11878543301454604,0.08674973801815694,0
0.07776816441742687,0.12509900323754475,0.11205577158754414,1
0.10462883556387083,0.14258932227367327,0.12489658137451493,0
0.09673372019104141,0.1617917787692559,0.13967747348230086,0
0.09543611439144958,0.15399901900137355,0.13021145868570558,0
0.10446055160791408,0.1698703135426538,0.12463208087213724,0
0.024802973075269404,0.10417428654707435,0.04974629493906017,0
0.2517318892558328,0.19061397357150042,0.22324672610582477,0
0.002214241430931814,0.0368571199394894,0.0019049893885783853,0
0.0127062053128798,0.07860627363238011,0.032259838108560084,0
0.8555408036878298,0.5066389711535563,0.9646949643186995,1
0.8162164350452366,0.579608429489418,0.929784658537331,1
0.6815055293662814,0.6010737071103616,0.9533857447480059,1
0.03663612925140752,0.1385519804495651,0.04633421658845845,1
0.056107977656133554,0.1071736598999835,0.09684427962784946,0
0.008286803151312506,0.055914327816210356,0.00802270242815243,0
0.00409024500737439,0.04279349884952238,0.0013880713794971868,0
0.20780239207320877,0.32452848366533865,0.07443445069560435,0
0.00039296498582554884,0.06747106153402925,0.003510520142303354,0
0.1613064122606983,0.19158896225764188,0.1394767110750205,0
0.042957344732995034,0.14185109539977062,0.08605626044927153,0
0.3152801439362184,0.2052682928767464,0.1947521701050001,0
0.07572444408893747,0.13054622908161745,0.08988642069238052,1
0.9913815483540616,0.7147544520312541,0.9953709175029429,1
0.07927128532359774,0.11206246420524905,0.07779186515142075,0
0.3310107701877436,0.23496277060177742,0.29714781033976656,0
0.0065057590656500425,0.04053870718966695,0.006039344030436041,0
0.03898173756006055,0.14169592952880014,0.0839598770553944,0
0.35292611620602193,0.24116081892178184,0.25106565713415524,0
0.3285375936274415,0.2588262890680379,0.2273270335443603,1
0.5536374597873654,0.35057331542739806,0.48491278466764337,1
0.03267708730175705,0.06443090424371528,0.02508677884541713,0
0.20901076786457645,0.21217620845036622,0.17567433594426973,1
0.009717903998357045,0.06350318301151969,0.008453251169431698,0
0.14325822649293574,0.17045977928451192,0.18224127665031162,0
0.04964606769743319,0.16157729333787824,0.08377522943529846,0
0.012900185846659973,0.0885893708743273,0.010684119761692,0
0.5849284836948803,0.3909267415403997,0.047506897397613275,0
0.16771465905461638,0.19433739229506564,0.1657225830558575,0
0.8332486215004636,0.6219819512935608,0.7386575333385312,1
0.4819957041210519,0.2672332450854093,0.43069401444633715,0
0.011934404720244606,0.07910238928429575,0.02001507284256714,0
0.907207066394292,0.6247726801713914,0.9893053399537647,1
0.17624411414829866,0.20563624113403622,0.2332319366966856,1
0.24993125986184675,0.21797182470499282,0.19191944137342956,0
0.7980373212279419,0.4358897418991314,0.9007596122459749,1
0.038750335110099246,0.1429465757527499,0.08070892840319592,1
0.03235029667152525,0.15684609966448054,0.06748246281431926,1
0.8646005145873905,0.5110204178949013,0.9818125946837886,1
0.516832677233299,0.3096469593420033,0.3041534091775821,0
0.05805749198517079,0.1401127979925402,0.12070042802418365,0
0.15156828710353845,0.1709798012721616,0.14396211822288693,0
0.08202254221178963,0.14529296005257658,0.06293374011587352,0
0.7876894901026833,0.42393987073708367,0.6662228987786677,0
0.006407352051187865,0.17810365641932957,0.0066843954077044085,0
0.7532703299326533,0.6184861791990618,0.8435522916235857,1
0.05740998055229837,0.1086428115561841,0.057130254605501814,0
0.023461569029484788,0.11316516946247492,0.027058169388560167,0
0.3647171138023181,0.2523334674314081,0.20418034699544488,1
0.028272164165386412,0.07243478643250072,0.02145524195259305,0
0.019990707229906497,0.11519028386919639,0.02582485998769841,0
0.3136660094466465,0.21957540311075402,0.25112559496383163,0
0.37474804140023515,0.22890444550608752,0.23287351694313138,1
0.06229135495134826,0.15514652803412432,0.05510385353109726,0
0.0030669550296639303,0.04265295928250224,0.0032395497996068933,0
0.054115077229201856,0.14692590640235875,0.14886264881675382,0
0.09664785934689829,0.140977786878641,0.145222173780724,1
0.01693387699065471,0.05393272499920333,0.008966830021544017,0
0.09051291563128608,0.14260415833664264,0.07789658743613583,0
0.15723473621466838,0.18872981885455997,0.1888500727694024,1
0.9838869700621501,0.687506962370131,0.9956316050694023,1
0.0002622137987331507,0.07284558183389657,0.0019031045342280705,0
0.011113577199077697,0.07104900639687722,0.010708421180777269,0
0.18697176731433124,0.207811410323205,0.2388713405059044,0
0.9351888831513426,0.608879366169976,0.9822124759267171,1
0.01578303522376347,0.123002010213409,0.042469826890099815,0
0.14967311512495207,0.19198390921693984,0.16067043975241843,1
0.9246112620617387,0.6486904659291971,0.9910081467186584,1
0.6706211566518928,0.6058456668760506,0.7108162962430681,0
0.14809326901453537,0.19944289780427898,0.15300997298816185,1
0.27150403362888526,0.2196753046051399,0.21601507824108648,0
0.01581795893613515,0.05748713557247852,0.01907052471403023,0
0.10586629261326765,0.14800844083997852,0.13316930377197092,0
0.149361007225255,0.19120960752819105,0.177130751219916,0
0.37091690514922576,0.252935759767559,0.2436138715786212,0
0.3018099103966421,0.22196207555826056,0.2596652336013952,1
0.02633795562738817,0.13168215190090385,0.07670143293221231,0
0.12260745919056691,0.14976862682503392,0.12186262983969721,0
0.3792677192950618,0.22072076552876485,0.25906497225849956,1
0.03713182347691927,0.06602882582048869,0.022435465913163966,0
0.9291765698958051,0.6640330289694842,0.9944409863437903,1
0.03207178429991693,0.06110196772844167,0.027598394808289947,0
0.016066373167070352,0.05829732894762289,0.020180731529691163,0
0.2800657992904256,0.22336008830482035,0.22725217374499346,1
0.11824121923418397,0.2590600278596676,0.001612037193621258,0
0.42494695304209024,0.3882237589783862,0.35212695685996753,0
0.9434133071635191,0.6730921606877772,0.9916718740108491,1
0.049761243981231724,0.16377739516779266,0.1182927028452305,0
0.13573140019668045,0.20786310421759505,0.1386926469082576,0
0.05135378256224899,0.1821546230827147,0.18333302128240372,1
0.00304573800254166,0.045751740522688794,0.0027973676424370366,0
0.21639434581766423,0.19170951120390528,0.16381431848153413,0
0.20755662608021866,0.19655149622175902,0.1708314718314171,0
0.2796937872070336,0.28697186024882687,0.008489353582417408,0
0.09065059788752655,0.12874705427866298,0.11614755984241656,0
0.0956129392053976,0.15651846505344175,0.14055336151804448,0
0.5727378394124022,0.43568461872221065,0.04715783732726147,0
0.08668794215384615,0.18185107611302517,0.11364510948605117,0
0.07164896003248633,0.11517861412896967,0.049442028932043004,0
0.09866627372995443,0.16036652752509525,0.10745060190718568,0
0.009908151423432968,0.054134618835681665,0.006008288033540439,0
0.0025239861565038487,0.05820680133818497,0.003233851148058221,0
0.026712810822641656,0.13369833980019805,0.0609698147177107,0
0.1416907439120654,0.1749055562600567,0.14658937407810838,0
0.10137948039186738,0.16232966059617007,0.1336057573204116,0
0.4526491141823319,0.2591995597789511,0.3953659545556241,0
0.16802006516265858,0.19239324915198883,0.17041625797742857,0
0.08463635341635377,0.15531575816117837,0.092588333509552,0
0.1376131612959511,0.20227074764412137,0.126560316210413,0
0.009639549606933355,0.07875633696129734,0.013634605057872947,0
0.015209478109695846,0.08894820162749467,0.02494628360507615,0
0.2233128874073356,0.20491830242438383,0.16541494472616636,0
0.09868555051267414,0.12694058074861966,0.08931128097612934,0
0.02046082918470049,0.09960297618178564,0.04131389449184332,0
0.09009235404701137,0.1445983526770914,0.13439784280787753,0
0.16371822652883128,0.14630843977481084,0.12411594207080862,0
0.4448546147426251,0.2700074594567792,0.27627966213569477,0
0.41260653967024374,0.24886691699363978,0.25856680213579636,1
0.006972324961340152,0.17578038282013345,0.00794393724090345,0
0.03413534857763556,0.15195999546337474,0.08436494893442087,0
0.06843922424169605,0.1481246352468523,0.08382608913312938,0
0.01278821473098643,0.06337556796309456,0.018329843657843747,0
0.03728371651926016,0.07987589597748651,0.04309092008445218,0
0.00102534087572848,0.07576343868449094,0.003738609776427995,0
0.10010001171506012,0.1795633356527161,0.11843664282007704,0
0.09713421270158061,0.11845353259132721,0.07393389306963613,0
0.029176389283679653,0.13108171756188647,0.05554146464811833,0
0.5575919295134647,0.44024247370753855,0.9347313427003341,1
0.015669824096001823,0.11298352638917179,0.028630989888690558,0
0.017767225426005628,0.08176017478217425,0.022358693586859962,0
0.07891486372554594,0.1128709703569536,0.08461670238398729,0
0.2515030700097088,0.18740665937161458,0.22481880957552103,0
0.23503144239353432,0.2048760046202069,0.22850797226679564,0
0.0034821782350020034,0.04104869584629161,0.0021578855442895375,0
0.09813750940892753,0.1969025352091124,0.19038235032384634,0
0.139870124340565,0.1842558511648282,0.21072579459992397,0
0.2709393416780573,0.22091473163640726,0.19121826329121328,0
0.14409539459461704,0.20842290943277925,0.24146238849813653,0
0.42914631731786324,0.25773801048357303,0.34473686072390863,0
0.01990237443801389,0.09636730774376824,0.03426136814792196,0
0.2154186724619989,0.22129793912543774,0.1961219036455486,0
0.9809499785039925,0.6935121134496287,0.9960370955580395,1
0.41722055319753193,0.266726099862794,0.29201094829714347,0
0.03678762271771704,0.16005772867798476,0.0577122289192435,0
0.0026786341492592517,0.05267636744197587,0.0027335195713498925,0
0.04367955746060966,0.18230700963648006,0.075861812066542,0
0.030943896369232133,0.0721004733386912,0.020424681324296742,0
0.2008288328566892,0.1938496440365133,0.18763297610988688,0
0.060704425940455664,0.09887661171759383,0.06323811637051256,0
9.057532585079656e-05,0.03677749812998722,0.0014732630755652026,0
0.17761942888552398,0.18420011806864717,0.16050470121185445,0
0.22004141686845216,0.18107434764924532,0.1531981808962597,1
0.05525047842359988,0.10968460608573982,0.0782695120937692,0
0.03021728427636798,0.07156573885937761,0.026897181396569683,0
0.0002067272236038528,0.04381061364700588,0.0007189579955782719,0
0.15798857124242427,0.18352099267582447,0.1659576249565538,0
0.008360951592421088,0.058975520443252584,0.018252368989448153,0
0.3045265923038707,0.22347158333087616,0.24221877274108905,1
0.04474191540910929,0.18027737745568587,0.15099374700227378,0
0.045894604148954854,0.07430843203507326,0.022953683603271182,0
0.016322830510586132,0.06811481223017515,0.007952860664673569,0
0.0853986840670227,0.13532357284288904,0.07835928988121449,0
0.7513811441464098,0.40039584104631976,0.5939856946744569,1
0.02591810580756605,0.06670702868531307,0.023902157097798547,0
0.9601326062558816,0.6316123427605715,0.9959659741059886,1
0.06333838394971657,0.134291331101801,0.06981746843676352,0
0.15352286413863866,0.17923947009007501,0.17524693971882588,0
0.2760190362548191,0.24122718140042843,0.17344253443650234,0
0.9721910404037277,0.6774514073226525,0.9960067290424569,1
0.3200418008765666,0.2647070960918222,0.23307162971347162,0
0.011179127301159882,0.06145584999353988,0.0077549094075658985,0
0.27972860347339595,0.20644731730931987,0.223278092204209,0
0.18451265163642525,0.1735964960823248,0.2086561448575146,1
0.02586155372247298,0.09196498422960847,0.060613985060966206,0
0.2879032142398856,0.21545772034196958,0.231714599049339,0
0.13244579777697765,0.15155702972039123,0.12252976526066864,0
0.0021496401751286264,0.03803412636025873,0.0038981579556702944,0
0.26692377017388186,0.17679250216576897,0.16752303256333886,0
0.984601808101322,0.7025581228964319,0.9941851545578017,1
0.2637781319606375,0.2271232673194962,0.2287851713217037,0
0.026468019147642623,0.05776935489936159,0.013655686877484828,0
0.05380724588016473,0.13839442593802476,0.12429960802390169,0
0.183673882854777,0.19496734950316788,0.157048952843629,0
0.9669266584598748,0.7353461598722935,0.9977682330724007,1
0.048284638228547304,0.14074417310232312,0.12676180781399757,0
0.007975898427929146,0.051212149738969225,0.00755743277283275,0
0.043612720062065576,0.10653538723836967,0.06115696319058159,0
0.014448606376233675,0.07581668546523535,0.013375934451159577,0
0.8639980543735292,0.4957399200225508,0.9466092239031705,1
0.9504976469978511,0.5753751464954986,0.9900059243041721,1
0.19567392344564463,0.16960105093800706,0.1816556073620802,0
0.033821882658969266,0.06545203741998734,0.025569703188435256,0
0.9499712261338218,0.6738970669728394,0.9971479335734716,1
0.35725104248663536,0.2647793061548458,0.3032798157286359,0
0.06949037855176529,0.12573014792250395,0.09927759180647083,0
0.8368761291391102,0.6218638503145789,0.9380042668384487,1
0.6797995218572128,0.4189904544770059,0.8469856973509946,0
0.9402373753997506,0.5772131556140564,0.9899107928917051,1
0.8112371419191468,0.48534482680610674,0.9044536309502456,1
0.011765809601314651,0.10837403917554118,0.023050810612283996,0
0.01428492989119725,0.05496646996931337,0.02082225626914853,0
0.34538080525903453,0.22934956799528186,0.3254235281194415,0
0.03215452604439261,0.1411229355821428,0.09204423652604138,0
0.07563774740132082,0.1361373092128656,0.08891325152818148,0
0.004043308908142704,0.05185466493028679,0.00994782943781093,0
0.04279803682964031,0.18539447986088597,0.11490157840310815,0
0.04595203855186334,0.09884292894444299,0.06758827902122146,0
0.012202746300989704,0.21213934389095318,0.008400017179772293,0
0.04650105374701356,0.08796196859737385,0.04716018243177928,0
0.08497279473141175,0.13906283430119493,0.12650805269946688,0
0.00824445082385855,0.08919240304808926,0.022838694512292094,0
0.033244585094936926,0.07744893264519284,0.04785846352336406,1
0.15075249119989007,0.17108561283119975,0.16212545516316704,0
0.00018064102772838637,0.03971337998437588,0.002078247289473077,0
0.002883586654787486,0.039629556763257544,0.0030250894139508444,0
0.15283224624041655,0.1925033946160094,0.16279318950956564,0
0.005732977204501522,0.04123467821872145,0.005909409630336045,0
0.09028007082895888,0.15535303099994993,0.08668415988113538,0
0.011494105696872132,0.2201937910311833,0.04447729042601216,0
0.0011100446049698376,0.13840800958182714,0.016259289438661676,0
0.6154070068190424,0.4849757075726124,0.5836560536357477,1
0.0316465826455151,0.1540765403968908,0.05826444480939907,0
0.18649117690429728,0.1976720888629384,0.19429088562976574,0
0.03529601135833925,0.10852006900932322,0.06445464414093037,0
0.15179186568898748,0.16404554016023704,0.15904333894498704,0
0.11164228298880054,0.1677488189069206,0.12488432551706428,0
0.0039012511478916548,0.06316501806457729,0.002639470868108287,0
0.4338267766910482,0.29261205753797975,0.37657034936348754,0
0.3494014025932652,0.22817630806782666,0.2509354589235237,0
0.028434249897630402,0.13856858024274493,0.05447753132615874,0
0.2933338882782314,0.2298446227190926,0.22834208543362977,0
0.004659993996784533,0.049417553016639804,0.002450287419214108,0
0.20088936786503964,0.3289652647481313,0.009396268807791335,0
0.027238994845051358,0.13675216483965047,0.05265703160020427,0
0.23591040992286105,0.19116337728454935,0.21674265340930524,1
0.0033186670598257203,0.13970863345918377,0.004102675948131083,0
0.02660063451984943,0.06269399781981148,0.023524271359700533,0
0.5098882606578152,0.25325871669370376,0.2833832112367563,1
0.08761347705031214,0.1385278828870378,0.09559746053506346,0
0.3727272235545051,0.28116580110177225,0.28191716267110933,1
0.011190929270137822,0.08171573712629782,0.019417631417283216,0
0.08825445054818463,0.1751750416420784,0.0799675464806322,0
0.017175178912210102,0.11149989819586088,0.026097040416234146,0
0.9249391396670853,0.614397397586536,0.9871790116442937,1
0.11354953869796473,0.16074655932179246,0.14011286543771345,0
0.02520807814498211,0.06555528424629072,0.018823563274249912,0
0.05768610247542235,0.10940210572516378,0.05854366536783855,0
0.13901578572079418,0.17418038276822181,0.14514020521091384,0
0.9734234889792145,0.6941824481907239,0.9944668927156145,1
0.40941145287766795,0.2747530370906928,0.018659195779397668,0
0.04173999804375488,0.164686412870148,0.11926149115136922,0
0.4719783716631347,0.40485600513495784,0.10380825583486737,0
0.034582344447887624,0.1512906062150895,0.058407578381694164,0
0.010212813918609088,0.1945669697442728,0.01595041581982024,0
0.5021865158451665,0.35973806784609613,0.039067960506654856,0
0.28525730625106044,0.21985393987381974,0.1957355792510713,1
0.000996670418820331,0.03296757432574326,0.00040388917683747673,0
0.0187012592427262,0.09891883804853727,0.062056006253858195,0
0.2816992060205512,0.2260573819572438,0.2101885920092599,0
0.016954279133443703,0.09334205786192432,0.026512817586955503,0
0.25933459251164703,0.21603445224526452,0.2155656721831495,0
0.1164766006522425,0.15386136028642844,0.13564917055862719,0
0.0020819842870027027,0.04097794830539807,0.0016664068263917576,0
0.04608508748390687,0.12952715696780834,0.0625404795482544,0
0.019362420773500897,0.070774092932996,0.020989738528166494,0
0.10838307206529159,0.17844502637125906,0.12269270072775398,0
0.0012082384570917606,0.11438663681047578,0.007976566588845317,0
0.1194966295523669,0.16637630968771452,0.09430927149295613,0
0.002726628619150284,0.04652184676975259,0.0018115562954477548,0
0.026867171314382574,0.1333943906733541,0.05632094312491703,0
0.05498737396730863,0.09098758166449347,0.06286802044090024,0
0.11362282425126309,0.19570299510287262,0.13635187960479284,0
0.22518184452122295,0.22881089091068443,0.19449662343554097,0
0.004420233412745141,0.04719878963947316,0.00406216785683634,0
0.011172003943034333,0.06204787244724412,0.006193283522472308,0
0.012896491984798355,0.08782909628687917,0.017812849661596065,0
0.022024503897627022,0.12338679268283334,0.047961083510878105,0
0.03276519500854262,0.06339368002584539,0.024500329595072947,0
0.16598760035280663,0.19379863007507897,0.15893011040223418,0
0.5626799570457449,0.590156491732874,0.8928826304984953,1
0.0320252054713148,0.1345259747842237,0.039990830295945995,0
0.12337591712472137,0.18805041074160936,0.1630408105303364,0
0.00030392957228429676,0.07035624983409768,0.0009784360655257626,0
0.20555201091578912,0.17482964553792002,0.1609690991751297,0
0.02596773124599232,0.12162956735005784,0.05799270394753851,0
0.3032593155064724,0.21515597003242012,0.24089694193932445,0
0.00010217855091816995,0.03999073580920036,0.0011274431215906478,0
0.0062335716532528574,0.17840202089325594,0.007576834806197941,0
0.621037730314277,0.47320782308974274,0.44329634869099815,1
0.16422509647125363,0.17092136046164608,0.15111156115079297,0
0.039813624156549016,0.09493558946578802,0.055259658095680515,0
0.04125524580176591,0.12993752754140597,0.11073681207413409,0
0.027599462825409843,0.12277668601504806,0.042326825137175256,0
0.3774416847661655,0.23601248150820195,0.37708231137048126,1
0.051169062567065215,0.10744741725942208,0.07066853960401549,0
0.25467326213808883,0.1992231282069066,0.21447072517893614,1
0.09763298035743752,0.13332978537942844,0.09052901401372233,0
0.0037226466659583493,0.14994557923557228,0.011978464194164491,0
0.08870187688930857,0.14938339688479316,0.09745227759189765,0
0.15273928804672146,0.1924560233050873,0.14469958592948512,1
0.03378441419316535,0.0843521208227694,0.04102541169167334,0
0.17513643578661317,0.2477621468051196,0.015501305418292808,0
0.12470508256695374,0.16845334166548745,0.1288212279699739,1
0.028943724471801498,0.12690747343429,0.10300229283665943,0
0.29620298550603563,0.23770271441211996,0.2650175303623976,0
0.05272261212508897,0.15078305475753068,0.1647675773631205,0
0.12892775660154196,0.18301085665353212,0.15403521951501845,0
0.9688507345847286,0.6903470559397326,0.9970377378175372,1
0.486938256295858,0.5765675066926481,0.7447809886986676,0
0.005424397359454353,0.061070650612151445,0.0034031692601420313,0
0.08852838593161716,0.15310309462171365,0.12112875986184785,0
0.07923348241475336,0.16066823389590149,0.06187259258995194,0
0.04128301006656792,0.15301172152708933,0.1447054363721762,0
0.20495118214732738,0.19098839432730189,0.18415126203919244,0
0.2227446942615669,0.21141934312015442,0.20315602562225504,0
0.17739391035845742,0.17594055947249707,0.15687322295416178,1
0.2543168264606906,0.19327801706747122,0.20149320701497203,0
0.05565065238760906,0.09315476413115639,0.04280866369247883,0
0.08592328169973477,0.15954203179171428,0.09559011821250595,1
0.0073321204898065115,0.06153457553010848,0.008787847153844319,0
0.10069826551910716,0.14859588976684443,0.1168753080284225,0
0.004608863764828684,0.046774011076153824,0.0030651337937833167,0
0.0038907756896994342,0.06298006246790032,0.0031755045991518336,0
0.0458463136306453,0.172455485654731,0.14857963279036396,0
0.03871097216971411,0.10126858565365256,0.05724201904594911,0
0.035041512470220554,0.14712323958233747,0.07782438139169173,1
0.1883228186206849,0.18871051868451716,0.16263438614942813,0
0.02152360143667485,0.12975858041948152,0.029740585078456196,0
0.3114833127286058,0.2381657309864472,0.26484071311541224,0
0.014115008396254016,0.057437422886199234,0.012196709757722817,0
0.40078630924603675,0.23877126508491067,0.3047410550686755,1
0.025991272156711723,0.13070216548382962,0.043324455151591564,0
0.03942085318305614,0.1834503498657382,0.11199329309449324,0
0.17557810645222355,0.1836249256636448,0.1613154729909759,0
0.07058108932050189,0.13781018196954223,0.11258669566476384,1
0.8886075950328592,0.5776241968892372,0.9878160951465594,1
0.0012936235390050383,0.07713169660885301,0.0037666296375201028,0
0.013684545509341768,0.09077337605390921,0.02896876238196667,0
0.01003165500543966,0.04593758098387991,0.00857746781848059,0
0.9292391502837192,0.6417742484185197,0.9928253397216393,1
0.011060313353780932,0.12283980666296904,0.030394749062418416,0
0.12926412373136426,0.18206848125689692,0.2113163344258581,0
0.015245832290546431,0.05493957402335269,0.01931987997293121,0
0.021920790212697758,0.12420454512099163,0.04805498308091605,1
0.1641717537404966,0.1582938877555399,0.1740136025125476,0
0.028956255536143328,0.06505323590768139,0.026299957273445435,0
0.1846259709575759,0.19311425256504305,0.19658540347373138,0
0.029910535656773762,0.07603239393913583,0.03596943668942855,0
0.5809881265114731,0.3342394522370504,0.04745800443497091,0
0.08341136655429986,0.12648562539660635,0.06115191216247655,1
0.17442821594465002,0.18202512412928823,0.12362033204026016,0
0.0028536173221878555,0.043296856282513195,0.0019402379222350184,0
0.15558298585717062,0.20176955515403366,0.23847273292118623,0
0.20403973100063585,0.20114056355399276,0.21007152411783542,0
0.008098514802683279,0.057879774657121685,0.006179690111552297,0
0.28140447833323423,0.2243487869358576,0.2520457017141796,0
0.029791802687520727,0.0966847339448883,0.03829330862292368,0
0.16834437702047916,0.18725921463268422,0.17282245267235055,0
0.0041389943728725185,0.04184527159165136,0.001524105115909983,0
0.07961909116998846,0.12294816153549067,0.07641566666280349,0
0.00022163409406638528,0.04795494285593226,0.0007620377268222194,0
0.06854912529806238,0.1407185238450566,0.0986103805632365,1
0.11993405201119789,0.1873412254646601,0.12019528723599156,0
0.011981951939414481,0.0993459994147236,0.02179292796470012,0
0.02251589690288045,0.055584730172126305,0.016342936237446433,0
0.0035750141316540198,0.042798029985819504,0.002727638103228286,0
0.26917911574995096,0.2077050895714446,0.1708822860045116,0
0.9305872424014312,0.6115652084755568,0.9841650664298983,1
0.05429135189151402,0.11432899071781752,0.06616932501209712,0
0.07286665063885042,0.14613341814162703,0.1285233198903817,1
0.0027515887060410873,0.15213512418892966,0.011819083070727274,0
0.04389687084370416,0.09504036192842152,0.024571721342935143,0
0.023787552555313164,0.06600356282775478,0.031071644191072632,0
0.015534428570467485,0.09795939058496106,0.04056580262272414,0
0.09941303436487084,0.15090674182976438,0.13795430720629193,0
0.08610264276066078,0.15715626896295912,0.08806853569898715,0
0.01222016261941753,0.08536665672869927,0.028095933194676324,0
0.7654400074422958,0.5776957463216289,0.848101780266318,1
0.9328633999292493,0.6070123200709542,0.9933278913474478,1
0.002017755570680634,0.10526481527140596,0.01140839280005982,0
0.015489550302849927,0.08428954951349522,0.024272871176433484,0
0.978033606688276,0.7071602580461914,0.9980336581656665,1
0.1168080802858272,0.1684126884108209,0.13469448980517362,0
0.2851258074034882,0.22554027405682373,0.22440760913757862,0
0.007505281741754801,0.057064864208826505,0.0065536544983221855,0
0.0339008294065763,0.14026506581326995,0.08709790950451785,0
0.9849891764124796,0.7064562267091045,0.9945371390834631,1
0.4317953529818126,0.29582891852503873,0.2878170091349166,1
0.01423562641962892,0.05607121827019873,0.021179219519833932,0
0.0031549564808218467,0.13813042111463897,0.006816567625232214,0
0.008229607167281208,0.046750282134263896,0.006098215088056708,0
0.25508597710299385,0.21720301675798137,0.21713729634096457,0
0.0073542262270980124,0.03998236120172473,0.005167691860437552,0
0.10979480628770416,0.16132142622821305,0.16149810465954098,0
0.9779433190681759,0.7163873775899977,0.9972054946007981,1
0.02154626335557606,0.11969697156465978,0.0320007249567938,0
0.006837531114699143,0.06155966925607203,0.0038744945830048033,0
0.03195764526720871,0.11316757105128894,0.04875924889898643,0
0.02458407635102822,0.13670427892464893,0.04960356849144279,0
0.3887298401122728,0.3338809535234974,0.1812525941054541,0
0.004655144274881859,0.04831657791417009,0.002275953899562857,0
0.011168807485251852,0.06472552956535059,0.004717491381874728,0
0.08782432512910074,0.13100774473621882,0.11610631616086492,0
0.13643658137664283,0.17477685977296956,0.18475546090369208,0
0.020253137761924632,0.07482310302333661,0.02743416355483882,0
0.8059178980974139,0.5049243712070643,0.9311256740485595,1
0.2354881693787027,0.20800188385781218,0.21934000771723144,0
0.0032306641580432667,0.03897227555446035,0.003380831552572612,0
0.938992829216266,0.5991403551458848,0.992493349122783,1
0.15400684529100647,0.18501530966300772,0.1310230162401378,0
0.858386371582914,0.6593256208453054,0.9308242351973822,1
0.05094396595639389,0.12014082956910908,0.0813181587553475,0
0.1487199862936061,0.16102349408117542,0.14289184306026143,0
0.5366209552226611,0.2894625946606953,0.3568521482896721,0
0.9420658894834666,0.6462545519390156,0.987206350057261,1
0.28044836309975046,0.22723452745987233,0.17388605341040286,0
0.04442744953058457,0.1689985893130534,0.09453935752977144,0
0.002475312729424997,0.047482303139197844,0.0026286314071599357,0
0.20092275707478324,0.2103903475425499,0.19029086824935576,0
0.30193082305841634,0.23417043731967754,0.24342667800986484,0
0.09264104800035444,0.16800385436091655,0.08476050065956676,0
0.029827557567719938,0.06444848033273365,0.025966390798431414,0
0.1340929017580322,0.2575261239408893,0.0021966503216052863,0
0.8826664574916434,0.5653779678593612,0.9915445549226026,1
0.11720157984375752,0.1439791072932885,0.12291981124864353,0
0.42883281512454385,0.28627237598023336,0.3854202602127391,0
0.14180876175543103,0.1685534401391753,0.2045999237949018,0
0.8055081395558852,0.616637678207929,0.9632695414053164,1
0.9542846234097734,0.7211116110346661,0.9950055864820367,1
0.0688469109107344,0.133488290668033,0.06309282945224755,0
0.003472649207353968,0.040760379427864285,0.001363128964123449,0
0.06615003664406444,0.1187030943360414,0.07193470741564235,0
0.04319734192793054,0.09447821302773822,0.05387479539488044,0
0.3819713259581461,0.24403976303960534,0.2902967827727778,1
0.2868019495900806,0.20983271583972987,0.21875560017200701,0
0.009774421302256777,0.05617328033188412,0.007186968433993487,0
0.0025713727054527727,0.045298547454203225,0.002693202015603401,0
0.01404255220701196,0.06517462903935484,0.024657400051375226,0
0.014486579973149123,0.04908501766122851,0.013096343906117068,0
0.11003269576717219,0.17716381641883114,0.08923675220363964,0
0.07934298938969213,0.14378582564313117,0.07036613003667871,0
0.17504276464596666,0.1677757359939002,0.17505922372543828,0
0.04813745333588175,0.06546842942396318,0.03837347298508688,0
0.010021491326765107,0.05413583451650037,0.006220076673986662,0
0.03535419563270897,0.15652380763562612,0.08336415412091448,1
0.14012516090432997,0.15447919684175437,0.1524932249344284,1
0.0011707809843224252,0.05182428711838792,0.0009726046955700058,0
0.10981990156616837,0.15571489752370768,0.09671048208553633,0
0.010882497667050454,0.10791221739015754,0.03946972635107185,0
0.040659114743944465,0.12041438415064691,0.0546277256950901,0
0.07170659387602624,0.10344200709519336,0.062323625678946705,0
0.4902818034009483,0.26311045328178184,0.2555487368308012,0
0.1599173776887588,0.1711577391081579,0.1322564766328801,0
0.534383574269566,0.4523469202903793,0.47225561586388826,1
0.4201653042700666,0.2651121150133039,0.319333851329701,1
0.0020788404164226292,0.04550522354426066,0.0021142174610198254,0
0.012395475743974736,0.0524954528948538,0.019908626990047723,0
0.11959454156659642,0.17242631790340493,0.13632899304546348,0
0.5565851792606109,0.2899473455728013,0.37056871246344686,1
0.041262328891071606,0.09245070116875605,0.032421535836191985,0
0.16669776957676818,0.17759184595678135,0.16993600010808071,0
0.17499099991641104,0.1742448078731675,0.1664360917428796,1
0.029238037040696146,0.09033926390787453,0.050560236103341795,0
0.014450145214991581,0.0669403640230621,0.010923346228142826,0
0.9570992356958813,0.6767770955755572,0.9952731083477581,1
0.944789217998371,0.623180121926322,0.9929807896516605,1
0.0070009946947197895,0.1863397829583265,0.02486756238507582,0
0.3862049479392525,0.23144670350781132,0.2949185007073971,0
0.07558718959738683,0.1235080718836369,0.09636053010533843,0
0.1004666649811319,0.13475307997592667,0.11626237639025966,0
0.022750338526228084,0.11756365240661149,0.06688419288551177,0
0.26402075624935445,0.21209842847414442,0.20650772178134758,0
0.006379116155774244,0.04822063711032637,0.006426367095025223,0
0.21504679918109365,0.1924953734318162,0.20725664984848435,0
0.00039103102147506735,0.07003759459492769,0.0020982366837073007,0
0.028168339445917793,0.1369286791398262,0.07112010377160775,1
0.23350600099974655,0.2066882986867852,0.19241991100460004,0
0.36956886554263435,0.25773203729532695,0.3229596759861099,0
0.06004184836914423,0.08875499755369078,0.05890310620344287,0
0.22660365044356595,0.18845783444406788,0.2484160728021213,0
0.005541507612476437,0.1657554628940522,0.012193094356369795,0
0.06091821554170198,0.1955899222468158,0.136544978123266,0
0.006883409782706236,0.053580347051759396,0.0018664095238389701,0
0.3073947811708413,0.24405246447740597,0.25319418757094514,0
0.2658721315805363,0.2192027950403698,0.23507883658762008,1
0.04259126306475975,0.07753618988060207,0.04721198663770478,0
0.4473134255140871,0.23598194218792828,0.28244042995307206,0
0.01750759455027209,0.09216119048317072,0.03338070816100734,0
0.18508821435174888,0.2053801303336268,0.21405805127795988,0
0.012260361722193924,0.057756763550322825,0.009627025666731567,0
0.08164529553334542,0.15510428980031427,0.10604939007716008,0
0.003356192924214781,0.03928185732244117,0.0028208088509286116,0
0.08803544360090713,0.10944532135750251,0.1029311296255728,0
0.023398677493358076,0.1255271484642311,0.027571486986761366,0
0.03315202390772208,0.07236517355849757,0.02707129147874337,0
0.02365397640237635,0.0888719397624977,0.039419360647059844,0
0.023904636942245032,0.07899519220754884,0.026526816565609644,0
0.04497427563983489,0.1405373103398915,0.17012624180288055,0
0.008052106030298004,0.061456863470782774,0.007662002591132798,0
0.23343639289731455,0.22286054233132224,0.21013370374655432,0
0.3201511029282095,0.4118652231601774,0.0879539857774957,0
0.0007100417910190096,0.11482579464153059,0.010480030241064137,0
0.9867532551858679,0.6891124450073652,0.9981945514912678,1
0.10110114543304555,0.14824657450191916,0.12107789533401132,1
0.0367107099446229,0.08395799034780108,0.028903425114235715,0
0.0021527229764816253,0.04674162519936313,0.0019590706098329006,0
0.32715249847975464,0.22778570519245184,0.21957669197060348,0
0.030060572193991088,0.13720376909303644,0.047495362214711546,0
0.019789528712798127,0.12206729465682684,0.039143075898025285,0
0.21359712146052945,0.2191676988866484,0.22577760172818462,0
0.16087484726712362,0.16204370863567655,0.137533759092714,1
0.10563839763987813,0.14090605906033835,0.12548101516358162,0
0.9593485043674933,0.6088814809449846,0.9912710209168678,1
0.23126131605367137,0.20184552506767364,0.22537713182973362,0
0.042206764834653646,0.0667065223911896,0.04134614920543701,0
0.11707646569475642,0.18212210647458688,0.1918250160312218,0
0.24221516976392002,0.30195973496803025,0.006356506868337947,0
0.2211240397939578,0.18724684956080775,0.24908775622647358,1
0.008950793475092313,0.09934925883404207,0.01906864896994955,0
0.8651773732898365,0.5710612238879548,0.9749854191717834,1
0.13676066974692033,0.1805014232763201,0.1554060555075984,0
0.5117543933421838,0.26714863923878207,0.34667236250016936,0
0.061713059472198004,0.17574648797228076,0.15358281420410072,0
0.9499900145869011,0.6926123454080672,0.9969457801654452,1
0.011873433918797294,0.05609494310869324,0.019865359550305987,0
0.03809468274722598,0.16686471659801957,0.07470513019390329,0
0.03243308857389296,0.12812291941281856,0.029102264498568037,0
0.6119651856577681,0.3616637283695111,0.5134051021013711,1
0.12912051077095263,0.169989569567097,0.13728003704906624,0
0.10644316174342074,0.14028273659982976,0.10858522594660196,1
0.25802234729923423,0.20094757632685958,0.1762711846283494,1
0.9491058563736925,0.6433072988524521,0.9851002481931445,1
0.09462573872140057,0.14565957223522438,0.07554793072433756,0
0.2647737863198384,0.20116315895791623,0.23529979306138601,0
0.1557389716875774,0.1901454419657816,0.16425005650033384,0
0.006055561801357506,0.056013296055316054,0.003225265089671073,0
0.8895583221827857,0.5859889375402715,0.9946970969862192,1
0.1315259444635171,0.1552112079595925,0.14449661078661988,0
0.8002277682226057,0.580497709483029,0.8586085101878467,1
0.1331976241946506,0.16870261039922338,0.16310945298765891,0
0.9241250902271407,0.6320243927786088,0.9891433037509677,1
0.4868085231280336,0.40392798109482503,0.03786017560118469,0
0.40560604655140625,0.24396029306505998,0.22430275203829647,1
0.23377999719567125,0.28632495981328593,0.010791919499844009,0
0.9836745753456502,0.7078769838133339,0.9966615132285965,1
0.08417601631436622,0.16416104147962426,0.10035876271690203,0
0.2923061721478526,0.2645955473898378,0.23283008381526293,0
0.07423640241613548,0.15697193461936346,0.10267414527294545,0
0.023206216451844647,0.1022828364598724,0.032836808292653764,0
0.3800979046059667,0.2714538040097031,0.2944238841521263,0
0.030624850816172836,0.1478105765976361,0.046779247370059555,0
0.9226857596929483,0.615252872583286,0.9871122946003243,1
0.046670149588539746,0.07711022494623945,0.04637028996185451,0
0.7830452037745547,0.6141843990780675,0.8178489245176702,0
0.1040043526608076,0.16459242434348062,0.14882215267657106,0
0.03797330784561159,0.07198863463764558,0.019545506080411047,0
0.030601098609210446,0.07767347293242156,0.027501234034933424,0
0.9497665005199585,0.6472020699451777,0.9955448821970968,1
0.33255112700644185,0.23203297657670702,0.19449084936373703,0
0.041900277471363004,0.10474555530158015,0.059416894616384754,0
0.2173249597156502,0.1904032534068565,0.21371626848737757,0
0.24430030273132478,0.2236357714697513,0.25047839842499353,0
0.08392431782315227,0.16130642794924918,0.11190041313657269,0
0.081696052567013,0.1417010740130617,0.08800977560688639,0
0.010940354477120717,0.056073082910046035,0.007076453217443937,0
0.03535249100145727,0.14395149462353554,0.06453432364952563,0
0.3432348735807312,0.24395707596512595,0.3007062701497111,0
0.5179824634270712,0.2656800969945346,0.35265508622283726,0
0.13985872529283358,0.15346673500304053,0.1289601291873772,0
0.004064954796992086,0.04509430550655753,0.0068381979765798654,0
0.27572765308964353,0.2157134757218844,0.2192637213294074,0
0.0027651985401065107,0.0623068696129121,0.002867006978252443,0
0.014713771836391528,0.05462346422067392,0.024327879284719033,0
0.010876419487061568,0.0843890727280057,0.022389006427467016,0
0.00800659158235624,0.05433611215779739,0.007222059818356523,0
0.01025422988429026,0.08679343362979305,0.0245189852413498,0
0.2261572210661187,0.17433315195354926,0.213588541945904,0
0.0649553437724152,0.1878891210659362,0.1989397622281316,0
0.2193724531899784,0.2166195538127294,0.2100360046339273,1
0.22891453137049694,0.20187857217463318,0.22104268659278123,1
0.003462183451168981,0.045532130105936736,0.0028952498984943184,0
0.04476903661163687,0.08581932829225375,0.048168529757950405,0
0.04781423075244595,0.15679661394598365,0.14746014525653514,0
0.042071857119504334,0.16775328893204633,0.1296016765026078,0
0.71893761309816,0.36290085438678016,0.3021651946435446,0
0.13658165882431716,0.15521445510945492,0.14362203895301187,0
0.20494882106053955,0.2055998870957225,0.24920496744120615,1
0.04574992418691438,0.09708143063154397,0.05218380121172265,0
0.9618507518942757,0.6888848980303542,0.9929077061497915,1
0.6662416996302397,0.3297661954415116,0.28262214048594,0
0.37771884874754313,0.24773952697843102,0.3311740499137311,0
0.05103150097979823,0.09939695965613404,0.053308370012837995,0
0.0327363964769852,0.16113258266431188,0.04470610632326237,1
0.3452184934839481,0.2306819625371806,0.2572506916817551,0
0.07671484413487276,0.14617746932540535,0.109389200455497,0
0.0033265351861865165,0.05326982884232062,0.0023940886131587316,0
0.16286094346150484,0.17051137813877962,0.1535609901370482,0
0.017737383765437823,0.08950441300752462,0.033443312839014874,1
0.06069910635928909,0.1174874305611313,0.09930705821029535,0
0.11362346285776981,0.15492412235692088,0.13099240449897742,1
0.02990974070665942,0.07195815656982706,0.020241889619800852,0
0.027877844388732295,0.08029718404772435,0.036124072462073886,0
0.9898080847206271,0.7309878242460672,0.9986003454292625,1
0.02525270590073999,0.11971730769940167,0.049164052531551934,0
0.2585982680077436,0.19153209097251406,0.17560063138897544,0
0.0051127036450203675,0.15987687912417214,0.013109689720125075,0
0.09011641174777207,0.15739650042171338,0.08859679550101761,0
0.0029219467864148915,0.046411604503051346,0.0023131540989899608,0
0.09839039145831438,0.13920524144405969,0.12859168620626799,0
0.8756993036921096,0.5351851314721348,0.9664544278973722,1
0.1832842422271975,0.2230509891834546,0.16003916781663724,0
0.0816697170830549,0.1340764671700831,0.06988219617431463,0
0.0023250255712311007,0.04073036809836908,0.003028224839706037,0
0.0011764481629443623,0.08450324165076203,0.007263515252161417,0
0.8462436416689945,0.6235137532583365,0.8938799588107276,1
0.2854031491603662,0.24655357523619628,0.21604293158857807,0
0.433663851766162,0.30718552563123624,0.03533712380284565,0
0.09819178073575902,0.1100529914775988,0.09127468417318675,0
0.20455790449704453,0.20556320640254758,0.13928906390837412,0
0.044875605542195704,0.11205828532058851,0.06838908500388101,0
0.18681042072180534,0.2853392159228743,0.007497923010241689,0
0.18542632390358801,0.2198854702729958,0.17930534177280122,1
0.609674188009122,0.5194277821172586,0.5914220872003902,0
0.27120857876790416,0.2121105509897371,0.18183073971614383,0
0.050085658449284476,0.10050540958840154,0.0690101513173707,1
0.9190902161049564,0.5950894534875005,0.9817815158281886,1
0.4173934756796367,0.2495589168441838,0.23686748974670577,0
0.1902642751774256,0.22152683865604378,0.18327725610309822,0
0.0894987919867558,0.11191184150019427,0.062289420598256165,0
0.12475352728183402,0.1868347811496381,0.1680292379390474,0
0.19564612047126292,0.2106840949129795,0.3262832441094986,0
0.40888034953054037,0.27231541689542643,0.2876003834010352,0
0.12564293638684976,0.16079593120315108,0.14772336650375958,0
0.03139493445008791,0.0874133094137994,0.023739457190860187,0
0.19496336573269546,0.21013968483899095,0.2551855679857752,0
0.00608973916534687,0.06794508027680855,0.0018386658944190815,0
0.0926828963019865,0.1474860358297785,0.12930862430486004,0
0.003924423444797086,0.15486756486614311,0.006161261932468376,0
0.1546243004017406,0.18728247723905617,0.18393719010922516,0
0.1386523609870494,0.16950370560637737,0.1519550849509484,1
0.20585468993310063,0.1973634475653186,0.21089519612475796,0
0.16900272459375046,0.18891123704368748,0.16695903354926067,0
0.02877383820833532,0.08245251813612688,0.0379789668901525,0
0.2006990592638018,0.19854404710418896,0.1506669978711929,0
0.09429290687580397,0.1614680078298437,0.1033011240324948,0
0.007632352013933904,0.06772710321693295,0.0067839350725232995,0
0.9619187879494537,0.602404958342148,0.9942890823645909,1
0.06652051301439026,0.11739396255193778,0.06593786030315274,0
0.20346990620500865,0.1790053220973567,0.16733856269855418,0
0.6997054698339465,0.5887635359751877,0.7095260484508606,0
0.4615324496823237,0.2726047307968257,0.33843918029589,0
0.0447584726413138,0.09599602945114896,0.05847751740910425,0
0.1327829404076304,0.16164038707689485,0.13932685031188616,0
0.035656941170588145,0.15693747915651438,0.10321446817334991,0
0.029580773468037967,0.05764750317298547,0.020041721919280973,0
0.03919141987734947,0.13499101752987422,0.04249792648234413,0
0.1430820587554082,0.1718184913770066,0.1550026083983408,0
0.17365395211753476,0.18429720812808725,0.23895882773828836,1
0.16293036008062867,0.189696925125135,0.18621100718855016,0
0.9903664716062623,0.7420634251121545,0.9984026674128564,1
0.6584364846437151,0.32155706489165337,0.5663400101278505,0
0.020743181867878564,0.11941646277172711,0.05141969917379509,0
0.08862168252659708,0.16130360202554367,0.08286531331834854,0
0.011079457323377695,0.08464887523921596,0.020475684719332785,0
0.02032932903589168,0.06733886780330263,0.015377956124361583,0
0.043287809050846233,0.09319029583991821,0.03360043563026277,0
0.08166137140161088,0.1558971146498195,0.07214679575922951,0
0.04785999755989656,0.13110906323516605,0.06699197535606183,0
0.051206050265483555,0.14424138994917482,0.1477853119863568,0
0.051279522920617056,0.1006375027815221,0.05865721259244198,0
0.01153192372198334,0.04440338089069197,0.007702955586599598,0
0.011284397829488632,0.07299695358979987,0.007110672566151703,0
0.16168122237711077,0.176068307142437,0.19330142525426094,0
0.016099684382614957,0.07845748292127834,0.019622351597049698,0
0.19189212525393376,0.22258606672875786,0.1839357589138149,0
0.09378085321350242,0.12233566415016048,0.11120945873768336,0
0.16017874133948323,0.18682703521446803,0.13890419435140414,0
0.18697079592777388,0.17559476612193484,0.2043542620069669,0
0.002206707711164902,0.1292637983343823,0.0036711918795087344,0
0.0028776506919153035,0.03825703967145276,0.002000549781965188,0
0.03186764254451674,0.08513466929564117,0.03463716361460853,0
0.2301724399531551,0.29286625264231275,0.09826854626875609,0
0.06648712334022151,0.20800516040516046,0.18430431324895757,1
0.011665857815069002,0.048089274793028526,0.003761042497301588,0
0.013028174095915685,0.047231987508914226,0.012814320742366646,0
0.12696056730679867,0.16397262529451043,0.12892285420579314,0
0.02897886227527152,0.10570297151851933,0.04988774797365393,0
0.15783241902379663,0.16513657382514713,0.19812308691985359,0
0.15208276439366494,0.18085883717967582,0.15048688090346715,0
0.35701359253072207,0.25752050495605344,0.23618497074778502,1
0.054409147896606135,0.11101662407543618,0.11248012048156725,0
0.002342365586698242,0.053496093551218524,0.002174371902271233,0
0.010372137005080951,0.047163216971259095,0.013087822844405702,0
0.4016792609969019,0.20553487396732004,0.22954617356377977,0
0.2509177885102931,0.24082546343798578,0.245888291883517,0
0.0006041594877555581,0.1090067805710945,0.005413078971910802,0
0.2540754717709123,0.29107657732443515,0.009595990724085242,0
0.2544158854171922,0.2357650290008804,0.29928143021184656,0
0.17510541109983027,0.20087117676379662,0.22217159300673686,0
0.12289313994156162,0.17556909968729317,0.1428211362969803,0
0.14951867773100833,0.15899958160642416,0.13506082274148243,0
0.038707186384406254,0.11880334447214222,0.07739781757320884,0
0.020677346100098394,0.11643515958947102,0.03401477101309676,0
0.12119089107278026,0.1662900524681692,0.18354337306502497,0
0.061640646973363904,0.11545776634606085,0.08216625817796282,0
0.09187490080671887,0.1577113623183171,0.10832334589975567,0
0.9606481067237375,0.6828528691126826,0.995022963984915,1
0.03806916210593994,0.17525889100220077,0.10341457368031687,0
0.0519508576695935,0.12825208589603462,0.0954945205975515,0
0.026248059860389222,0.1395771632044886,0.04924039413586489,0
0.0057597014899631845,0.038391330070493286,0.0033910014340507184,0
0.15874643492749735,0.1711754803358351,0.1573444710310126,0
0.5062964381114992,0.2940891938584627,0.38499054026780877,1
0.17025259074634602,0.1806853850539046,0.18504833980615565,0
0.11225170704086852,0.15274443221450834,0.13992120491058038,0
0.21441531901060806,0.17689379864354374,0.16163997093887023,0
0.03674225099895821,0.1724346658668793,0.09064309121405967,0
0.0427058010674581,0.20860912473705523,0.10011574066290779,0
0.016562096320040038,0.06618385532645321,0.020873180975359906,0
0.013847402717221739,0.05284708741021421,0.02256963518109899,0
0.06864540352535747,0.15091429899820175,0.20820951850411373,0
0.09707594785309459,0.1386502278246392,0.08996340432716267,0
0.002675809270862201,0.04317041250806387,0.0011149210017161962,0
0.04704988750096631,0.136736206866696,0.1276704415589579,1
0.054832582293817475,0.13665107719575836,0.059669586437573,0
0.042039372007528324,0.16133468687783062,0.09424322081055446,0
0.0008152140104080617,0.14378387513586477,0.005098881206055829,0
0.0029869203221303884,0.03932434327753768,0.002495484690823798,0
0.13241235367634455,0.18231913471121616,0.19390634747816465,0
0.029402721157794416,0.13400616606596374,0.07276288181242956,0
0.864964863745663,0.6155170934725824,0.9823559982674441,1
0.14800224740577475,0.16761921257613813,0.1783057397557592,0
0.18514270721290452,0.20640401383311519,0.20540067785907956,0
0.09625461486458599,0.15999483134888443,0.09831396567445956,0
0.06322904933715535,0.08034586602525456,0.05193062056368038,0
0.01595934376428836,0.12496357878493672,0.045524579259646425,0
0.02732806643881528,0.13797482800354102,0.038657202286882617,0
0.3940048077295411,0.2421477664853715,0.25284715717753614,0
0.011162226157388645,0.07699909986112947,0.008967686090415396,0
0.018863561894683883,0.09181754272250682,0.023187003268859887,0
0.1469883212548765,0.16797995742155733,0.16386684134621013,0
0.9483908991616423,0.6536525115200226,0.9901710902667796,1
0.20067529598764552,0.21386117712623381,0.22325160200631466,0
0.004242246046150037,0.05221228100928917,0.007461000026453993,0
0.9196379675537228,0.6457656125908565,0.9933495265712502,1
0.0011099740806013354,0.04138595016381996,0.0007083420593993584,0
0.9809669574853921,0.7127351686164753,0.9968265175156448,1
0.2849529360284318,0.21479612620636976,0.19656045139491013,0
0.8869926761818637,0.5673805604453174,0.9825929583082436,1
0.05828302826802528,0.08203109565259746,0.05789669990644238,0
0.019077390539070326,0.09396426934781373,0.03748667045764997,0
0.001160222838167793,0.11593813330080743,0.008866546837577833,0
0.02426639882873647,0.063927632530748,0.019196033762550815,0
0.24788047498690383,0.19828629555915198,0.15260351803807837,0
0.11252759130367161,0.1603454904881205,0.12988737028736927,1
0.25715331600689345,0.22462464235219987,0.19141222033311117,0
0.9542777443590521,0.6707228422237148,0.9948249405287427,1
0.15680229140522872,0.1966939687609642,0.19496559319070084,0
0.1929946542955403,0.184252915559783,0.21419928285064055,0
0.005512047247944857,0.034602338191253475,0.004111701606582866,0
0.10336283502283879,0.16956785869659344,0.13148995233377023,0
0.060250750283849075,0.18604659725641912,0.14675538123017978,0
0.3218138119673199,0.25665014086888294,0.25397311590863986,0
0.08056566390468428,0.10608133113198752,0.10278131538764791,0
0.060983302411025335,0.14337231407832537,0.07740004417656932,0
0.003980902830388413,0.04225633804573827,0.0011292431737475437,0
0.18954814783313403,0.19617219869128769,0.25208573287494457,0
0.04085107911681324,0.13669789638743593,0.093785159710554,0
0.09546552443763638,0.15763112778210966,0.10208338146390002,1
0.11056008933232604,0.17368798454036039,0.11420894651368695,0
0.11984111374384332,0.16643528528435186,0.14146506980510262,0
0.023669759042766875,0.11011480241681043,0.07186481049434759,0
0.0272901621496322,0.14710284648625663,0.04627641482719021,0
0.19102165530994042,0.1723312385436028,0.15573442245995914,0
0.07352133548922306,0.15377871110154995,0.11160364894849564,0
0.40793398388609725,0.2263068804359773,0.23559083003046857,1
0.030118701509558414,0.11415864974754623,0.06271453103701832,0
0.038859162242684646,0.09483326103580969,0.052456844486827046,0
0.017033735864810967,0.12298652354046194,0.02574473368455456,0
0.0649503925075013,0.13508915262386326,0.0912780130428121,0
0.03758718014830334,0.1368528510980532,0.07534005382022423,0
0.5524218019932169,0.4282752383759186,0.5269740706919366,0
0.6366405071991597,0.6155481498250547,0.676789393241485,0
0.25868859499142294,0.22690319490381985,0.1827993786333903,0
0.9557824696744189,0.6783630193128648,0.9950594142506292,1
0.1980948239961483,0.19125443601996667,0.19313059717801714,1
0.29017351449970136,0.19989580964011183,0.19641484411311957,0
0.37709978153672585,0.2736172536116545,0.03389631067487235,0
0.0018889157813528486,0.10364453652143328,0.0035633447194761227,0
0.015297215329003005,0.05715853251142303,0.030419213164005324,0
0.9549838170222394,0.6315462655775308,0.9967706602927296,1
0.4902431207917373,0.5574749179337669,0.8468598504223149,1
0.07050830127055781,0.14153701502181254,0.08333850592547062,0
0.30131816607101625,0.2532493395734693,0.2848429550690541,0
0.17193197144403857,0.19227199168564882,0.21013315438717498,0
0.18773718351760718,0.18268424946966189,0.19974213962693302,0
0.4221467627094928,0.229043872637947,0.2511602466542477,1
0.9028300987891252,0.6732278527395118,0.9929229082458836,1
0.30072407979152777,0.20341778750320233,0.24303692466300025,0
0.02383850804507853,0.13324786850542206,0.03436659944624492,0
0.0806648929193048,0.1244549388179358,0.08370635263854184,0
0.009441230545943346,0.10152568694053919,0.059388331097800125,0
0.03903380453184877,0.14377617451852603,0.07202870848292732,0
0.0013021462406254524,0.09519185184522448,0.007208702797586049,0
0.4528607882593796,0.5003205345676801,0.5489250902715925,1
0.03728831455820335,0.08522361776066066,0.042908141829179805,0
0.06192297421488138,0.09324015204591056,0.05082184365999109,0
0.024377890039070673,0.14626206187966573,0.03024405886235763,0
0.015967469012385292,0.05454304167791978,0.01960937299697269,0
0.2145856185540582,0.18217497441290026,0.15344964781501286,0
0.44299971046999626,0.26251707331867474,0.25102831856203234,0
0.047983207588441296,0.11683455011121656,0.04232533696669171,0
0.07768017213379078,0.14149139934629398,0.08058970989870187,0
0.038130033469602004,0.10503408068353356,0.05397304464014535,0
0.5709154638657409,0.2903452388925206,0.022705840818929037,0
0.24809949499736428,0.23206523175590038,0.2613456048393568,0
0.06653264832969312,0.12092473207225626,0.10570121409629891,0
0.02038959768081173,0.11303695806784199,0.03166979078137093,0
0.1878566757791898,0.17162199866947592,0.18877193235621967,1
0.8950124287986368,0.5096925095540279,0.9711231897891595,1
0.024327532206950053,0.0713967256125978,0.02135100759460305,0
0.3124740102927573,0.24720772964827378,0.29892463272995434,0
0.04049805353308421,0.10251521902702886,0.044394936587833785,0
0.008747548302299792,0.044700504690402834,0.005822144406386025,0
0.2658986686281058,0.20072569142925836,0.20256461107426724,1
0.05778158551603669,0.14371041993562175,0.14102189856063033,0
0.05318866562451741,0.16449975314423548,0.14554145980292343,0
0.1525822848176313,0.17386460703942572,0.18806950086079602,0
0.11817813397068819,0.16641388950496686,0.17567869692933843,0
0.13310667695976452,0.15285358633613164,0.12157202159785963,0
0.004843457204377853,0.18078659036045203,0.013403203150724761,0
0.07760045186948669,0.13828098056439853,0.07718636063107097,0
0.20127379802189369,0.19765950896748224,0.163890044609411,0
0.03094336351643121,0.12995817421668032,0.10179135436258452,0
0.17600785467417404,0.187175981341024,0.17560904181914228,1
0.06469537655951342,0.11139930936667364,0.0992252992293497,0
0.7124631836144523,0.4602613296002597,0.8732355467221797,1
0.43565974261888313,0.2230061882549189,0.23140222791668905,0
0.11714724756193111,0.1684023797508808,0.1480892009169935,0
0.9033564148523529,0.6323864333373866,0.9861061033610495,1
0.9239907464252458,0.6111948793468308,0.9925140735647451,1
0.9240945711889995,0.6620155610372331,0.994724383686367,1
0.022806320424903458,0.13888595656261415,0.05860592516709676,0
0.02652608631015336,0.12105979298010032,0.03728197019126942,0
0.45550719292048675,0.4021805706286125,0.2987175944124608,0
0.19040745687833677,0.18187826519602954,0.22143486266593904,0
0.14876805152108344,0.18478076637712473,0.19767583079519255,0
0.046635052448130127,0.09464700556011536,0.06035820982948294,0
0.15786042852972434,0.1818784477162345,0.21014736685054566,0
0.041647228906933884,0.15280374145056796,0.10053270455175761,0
0.00115595461668218,0.06857805726663219,0.0029714912417090865,0
0.12684955699025713,0.1755413596421592,0.159570456277733,0
0.0723185590563398,0.13114375865863878,0.10133950831798261,0
0.9376410325796667,0.6599382392194922,0.9948416509641785,1
0.27521147800370227,0.21023432764268218,0.2317238405668273,0
0.03879802553769909,0.08234008279737255,0.023869201993589485,0
0.052703481305504715,0.1272464205692529,0.1276601442291546,0
0.007870041190452542,0.17873938877276158,0.011123595055156728,0
0.023599100713669812,0.10808544518319463,0.05709652663318555,0
0.015501312689569306,0.06970890802222171,0.007394521490674894,0
0.07285184529886128,0.15261859809811842,0.07172562270589128,1
0.17489993613251645,0.1915221122678931,0.16225447210699406,1
0.140162243477437,0.1843371415974167,0.18435452892980933,0
0.12220876866751873,0.15274745966580647,0.10580185989971168,0
0.027228616355688802,0.10054375418247093,0.021083785421746284,0
0.2142617499578378,0.3584961448794217,0.12419219262653206,0
0.010171388586275563,0.053723213588278695,0.004945474999360516,0
0.0348701283529337,0.14273430239049684,0.11721438041869524,0
0.032657644221880375,0.12561786779745632,0.025410095214450364,0
0.47108457383196395,0.23840644151270363,0.31075321744050216,0
0.3216289062085767,0.2179750109857107,0.2674082974820817,0
0.015493726851890944,0.09275109183540987,0.027134598195892982,0
0.27593628403479836,0.21376769604651102,0.32343890038836465,0
0.04487689896324415,0.10896028532829072,0.0667542415034031,0
0.14045523739245794,0.18633862669942242,0.16757812709263362,0
0.01072361127421201,0.06525003231530549,0.007547762688989915,0
0.1961784590964876,0.20230214037848385,0.20374930071482897,1
0.1130781043115098,0.1469432379177568,0.08516873946682961,1
0.001488852406855409,0.04183076598718961,0.0013722249443020545,0
0.013538296675379601,0.05616096704245268,0.02864683077616971,0
0.03983005298275497,0.11653189108398095,0.057045224181986515,0
0.0013895533186941264,0.10593201148549639,0.004644014322473004,0
0.1361637552762377,0.18157652155565895,0.20594516734807491,0
0.3223644575632337,0.2138100959675386,0.27223829471457384,1
0.05660119836723697,0.1511780635563867,0.12999919837936183,0
0.011996994542687264,0.0453401628865001,0.011575279482359573,0
0.9618070494967123,0.7183492479205713,0.9972249812083303,1
0.017156296726308338,0.0566246815819423,0.015187556078611126,0
0.09072615801143734,0.14269423009867024,0.11638122818610712,0
0.7308120891766254,0.3782981264715989,0.570630254912381,0
0.011690338124271074,0.08743501936560269,0.012898272434101358,0
0.2393189612258984,0.3654765773620712,0.09742094605103228,0
0.023181861031695308,0.12328336819949288,0.04956309123178835,0
0.011367750690444038,0.054144404483357,0.006303978205154007,0
0.08676516735597921,0.1498826267197948,0.0706653674441511,0
0.8248662455106068,0.578994586625266,0.925994858974596,1
0.294938008271132,0.21800808632339552,0.23559495973831404,0
0.9416647475120523,0.6080609147462773,0.9874796842759659,1
0.038047085761962654,0.07762388629683466,0.04294316606304893,0
0.9314115180114948,0.5885917606855761,0.992908359602835,1
0.17102342810878982,0.1782928489014022,0.19153250504538927,0
0.08235915332861383,0.12373653100729054,0.1153499585087073,0
0.08911016135601874,0.15295454117046378,0.0903500252240211,0
0.027366482182567077,0.06762626639722662,0.024679271476081923,0
0.12456812949522054,0.1700706396732746,0.1817391919465927,0
0.03983770894756862,0.13147650796875046,0.04693572918701352,1
0.2466432808319092,0.21485504350892157,0.1846763530334021,0
0.037130685360162556,0.1352527595061126,0.09133977667968449,0
0.01863515602600565,0.06104468621269664,0.01970388799908425,0
0.022465721585033436,0.06672992323627612,0.03193392054965533,0
0.03313432929691064,0.06786248382448201,0.02001548415939271,0
0.18113517212496255,0.17084448918727202,0.15805204346043897,0
0.14783539131575738,0.16500709592052487,0.1817140221853075,1
0.09316723531807385,0.13887414190748,0.11221152392282906,0
0.2822147547595841,0.23353309882316142,0.24055322898499965,0
0.004298390661956283,0.04594027697218936,0.003513892258579403,0
0.04708900118232135,0.17930699224564642,0.1730035715115199,0
0.07462328218719358,0.14239984912661158,0.10936767501697503,0
0.39724762205833497,0.23340701499289562,0.2675708062212274,0
0.0014918330087291545,0.0466764803007308,0.0010189641858818388,0
0.9591264934645898,0.6581290526831134,0.996919800255908,1
0.8148346460538305,0.5206883359354523,0.961023007718387,1
0.07581197588383466,0.14302891777653284,0.07910159470580588,0
0.02754005756633274,0.08538204651733654,0.017614360477380617,0
0.07209248003660274,0.13019207214471776,0.08995417400593522,0
0.04826178496911937,0.1727642940563259,0.11690708232429604,0
0.014668170047309352,0.05384388240109733,0.012054828383794696,0
0.03655692505324205,0.08998991734873411,0.04422349927027296,0
0.31696169775159777,0.22188413455138295,0.2569254626689701,0
0.14964856146070868,0.16905605792771689,0.1904662701078927,0
0.002794720344142974,0.046327044922425294,0.0019542360384769103,0
0.269289033058028,0.22592724403220454,0.2022308002068701,1
6.282465808391544e-05,0.03144718383451649,0.0002564592241441116,0
0.8472797407701915,0.5851904675458058,0.9510768975275945,1
0.022412529831663305,0.06621766677704355,0.016555691497610506,0
0.00856869515989258,0.0878739738209139,0.02897620549678851,0
0.013565577896501342,0.07312093353800948,0.015841818827866363,0
0.16358240564090695,0.215523050452509,0.18044815714127982,1
0.0006908146048008791,0.11433335143752937,0.00548629027928332,0
0.016564760122671395,0.06868372456526836,0.03488231883807336,0
0.6463330302456876,0.32796189402539405,0.49544205578558537,0
0.1843790115764304,0.2119804602667327,0.19194486187427198,1
0.8863535496806654,0.6608211678299108,0.9275653469825325,1
0.060879523358267275,0.15390940216681703,0.13066955142690362,0
0.870316453985839,0.5129151183063276,0.9559925350907073,1
0.008578686890957251,0.05109805749933696,0.00704721733657844,0
0.20978934971426802,0.18492741532169713,0.19200998866562347,0
0.02235320407763563,0.1076161818120074,0.06760175152882382,0
0.06772279828406534,0.13631500255406867,0.07899975033500589,0
0.008123996826496524,0.0412683393472045,0.006333992639890732,0
0.9872866415864066,0.7305343810065644,0.9976354863379928,1
0.09761678221974741,0.15685325351724944,0.11793944601743798,0
0.9819511098361534,0.6839572606809291,0.9971248895131769,1
0.07396107616270156,0.13392669035334837,0.07714331376205655,0
0.15915180271258997,0.1671890978868569,0.18839764361609554,0
0.022752102950270824,0.11315279354547175,0.035998474942612366,0
0.0687260294009957,0.11671727296261457,0.07131651171097149,0
0.5050548585408452,0.33606187964399636,0.03271326949518588,0
0.8451081068746276,0.5864281877354661,0.8874632190642685,1
0.20291310981902794,0.21597938770193545,0.2303844918971716,0
0.4186450893816616,0.23279767761834186,0.30667619865982854,1
0.27416919911600857,0.2323507869898907,0.223026796020205,0
0.008337542432991802,0.05209595254326969,0.007630608555292711,0
0.018217274641335005,0.09433855709258789,0.01990322952673958,0
0.0031152804278922423,0.04391074638898901,0.002906101980167432,0
0.9363795211003014,0.6316361105242969,0.9912981581063762,1
0.43162106028913527,0.2752342879555496,0.3106501671852113,0
0.0032937026374904024,0.15833093948720275,0.006325526528537455,0
0.19145855661925235,0.18241808461017595,0.1412962054004036,1
0.03299902076154434,0.07239300054254408,0.022110263857539166,0
0.3717777214988122,0.2589700754927606,0.263113837704417,0
0.9482208375287713,0.671532084407655,0.986669827620633,1
0.24829835442704376,0.21451935043643047,0.19355098268973764,0
0.4537923531644099,0.28684679191337753,0.3030005347264187,0
0.21165445778024028,0.18558502745340655,0.19851400070505013,0
0.056149962531696025,0.13887340896402453,0.09861199820708512,0
0.005147430914494889,0.05624697185030801,0.0034544283892937854,0
0.17410264287472893,0.18503313416918063,0.20124046395639777,0
0.17007767707987398,0.1869515850537785,0.22793194743154083,0
0.062223565137171984,0.1090752004978881,0.04418996126775303,0
0.047963334667133393,0.17182405321031857,0.10084757815608027,0
0.005202240654376283,0.04677458103671449,0.0014369885714954455,0
0.025302054098488992,0.10904327568543777,0.0607574170350713,0
0.3405295131297575,0.2491415186372661,0.2230146150386358,0
0.3745903128659353,0.234549057150013,0.23213199456057107,0
0.005501783256985607,0.05457939209434705,0.013263023607022048,0
0.05878260352574804,0.23735575262266836,0.003224348258346489,0
0.9468447570867343,0.5936154162665745,0.9876943488354104,1
0.0153837427438435,0.09370887897343265,0.031641663013221424,0
0.04210356225754862,0.12845252287008335,0.1144290189061916,0
0.9672047575911097,0.7197453993826478,0.996245251585284,1
0.033329213058527436,0.13372329717547657,0.03756243115031708,1
0.5307538925054384,0.28977690488898916,0.429432110866313,0
0.012227972013407256,0.06240183451987446,0.009124635734098732,0
0.06480146502380774,0.10066098036056384,0.07581526146890864,0
0.32638051883060226,0.2673804621419115,0.19650125631536022,0
0.23932927427520206,0.21236328444210803,0.1629025221989049,0
0.4026012653211124,0.24033808373950713,0.21060173854574837,0
0.8453215690847015,0.6266848677162719,0.8838175399220709,1
0.33415350841957814,0.22812328554380315,0.21341592688501804,1
0.896476407464241,0.677617560870599,0.8989431975269438,1
0.24779267257388382,0.20553084317236678,0.2163471879169664,0
0.14964213188261047,0.1724105696958405,0.12060844401985402,0
0.036041219062936156,0.07872669466561844,0.02954358150558014,0
0.9089089611749606,0.621891537872126,0.9884335428152897,1
0.1201757758279544,0.1355690990741796,0.1185069039156966,0
0.006154924747836565,0.2118529103983947,0.009539020949115087,0
0.08110997406365085,0.14364335903410666,0.12317322994688652,1
0.049646118592406224,0.13471629970262794,0.10857912408928516,0
0.01325731460129757,0.056894939196920825,0.02186253714162895,0
0.18228038423064002,0.2031690979182224,0.20896718319307434,0
0.010481045586505365,0.06142526396276304,0.005604243119855523,0
0.0030120994965945453,0.1451646263509818,0.006182138342931348,0
0.033640328955541435,0.09244194323852908,0.0509495296486454,0
0.027336029680187477,0.1084636106068779,0.05399269713043593,0
0.16972718171205803,0.18094936756586488,0.19815715631180716,0
0.00740029531402112,0.050814597281061705,0.00554663673885243,0
0.007462862786703889,0.04946994819035073,0.0039760388769235185,0
0.03587094829684262,0.07640040909580575,0.03158637412507599,0
0.9826067360204918,0.7008289142098943,0.995060417124223,1
0.34825562761151235,0.24715107546203188,0.2641571086385317,0
0.7696986678222192,0.3687069395487221,0.4421287728177656,1
0.22333290376793433,0.19655946012695594,0.2150434111215714,0
0.9407857531009179,0.6337754609218864,0.9816458345159703,1
0.0236748862363928,0.13237879302932534,0.04797831486771559,0
0.24530828919615358,0.21433287639206325,0.24221062133715593,0
0.13776564054513366,0.15283415815632118,0.1342486267837011,0
0.0037493417482625975,0.04604119220684373,0.003002095406827769,0
0.0647520556231757,0.20371436312975932,0.11645834446018191,0
0.09213072753537299,0.15152406339374358,0.12379702713028795,0
0.6857571059200184,0.5860437755319705,0.6823801010666719,1
0.9530224182548719,0.6095648712285231,0.9945105085934504,1
0.15186147644063724,0.171975827634781,0.1904482444358568,1
0.013839396538501846,0.0819211265919879,0.007498206621759015,0
0.23168148112084921,0.23304831914230217,0.26073681326112175,0
0.016785872396455254,0.04928394355062617,0.017318754018750097,0
0.10321165928096364,0.1615866374388628,0.09654265520289056,0
0.12075634907788542,0.16107744162823823,0.12149792157286167,0
0.15741306604509578,0.1833474979705796,0.1694074101789022,0
0.1938416574299048,0.18135951081538457,0.253160647691313,1
0.412871460048796,0.2348701507377121,0.257328780770203,0
0.01546098639478686,0.08185683547877952,0.02216154250932138,0
0.10844813577015647,0.1856658705919634,0.10628200148348962,0
0.007925499765631037,0.04558238335553479,0.006761546221267323,0
0.004720555340963484,0.04583287990235406,0.0022095906283481643,0
0.019663750793837424,0.1149953767533257,0.03315478402519428,0
0.8202363672327444,0.4515083623133596,0.8706644669700274,1
0.135125502765828,0.16717975033197496,0.1412529763244727,0
0.0602584577891592,0.11143380644336157,0.10773151897759758,0
0.12044520096160324,0.16506857132137312,0.11995804326089267,0
0.0866394991784882,0.1320047200694899,0.08691813426986701,1
0.020674879766790822,0.12568286994708192,0.05864761193166382,0
0.007785002540661947,0.1761695159623387,0.011920343521764229,0
0.1431946448742243,0.15852212617313446,0.11618288601065233,1
0.15733523302880295,0.278913383008566,0.0207794869665578,0
0.9617190210302927,0.7149287313141018,0.9972807067185392,1
0.10288948868947298,0.16689138918965957,0.142611824120969,0
0.0490833442456583,0.10749359689950344,0.06445083601949399,0
0.001465760325099518,0.11383636962181458,0.0047442704905332695,0
0.00032342250793920266,0.059980517018430955,0.001186162384233955,0
0.020582248562861134,0.12738374709772216,0.032626140591978,0
0.06176645661944122,0.15555269709851813,0.18443459672151252,0
0.0835320099311461,0.1514150695701984,0.09655866482767718,0
0.00014564653899814208,0.046587920074196765,0.001328058883406811,0
0.1546617605740618,0.18249938870829904,0.16991577221978355,0
0.0036452442976706977,0.14789584040639342,0.011200894382327607,0
0.35767427967409204,0.21115751380580927,0.26923192892762976,0
0.07752808412698876,0.143383667802666,0.10861615480815633,0
0.07123679894496954,0.12968702333106977,0.08015034185226785,0
0.3097411786927411,0.2198145872739939,0.24293008691993304,0
0.08923952395124903,0.1736246950745695,0.2258105215489529,0
0.6914456919183813,0.5502394393016974,0.7528189631786216,1
0.14077293743248032,0.17326961771853766,0.13964646499538128,0
0.12732745283195077,0.1765018938478829,0.12261325223347516,0
0.013025862431863915,0.04873920606856629,0.009103040589876144,0
0.00683804066126151,0.047929242866459686,0.005261488968677085,0
0.007129537723642334,0.046245179375079194,0.0040964604874250184,0
0.00043565894411143775,0.05074276343539511,0.0031076833546832094,0
0.09244969560142294,0.17061719440251402,0.11212429233035352,0
0.03742300601831771,0.13186328166368178,0.09952592302535226,0
0.01479519207150745,0.06555298029020155,0.007370203126296914,0
0.3990176075733297,0.302775542339272,0.02206544506515237,0
0.0032435838239849284,0.04516073737480255,0.0027757834178775225,0
0.09928579846491871,0.15721725895498104,0.0919123923463987,0
0.969535242963775,0.6577487996175952,0.9954377641489287,1
0.05133666820577211,0.1421039421386568,0.11129216489411287,1
0.933302496725793,0.6333982119581566,0.9941614477767114,1
0.22123773884427894,0.3930859450988833,0.06861142827273242,0
0.9509628950456005,0.5480506495032672,0.9890952379198015,1
0.00019187950625805576,0.036781207253207056,0.0008249924377514688,0
0.09907020640013545,0.17445142351221368,0.15474710538424585,0
0.010556293849089727,0.06380011553452399,0.009679804779508468,0
0.09864572613610365,0.14857114830831095,0.1428144754809978,0
0.0034139126731167514,0.15396799828137986,0.006816817692035245,0
0.1014960783261638,0.15300344787999678,0.09581279463628015,0
0.4216578987936583,0.2679501210236199,0.44444469876863385,0
0.05255018801021957,0.10615098548263911,0.07085257567466971,1
0.0006981999028899902,0.10024182847651242,0.004619637578740464,0
0.25019583211166013,0.23785143887518084,0.288763309501166,0
0.36875687051558925,0.41068095539719046,0.464120986695497,0
0.0660017512773994,0.13002302682253208,0.11040130084306718,0
0.23579244059799048,0.20335249139771328,0.17550732103008912,0
0.19615245980033003,0.1895815902518945,0.14694337476177402,1
0.0247502727471068,0.12134757252502076,0.06330786268526498,0
0.25721540251868713,0.2718168140117638,0.019150588146080606,0
0.32236110835892906,0.2241572728475098,0.2567340913636127,0
0.03432165872268659,0.15077713585494892,0.0799400007216197,0
0.4041008058175868,0.24231396683655354,0.3131567654757349,0
0.002209248728189238,0.042679825346227766,0.0017330494067159142,0
0.07466800805973478,0.16666416857310926,0.06718717741879637,0
0.029377958477284027,0.06277626547770945,0.023650100501086384,0
0.46443441385008005,0.2916581529125359,0.35960989194211007,0
0.8351257380634783,0.451988576070627,0.982166313121704,1
0.0009880422597657145,0.08984986597529085,0.0038993756945162462,0
0.0954799489695748,0.13899852845271615,0.13323956238764886,0
0.002337709637750407,0.1460123295325014,0.0033770500983269108,0
0.0013498895901042918,0.04036605553880159,0.0026988047517062675,0
0.975264288159187,0.7149733974051817,0.9979384429122775,1
0.13014632380415467,0.1793244912084708,0.16736816498055052,0
0.17157496186377172,0.22052717909291514,0.24015188000265095,0
0.7173190301043318,0.45020582072432197,0.8863315176322593,1
0.13597309235672775,0.14695400812383982,0.12584721106449653,1
0.9266792417203834,0.6712886254046676,0.9955774575788903,1
0.8880917249367212,0.5658540682289925,0.9827235908493551,1
0.08802252013859492,0.15433893792363812,0.09120666963339247,0
0.6167214067448266,0.49987056496610127,0.42625370789854283,0
0.09672626393364281,0.18788466056284045,0.13133145367721416,0
0.3377107867076251,0.2198853356594449,0.23977640355993826,0
0.15876551960275254,0.18364494182394758,0.21746451648767867,0
0.29146881057500257,0.21660856995351394,0.20154378083873123,0
0.049752316610130395,0.07361585493910466,0.04186747773302296,0
0.013920528526942946,0.08810597118148988,0.007212463349375873,0
0.02841295103628172,0.1261610261053153,0.06788165060765816,0
0.04048745756091432,0.08810502450765387,0.04895579788490011,0
0.1688266097540085,0.1702201500725704,0.19910763216065316,1
0.07605592853347849,0.10926526294334946,0.1062563086147748,0
0.3034309316685912,0.2045771468905725,0.21157124089854595,0
0.9700878289607009,0.7235766297892108,0.9967443859747754,1
0.19188900287093427,0.1887536312405616,0.17379213776734892,0
0.8551674268541523,0.46503456305338614,0.9907079809829397,1
0.014476870308679316,0.216754666946963,0.04058366541835199,0
0.22973920701912184,0.18810067159439875,0.1480331023407015,0
0.05490780292205453,0.1258152258034063,0.09510989640263565,0
0.002308503256370913,0.10791350017866606,0.004161061495492996,0
0.1411738039510896,0.17187712849603576,0.13718957976782267,1
0.7195580204372851,0.3804800907418998,0.6199198076077682,1
0.09225170555728235,0.13293180132546742,0.08619280406782386,0
0.07949894295169387,0.1307140480369356,0.08405542264644798,0
0.07694460084493313,0.12268108751201408,0.09900432776357904,0
0.029874924544978993,0.12526944200271725,0.04657524742165082,0
0.2311585543910103,0.23018946409763713,0.21726410938915663,0
0.6322195879250505,0.5228976740342451,0.7096615948678332,0
0.0574819743712777,0.08136545797333165,0.05225482423549722,0
0.05940702166600521,0.2029058536935654,0.19703755959797858,0
0.06136998530161029,0.09499165863656762,0.05872023880479783,0
0.7528089138292438,0.5769204234806858,0.9528912682704974,1
0.3362466840162872,0.22109042156874728,0.2775716333351131,0
0.36021052468180315,0.236886312423473,0.21513696278213715,0
0.39853708003066374,0.2239562971320966,0.2363422229259724,1
0.1628042516245234,0.1839879379272249,0.16627325691823622,0
0.2984364983708385,0.21514362326568387,0.22583761425490842,0
0.14801733366098646,0.19651490957188272,0.20221379731117825,0
0.012484790867535922,0.09296719914504188,0.026996038252167433,0
0.034028344797020604,0.06335459726911682,0.022884687956800383,0
0.035785173630810525,0.07419015931488858,0.04515122040121882,0
0.4699425026415529,0.28553845943787803,0.29613122429368327,1
0.014807329660106268,0.055525340530825446,0.012437812468637658,0
0.0029530172812744656,0.039779647948608714,0.0017316539825299512,0
0.008913751514463485,0.07456006036267267,0.007656514616321042,0
0.07780111566045349,0.11225542363776518,0.08401106963194947,0
0.0464450972965576,0.10387348082407012,0.05797833994849385,0
0.11711841781063569,0.18969011827684557,0.18625228511924258,0
0.013271958677799274,0.19681274899216056,0.009050430465349639,0
0.9412806230582387,0.6547318700004425,0.9948112326874987,1
0.8684085109572038,0.4837166426915339,0.9844236900725224,1
0.31106903172317774,0.35539155228338204,0.28643532119997417,1
0.014289420875552598,0.06926507439674282,0.006803370284515369,0
0.6795035284484443,0.4726668087185153,0.8948762279297487,1
0.26652305228773004,0.20320147141786077,0.17905536162581756,0
0.20248208963017328,0.20411712022730708,0.23487180808718258,1
0.11326537068527437,0.14898271787500872,0.11924868289017101,0
0.12037510095660763,0.1898015903688074,0.1403659723155078,0
0.20134670139531297,0.20001349320460624,0.19249578390881844,0
0.8127798736331243,0.6899223880479296,0.852394045292743,1
0.033631659861870715,0.145469218526922,0.058271730194276485,0
0.899142133320489,0.6793633655346476,0.9421015474556325,1
0.04469752833598544,0.10032099190628993,0.06416122247836165,0
0.1204152129092756,0.1494182159109732,0.14061987303365558,0
0.04144655230759498,0.09816257117538554,0.03200029223479406,0
0.039898246884886385,0.1259555094328138,0.1096106850238401,0
0.08104721133247708,0.12431361252668321,0.0824256996476376,0
0.1029254535660325,0.1612742061024612,0.12667674399896436,0
0.23433311162760137,0.1892695937038133,0.20959310192509675,1
0.003906219042704076,0.03873110003274794,0.0033409585202971853,0
0.017049362251316744,0.126975471093349,0.04590316868204501,0
0.26408226943775776,0.20912011420779178,0.27550642958667526,0
0.7159085735776142,0.5500494292764898,0.9665716804441462,1
0.3732264259757891,0.256747105483752,0.2723395741819204,0
0.03629491560538003,0.1673820326935609,0.08973793608226639,0
0.12174465665767632,0.17991587650953214,0.18475866847144884,0
0.3226896192029494,0.21973208811827938,0.2832299166532587,0
0.0170688933493715,0.08890696287595178,0.03738560817073549,0
0.7692728343341432,0.4736086388837977,0.9208507540929086,1
0.33370166063685147,0.20106040538846512,0.24181070464557194,0
0.10481740090046367,0.17274967959497295,0.1113405081138047,0
0.1664653550750092,0.19003922250690763,0.158214883476506,0
0.018618477080141017,0.1058923757582835,0.04388414818440749,0
0.3935243093486948,0.23381885410508868,0.2250346314713352,0
0.4316082937969163,0.2738443699569571,0.37408740004433666,1
0.12966677178404107,0.17303412929233042,0.12433512218404123,1
0.025218106187588425,0.06357316458619036,0.016297461971327774,0
0.19871575414142942,0.17426126241990703,0.1226036928419547,1
0.15324698096830822,0.18947573868789255,0.15086022703029348,1
0.3820316141286932,0.27068971567049105,0.290347969298401,0
0.01529251993448604,0.07251145047002336,0.01607038728977879,0
0.04365110873594362,0.15458634196529047,0.19257456557038502,0
0.015321520827293156,0.07782109367621984,0.03408394078939383,0
0.12482310053773445,0.15955315471077075,0.18528367342343938,0
0.9782357048894904,0.7135845466908132,0.9985142574328171,1
0.17129092593595371,0.1868002919022171,0.18679425652697798,0
0.8694611292132791,0.6925420729597311,0.8925759650864604,1
0.6834346604370123,0.47955748270640475,0.5529073466826739,0
0.08144390993926089,0.1322647778528895,0.11220481262282372,1
0.3117486266084836,0.24958479155310614,0.2556796175491747,0
0.12990651195786965,0.19770403935415123,0.19416400025400907,0
0.05412068642335242,0.09838140890589787,0.06247672590408444,0
0.012832501883682818,0.05844895086202585,0.01866868751695935,0
0.13422104120355013,0.1872993263018524,0.1423424687024318,0
0.07327654608950296,0.1334148174040732,0.08831928447120345,0
0.08574507621407913,0.14558093276351639,0.10743003760303076,0
0.009248453133031404,0.0456452070802822,0.007452527274028804,0
0.0032045996127005806,0.12141895737912696,0.004102539166100009,0
0.6539815569510016,0.48687102240193403,0.6555277171542865,0
0.3503865257895382,0.21139141370697245,0.23436743920130337,0
0.9403256090426613,0.6389685832338277,0.9907332447874451,1
0.21677812490993353,0.19239545582903808,0.2520320704440172,1
0.0030470846170027625,0.14653328657074963,0.01648631971856958,0
0.08837005966578719,0.15007967220582197,0.08734114225600595,0
0.21766332496047122,0.22164262427121625,0.22419595414513227,0
0.9660271207340602,0.7160209260946222,0.9933117528743741,1
0.24605649518847156,0.2093778083796407,0.17569552850077266,1
0.10852170202122592,0.18895770270957438,0.15643041539750369,0
0.38241646808255403,0.2319532325168097,0.29098817113741793,0
0.7379733006194603,0.35012692560735637,0.41471070122999204,0
0.0029013723491377766,0.04063856737924823,0.0018968638823011216,0
0.0009257880059918013,0.11528059388041222,0.007303752157597096,0
0.1616727684411911,0.19538447404749784,0.20525280495552278,1
0.002744910172000229,0.04562697383942323,0.0011094996741678187,0
0.03492588656820973,0.10272755949508966,0.05999679567850416,0
0.004080919567245041,0.042805752649925886,0.0010351273299094173,0
0.03326047344574433,0.06001531413237998,0.023898992532912514,0
0.0018418412317444733,0.039376175897675815,0.0016516407836392592,0
0.004487986171381835,0.16922730229880692,0.009325036309208532,0
0.004084734693652997,0.16008474961604388,0.010486008428510121,0
0.06039787098711383,0.1416449914041402,0.08459655979679453,0
0.4353298077068079,0.2682455463258708,0.3527645354469993,1
0.020835486792479967,0.10998483154108592,0.02287043066924396,0
0.029639324422160874,0.15587246791505036,0.05649848875688873,0
0.3657299715147336,0.23243596391321122,0.2060033009268207,1
0.09664022183098564,0.15994212946260397,0.09979849484725216,1
0.30324378371893773,0.21170008729897585,0.27340741532308716,0
0.22549217799148027,0.2034032650433252,0.2399757686069701,0
0.03192248336829819,0.13601376196018292,0.06466840878777193,0
0.5279750161780238,0.3119264229488572,0.40465524646927375,0
0.28520758253115625,0.24082258996628775,0.22120918426765707,0
0.9688418795170561,0.6858024714423245,0.9959632447941474,1
0.05709142343110743,0.10585531357872124,0.09677180856045889,0
0.47498054156775227,0.24503155077012123,0.3031312369318273,1
0.9843423993647965,0.7319542047991761,0.9973898162290186,1
0.01431856149249731,0.07206601872196557,0.02279426866922736,0
0.19411987636006423,0.19557897731866455,0.1792062201086043,0
0.31012718134019396,0.23498873523181113,0.2283892224230318,0
0.014893519608387723,0.12706301352291857,0.05909571836674496,0
0.1439486812872597,0.16661219548748252,0.12844242270552153,0
0.19172617862419125,0.1684541455985923,0.14072998937659803,0
0.06631391688767994,0.15158982342619373,0.16582522459263846,0
0.0026371510017886004,0.0481620993869729,0.0021101228398428635,0
0.002946975752078277,0.16280520904085546,0.007495282369158625,0
0.0011121081224806076,0.046978372343033925,0.0013486224744234333,0
0.4923103402338078,0.25586328740299413,0.3092426686885337,0
0.058385795200860506,0.13097350359365742,0.09087338166339531,0
0.5216550616043983,0.3049199737279143,0.3485966459466252,1
0.03301022658234759,0.13819084390293643,0.042358490501135763,0
0.7657834765883739,0.574446171483338,0.9396142509319937,1
0.05510448949020127,0.12334423160248657,0.06881244612522469,0
0.006195435277133423,0.19755347906617213,0.0069212263841022985,0
0.03991464589575495,0.17447899444483958,0.1216795758034944,0
0.05270725511004753,0.07503170534312179,0.038744257064112206,1
0.13161288594678774,0.16208235583904554,0.13472949734052395,0
0.02912139875150856,0.13184615268895544,0.049156638705736964,0
0.9510056878179656,0.6372404475682729,0.995634210904258,1
0.809820137661498,0.4383534213986694,0.6264745412957562,1
0.13547746371042105,0.16253220166821766,0.14056251279349047,0
0.0020401774087479654,0.045022773653232075,0.0011262213331651063,0
0.08734674066650577,0.14571588039199565,0.12386571769045801,0
0.016156580482681794,0.09404288043328729,0.0343066081672659,0
0.07991451556288771,0.13707710989841443,0.08162956430511771,0
0.03182819707260256,0.14325356962624147,0.06365935909994619,0
0.034078663039217263,0.07166796443083702,0.03228725331967825,0
0.378555547537913,0.21748082956926013,0.24404050960612464,1
0.07594830821689082,0.10797257232732733,0.08700236961015388,0
0.007841296234254206,0.09533799810120468,0.009707163993376592,0
0.13388428115309536,0.1737115610005312,0.15726477158922894,0
0.24934981060484412,0.21433628314143724,0.2072697995339338,1
0.04394525031624415,0.15314840842952948,0.12009285182548789,1
0.057394784235961095,0.10048822608198663,0.08487852282826316,0
0.019617563396130838,0.10357305815443904,0.02763967842342248,0
0.26290436935304123,0.1973204578425329,0.15535567735774392,0
0.052098450490097044,0.1456887162618782,0.18354742767304738,1
0.05347276317134593,0.1630771908050821,0.12900337280557297,1
0.008375666526255699,0.057311451702468735,0.004739159121291383,0
0.23193560911249467,0.18646460814252483,0.21609368685292338,0
0.5613738538899633,0.48526622092846067,0.4839243933962521,1
0.10831727419190104,0.17773217829469845,0.1423814464730989,0
0.008620378145208624,0.20841131886166012,0.010154868622840872,0
0.04039836878093437,0.12416885817818664,0.05168436761258515,0
0.7570045490708158,0.5937882580983832,0.9638738788305424,1
0.013326208635003698,0.11887795547132746,0.042335061843558654,0
0.032509085760601526,0.15955773701750084,0.12872095691582094,0
0.016110433323222973,0.09309221677878808,0.015476370633845184,0
0.016186719757313606,0.2102953676974816,0.14831662675671642,0
0.3167345515875743,0.23880102504180464,0.25324370749534114,0
0.007824537190451087,0.0670702507856367,0.0129800904918417,0
0.016054074444462572,0.05010789310987984,0.013816859572940758,0
0.4820292975494995,0.2992958837584251,0.30500933728374946,1
0.004756179579874846,0.045438208986038855,0.004236729560044742,0
0.813631413930144,0.4617373953590041,0.9324416487345856,1
0.04742666384798306,0.19113791880385553,0.12504868780747466,1
0.01420556454546239,0.057731496832052386,0.01638104056523785,0
0.03914704309889076,0.06725479119896331,0.028475454535886555,0
0.03970803815113909,0.16456913851027707,0.08922705998298994,0
0.03589965607955276,0.14203429533560127,0.05081833156254521,0
0.030577647191186018,0.14033063304617502,0.05768890256052945,0
0.14281915034225184,0.1800692934528485,0.15506867181316236,0
0.021347822370797378,0.14755024142742457,0.06048664559926439,0
0.17702157987126468,0.20013187009243472,0.23678722979136232,0
0.2547309631683981,0.23429198943697224,0.1858029203636335,0
0.0519668912589603,0.18266572442193665,0.14306947085008248,0
0.012856428104488891,0.060397645686460597,0.007204938672486147,0
0.08142851284573736,0.1414953288283182,0.10494876219947649,0
0.10360954229109669,0.13782371449909087,0.10950832433804127,0
0.22653357815941505,0.19928482652703453,0.2149223857250815,0
0.004948551963266289,0.1693512738759041,0.00847984227997897,0
0.17413631662327503,0.1775664824679704,0.15574520385308396,0
0.023220470087528935,0.06835833192131678,0.025165338428770917,0
0.012603068435754507,0.09705039438379989,0.016753850109791264,0
0.46589479665972294,0.279568635358558,0.3608861246183809,0
0.0027917076181238954,0.05226322047761558,0.0022235208570696306,0
0.17418193598207368,0.18951838366316318,0.22314022170476525,1
0.010783835404347634,0.07378185013088716,0.006042744432237056,0
0.02806705308944382,0.11140584814446104,0.06428440254105802,0
0.04648443186999081,0.09875347335715573,0.04265090510661405,0
0.06131129453029791,0.13360928809402015,0.09934669978739691,0
0.002497120541080788,0.03756133398218049,0.00105012747399863,0
0.16945355297517253,0.19644494771389387,0.15788552828084995,0
0.009675158397907972,0.11268911379440673,0.05803351686297214,0
0.012346331168125002,0.059196333905239144,0.016862590208634187,0
0.07407043679071869,0.14377244182488313,0.06631427175818064,0
0.13870279874936026,0.16694921022991677,0.1915860191631408,0
0.16107417820521946,0.17347764522011164,0.2022456497047399,0
0.022685497032172937,0.124551138000383,0.055853921223818825,0
0.02341925745315467,0.10655180931806639,0.02694246916845743,0
0.03143700859673232,0.1412447524669264,0.11739077435198102,0
0.017882708990455,0.05964392006987793,0.024491756994988654,0
0.01327715964791689,0.0602554088775013,0.005757718125081952,0
0.7648238063270467,0.409216238239945,0.5550542328465541,0
0.21528854414592655,0.20026384325917845,0.17681396564213242,1
0.03665463360427725,0.0656383128595514,0.026157836744173744,0
0.01721821861414961,0.0530956053497934,0.0209364786364301,0
0.0032559410729042833,0.04682557769807833,0.0033546167636961124,0
0.0009269954331556854,0.07271432268242593,0.0028721199004100575,0
0.015014056889370497,0.06758457513212285,0.019473779528613868,0
0.013291912449080349,0.08077433185722922,0.01983686299491231,0
0.11396664639371298,0.13747345731201208,0.10681109277504237,0
0.2274442057413932,0.20379022617897216,0.17389317489834835,0
0.05702423704214279,0.16942289653835882,0.11487311315865772,0
0.805868196063749,0.5041354507985728,0.9468740391722905,1
0.07886336739542048,0.1347330081893974,0.07716482485131902,0
0.38919343930697187,0.25633022461867094,0.26742529318983127,0
0.14761859193048765,0.17875123200149953,0.19413040414166424,0
0.22600707518335794,0.19077310130508207,0.21937631576721187,1
0.03590200560841524,0.14711859759907073,0.0474088770401255,0
0.030859613260001445,0.09509899026442831,0.04586168593925885,0
0.07886220105005991,0.14341102437663533,0.10265747549608262,0
0.15846491947271754,0.16884091737052997,0.1714569101569303,0
0.18371348232017054,0.21961554707237227,0.20324325903543566,0
0.012659211458809218,0.0702293067402105,0.007835999024068811,0
0.008016419446159852,0.05450991273904547,0.0056255683969098766,0
0.028854957196810506,0.06440132246358911,0.016395589169895936,0
0.0024066200632604975,0.03937803270421868,0.0020740030687025107,0
0.3068516084483371,0.2096204367526239,0.20816059829477715,1
0.11726038683148567,0.13674612563453523,0.09819866784577229,0
0.4793511701050751,0.27237513887200687,0.37168076343302986,0
0.15288625002381773,0.19205483510484858,0.18756204631815399,0
0.052010272578206604,0.06655659957688934,0.03448273977752216,0
0.2855149630964921,0.2177997808933477,0.21847880388903249,0
0.5223832240142834,0.2716011886783282,0.36887374387894467,1
0.8761143157035937,0.5432526550987006,0.9770833909023547,1
0.07507771510489414,0.11897607548377523,0.1001392107418195,0
0.21674885310076142,0.19439362250759593,0.2140275886685691,0
0.08922043773592331,0.12832675653872394,0.08163044363174558,0
0.17739973756519328,0.18778156654772019,0.17608545776365173,1
0.034237135615374704,0.14169034269656783,0.07967875263579051,0
0.2684335341414236,0.20071111621820031,0.24876471226793792,0
0.9906028182191289,0.7195513802214277,0.9969205868683775,1
0.08375164586340805,0.15240476600015668,0.09093986247392397,0
0.061416043922930985,0.1962132851025909,0.21888503433500153,0
0.2178283463195208,0.21655602107571909,0.23701125386756078,1
0.047390394515608766,0.15736241550203964,0.09833676573718875,0
0.3158523914180431,0.20098965908844607,0.21699803714978438,0
0.003116616166694696,0.04846212577315336,0.0017050583159521201,0
0.027608391107223622,0.06704778086673756,0.026170948427410794,0
0.0405797404139022,0.11065937958565208,0.0497000461688728,0
0.1435398467298827,0.1632359984173239,0.13709428067510268,0
0.03125748515319414,0.06308740202334105,0.02705851378360027,0
0.013350089117056927,0.05938265821010823,0.019788209506000798,0
0.1302891050447901,0.1736548365261888,0.12427964190775327,0
0.25469144604971644,0.2087584919553565,0.17614167954198884,1
0.4325514990095142,0.24477648818241854,0.3087568638707941,1
0.05423630240438578,0.09512404668668094,0.04664774784223829,0
0.025551113883951614,0.14045789205450543,0.037350835790217016,0
0.21552672721499846,0.3837789735385078,0.06606680955586577,0
0.040350738397205946,0.15933383335170628,0.09756169690315417,0
0.09962882867960635,0.15306175550482404,0.0826178200338508,0
0.23857866843482178,0.20416970302067514,0.26173977617724753,0
0.11328277185542311,0.15979352789440057,0.11727045053608165,0
0.1593117395537049,0.22591661896476403,0.24397671053095588,0
0.3884143280781771,0.2513001690323172,0.31614053032998735,1
0.2174536535161796,0.19867609786021312,0.21186861012702518,1
0.008917740433908014,0.06716314899376609,0.005249554162034488,0
0.21156074789993323,0.22430363600093334,0.2496474471290877,0
0.14639960336038021,0.18436978272775018,0.10565170115058124,0
0.048775962047354064,0.06839584532668631,0.026955815666882592,0
0.029255163278962628,0.08049200867172177,0.025539545209275125,0
0.018345364106020487,0.057280518298947036,0.019786963996921498,0
0.01370957402150524,0.07230423579593674,0.021478693015500826,0
0.04056398018212758,0.08373198325535376,0.055998847569604625,0
0.26914041119045135,0.23880387199317835,0.29419456978234504,0
0.14560722714377305,0.1701010236504934,0.16424346099781906,0
0.002824782305719818,0.0462830836687638,0.00270466301737634,0
0.7462576853374258,0.39289691818562456,0.6075596214705832,1
0.032793361391415685,0.14929283372622318,0.05777830580692196,0
0.010832620779894723,0.08382176190830357,0.029197865599386492,0
0.0007060911708901811,0.0553316826582368,0.003815317146891772,0
0.08574880798564279,0.14689905296658315,0.08878373158685254,0
0.008635932732099694,0.05388180439812014,0.008716212522694517,0
0.8637076024082442,0.543662882265506,0.9686270397780544,1
0.9590460895266174,0.6928549975457271,0.9703801176526597,1
0.46311394251016497,0.2569484404690685,0.2886157931879306,0
0.048888406665707436,0.13054476255804018,0.12157954821891875,0
0.07537458039966523,0.126815544632957,0.09405222508930057,0
0.11233351110455857,0.18752931170098894,0.1551198589041481,0
0.0039584882224879304,0.14978360845117775,0.009672091810885101,0
0.20944567690763993,0.2042405776545986,0.15493203374197745,0
0.08918335755732971,0.12476010446680035,0.08330259976030376,0
0.10605399705444105,0.16982189488045238,0.12112085786205953,1
0.02403113235903192,0.12680279383681128,0.052217724070327584,0
0.9708213831943073,0.7033078880985453,0.9965669586189534,1
0.11345442809291068,0.1392517752697231,0.10494917084500348,0
0.06870556110362064,0.1476708076304327,0.0880970863250785,0
0.39475251118349963,0.2269862617550269,0.282130318714248,0
0.16405614786667644,0.1704648604913261,0.19236113464681787,1
0.8897763257265459,0.5911359152717361,0.9811493591109766,1
0.4956756020594493,0.4217350779185009,0.9010680782356693,1
0.0033507577949284263,0.1383390787810714,0.005733409608360343,0
0.2048571448844963,0.19559435968596678,0.19046614817831906,0
0.13260745503973448,0.18033371861316472,0.1139750078714839,0
0.18263140423200078,0.17545396233332333,0.21659073703919474,0
0.20120971182735445,0.19788877376484298,0.19035639947545915,0
0.21544613928327974,0.2192551853243554,0.22582504164309875,1
0.053625464274357375,0.13964709087123572,0.05845219371531811,0
0.4628930145728273,0.24696040136367106,0.24732430026469193,0
0.061249337493899804,0.10729659482578699,0.051358204716425375,0
0.20190922062988756,0.1900375012151511,0.1937597090059661,0
0.05271178135005007,0.08798409502578045,0.05750771062930681,0
0.009653729550146399,0.045122404579614035,0.008247446187970348,0
0.08966018620340568,0.1530774285911913,0.13691093480138042,0
0.13676592043306737,0.1894338236276046,0.18499326455216233,0
0.014924998680550595,0.08425208034539407,0.024430144265032417,0
0.024832478862337352,0.11198215845806446,0.04771380933161636,0
0.86772930163189,0.5465549891025275,0.9685852734287572,1
0.028910168322082916,0.1174466902606289,0.06600277171127883,0
0.4727209549117524,0.615109714889544,0.6961884418468886,1
0.9030050879978061,0.6428515622589444,0.9916845207373829,1
0.34622475021753624,0.27297215072004055,0.26310054959502055,0
0.037676543860068114,0.09054941679491205,0.04776080610112037,0
0.1845941327503671,0.18509305401149953,0.15495543360228783,0
0.9805492593756011,0.6872597215787783,0.998306493867759,1
0.17266856654738857,0.19866335856771952,0.17271658730305942,0
0.012047455618737896,0.06664781418083926,0.0171105760489445,0
0.4794314622471263,0.24914848981916413,0.3560680848729766,0
0.000731967764555312,0.06597718301921403,0.003162865241169446,0
0.0340444463795444,0.14470628485393003,0.06856093254417842,0
0.37457084245717537,0.26855096374670323,0.28382691667170523,0
0.005221448462137675,0.15817136280407498,0.005290609374829703,0
0.014658024954252027,0.05676030620067467,0.0202657537755405,0
0.02448450125607189,0.0647663901898599,0.040784650961537564,0
0.18460951544465168,0.19227582638508522,0.1639786534847324,0
0.10855352792275741,0.13544022759018526,0.09689269078372846,0
0.09122940722214633,0.1470634719275943,0.1093728241812873,0
0.013249282375888924,0.06960602881788454,0.021409420343374,0
0.004206555568202898,0.16673337999392449,0.011302301627226922,0
0.9545689025559047,0.6521813462699528,0.9964019595533605,1
0.33647515557091917,0.27090796664050293,0.2802490096967483,0
0.11131842792487641,0.13985062295055356,0.1158130359729217,0
0.013725045439485013,0.07522127241400299,0.007674131771584615,0
0.00974387834213907,0.056167004928330044,0.004978961392328041,0
0.1331784359560095,0.168777748483227,0.1530584962849951,0
0.0978939120464437,0.14004124806971152,0.09997666374489472,0
0.04010853550300541,0.07764600241812857,0.04931712380506529,0
0.7975042948185734,0.6356053428384572,0.9556464705964534,1
0.003860445171742574,0.05030133050498015,0.0016806927210328525,0
0.09720541182192861,0.16380989219740402,0.12526724579125675,0
0.11241971353343157,0.1677029199735256,0.14245954443579248,1
0.01036550894526596,0.053346550102221585,0.0162057315753541,0
0.08677338527206865,0.15938506953446502,0.10783204628371366,0
0.12192330288482216,0.15209895169943774,0.13148344400325523,0
0.014126369134515418,0.06261397367659315,0.00981031345266586,0
0.32492783157231653,0.24610914007226745,0.26525772377997575,0
0.0412329788688959,0.0676291552346008,0.024393536800756194,0
0.3284597746976288,0.25697738874882664,0.25086069740127903,0
0.013187041851827706,0.06333349096930524,0.012344362593896601,0
0.022040132182564027,0.06498160429192563,0.020235207664867517,0
0.10496919370065107,0.14815698244125894,0.12234676861770727,0
0.01065646202228878,0.06113710675753219,0.004965966319216285,0
0.32652531273965685,0.23250019675886033,0.24378054534216168,0
0.002542946448739435,0.04869881616834352,0.0019140779474593576,0
0.022432227131892104,0.06539369791374923,0.02836298124635234,0
0.025079783931633747,0.07611979626677913,0.03747990645862278,0
0.13212020110493417,0.16707037836798538,0.16396795348399917,0
0.05183166360198708,0.09964737554282001,0.048512364945264765,0
0.09286651210135893,0.15798602736703704,0.14521211034876827,0
0.3172425242800378,0.23476909689595704,0.18703888914876235,0
0.190372847351591,0.1932195425365025,0.2009488662585223,0
0.0023887831451902953,0.038243597291758066,0.0028716714195123347,0
0.012006923771603513,0.045553522062907616,0.007357591149392612,0
0.20238992129414168,0.20984914838628618,0.18687435338673522,0
0.05142172686517568,0.07900855241968814,0.05309752124628277,0
0.0477897903924394,0.1411680219549571,0.09563065910297001,0
0.15320938851868043,0.18764911601256906,0.1901433343393031,0
0.06167371147340075,0.08212576073681253,0.04512489570385992,1
0.9781175731524484,0.702931367974905,0.9978783845671847,1
0.3711202825424564,0.2533266405359281,0.266184043703919,0
0.031629189517478846,0.08432963635181852,0.028393190638249327,0
0.7910963606546041,0.45192978371210596,0.9247964671440118,1
0.020427195743467706,0.09070796707502642,0.0299042544259832,0
0.04185987157837157,0.07445459507953492,0.023934669521111583,0
0.6722874303985596,0.4681548079609229,0.8106148607934218,1
0.023301161477604575,0.08876942240101246,0.03627071929658305,0
0.0371778955744113,0.11512539737150004,0.08503401513189486,0
0.46744414218068436,0.3495620050415036,0.19533407779876574,0
0.0312395644698094,0.10200691739199236,0.06092221369612693,0
0.9854271894729207,0.7137505789262656,0.9948252913941349,1
0.7509513672555007,0.6237515429972664,0.6450548063369886,1
0.011145172665551907,0.04885037954825391,0.020187364174587087,0
0.00592757188860524,0.05258564705382156,0.004965935065308142,0
0.032885985124567176,0.11202137294437867,0.07403904465636085,0
0.01994766433142127,0.13218882593477907,0.056147396214015474,0
0.014185161131119233,0.05496180308593976,0.020440440855203815,0
0.003215368673712051,0.15765511923235828,0.007662613124375222,0
0.03967554316129982,0.08626916958803105,0.03915229844988896,0
0.010507854220999606,0.07878894520068037,0.009349758710023191,0
0.10729068080800529,0.144956587458276,0.10942567473894638,0
0.012233316175247456,0.08733007087073935,0.02774838497964623,0
0.05138574469561049,0.16047340589977055,0.10473065489463436,0
0.018355752673488605,0.09192651045220075,0.02170129753733848,0
0.019306806042016518,0.11762650221081315,0.03485401474656542,0
0.1454965770813079,0.17104397705641472,0.17225016339923555,0
0.8984299154154989,0.627579135656335,0.9882220299515765,1
0.08789644148678698,0.1563538985389665,0.09843621102720738,0
0.29436567086844645,0.2357259897371869,0.22294763588270808,0
0.21459736445689745,0.20341478907397859,0.23550432603870752,0
0.10782444291513306,0.13345912047691516,0.09219695483464081,0
0.012688796291780484,0.06604977050095935,0.005176118614343651,0
0.09808466031343212,0.15868242836122876,0.12944895271026652,0
0.005010839869090642,0.15075944196339078,0.006205663311692718,0
0.04345052739810742,0.12059254092416902,0.06305744892806525,0
0.012540516651049015,0.05827105832069264,0.00505811674798294,0
0.0178618433494554,0.20273090521912698,0.0066333994629701465,1
0.27521450874146614,0.2167259791292034,0.21640502282447358,0
0.28571051842181666,0.22194415958176592,0.19627070485903167,0
0.15379340331852048,0.1702063975510967,0.18741006288217443,0
0.12413753632326824,0.18102243489865336,0.21552647181489798,0
0.41261033726945184,0.255982923145801,0.28665019862328317,0
0.0015766444008070376,0.09400107999836095,0.0035046417533885726,0
0.9455403878885974,0.6336442245742221,0.9917768547850193,1
0.1682380362572588,0.17484956845052185,0.21461171104723978,0
0.3365387314990944,0.21082421506686727,0.18215054181859922,0
0.003564834394267469,0.06466821888413454,0.002852301837440028,0
0.054533857494313456,0.13519188572113663,0.10849549180598143,0
0.08636194287630951,0.13765064842447594,0.1296697754218742,0
0.01632526622732142,0.08929477193552411,0.016785824701787085,0
0.9637339023284925,0.6687273147035828,0.9941838807470507,1
0.03680850967103141,0.09881587335511756,0.062318460972079326,0
0.07196441458693428,0.14471984816032543,0.10824186475455436,0
0.07117100764049164,0.17003721987835696,0.20357461523787326,0
0.22785799448465519,0.1972357204065996,0.20137768317832808,0
0.011515432000952138,0.08312733311387789,0.009916415242062389,0
0.030092560653496903,0.12467323843526888,0.04143269101205329,0
0.03988573482957527,0.0897029879834633,0.02449452863941236,0
0.029117295279453444,0.1362408379097941,0.04592635391435966,0
0.14945888789537562,0.18544407515701491,0.16253440308763667,0
0.008901051521022144,0.23607286679060258,0.037804286371054575,0
0.7358922008595172,0.586407057023606,0.8172844636346944,1
0.22127763868365227,0.22732188291773162,0.2514042343934897,0
0.028623152156519057,0.1299727782387342,0.05799885943576484,0
0.0689737022024827,0.11286760316968521,0.09679976867222188,0
0.09793788413498006,0.12712239192021532,0.09076835094934663,0
0.12679119527527297,0.17356619388866965,0.18319212227265147,0
0.4986234079855076,0.25222512555055854,0.2760499195714093,1
0.5124897036730393,0.3548974462934931,0.5124904729702093,1
0.02012859747660361,0.05123636000533815,0.03544009093562647,0
0.053953171279723565,0.14121528684616874,0.17231815905656514,0
0.037917298486355125,0.09109972584445246,0.04574287993677389,0
0.6609609329225239,0.49620105657600333,0.3707718200202147,0
0.1932876855828631,0.20731921573009465,0.19472813993185703,0
0.07898693729850978,0.14517034739152554,0.08089938290576872,0
0.013475219140378891,0.05916311569563829,0.0208073540857289,0
0.009388958936644619,0.05404894217874302,0.011030354267839023,0
0.002896586002466451,0.12319263578299215,0.007448433362277219,0
0.0003033309508986732,0.0659497700146376,0.0018503520705702315,0
0.1034487785567613,0.16060925485978353,0.14406019354229957,0
0.030783143302274024,0.14116605759975365,0.06015819718610219,0
0.04078989694593579,0.0734959990565957,0.03288611220073964,0
0.9142358404916393,0.609969341068537,0.9902383531092425,1
0.31126131261990325,0.21098857044933367,0.23016501789442773,0
0.31782442186571025,0.23208751387656223,0.27627137688329234,1
0.0006649008863833126,0.06318619109686248,0.002836413789037744,0
0.006955744799084415,0.16166359924139084,0.013557720247551844,0
0.05237020758338489,0.10733984544387888,0.05754215237029947,0
0.09110806676251669,0.13158585891612146,0.0893712380804022,1
0.00444256508093295,0.043553380079692026,0.0012074228575311376,0
0.20176093280986887,0.19095894990049617,0.21742877729449542,1
0.22552166722896666,0.1995849622584053,0.23287709983031735,0
0.06358536195745071,0.13138426393009073,0.0696313432702361,0
0.0027286427389822676,0.042537271428510555,0.003192005411230509,0
0.016829940813672242,0.059205642335708235,0.02126048185597144,0
0.005426966145482822,0.04494645837633725,0.005818511213989022,0
0.12196826457080881,0.1644668275131877,0.10685171750717135,0
0.26451116867281055,0.5180980132160514,0.38197557164463314,0
0.05227188079996134,0.17965386249021284,0.20156424156172553,0
0.055676918089669146,0.10774822675667257,0.09181842807112564,0
0.1573170314184101,0.16796220431431813,0.18467723208360748,0
0.024612655891946715,0.11865731146462395,0.041827028178778154,0
0.49653682108937786,0.4710196416331304,0.5401440714730749,0
0.3675321031949062,0.30565320117212164,0.0169300456743807,0
0.002942067499911447,0.1528254402904427,0.004158611033192306,0
0.05137022876863236,0.10257530031604133,0.06117977730710617,0
0.0324891204020716,0.15182424921795812,0.04364925207769363,0
0.12527714254156405,0.1614121464684158,0.18781969107773883,0
0.0014424711669517136,0.03699941902400017,0.0008576197694865311,0
0.03960763681367744,0.09720668929977787,0.05058235134165497,0
0.022867293588127245,0.12685906426260932,0.055912814780180384,0
0.05727102051734431,0.1118167083953685,0.09005054595894227,0
0.15620756827156695,0.1981575801576017,0.15664715337422083,0
0.13464597574583254,0.17352650799102587,0.13021665350094058,0
0.1208919211880847,0.17390509516986008,0.14667315093365363,0
0.1210038946034009,0.15139875266474856,0.1252122415816063,0
0.0046217093032137595,0.050041640701941094,0.0020499557799795614,0
0.029053701850480465,0.1568176750983098,0.060729537952566026,0
0.013269761623444285,0.08195493960428017,0.006520782477667601,0
0.08884605561220313,0.1145881921317391,0.05687048754288366,0
0.5598851846902274,0.5001167892619514,0.9392403214305151,1
0.012243273681342964,0.05106771180939743,0.011939025581060537,0
0.04315719358636871,0.13249327353033588,0.06815705917017427,0
0.0258392206540993,0.057592182244860096,0.023224131722104354,0
0.009451341389729997,0.05604476689047316,0.006218772930780357,0
0.1786340690336399,0.1841957603337103,0.21516545668332124,0
0.06504354390237331,0.14638947892065096,0.08851733080319785,0
0.033890624765832704,0.14524166147331713,0.044196177561735765,0
0.011617069549645073,0.07195276037574216,0.007322625762785291,0
0.09242972158919427,0.16015595049021558,0.13580893036663538,0
0.022687359500117465,0.10681526411222181,0.02431324263816159,0
0.00827127710883359,0.19619556521604922,0.023401235561786027,1
0.00028866349702900865,0.10295723526167112,0.0026987535340611156,0
0.03362358905031919,0.07428756090901996,0.02396106317023506,0
0.003647766275217958,0.048670268450112374,0.0020651468716321028,0
0.0022289717172267604,0.040116629867283066,0.0018104491412488958,0
0.03308731023246925,0.14360341408090918,0.0810474264575041,0
0.5278464974410293,0.2983350128852286,0.4260725093501194,0
0.0907774876201364,0.1358535611554084,0.1275758485629679,1
0.16335559723857082,0.18053416950869236,0.15762236340768246,0
0.9604882124950388,0.6559033589256975,0.9955773850256868,1
0.015053638390607863,0.09156901864411728,0.023555408623643255,0
0.10806958031146735,0.19969977552272342,0.14532727833838227,0
0.007100176987697272,0.061640322881796876,0.0070366957136182426,0
0.011209322366525509,0.0566861967016486,0.007496722032698974,0
0.22643227517249978,0.19919204829278286,0.21322112852488484,0
0.07110871100177626,0.14103979742845282,0.07294069157807398,0
0.12005586079165927,0.17569592734036563,0.18452198300621353,0
0.2820691658758083,0.19775782919357066,0.23519254932587372,0
0.30942021564901245,0.23865042321897476,0.23449461837873217,0
0.0078041823354213415,0.20821155439703382,0.03118032580012268,0
0.061773395087255635,0.12811531314797686,0.08718361631940284,0
0.003665770999380693,0.047575820077271035,0.003414291693089763,0
0.24210118633757943,0.21051871877140682,0.21024834791404193,1
0.9050975118751378,0.6346561061869576,0.9824564756299695,1
0.01957862418630253,0.10861655233178574,0.03090499970029029,0
0.035563488067689185,0.0606352796814929,0.020152734314386724,0
0.0648935419807951,0.12277341235565226,0.08698267423358974,0
0.2144111571348511,0.21471790078196373,0.21925178313355603,0
0.053518597862998986,0.12402571372508643,0.06517443486656606,0
0.20084285225886528,0.20792077129972356,0.23282491719770732,0
0.200046976733986,0.17274129043801767,0.24190576098789413,1
0.8990512656467219,0.6449142210280233,0.9869567245689487,1
0.0832682686696334,0.15659063907179316,0.07713989868465894,0
0.29751073115955456,0.2192521083541781,0.20024011719541737,0
0.03780688608606304,0.12555970961570273,0.10843399801661739,0
0.013963091790709216,0.09247598798718516,0.014786413995459874,0
0.0005242234582383866,0.08391015896663952,0.0049086112928231,0
0.1788365948578451,0.21700861738330673,0.15895120636683616,0
0.8478491128360937,0.5953154574953812,0.9532972475711756,1
0.21547415717263577,0.19683307510545037,0.1685451769858523,0
0.8187556202685323,0.6054008406009619,0.8991486275486578,1
0.27043930694590446,0.21428025741845633,0.22078787366275396,1
0.1048208949638726,0.16973629930462675,0.16580657269420876,0
0.054650870060996413,0.07628531754021957,0.04885003569322476,0
0.926812005559198,0.6562007055308059,0.9896790863117404,1
0.029669316164010133,0.1265635546620431,0.039348138692579,0
0.05478347622380741,0.17959213241914973,0.15255984936833758,1
0.7379481958182438,0.6002942984696898,0.7939704093738662,1
0.43622476611185473,0.5795647188083244,0.6240833208624824,1
0.9670388905565329,0.6932087033258059,0.9968124991980666,1
0.009277204649078382,0.0454870930708222,0.011495882401072261,0
0.21942129542352257,0.19491083632003534,0.19222169820206841,1
0.04145892948408593,0.07541950911845798,0.028238196721696047,0
0.18459808001135175,0.191762421596804,0.23142879107191947,0
0.011067246805740696,0.05234231858400277,0.022161562421768952,0
0.31108160374408245,0.25399111766172716,0.2520953332911049,0
0.028072494405719104,0.07666757435485383,0.025663789974273644,0
0.1322317689310207,0.17654891672071094,0.15188053273202667,1
0.10959694802020742,0.16068823041891947,0.1318861433940481,0
0.21217813337188712,0.17736321353797493,0.16044525902981485,0
0.002922627386420589,0.04861165423366758,0.0028531539328810612,0
0.04084782328744763,0.16665816143722662,0.11943319889370724,1
0.5819524461149111,0.3261269792644512,0.042220846632962716,0
0.23386664446184297,0.1889158171345285,0.23871626775181584,0
0.045207899627725846,0.1810970239934354,0.07363340759589244,0
0.07686847252916844,0.11316659701012051,0.10949742360008444,0
0.051371619513042546,0.08658029344611759,0.04979376518563943,0
0.9412209645205798,0.7001866795136376,0.9912834833008753,1
0.23822767744432835,0.24172352440821443,0.19947797855390537,0
0.9501503939020597,0.6751158756852346,0.9949918239998149,1
0.11534357309593332,0.15854420051112803,0.11195203434822357,0
0.6415188634389234,0.5790118155990606,0.5583998221187861,0
0.03208316838359137,0.16372532440297574,0.06581511131503257,1
0.007834554747930498,0.070513650646087,0.0055406834616078425,0
0.5520185516281177,0.5084562634489675,0.6746219444075857,1
0.01273524399044685,0.07143217499004165,0.022671518935716315,0
0.3404149351165882,0.24129982008133138,0.1838496507463555,1
0.013117727165556259,0.09435389606879148,0.015509199187313088,0
0.10950674600472149,0.15447662585224645,0.11772767493317547,0
0.9283793076718339,0.6409844433606731,0.9906439633007287,1
0.0021735189526023773,0.036699058063239226,0.0007921556837836853,0
0.1615604725905312,0.2093316076457379,0.2408955012564657,0
0.04816732724928736,0.1717641681092356,0.11558166781554048,0
0.21171594647797035,0.2582028005215803,0.012129771547502818,0
0.0163916396379779,0.08309703171541738,0.019378768594460832,0
0.23495039475855,0.41969462937561663,0.08589999819641173,0
0.032781403598120165,0.11768735569147731,0.06140528342867482,0
0.03333395271027953,0.14714489338671383,0.06689776127678232,0
0.8645012238229947,0.5307895674534489,0.9510013558864621,1
0.17603332839016309,0.18025297073010585,0.16880482840464486,0
0.3335470511687462,0.21842719055198206,0.246191255521785,0
0.08976394560378506,0.13883927677023594,0.1088542850300606,0
0.02723724903355441,0.07260868903297431,0.030062908129055214,0
0.19052307195205137,0.19537707826860184,0.2661353881375805,0
0.8917356603449482,0.6520433330599287,0.989119918142186,1
0.12993852913782164,0.1678575678931227,0.18405661588980216,0
0.3774917919409489,0.21607968351626955,0.2899175005557286,0
0.11895170344045061,0.17174450963377008,0.1659073310898253,0
0.02491074898274584,0.15232643418260552,0.05183045331980695,0
0.16695880561361431,0.17477741609282343,0.21784525390048448,0
0.1014414553027559,0.136995289724025,0.07687100758033702,0
0.13615700517228033,0.16437613727880002,0.08998015358720869,0
0.06754090569872738,0.1676530765356628,0.11730898678655761,0
0.059003459240854345,0.09319448924087136,0.048768827956364245,0
0.025661159484761508,0.14087793399886323,0.06214094781510056,0
0.025700956351251077,0.13620842936044636,0.031780734651074116,0
0.024223849315062797,0.12206563245044912,0.02698820614071452,0
0.1125237278960983,0.15343615226417437,0.12557159436150853,0
0.06760604593498266,0.14585391801369946,0.10922812690635059,0
0.0710452081540622,0.11782282010412128,0.07589382218322337,0
0.4197733967857559,0.23706149844581487,0.2784298051650123,1
0.009416873460800597,0.05303021497586978,0.0077980372532113,0
0.013626433299029593,0.0938110880367873,0.023598751511241113,0
0.9321297093829326,0.6794898999062208,0.9937706213703592,1
0.0012330734721503508,0.0899432143563482,0.005434453909007227,0
0.007964307319966255,0.04321145672467529,0.005153432527505442,0
0.002424057460483246,0.11758187796294838,0.010369253582533437,0
0.11962819256811699,0.1727351353561626,0.13344287393773585,0
0.12029677198159763,0.16898275298905754,0.13633440470651273,0
0.005052127707325347,0.0630895251355102,0.008071570664989609,0
0.012167217826850922,0.05986221152330832,0.00631161709616672,0
0.9906581594965533,0.7358200379116384,0.9971136552985973,1
0.7743703652901165,0.4886039898863152,0.9101961274634208,1
0.02772860372454322,0.13227235814797644,0.0408252713050325,1
0.05146588155579495,0.15850457039298255,0.07847619345389029,0
0.9226606772783925,0.70543372975046,0.9787178451936195,1
0.011005580466232649,0.059641034134755494,0.020002835769348144,0
0.022044155430897012,0.10728993516913668,0.019896955515457164,0
0.10505603381163651,0.1285744983088244,0.1139653115729002,1
0.9218586572464988,0.5981355997131723,0.9816590246322768,1
0.07228755601466512,0.1964867783767022,0.10374353045998948,0
0.033298229274483476,0.13220381780510496,0.11841408287193915,0
0.009194603405259624,0.044790311527273315,0.007094849627207423,0
0.06631351863023353,0.13141580519270502,0.08471767966209448,0
0.2502999435554485,0.24648991564509745,0.21263771393455833,0
0.01075357940809391,0.09958434011850549,0.026483702599603476,0
0.015227616205609296,0.10153980473517664,0.02025247955236183,0
0.8912772931348281,0.6982230042193345,0.9530541734630907,1
0.01200464438919232,0.052926300499185855,0.013934004293727143,0
0.606700199374116,0.45160028764547605,0.5423663265186833,1
0.05072685993842453,0.1489967271139784,0.12475235812520294,0
0.046776434130192106,0.1555262780360761,0.12650724923555426,0
0.420923433814884,0.2293823702246888,0.30306058678937975,0
0.046062332181440374,0.09075833381516255,0.06083897134480743,0
0.4081785099373247,0.2865361277008698,0.2688364266867083,0
0.002833956909609928,0.043647615486287684,0.0019250109663804813,0
0.07720423485817282,0.15135972089032237,0.12386685082001792,0
0.9299529312956226,0.6180567045756801,0.9920990430169411,1
0.019828695961947647,0.09456107923667774,0.032375338549105875,0
0.02229182856143344,0.1221252601191301,0.037152034191114035,0
0.47313844457467114,0.27711416622622664,0.03664598968531127,0
0.06634641939513146,0.11863430530192115,0.07439826549979135,0
0.40044633386656553,0.27349469638756757,0.2635131411398588,0
0.6018677842975572,0.3716736604950195,0.5799769430481769,1
0.17993880990050298,0.19984492174186055,0.16840889824687003,0
0.21858611189961796,0.21255826868472222,0.16151659641626737,0
0.014950794223860553,0.10345189915116926,0.026248168510323595,0
0.05165100152074739,0.191570541411747,0.08553730654310956,0
0.1082864222467477,0.16399408045794975,0.116377726069066,0
0.41048224535030003,0.2578418917371671,0.31847281803128435,1
0.29224560870633914,0.22597524674372801,0.1554162023978898,1
0.09425957323449692,0.1564651369941593,0.10475106184321657,0
0.09361527781093576,0.160129243416377,0.19222074842178347,0
0.9118724209949783,0.6420554789661099,0.9934929140340293,1
0.08709929346554288,0.14938628649116872,0.11235086194516748,0
0.2735704973138592,0.23025877817186427,0.18328708597607643,0
0.05260442245400041,0.16182973461475803,0.17758287723019114,0
0.007523940418413393,0.047977678066259986,0.0057997861859256485,0
0.009615108638308414,0.047482513229039014,0.0076077949730356245,0
0.0005942363971142932,0.05353797774927819,0.00224639875884583,0
0.10682012273056467,0.144643011863309,0.0983773110724302,0
0.1799322273209669,0.17620796335853237,0.19897073554888484,0
0.15071766491223204,0.17746297774745212,0.16117589269584054,0
0.38951342618664175,0.24486250502167584,0.2791292899410349,0
0.02320351060793671,0.12838180142843408,0.04774693006687728,0
0.030868457800078086,0.06542498737258447,0.019232274562534672,0
0.8855973662782525,0.6006331370619221,0.9899631336657225,1
0.05835730487514279,0.15476163277290103,0.1328466165483642,0
0.02462582384559955,0.13844584276597424,0.05257007861045063,0
0.028617941638736214,0.13283530885084222,0.038095351827523834,0
0.16011883470428695,0.17420235380681254,0.1904729609411221,0
0.03754837634956655,0.08644073484884156,0.034441499814122506,0
0.8587556848794341,0.6056266284992513,0.9369742037833287,1
0.033133671475442036,0.06392750520445115,0.021140040742745614,0
0.3883589086901947,0.2427656263732124,0.2516150327282213,1
0.39848528731116784,0.5969105005352255,0.48636467893451335,0
0.49633664775894437,0.26509309576830775,0.32876025532267267,0
0.0721304928563053,0.12923854690337414,0.07421475970301811,0
0.08649138163186544,0.1482338345326488,0.08444589556569054,0
0.10951517164033137,0.15164679416071422,0.14765896835940107,0
0.06289872402111724,0.13177410584040694,0.10735588291482076,0
0.06831910218730924,0.10826944096746884,0.09887061008105863,0
0.15673855335173548,0.18378122531869162,0.20323850623783635,0
0.11469195898683297,0.19515415833101088,0.19560993569012589,0
0.12068438831761746,0.14835546359979634,0.12432685665065003,0
0.023202398144562777,0.11024360412275609,0.11564049972711066,0
0.011319472398230005,0.06640680903877123,0.007201424428104063,0
0.0030943245482267646,0.06796524457231816,0.003275829832017609,0
0.12558859375393575,0.1740567696771781,0.14451805965417422,0
0.03213405282451898,0.15535680669801233,0.08684298169291632,0
0.06262937075670913,0.1293277759751674,0.07927774208928343,1
0.21285844049643102,0.224353247480306,0.17143735540029537,0
0.025336108697182145,0.14595039146010955,0.12657620503063688,0
0.04081620249369303,0.13197217133093198,0.10753207398585471,0
0.045190513228163705,0.10102788639109093,0.04233877075639327,0
0.0101268943937669,0.060575362535074506,0.011859981666557795,0
0.1673938443044727,0.19985551256452636,0.1769857203733421,1
0.17341279488825145,0.17195906965081004,0.22506849117091401,1
0.00833621661656472,0.04221981532506908,0.003609292201615312,0
0.010491553318004916,0.09153713130175964,0.024403768159681337,0
0.0029010796120998205,0.05284794389615491,0.004563913599907591,0
0.36374800136507524,0.23268558203205988,0.25863361633964926,0
0.1505220835591956,0.16331020204416402,0.14275693082082525,0
0.9552110831618048,0.5887319628200335,0.9923563487371195,1
0.0201887699513866,0.0806187408165673,0.030569973236896926,0
0.3879168462778331,0.27894670230952495,0.27709457470496035,0
0.13979887245914277,0.1626463953643056,0.12750971912886055,0
0.789080763219531,0.5834989630985932,0.9321372491932117,1
0.21363862182609103,0.19044572519037897,0.15706366602956606,0
0.01864896426868207,0.08579286894018828,0.01898184157399549,0
0.08866809069194188,0.1488867428976201,0.10790070021266261,0
0.05233527902299948,0.16813251032280763,0.09689289881381982,1
0.12967731775489982,0.20006078569862154,0.13252718859103807,0
0.3022779457878986,0.2133037628201862,0.2332310154020041,0
0.0655734523049809,0.13461229557969828,0.1189812706955173,1
0.137707534413266,0.17209477615733773,0.1458668393034818,0
0.00011734490493015969,0.036068079978443655,0.0005433561077161742,0
0.002241484595223661,0.04681337573047704,0.0013524547260626149,0
0.043720620919933915,0.10895063285866144,0.05096613212803894,0
0.009573905550833255,0.0591632879379697,0.020242743639570807,0
0.1683566930223588,0.1956628945465459,0.17599425354070986,0
0.028028633907238098,0.11574734858884425,0.03990907083519641,0
0.03423133229090771,0.17525357232613695,0.16335645439224114,0
0.004001662425884101,0.04542234996286052,0.003187960420784707,0
0.1927231996917251,0.20953030271668938,0.17368864001190712,0
0.010720233120418839,0.053014395916550515,0.017267024694784545,0
0.02922670731814435,0.14146155161595364,0.08286178303255047,0
0.40789944823484,0.24471140338355277,0.3022192661209304,0
0.07963213175413919,0.11798202836455203,0.06436941717314364,0
0.05983023035467527,0.1082206130164781,0.07879987036714849,0
0.18664261553772438,0.19398088777672584,0.24258609629811134,0
0.8775040638891789,0.5630020244177636,0.9735423419004162,1
0.06272843619630915,0.11195280572904412,0.049101851213916935,0
0.027053597499989524,0.1241822845272064,0.04956737816367785,0
0.7003995362911843,0.43917074803473305,0.8235739666780486,1
0.15449660288475264,0.1873673684540726,0.1993324245455741,1
0.319384508471289,0.24838331538985878,0.23165970303480377,1
0.017137121884593706,0.04759254011220912,0.010690603696938071,0
0.1400216712462424,0.21845051836822188,0.17126535576844304,0
0.30544858040585854,0.21034340729395623,0.1944264981950305,0
0.057686148218183866,0.08391958696218363,0.06325884102316981,0
0.04028776327512263,0.08569603802194474,0.029583551612664398,1
0.034655582055226446,0.10241261283526881,0.06530925243993475,0
0.7906453154346033,0.471543799874606,0.9369293808347364,1
0.0034939464994360038,0.05129064146662758,0.00311907025053771,0
0.01815337476062909,0.07735051889665698,0.008283248548107525,0
0.3232508480875463,0.20960501922732386,0.2637103491695266,0
0.0011851653670821955,0.04537424870744278,0.0017937295748841967,0
0.35437670414807226,0.2510354022272165,0.2903929975545129,0
0.1362010893423708,0.19210733668776422,0.14765587492595064,1
0.060640556936760126,0.10788354018155509,0.09120376712144573,0
0.008170236019757738,0.0664810472864715,0.007131486872400426,0
0.06181099730315827,0.18409836031061008,0.140550991602123,1
0.012604686815967873,0.05838478737652078,0.0051556129682267795,0
0.00038631363660211054,0.052113425879091006,0.001463058257251976,0
0.6258896922228464,0.5443640497501371,0.5774814335807924,0
0.08257884302331264,0.15379826468531824,0.08082531780389476,0
0.06039841831053104,0.17098465563752657,0.10650316952762087,0
0.09159403436409305,0.1307914343804597,0.0898037627180715,0
0.0008002055347126022,0.06137573572227989,0.0023247684179504248,0
0.3483767880290055,0.2150333898394577,0.2219090788671974,0
0.07498192611306405,0.13482382126826448,0.08414696163206926,0
0.056545365541125645,0.09002900288470111,0.04864125190900585,0
0.9816514385075124,0.7079295307677417,0.9987290853109297,1
0.0039543833457116664,0.044733816624823085,0.004516641165820921,0
0.09916378458149745,0.180197732061645,0.13162306046397804,0
0.007547450431952159,0.06355914728884555,0.004382459360059911,0
0.9359372399100204,0.6523555798514087,0.9854467638340972,1
0.011779486029803377,0.0530861019623766,0.014700185604643224,0
0.11811901015581143,0.14838824814673957,0.10948631119959117,0
0.006835380066030442,0.17657771507914946,0.006316186630524184,0
0.13107788232031112,0.15507729024136507,0.188196754630304,0
0.34865867669262085,0.20607433882640985,0.1876169923672803,0
0.10730889398738647,0.15807632519331502,0.16174561971661475,0
0.23845960377993217,0.2085915293570379,0.23157582844808638,1
0.03285725243690161,0.1331260627788574,0.08002532195837991,0
0.05477724964210704,0.17681566046569716,0.13828136647806658,1
0.5054400443131312,0.44851795970795866,0.42124567645241245,1
0.3532156753888872,0.24695554056742836,0.24784270367115524,1
0.006045861914194253,0.19667665518733812,0.012771298394522072,0
0.6893844029514219,0.446615012401083,0.8287716132190383,1
0.025728795872153046,0.12309391693084548,0.07742399918952617,0
0.2183194969747825,0.21547943476985362,0.19150805684449984,0
0.009482742717037067,0.08581353142759468,0.030391300602018955,0
0.03070445190483306,0.1451184757182831,0.05470530374793296,0
0.07999204102341498,0.1480061650582845,0.09627178515464212,0
0.047526376820255144,0.16838436743562188,0.12421819309161823,0
0.19765820982278096,0.1768645967459294,0.2200422594705568,0
0.03562905398458699,0.07372761299989515,0.020789525715955118,0
0.5218774946370696,0.24756039505655944,0.5091389889915382,1
0.08105417691786433,0.2426630705167855,0.003087400839721618,0
0.08333916302629572,0.17064018245562043,0.13311623512693987,0
0.06164313939224061,0.08541204274714649,0.05070894116976965,1
0.00838424012151564,0.06455157583468167,0.005578394081079545,0
0.03713814499097367,0.15993418568203224,0.09124735131562373,1
0.012726480409537303,0.06544151825012677,0.006376260918251362,0
0.019403874192731263,0.11389005303013132,0.052983990776298645,0
0.9032010707017952,0.6651133039821355,0.990137242718153,1
0.515084414881187,0.294658753608205,0.2819865210668874,0
0.851641399549286,0.578641181214903,0.9752535359254526,1
0.1497048197530254,0.17029985910524068,0.2071208928374444,0
0.12401961029600243,0.1897460901474597,0.19047260917587136,0
0.07668355858382504,0.14343774578694493,0.13800289189758128,0
0.024956193142712073,0.12968089035647495,0.03779026232052116,0
0.13088492363384485,0.16417153106809887,0.15391433520762604,0
0.9579329725652287,0.7024935797214115,0.9971278410809173,1
0.003143022788267661,0.0436250176992374,0.001750805727952215,0
0.334182883647362,0.25373882129729075,0.23692611281236992,1
0.10121843012227215,0.13930527526633268,0.12707237972327698,0
0.007618322346834921,0.06478085707885982,0.0027097317648985585,0
0.08754513283979037,0.14349858984755182,0.09678144993278456,0
0.30052671814215015,0.23737575136142594,0.29631539006966007,0
0.8954067536322352,0.5669025617658268,0.9793639685340579,1
0.10464522484289257,0.1503003460028921,0.13597910230216997,0
0.027045615768191464,0.06266048523698849,0.025939696969408507,0
0.5501924739274445,0.26713418241761977,0.4152363513884576,0
0.09891960491578974,0.16555558641225485,0.13773392986923744,1
0.7639379507972639,0.4800695647185665,0.8589095667506715,1
0.00284465431212883,0.042905223643527175,0.0027682803887885744,0
0.2277874277268738,0.20034729408295154,0.25830473704805057,0
0.30995463908483745,0.33362234158361864,0.09839184295958685,0
0.15582794248374582,0.20421690157544964,0.1912918171645067,1
0.04229734904728807,0.0782474863209233,0.02774366224134563,0
0.034722255744420394,0.153094504996966,0.09882125569095111,1
0.9724606129626953,0.6599978571682826,0.9953012379165268,1
0.46317457494934783,0.28120005256692915,0.28428178161596945,0
0.010047235099189611,0.18665260444845694,0.008035790184790914,0
0.1475575396805022,0.1957087750398118,0.16239890838739177,0
0.46901570796434616,0.6120011172277797,0.7186659636361099,1
0.9390585653720996,0.6109882943178556,0.9951577079360217,1
0.005716773317243384,0.14249726501349125,0.007531191505473864,0
0.9321513752995665,0.6547169970194806,0.9911155688975379,1
0.03052092084068391,0.059246424704871556,0.019569600947307926,0
0.2330555437438547,0.2253060229585505,0.17729004214326793,0
0.08878166964336177,0.15505940800246457,0.11243510290517285,0
0.015635789281551654,0.06542897019876068,0.02172237042199841,0
0.9390948141559532,0.6672228509556766,0.9943171844355166,1
0.9874013768788058,0.7310999782486489,0.9969085200944198,1
0.038623567738388515,0.06594138400848161,0.02316738278382885,0
0.012864211713847128,0.05811573908826284,0.01192035382567253,0
0.10016769144355314,0.14065552201427925,0.12000621930422511,0
0.0553082128527666,0.18495501916162943,0.1539427141808994,0
0.004449784068589428,0.048526002970034135,0.0035890729754341657,0
0.15570280427762945,0.20126951723988276,0.20834911291864305,1
0.17830006082231556,0.19916370150032353,0.16591683006253335,0
0.021928973134632334,0.09889460577147993,0.06376783234466865,0
0.03399904565166783,0.13185758672299563,0.17387399764876582,0
0.0007938423042617341,0.1573320917635264,0.013245431365231873,0
0.8647793013686269,0.6121121247739559,0.9784865546897848,1
0.037698285274684655,0.15514643696957736,0.0879394593040924,0
0.03706264650202721,0.07743744995559579,0.04592828798475829,0
0.02466911950865548,0.10783795286872812,0.047651317568711535,0
0.08128577167320507,0.09516818856840624,0.06401755744910866,0
0.13953804354957255,0.18698005362996495,0.21356504016864958,0
0.16058706722776228,0.18463183835057936,0.15084170518947693,0
0.002045384148946542,0.11764005735418094,0.009226250716473797,0
0.015476296013610008,0.22816351022255624,0.02069122405717184,0
0.000389636996049161,0.0643207029866737,0.0033668445351681497,0
0.3463294464155697,0.2258328023643139,0.2531475705350172,0
0.2254046687148479,0.202407455026343,0.26445563313843296,0
0.003932274891070829,0.16588195368628803,0.01200661039251997,0
0.042757208429283995,0.10351726178156581,0.048389756680998826,0
0.4014326283418536,0.2419322856333139,0.26909200258361365,1
0.13314338420137692,0.19081767445477543,0.2104408189656968,1
0.5600776518428553,0.4270658146779806,0.45448228000165963,0
0.09513116438562674,0.17024889847484412,0.09497326826102452,1
0.015345673845262935,0.07637866303924624,0.008699437649725965,0
0.03528012565245253,0.09102029001206685,0.026286346899455807,0
0.013957092597854697,0.0585326775914727,0.020274630865631048,0
0.166701297905255,0.19253331935818987,0.21360856422570318,1
0.2527481929373156,0.2317137227089031,0.26491958499706214,0
0.04598901029861158,0.15636007375618982,0.09663037701816267,0
0.018268767802809654,0.08143435358125643,0.02531119543279432,0
0.04308200360500869,0.09218738228070496,0.028374688714518984,0
0.3154762685404785,0.21534153122755353,0.21248493111090325,0
0.08034433600749546,0.12400258326471918,0.06583940890450102,0
0.009454862183973645,0.06656284620926725,0.00642226350020604,0
0.10028276570265374,0.15914054015220275,0.10022837142851314,0
0.05712424979911403,0.1835858303640251,0.1154254872476308,0
0.9011934177756377,0.5733308521800845,0.974372075445318,1
0.20225094671232052,0.19035488211967397,0.22568815223233385,0
0.025026561979218268,0.06092156388402913,0.030132488224497624,0
0.002494548484019333,0.04153658317174763,0.00306745131979101,0
0.1923241311636642,0.19783417218297483,0.19150398434293392,0
0.1258907078642064,0.15054328784205726,0.14026617730154115,0
0.09000386371631618,0.13016166142814184,0.10840019419882703,0
0.009271187746787578,0.05447785372590593,0.006610723010700587,0
0.6457699884537113,0.4816383639207992,0.32496234741661345,1
0.15093149592688207,0.18607376367404072,0.18220556999181897,0
0.15796314384081286,0.16948677650360372,0.19079206584028596,0
0.2815310624455953,0.20531132845077749,0.18660754665131135,0
0.039038233216137676,0.1382056414132794,0.10721769374414243,0
0.856987847150385,0.5603403034039866,0.948266163461792,1
0.014734034243637131,0.07723345872353043,0.007798486021329109,0
0.43679102497808703,0.2722367112010987,0.33321610853757955,0
0.018392777286515484,0.0852596912231211,0.022798381459104282,0
0.0012820436070280917,0.13531267365129876,0.016452644287981003,0
0.21644744757737577,0.18560800968558963,0.14943188941541066,0
0.9564596095098788,0.638666243316145,0.9940076343412475,1
0.0013310783083969819,0.041339269586944595,0.0010243562822124495,0
0.19332620030071027,0.23179591000858232,0.2348813044460201,0
0.007298013329923247,0.05993230603703654,0.007493611437561347,0
0.9695523350592758,0.68634357472401,0.994965270977045,1
0.9893611790193294,0.6976500106444217,0.99830272657921,1
0.10988778351167769,0.1974791990386869,0.14922995093269253,0
0.035729799865360484,0.14425632986037926,0.10822181134586481,0
0.0007563465996478965,0.1172278463532546,0.005530757696935868,0
0.0003971642596632453,0.08302698917870335,0.004999030905859875,0
0.034834599164288445,0.06450554090379926,0.025338197807695053,0
0.02601569809845947,0.11020246871045329,0.06203717374404748,0
0.04373283168420126,0.10927196218738901,0.057889404550560325,0
0.1094605132431557,0.13575982587598404,0.08550267407334197,0
0.030720579862328186,0.16272986801172323,0.12111839830221183,0
0.2468661187639972,0.20908885021479776,0.19464764757814462,0
0.9585816457736147,0.7151041591199866,0.9923702561556788,1
0.13349075951157424,0.17298776826767853,0.14061435418908336,1
0.011436869160570413,0.06557948316871942,0.006055246739342631,0
0.055385664956525305,0.09136465822683837,0.05030542773269331,1
0.9152175665256195,0.6758470697588297,0.9694242384872578,1
0.015801327962188565,0.05777182554052335,0.021560589612673226,0
0.041906822793778185,0.16276213458423616,0.1077857273214071,0
0.12539948186174965,0.14684679747014578,0.12842713687519516,0
0.03440333529935198,0.06475025438674323,0.0189289076504659,0
0.012398887714533676,0.0674854727021856,0.007202423192498175,0
0.1196302547014176,0.18873329128317964,0.16325363269013538,0
0.021243955338010226,0.1244144044736635,0.04894639399995453,0
0.9286825132409869,0.6217746301803831,0.9878087384818666,1
0.9830480712750409,0.6968806549371951,0.9965541729295392,1
0.04931650739007349,0.08115983396177032,0.03527031473740375,0
0.18122357732871863,0.18657733066971724,0.20112225165338002,1
0.0385608885595854,0.14602587438241804,0.13379781552796358,0
0.8713156606928724,0.6121376973115131,0.9784152879390183,1
0.008517320303911668,0.04566370605635674,0.006407552547839268,0
0.011091517279650067,0.07505734319556623,0.032267125348703636,0
0.9244627599181202,0.7021834370467426,0.9753180691557093,1
0.27062264927171137,0.23757128398499217,0.2499858941388888,0
0.01050946814045806,0.05241018490521828,0.006364783096804889,0
0.0029656156125565745,0.05673678101986411,0.0010484568144967913,0
0.11643082431403215,0.17524139762443708,0.16324232121478727,0
0.14245343852915598,0.15992474216919925,0.17356942086288774,0
0.13614683682088508,0.15547750813467176,0.10557270734474238,1
0.40386856790874626,0.24985706555912907,0.37766294048496934,0
0.00756345328064096,0.0434051107302781,0.0069782859165628715,0
0.005803392076825092,0.0678764394457758,0.017007143040820905,0
0.14955525525800797,0.1715770261385365,0.16214124601556476,0
0.01576106686791415,0.10691948873390744,0.024305914399511516,0
0.0007407243128226561,0.14990943634871332,0.016401493171578487,0
0.9675027567007349,0.6672460859251572,0.9948473223175268,1
0.9778224934475066,0.7048910841836434,0.994997597829619,1
0.9468256212210373,0.6304638773749476,0.9936103652875888,1
0.19478028663027838,0.20048720170080728,0.1967068967034566,0
0.08224345175958245,0.14503745621255087,0.10287178373992609,0
0.01357055390637148,0.0813840638369565,0.0071657754914016105,0
0.023901611978907254,0.10586865344843627,0.03248044192307461,0
0.03090248915391778,0.13698985551639722,0.04595330162242729,0
0.24746578579265863,0.2097944445936102,0.22473112270650966,0
0.12515372077834008,0.19685519710606544,0.15354104691513304,0
0.004723130225543178,0.044427811088336384,0.0017350188635862312,0
0.07564159745174118,0.15320408173290662,0.07094049377139748,0
0.01445682014249417,0.08304705904356945,0.018523215754264452,0
0.026059263512128023,0.14245369953623788,0.05277798505858783,0
0.2892187615752704,0.19406625075812853,0.20623852300436746,1
0.43737808411204365,0.2427412380719943,0.24793213132704475,0
0.011892145102715307,0.04720644926459053,0.010793215471648939,0
0.14011833305879373,0.17646290188479943,0.20849175079484206,0
0.01737907835093367,0.06343039536890771,0.012700553193066863,0
0.40345334536633043,0.24400240411223761,0.30569430449746,1
0.12068917985712949,0.15546161801822272,0.12032167002417547,0
0.04703218807214911,0.07591882501273643,0.05027295337595688,0
0.3058209146961168,0.1981364230536875,0.2157891581350681,0
0.0531552517934972,0.1049555979411766,0.08855344053425443,0
0.08732617939781563,0.1471243637031194,0.09924747800591198,0
0.10325568688875095,0.14504466992695214,0.10019110185696242,0
0.7823947011692589,0.582089515679193,0.9687815308752138,1
0.0782317414499595,0.123372428423501,0.11336965780638888,0
0.350440908607587,0.22947555251598162,0.26309567811529133,0
0.0021284870264287933,0.0372481822943039,0.0004690944303388062,0
0.08471826143780999,0.1625636579312215,0.09583335881145733,0
0.09072535065415437,0.1255243629877777,0.08356170881578154,0
0.19969572981348185,0.1947125849263634,0.14010078668184064,0
0.03193020100196903,0.14910829084087893,0.061961002412288975,0
0.9082414608121243,0.6600091039639571,0.9604453475165544,1
0.039228781197202835,0.14059855084655556,0.0721530911315335,1
0.03325597501435666,0.14925730968679823,0.07362117154690465,0
0.0009634537729177238,0.07547144542857852,0.0021008595901383102,0
0.08024605682039081,0.12166481092926115,0.07922379902222076,0
0.8388137566677002,0.548261640721529,0.9668404346778701,1
0.991084476882426,0.7175659301631581,0.9959131039409473,1
0.026620084433738946,0.09886244190040601,0.07051421303937976,0
0.7301817188437971,0.5810166816521092,0.9637706044637284,1
0.19476773179961257,0.1958553366264369,0.1961087681193562,1
0.13820809669318987,0.1782782748516203,0.18093929451100116,0
0.5572935286105308,0.42062810492240255,0.47397768320336503,0
0.005885906904547826,0.03708527626840551,0.004443408233802878,0
0.34025736113910826,0.21127423999364775,0.21188901262809928,0
0.3923283925522773,0.2332620851814168,0.23088325231854467,0
0.03968578193768258,0.17027910130091464,0.13468125530819997,0
0.24332812488197994,0.2028566127887817,0.20111246727137821,0
0.049088762618713276,0.15400989413973518,0.09851559617316696,0
0.18906970548917,0.1838417135833756,0.1748233021737262,0
0.0507496663570952,0.1800969731711304,0.14006110001980349,0
0.44515128917171026,0.2713635458947607,0.28912128302905454,1
0.018976818571905175,0.13520411784666597,0.1245394205482303,0
0.4212782019238047,0.22621530888968236,0.2668910028181084,0
0.32938970202340684,0.24908144100801607,0.265355742508817,0
0.062214575448606,0.1072407677233803,0.04981006383284983,0
0.3961186361245859,0.23560918416230037,0.27092773936030184,1
0.037763350519992155,0.06152335686165691,0.023962950659145454,0
0.06705777005484989,0.14311833842914035,0.12810696488057688,1
0.004213112185452058,0.1606219330072953,0.006345802463218819,0
0.2847237321611372,0.21213698716990773,0.241597177958069,0
0.04965052403310364,0.1053928634317834,0.058412858354494696,0
0.7754168890722972,0.6218410125187622,0.8129220202563832,1
0.0012793768407905212,0.03847417551075748,0.0009776787449477656,0
0.14713702030403353,0.16165885222045148,0.13692348852199074,0
0.9685745132466504,0.6652833706041424,0.9935117110627264,1
0.030363688862430058,0.13536601048615848,0.05457978906204011,0
0.16851348215846196,0.17047753304896415,0.14460463377206212,0
0.002156944409701805,0.04632463284409531,0.002845059099226534,0
0.10005281118853868,0.15890998093981373,0.12739052711457602,1
0.0013261205125173947,0.0880339887087319,0.010535286688609289,0
0.9702872473028216,0.7010867777955597,0.9975203376990275,1
0.06634078128692482,0.16038620541360415,0.16868643548800447,0
0.016110807457392736,0.08870421948536246,0.028522926534144562,0
0.1536694317351061,0.21310621111409248,0.15047869935090316,0
0.038999946621411256,0.13626494699507727,0.12663059999578544,0
0.05243975389993069,0.17072295779582453,0.09266699420462877,0
0.003969936869844125,0.05274124978992451,0.002403692107596066,0
0.9641093752516177,0.6722199807829052,0.9962506930467211,1
0.09728836223411289,0.18167815770228618,0.11086350156253874,0
0.9882349574414986,0.716431381229366,0.9960636673705173,1
0.16365425770911773,0.21598206326840083,0.17964441000089576,0
0.10457187029298606,0.15533200453442497,0.11872753494703905,0
0.0018559199796307645,0.051418961691854594,0.0006299591435319276,0
0.8297856894667124,0.4992014056995194,0.9875971595383237,1
0.06223612292147678,0.1637355444481111,0.1400585290716449,0
0.04085823183950129,0.15140552569031954,0.05877477390884624,0
0.03483567351533076,0.12438719178298498,0.08188910106795566,0
0.12399848846644897,0.14336473239206715,0.10026408721104399,0
0.07142322044253928,0.14373294579503906,0.10089585821132693,0
0.27064974245946444,0.21434238146914,0.25750407885832366,1
0.008881212168630612,0.09727591756582106,0.015690633498110663,0
0.9574945419243079,0.6621392501156084,0.9918515389542373,1
0.20875231476817296,0.20830050641396863,0.18984993706157205,0
0.7562665540499404,0.5974215580376537,0.8105005887701897,1
0.0035005838750125757,0.04766163717350109,0.005234266879973729,0
0.003967376896199573,0.0577670169409944,0.004526288990335099,0
0.10269886017428896,0.1419668931929286,0.10492078519698658,1
0.1756251863101959,0.15666464889330342,0.1928414879837047,0
0.4589275843132232,0.29094174796950173,0.031395923394822924,0
0.08469415907083142,0.14737708779891712,0.11156227819041604,0
0.02281044124679412,0.11005513493283424,0.040534294599869625,0
0.2409495689606626,0.18567780470427755,0.21681188102352358,0
0.9456462877187983,0.7024973662513687,0.9958501595743107,1
0.2681576508299598,0.1840915804262717,0.24277698771084164,1
0.2644819985312078,0.217009586141441,0.18058807623328285,0
0.1720804000576701,0.1846586861762731,0.22857889737435932,0
0.8781134360157068,0.6007590118301377,0.9889460588696425,1
0.03271722749240711,0.13996329619968706,0.05801558912391342,0
0.06807449699598703,0.10757905821255571,0.09792850795262018,0
0.10816125300926627,0.14646016051957123,0.09989714049753375,0
0.967376359355103,0.7015317920659282,0.9927607542801791,1
0.0072930664955874235,0.05220497087286737,0.00501401888153239,0
0.35001517388151077,0.2811559723409268,0.009916311793179703,0
0.011514107714774334,0.04543776903011082,0.008755121012113294,0
0.18380080435282822,0.18637163673447127,0.15026588062685906,0
0.13564594587992088,0.17078237229216367,0.12606210010121024,0
0.025530411813134677,0.13952853736818316,0.05868560422468822,0
0.8953293379628069,0.6497711924469896,0.9632590511806255,1
0.05895870104126061,0.1263923170494685,0.07236261303447115,0
0.1248828375680523,0.17850200165184396,0.21670560822182058,0
0.791699289035403,0.49536406818406914,0.9054578504105666,1
0.27879584074641095,0.24081750225760956,0.21859383588533746,0
0.16091994845378718,0.17870687500203541,0.16301964506483493,0
0.2008348230937218,0.18515724881574114,0.22784720841962366,1
0.21113296269646667,0.18277954153877482,0.2255901929419543,0
0.167218378465194,0.18279505977658614,0.17502679334182059,0
0.040717261454740764,0.10370896591196373,0.058748703196943496,0
0.3747114436062614,0.24172684002030012,0.25245984063150967,0
0.08424577968995792,0.16951541352490293,0.1056505896719193,0
0.19255217523046134,0.19664304745940714,0.2397969492340027,1
0.46645310583899113,0.35112989871975153,0.6160527856111792,0
0.4711755074163571,0.2948098290419254,0.37141053584268025,1
0.07938905251944824,0.13119737742500032,0.12744312159337484,0
0.014578596979966378,0.08964869126196352,0.024565009557404628,0
0.9619884883235639,0.6503035687784966,0.9935211196197902,1
0.0010878790399473175,0.1325063745083409,0.011294187874574299,0
0.32935066806340274,0.22453276598893426,0.293709618590745,0
0.26389097736693473,0.22393242028787694,0.1909561128132576,0
0.025649574133098506,0.11410274381016808,0.053180731804540374,1
0.007845951742087898,0.04585567857589,0.00671078064226107,0
0.050929967910981845,0.10585949213865398,0.038208542324474425,0
0.001397751835431662,0.047960290514373415,0.00032639098518276634,0
0.03643275759871574,0.14744489075388237,0.08057536392529137,0
0.0330071767378229,0.11921048559416915,0.08525074158286787,0
0.0008307467462448334,0.12684284898551262,0.005319197871966727,0
0.014231122386972416,0.06553778249036835,0.020167068160792653,0
0.21289762831899242,0.19574210791640076,0.18042186457765036,0
0.03229208385517711,0.15035927480108716,0.08811045583365616,0
0.09383343329620951,0.1516224550317476,0.11474375983418192,0
0.06884751872111117,0.14120655224309578,0.08475355897766011,0
0.0023591802591721197,0.039745929749072526,0.0012071407182337862,0
0.6573147455420206,0.4007948906596635,0.5604731976826912,1
0.03922646342721531,0.15739149202038352,0.08433219894818068,0
0.19065310014508863,0.2340586959583009,0.24431554958427798,1
0.031533273246490315,0.07210292893835167,0.026364298125156185,0
0.020746743421812295,0.13118951731815698,0.06817799990484688,0
0.006115961715072548,0.042122398406737295,0.005396231061868515,0
0.10542216743603867,0.15765889558822085,0.11671270112833852,0
0.08387654344910553,0.12342656311401819,0.12997938418250893,0
0.1937982714257618,0.214927044338084,0.16350627908036222,1
0.010745598688612289,0.04643231927714999,0.005118312996177842,0
0.11149040501143971,0.14971265467004516,0.1017704113036738,0
0.11369991026508448,0.18960213943845755,0.17364390363439802,0
0.11404505211917877,0.17710253886985985,0.13696076044836655,0
0.03131551865431278,0.13534421660300672,0.04397052083482809,0
0.9407104886060663,0.6090527400718289,0.9908592593803225,1
0.7843952793753504,0.5442546866506304,0.9529284983814106,1
0.03430204868099245,0.14512686770030028,0.07060189866691335,0
0.05949972770703465,0.15258896907943728,0.13395921447782164,0
0.13279849594165422,0.18132337129306272,0.13825917483679154,0
0.07765461034886537,0.1453984138169193,0.11116412854396397,0
0.014899261888363956,0.055953085826925514,0.021440537811243568,0
0.10216362660819514,0.32601951083626185,0.016013720508528742,0
0.07348266751852865,0.11455012919229778,0.07641177066338817,1
0.002900915303090104,0.05164463909200373,0.002458593767592156,0
0.20956541230387665,0.18763653287216872,0.23127996539372406,0
0.07300414149004307,0.12928438431419037,0.11790114084308395,0
0.022843902031359248,0.12538970278847836,0.03265267039490714,0
0.08680973771067851,0.1714164096296202,0.10591910631900203,0
0.9397679478269083,0.6072725019788743,0.9907005304912847,1
0.14682102052089208,0.1514613186452643,0.11909705255089258,1
0.0012315732564174616,0.11603760888440814,0.011542335958089164,0
7.202178423558096e-05,0.0394691096914396,0.0012883462140229204,0
0.9751894769378389,0.6923853534744758,0.9975923004137677,1
0.01842481848814345,0.07112682191901508,0.017461013074233308,0
0.4557885218645798,0.24070660935183386,0.3448032242730151,0
0.09390941799775426,0.16112767288062782,0.10135052415616871,0
0.009031702827252549,0.07818474116377987,0.005288868328242947,0
0.4672208570945156,0.23351256608340287,0.29188337703062833,0
0.019946010992797837,0.09323176496508827,0.048056789849586175,0
0.2288325457716799,0.2111752967325579,0.1567728455700217,0
0.2014096006587552,0.20635721128460113,0.25637748262733034,0
0.07555360092477571,0.18712642350606298,0.17924751410064782,0
0.0636328325813323,0.11876121271424031,0.05708442392376036,0
0.02612484061299356,0.06743430029733469,0.022612728264490758,0
0.07005150839891253,0.12752440551000235,0.09351110919623801,1
0.000795877620370472,0.036367615078340625,0.00088561771656446,0
0.2706914916730643,0.24005507381935834,0.21283976092268808,0
0.2825130131489461,0.22509655673645657,0.18738199811910783,0
0.45453213253707725,0.3191188807556937,0.17752087137477277,0
0.008566390802752583,0.03971908989998757,0.0045669533032873695,0
0.022491929147167033,0.14995526912233015,0.08521773638473162,0
0.15792397777782594,0.18750865880068768,0.19930741308974084,0
0.06994697847308731,0.14524041082861397,0.08165638164319182,0
0.11565426158573505,0.1094427246240452,0.0933974797197742,0
0.9354790642031044,0.6577494385407543,0.9965999207108158,1
0.34885380322209697,0.21425942459165015,0.24950677048428493,1
0.1904883433160304,0.18977608999658252,0.1824361024497402,1
0.4276073173143282,0.25474512142006733,0.40210604554573565,1
0.031757139015979194,0.16210522102548805,0.1100381805709208,0
0.04684947768967292,0.09257393934916218,0.05891062861506912,0
0.17714040621569122,0.16626453610428368,0.17508840846371534,1
0.0040743364937194625,0.043588158908679585,0.003444130891645958,0
0.21902478960019645,0.19842661421222563,0.13845846531374867,0
0.13976568819694096,0.18693005154036466,0.17172698265683375,0
0.03503089869056068,0.15978602295530686,0.060537825010809745,0
0.03172217501186333,0.080495020637395,0.04111005845338563,0
0.008596969104684708,0.04945719725087625,0.005292875945573863,0
0.0419737564638973,0.09106003177869725,0.0423798360284472,0
0.11138104910860347,0.15345045500595902,0.12341706447406224,0
0.2830335472007313,0.32842548568146696,0.15179451912755215,0
0.022885342286082782,0.15795177447142097,0.06124714747621002,0
0.024257435751654878,0.12226683490465194,0.03290044810896715,0
0.4783720426064526,0.29784925864942047,0.47815535330096187,0
0.49156026625485894,0.35970143338747984,0.12362166932593072,0
0.1289333448729652,0.18609870546682356,0.1502426194888139,0
0.2588656146665862,0.20742441436585346,0.20489685132358582,0
0.19372115684609026,0.19092137905521792,0.1634106760097743,0
0.16087917778213617,0.17968686182745033,0.19997245605801067,0
0.01418867306975219,0.09776604067609108,0.03351380808311367,0
0.12006348952818767,0.15955178651041568,0.11731118029300446,0
0.10881950678959054,0.14563391148575058,0.10937449300440992,0
0.5613221040414197,0.3102342928135428,0.5190426976720711,0
0.0023658913113435848,0.03788476586375711,0.0010061320536346085,0
0.01202011351107709,0.054343964785784946,0.018794498245318217,0
0.8274794292244376,0.6567281914575063,0.8692148568218074,1
2.5524866201457524e-05,0.03256672039730108,0.0005037973079889687,0
0.2714224642629966,0.21426285231178735,0.20692475890884204,1
0.056716358355155254,0.17309740462370007,0.16242009562753348,0
0.000766673985885661,0.12184436289047325,0.006443253009929646,0
0.007486963349110031,0.2074044858146906,0.023492560456388985,0
0.08762935486581054,0.14791392699592096,0.1034787082177553,0
0.032750707704281234,0.08446888527136888,0.01903037800332457,0
0.022876740172992353,0.12407096532938215,0.041211167195955446,0
0.045429806632487975,0.10426123559752114,0.08662176802011094,0
0.30832804468584074,0.2634869206783117,0.22910199002916753,0
0.09912594649128842,0.1366339114439092,0.06683574095198701,0
0.033968203424626905,0.08359607065056267,0.025759999743662568,0
0.9668131161364101,0.6775200421103543,0.9913289969740853,1
0.0250783529320031,0.270833771511761,0.06449126004149963,0
0.010963238361246653,0.06345754436354914,0.008389596746381586,0
0.029914216841116455,0.07529959493419407,0.036311124279569874,0
0.06997875216465838,0.1408605199863441,0.07934707513191934,0
0.04495793157703113,0.10440544480109916,0.04945803345285133,0
0.04827759895439031,0.07934365514423251,0.05311882359802916,0
0.3389685729364058,0.269207873789975,0.30111070414210084,0
0.8459287626761323,0.4895766221930655,0.950184844952188,1
0.13047904395794757,0.20438526967709136,0.1722107329144471,0
0.16787027317927145,0.24824099543099568,0.015223252135070205,0
0.03247311960454087,0.08366011666500076,0.04277639842320791,0
0.033892264276751766,0.067353359223163,0.02615430649862739,0
0.010401127088299156,0.06338238329408102,0.0069469599757758845,0
0.140503377032473,0.19398486925379782,0.16870399237329678,0
0.14209777207977675,0.1713839962391585,0.1507765643463989,0
0.035120082408109876,0.11944095916587466,0.07260759916260796,0
0.0023110796876142045,0.03606384713559154,0.00101630849512222,0
0.08751061745901861,0.15121930112641116,0.12421478160749946,0
0.0022737501597627783,0.039368613165594084,0.001606537607106987,0
0.0021079902298193074,0.1414896212899446,0.006138664318382568,0
0.1411698417152256,0.15845170780244427,0.15522377518993996,0
0.05703433715381574,0.10858118843295506,0.06599341938768886,0
0.208123429202368,0.1890725773555064,0.17791682709796297,0
0.07700411806221004,0.13856301083126865,0.11315889965960468,1
0.0210428516914424,0.06644053577021271,0.013165911825919216,0
0.011208534296443138,0.07382919391257521,0.010493501993677448,0
0.3343239412435167,0.23780245344081283,0.26253095421871725,1
0.0069880142094620725,0.041833569964363486,0.0055635216370373735,0
0.010863536993297132,0.05565109214290307,0.016611006145297383,0
0.06118895506924203,0.1694329482192099,0.1709969479347731,0
0.008676336501215558,0.05477089978261323,0.004616860797003066,0
0.00874215621002212,0.04659815305552143,0.007234565245588508,0
0.010077389819466287,0.07332527825406061,0.006719715553996928,0
0.0010489672413571951,0.04259297879004493,0.0006240642018666113,0
0.011510128209563215,0.08935604687773518,0.025951262594997283,0
0.04591045748592786,0.22262107236944426,0.002531681821372622,0
0.19242387640847647,0.18813961621577982,0.2407606934287428,0
0.003451651046857718,0.06489583789565283,0.0032611024964367135,0
0.3849111202402593,0.26317530685270657,0.27544564409611433,0
0.007196408121667303,0.04635498430826417,0.0070193058367293846,0
0.0024414535443826246,0.04254449570192784,0.0016166414989310478,0
0.08083680882001798,0.10313328170946842,0.09307690516216818,1
0.040174023953363835,0.16366502602002017,0.09779613303376102,0
0.08224763411010381,0.1613510241033841,0.13177597038627292,0
0.49688534970582726,0.41755086966027194,0.890900464221174,1
0.042582157098539575,0.08411921870540284,0.057412495805894005,0
0.17260933787556318,0.19605729842887967,0.2108605742667794,1
0.011179446899948205,0.09481429825558893,0.023447180149154284,0
0.01589742081941104,0.06098962135299424,0.02707575268502124,0
0.012421815472810963,0.07651367440235007,0.015394942831269303,0
0.7964347811232521,0.5253047340842736,0.9096793640135233,1
0.1820530381108812,0.1809138895993134,0.22568370635231877,0
0.021042244769090283,0.10297025225735468,0.0369554830061285,0
0.7250295317495693,0.5863417752296324,0.962703575680874,1
0.03519658424922674,0.15378237499616515,0.06490301508858798,1
0.6296854191104867,0.3835377976519153,0.6102191560369437,1
0.29234464935512383,0.4955009144484808,0.20104156837321643,0
0.6912071796490092,0.6263658303217268,0.8281192815864411,1
0.5362595728076629,0.425214526591327,0.9467347731491066,1
0.08006191747635356,0.10035458545532723,0.09404457582998932,0
0.04481744713305592,0.15683593086214526,0.12383146761815948,0
0.0781881403270476,0.1485870322714641,0.07484842358082881,1
0.10317618241433986,0.18630028873892795,0.11237391720074726,1
0.21244185828454207,0.19597661578144612,0.23127098952099234,0
0.5691951866558607,0.5115311742688442,0.5674962814204482,0
0.10704916115401394,0.1480643835629329,0.09830701033308925,0
0.7678052818786115,0.5877891088562739,0.8401376573748278,1
0.09052238034913074,0.14697266128845807,0.10398017525541173,1
0.1496114881654533,0.24409270874744007,0.0028038943919824815,0
0.006003012139865012,0.04175537922443156,0.0077447244934299875,0
0.23519931807155461,0.39003645291681766,0.13708088013387737,0
0.18205748657105286,0.17826636145932925,0.25017663675237767,1
0.2547769380178415,0.21002953545535005,0.19382783999313807,0
0.3006892508593988,0.22681588377119674,0.19856105453466608,1
0.0021910370589976235,0.04527935899429733,0.0017456972044354185,0
0.26880338607900034,0.21676552052481984,0.1639633799042501,1
0.05732079580372458,0.14486654816160044,0.1260871572778102,1
0.3432331540246201,0.22787975991031065,0.21908646040153443,0
0.008208724406688487,0.06084908080166132,0.006270204829055744,0
0.025331186635082523,0.06048244699331116,0.025054313714518578,0
0.03448180365837532,0.1571129583700558,0.05145064971525625,0
0.008578979918846898,0.06357967421959199,0.00374377422589882,0
0.024097967274610162,0.11726881526805885,0.025744045079562763,0
0.0022233782200242135,0.12502945774402935,0.005505874160741437,0
0.10397575964566075,0.16783009920303552,0.11970294632897446,1
0.7399969219273138,0.49168996720909586,0.6045724538098582,0
0.9597447547580966,0.6857838275929536,0.9929384744263844,1
0.010447517752684812,0.06141129912101567,0.006192314321872953,0
0.4178712974876228,0.2476442597466933,0.2546097251126216,0
0.01672893066748803,0.0629474526061359,0.020668216797940595,0
0.12298328148365456,0.17053944246862784,0.17436146786288687,0
0.002493546910433095,0.03834848765733453,0.002831160032892308,0
0.010327883485990997,0.07479290748267572,0.009224182296761625,0
0.012612229605040047,0.045512617439861194,0.007717536935089141,0
0.08184088458536463,0.15030476698349818,0.11924723965529856,0
0.01100456370061464,0.06676288617608428,0.006317496483025095,0
0.16307345702478054,0.1799951610353656,0.1582987388297796,0
0.11654717191821772,0.15252675339118166,0.1089025244725623,0
0.08603687539596706,0.15228573335074855,0.07102011235930308,0
0.8553328646821482,0.41487634417530234,0.5517226925625555,1
0.7379897713288825,0.4613528269036166,0.9386107951708336,1
0.034943071738491045,0.1577069817392994,0.06877905970448914,0
0.12764177976885013,0.15184962395302906,0.12132489138982494,0
0.013570281960044199,0.10659140459847252,0.03466620260921564,0
5.362656144822102e-05,0.03533547617234415,0.0006524432185719368,0
0.31814038886052703,0.22054951909846285,0.2377265142738027,0
0.804091742853002,0.4098002952947503,0.5607074442923419,0
0.04328525781418827,0.15293379341056096,0.05996718714158383,0
0.2800605186039786,0.2300393712130678,0.2577136783928864,1
0.9370519455535148,0.6242586305377972,0.9900292907911884,1
0.03210320153595795,0.0965493751365938,0.05178674699669073,0
0.010489788297617791,0.06835376228824978,0.009675749170607598,0
0.0033365182198678727,0.12472585478829355,0.005024592741699374,0
0.8547837457640151,0.7006016063647117,0.8690650962917664,1
0.006320097400084805,0.1956706779125647,0.03137366178694544,0
0.049521229495213946,0.10428040166233478,0.0740544175792593,0
0.4098474001825577,0.2571790466601578,0.4041824435419002,1
0.1797950927922052,0.20410919036323175,0.20447115415309747,0
0.018796840406718567,0.0952450424824139,0.033981931207617146,0
0.37041533545167804,0.2080764846932044,0.21836596706125108,0
0.12032283619101208,0.14795149052424764,0.1048738328628604,1
0.056466419239097065,0.11123682250356459,0.06754793086511826,0
0.28401570300372836,0.31531614240244443,0.08487005741992637,0
0.03613128640057338,0.0884714209707712,0.050738563521144496,0
0.34413653801596583,0.23331227619463657,0.30003595630501645,1
0.024748995593677214,0.12562702744330573,0.05000496804683166,0
0.9355040532439343,0.6124017002209291,0.9924929588206745,1
0.06822832421081444,0.15807402872567142,0.14868277762864238,0
0.9882531886233626,0.7328584496045693,0.9966487001441917,1
0.33419534077806234,0.21495385002746095,0.24524793265068778,0
0.186697455217371,0.20940103116137357,0.16495106815759566,0
0.012167111892959423,0.05588373195137286,0.017086832227436916,0
0.007452941344501066,0.06631801732891493,0.00581750735676676,0
0.7607215435920487,0.5995415513315479,0.9703279430059253,0
0.06454790837269801,0.134088669094136,0.06899707987471247,0
0.08632673473453366,0.15504021404150123,0.0932818394521341,0
0.009067509378924851,0.18828339793913376,0.01563519740337046,0
0.2073783216244738,0.19853578140936218,0.2095317341136476,1
0.04619290656167969,0.15697024325669517,0.08837683180052827,0
0.023808676778242045,0.05633569525287247,0.03492147641787728,0
0.032391214067653024,0.1412774971027048,0.05986864066156118,0
0.0986090187780104,0.16186694119836825,0.1286701065390229,0
0.144018728746769,0.1788126018487591,0.14686570717210748,0
0.1551502481461303,0.1991607694422512,0.19486876448574836,0
0.14819594157181357,0.17802064309212662,0.16829751684846012,0
0.9897391664708678,0.7292151244536474,0.9954405324407702,1
0.09765081219552088,0.18439154459471285,0.17502572541021516,1
0.0046899400974185525,0.16350885179364597,0.006118523675377379,0
0.4337617977265715,0.27795404845858906,0.42309074745970526,0
0.005278338155747736,0.16993707760729707,0.005838036634289524,0
0.02817905628416644,0.13230707363542954,0.06224663015689106,0
0.04768430536275629,0.09165200868625915,0.04651027030186729,0
0.09490757355502942,0.14118893818362582,0.13253920382505913,0
0.3899773761879791,0.2539638106734595,0.22471211446097952,1
0.0007089187258837907,0.05619045883860544,0.002094864859206574,0
0.047803688708548196,0.10036061064064192,0.051666326792879316,0
0.027287385469379977,0.0806308323307403,0.03720294765184382,0
0.015835750467885813,0.23521673997466427,0.054554992706503797,0
0.010601007611243466,0.04364067684011773,0.007094709577184546,0
0.19015854117156594,0.17834031032654163,0.16171393195535022,1
0.019792514927339,0.10953312499382231,0.02672956117069232,0
0.10250474452130796,0.13223743340220467,0.097972830334464,0
0.6100016648272029,0.36756096724334064,0.5516215225550128,0
0.014602698675296224,0.08940639783656436,0.019183046005087495,0
0.001075342453696081,0.0679508916699148,0.005105673821810824,0
0.008393716094256707,0.17769962811553283,0.015552175029152304,0
0.00797505612553835,0.05767609745767765,0.005274814038477175,0
0.0005012559516843,0.08999062289990346,0.008386586930572412,0
0.7872955900593639,0.621160872244922,0.6996928602013811,1
0.4370611968481082,0.37024668263872135,0.11583518513807164,0
0.14826225124964773,0.16926267492635574,0.1472130442837044,0
0.9633974418485386,0.648049141147462,0.9973841709994795,1
0.7270918966298852,0.5789827435216967,0.9177038445730679,1
0.01867974678736956,0.08129820121428945,0.02744132310174031,0
0.1636083804275861,0.17373456493675177,0.14429342523300517,0
0.03438371969351845,0.10317081052342839,0.04785959140662538,0
0.03745789292312217,0.13602777473424615,0.15067184979237078,0
0.18854310684438252,0.24348181947349545,0.26251184637964015,0
0.11848067170684919,0.1704866576475255,0.1460579227888986,1
0.00251256310122423,0.04217718270726567,0.002652729600951238,0
0.03488376181880051,0.0917373411901521,0.04323226697335893,0
0.022518123001786745,0.11380285342411355,0.03146663281677184,0
0.02411263113104984,0.0750446022400783,0.03536443752077536,0
0.24655904482947957,0.2125333521388015,0.1758384147529304,0
0.44529358162849775,0.30392715154881816,0.02248822551473883,0
0.007699615379215608,0.054970149257007266,0.0073113349465305025,0
0.3289483832834166,0.22819827567680126,0.2506577572026552,0
0.010512263077121201,0.060243578124100264,0.006595039968254135,0
0.06887318838587138,0.13309940397376568,0.08344096331865339,0
0.07916322311316902,0.12353175999093922,0.08213419755795967,1
0.11505007116069985,0.16368099844458828,0.1797134204623245,0
0.08726797761312982,0.18517841536445748,0.09238729608811506,0
0.11864130770364295,0.17456856262697837,0.14461957666551387,0
0.0005792131081232523,0.09354164437925139,0.004627993808116081,0
0.15218455343861106,0.16753097530953198,0.13009146795829402,0
0.17243867474070335,0.17808175724887246,0.1874859235667635,0
0.06826325289626942,0.153984241424601,0.0790362000472907,0
0.0032960174348468183,0.0589638895890437,0.002912004216736699,0
0.054326171543614465,0.14622105811564878,0.06872262315307684,0
0.08241005954682377,0.13354419709495524,0.07745366882132039,0
0.06198051335207168,0.13158337242070314,0.08193684263798226,0
0.009498892024147266,0.23106686611591237,0.02541657820327717,0
0.05072642546127973,0.16381159900702782,0.1429271677039029,1
0.014194632403354413,0.08329310692561706,0.03046896174865065,0
0.04081840270701692,0.08420390392500389,0.042528055093691126,0
0.01299483982178615,0.07288695627712558,0.006545830427423455,0
0.9832131211299012,0.7133779885784782,0.9977250705267084,1
0.31752559111186135,0.23407415537342566,0.2308025835997614,1
0.0089373907083231,0.04733130954919468,0.008747603892748495,0
0.07592458934682177,0.16254732102360597,0.08620094745435324,0
0.07519906618837403,0.13606599361059157,0.08590283489851455,0
0.09893798296415328,0.180053879353765,0.09330176039834405,0
0.011784292078520423,0.05757783132645093,0.006228180204879634,0
0.04280826705254115,0.15096554544685517,0.06910289974680799,0
0.010447185555218268,0.06174575534804067,0.006149858326628064,0
0.002164040898613823,0.13227044046092626,0.0132762269938333,0
0.06870971440881955,0.11323269296560214,0.10148970205859631,0
0.24721874266523167,0.20943263979881263,0.19164732903899234,0
0.017527499486246118,0.0626355071675365,0.015127530456429339,0
0.3478183307502282,0.2627253893535196,0.2610380746568875,0
0.2721304580524359,0.18964594391390155,0.20812203013542585,0
0.3937624623002152,0.23514931616277662,0.26684067617677915,1
0.07442876714326487,0.14555749581685853,0.11182209927855401,1
0.585397932760554,0.39499270379885587,0.5865689374673273,1
0.06903464199374829,0.15055044087517114,0.09220719571616401,0
0.46771464260297696,0.2599854190612012,0.3678567955162057,0
0.15297426452208593,0.16791048817314613,0.1565130430384998,0
0.002785539933157471,0.05093712976916211,0.0028456356890805942,0
0.027460498692480666,0.1387460965731469,0.04444285220820718,0
0.053772490733575824,0.10945689328783519,0.06745137571264884,0
0.04441571932261965,0.10097992869142818,0.03219014659819511,0
0.030767971499657758,0.1530104701320735,0.0913299540746445,0
0.17004248860153773,0.17473410164974545,0.20233516348979724,0
0.020035534251291735,0.06891457725148697,0.028395836105514567,0
0.00354252875420502,0.0457728916398832,0.001146623399997682,0
0.3043700716340595,0.24124593750464546,0.2415411000657186,1
0.003083734923361282,0.03989112406880078,0.0025087907748748395,0
0.007591280944070441,0.04905626133559642,0.0035272560700046487,0
0.3521680487961633,0.2635317850524634,0.27592500935491004,0
0.007282051810395474,0.20049169869966663,0.017094133566074685,0
0.2901361989022115,0.21367806101708808,0.24073072598986153,1
0.010042475421194711,0.09904501032228835,0.018707624748236874,0
0.15529977189164026,0.16445018922307236,0.12117810549093536,0
0.2301510772964372,0.18193385455494476,0.1715885054422889,0
0.03295704133398823,0.07890051484794804,0.04219990818412128,0
0.23996843691506628,0.21805538263097055,0.21735184840172836,0
0.2390727279023949,0.22147779825646144,0.20989493582261787,0
0.060449263987827406,0.10918764862870306,0.09881446276321909,0
0.9859859863964029,0.6948782335617093,0.9967118223849142,1
0.9901375050530491,0.7100550520554715,0.9983732839368069,1
0.25945818056666065,0.20367441375298834,0.2265283628720215,0
0.028984207864388458,0.1292713628576841,0.06798749876367247,0
0.15292806367552858,0.17593412783553367,0.15156863320984024,0
0.0008828368526420465,0.12394007593033515,0.009476356991264744,0
0.22752476388944418,0.40842557587078154,0.09456546110729751,0
0.03186854900388973,0.06800246856260568,0.028585946735216694,0
0.16663599299953505,0.17376634073442992,0.16924642858108316,0
0.16200845070567313,0.2001086702457646,0.14337395791444899,0
0.008777280470480837,0.19824547484252353,0.05054717782967746,0
0.011385823246049375,0.048154402993448794,0.006161690565070013,0
0.3513927401223109,0.21845213800902746,0.24241696311096783,0
0.17675080521417863,0.18712215701000431,0.1509485875277908,1
0.04337050227264127,0.13543202336221444,0.11988094239521817,0
0.010967579979356145,0.05773300361500008,0.006371684797822757,0
0.16822493980294556,0.20989967946854954,0.19215279281951006,0
0.17097583547736694,0.1802806495479492,0.15240404640322203,0
0.01702189968608334,0.0616655119912183,0.014904103817104747,0
0.003603615430221207,0.04678930518861718,0.003306714622628579,0
0.05296660963653224,0.11823526374422598,0.07085900468788396,0
0.07717080644325315,0.13634874034581448,0.13104192820188493,0
0.23232903072988723,0.22233167314690833,0.15639290728032712,1
0.16933005263318504,0.2194568409815975,0.22645024698336455,0
0.9012253724873042,0.5351715888842874,0.9808873193488638,1
0.0056866151977749335,0.2004948172385797,0.02272193094867893,0
0.9183151017061968,0.5885411659478756,0.9790887213715499,1
0.053135490666005564,0.08002596256562405,0.0611196968162133,0
0.17786407977438692,0.2067440478275865,0.24953221930426986,0
0.3604826023091757,0.2241326749084576,0.21906906671308488,0
0.28292030334086893,0.23923521788116758,0.24384485721813481,0
0.021531742903554373,0.13094451499749635,0.05365553400593328,0
0.022076387754218052,0.07245104590381725,0.0424742405280591,0
0.053529391505545636,0.16247363722211589,0.0995868606310906,0
0.025792728830204757,0.07180161212545166,0.025761421530271993,0
0.0570108210197255,0.08617732590363186,0.05347439332455001,0
0.0017493321107623395,0.11640333895849075,0.006056197872099275,0
0.16415207649575364,0.19431100207646465,0.25518349541221674,0
0.14639998695191747,0.1902082797586652,0.1482214261400021,0
0.9442281654349151,0.6511752375703199,0.9907332447874451,1
0.12311131794777103,0.15061056958050364,0.15183019914644982,1
0.23469045543016911,0.20499819570717126,0.23836432045328798,0
0.019105831899251646,0.08483823981305161,0.02933427537811146,0
0.05420825004651515,0.12340477662798817,0.11764043159556793,0
0.40197407197924334,0.24567615819430322,0.27426346309853816,1
0.33325059619130665,0.2853163137905259,0.07264595704195023,0
0.3378176914645693,0.2419269153192968,0.206973071287455,0
0.06599034372837202,0.12384152408852193,0.10095762442174426,1
0.1802875938655754,0.1952354079011201,0.19843352044221133,0
0.2635508821584163,0.1919823157895133,0.17966906679714745,1
0.00488123029486815,0.16974943135933018,0.008759725524083052,0
0.004823750907855004,0.17434359160820126,0.01166509967347327,0
0.0006373748857606118,0.11246258795269655,0.0065344322216977805,0
0.001062807035734117,0.03938646586584228,0.0008681437262568658,0
0.0011361234227046245,0.07115629676395888,0.002687690832973338,0
0.21050615862330196,0.1864377312222477,0.16178650438210956,0
0.38487633459757453,0.26611307980454235,0.2601582631550784,1
0.14085049840593222,0.17848566394782972,0.20051112637853744,0
0.9367332512173472,0.6246061657556479,0.9944832498145857,1
0.4021917557467734,0.33672973963867264,0.19723881336753732,0
0.3160417312703572,0.2169076070980313,0.19538763388158142,1
0.013247981459498103,0.08637239543379503,0.021821739133041602,0
0.13094523210623868,0.16846342040727658,0.13622421429497447,0
0.9589716167963628,0.6840325773239148,0.9970353274105928,1
0.17815177131911974,0.182791682911626,0.17863256453255533,1
0.023515699911564485,0.10371898545230564,0.04289876741136272,0
0.14032115192796007,0.16300007233743627,0.13132883205223198,1
0.08000753058869547,0.12407428681856832,0.09114192247317841,0
0.5017353949998318,0.25977759991790356,0.30076541800856205,1
0.23079720026882566,0.21252999190164582,0.19219782948731082,0
0.1969031208068228,0.1793159525527714,0.16189598100313793,0
0.06674166470272813,0.11717291129695477,0.0949160880080552,0
0.0031224150053911293,0.04442517715081253,0.0028387428385571616,0
0.2538746441461574,0.19443528842508442,0.22790576716108876,0
0.020631957994596377,0.08629410379746609,0.024275124195821764,1
0.5853095307151938,0.34774463560061136,0.052160693002003426,0
0.10310018400763132,0.1576485954098352,0.12601447369802707,0
0.0005536893686463837,0.09797116723507722,0.010808084734260478,0
0.12451598387433097,0.1560062441917139,0.14033470850038454,0
0.009326958313986757,0.20199887817598516,0.00804656938456838,0
0.07830963132120178,0.130760705302002,0.11122615015041538,1
0.0063992181482242635,0.04165503037122147,0.007021495854116789,0
0.20476097690834094,0.2048960557266351,0.22301744577446656,0
0.012365941944872458,0.044641422744351636,0.006710327310769744,0
0.990256629931786,0.7259570109371664,0.9956508423790376,1
0.05084120747011693,0.10597772167290527,0.059431895464440644,0
0.08149209173718426,0.14939009209059956,0.09466858006837099,0
0.018227438716762325,0.09493794879173925,0.04516514249459977,0
0.09552427991341397,0.1712777244034147,0.09674337449559736,0
0.4564049824901869,0.28163683752373114,0.33345103224998324,0
0.16288273087273078,0.1568609868749744,0.18769448102998923,1
0.004199350085814498,0.05199850529928358,0.0034992041322195245,0
0.19849841330608373,0.19319525733270365,0.2651190130763862,0
0.07967508796213564,0.13237681052204348,0.08112193364729954,0
0.9802982293708854,0.7169437386624221,0.9983378705554464,1
0.2936183872240699,0.4290614034318582,0.24196678646557307,0
0.20177153582000845,0.1940479833884593,0.16733821104608976,0
0.013094645746481816,0.07982703414637207,0.02383086137544549,0
0.010516935705061042,0.05998690981289591,0.00647525171475208,0
0.09986943954258384,0.1469620890185941,0.12104124190000654,0
0.16758085896030225,0.17368246386359795,0.11752980102737867,0
0.02455878500488738,0.10944890364236295,0.03318188651284152,0
0.06644972866268656,0.12736962634307497,0.10184583983131554,0
0.9457145488279066,0.6516559618411869,0.9898288467375803,1
0.6649406267882961,0.3933954246894671,0.5667790144773773,1
0.0357457635966974,0.08651585052025475,0.024748235857414064,0
0.1647071117012989,0.18937697802932874,0.2210977540936404,0
0.0015083207183673117,0.10902599170497435,0.011291311408279412,0
0.07700183834871348,0.1409650677084708,0.0764844751270668,0
0.009277429272754035,0.04908222820353974,0.007155597109672078,0
0.2008725014266755,0.22013710349207177,0.2259277657754995,0
0.24555018513473054,0.22250391823289387,0.24872990539015113,0
0.8657228741806972,0.6183357671238243,0.9649842365988852,1
0.8954612561505793,0.5735060447496902,0.9807799403360066,1
0.05159964153061961,0.19773739615569988,0.13817915973706205,0
0.03373301811817499,0.11553970623390399,0.059791958688414665,0
0.2830625542767017,0.23192946426104283,0.21041678229385727,0
0.11014854613643645,0.14288834805575007,0.1194831249146954,0
0.14632877036874659,0.1638120318649244,0.1462091131532439,0
0.03888757031108285,0.1584076743182866,0.088685907691767,0
0.08316303937302676,0.12946570643195274,0.0793184671515608,0
0.04568275160916953,0.13609310014737758,0.07172761403991458,0
0.25267051343195585,0.21704779043025554,0.22811916539003785,0
0.005928544405143982,0.05533712095631903,0.0073010833066337105,0
0.09907688495156627,0.14847946215686425,0.12180923245712254,0
0.02392514823743974,0.067423590360433,0.03716694024856974,0
0.006245017214609682,0.1972942423733987,0.012383482448845252,0
0.7707229642212257,0.5752782528391006,0.9587116432803015,1
0.11267266297040535,0.14748001321832185,0.11432681070777626,1
0.29369660099737954,0.21719326852299217,0.19138951645424912,0
0.6152754964146934,0.5128142157221964,0.6275683682703368,1
0.028793920885106152,0.0589899802355818,0.024434553387847637,0
0.004930629010405912,0.1880721679102448,0.011545660478208916,0
0.010424371016719211,0.056225541535564603,0.008994875476808842,0
0.17437369952404672,0.17375045450958132,0.1658117717159968,0
0.8634603043760687,0.5844927931580605,0.9796674095448568,1
0.013333514843740344,0.07122309651695777,0.017994471497805697,0
0.021107722223610757,0.10175085143689196,0.03606349650352473,0
0.009429620232379574,0.061991946261201976,0.004583150320316032,0
0.03836373081836468,0.07773477118103077,0.037582003552464736,0
0.8758411001652353,0.6651703154389907,0.9367483261259392,1
0.1546459812351543,0.18925985805149917,0.20917095544653813,0
0.03040679596100178,0.10473152597380123,0.043821619087086226,0
0.74192512787363,0.5909901574623817,0.8443006091566349,0
0.0009638140661078835,0.13806663322601673,0.01228665672658138,0
0.8282662435215922,0.611228341034887,0.9138477474651799,1
0.04514987374569425,0.08137490699805205,0.046012294408827384,0
0.13223142087035772,0.15917555997423155,0.15132737280099368,0
0.019623563330160392,0.11124510623416219,0.029135504212644835,0
0.04688942427094465,0.09389942335545907,0.040551726818076346,0
0.07893110742375328,0.1547564219008522,0.19264777945193753,0
0.036053897961845015,0.06534055715994593,0.022308563396271075,0
0.16681414203910935,0.19180452308484638,0.20007644533416327,0
0.04371134054185069,0.10659260010661585,0.06721234483067018,0
0.04393299599626035,0.10292399961996304,0.06180557535961548,0
0.02323275259646289,0.09336398061957406,0.046841894290385176,1
0.00260196585229221,0.04868245453095972,0.0022494624085356127,0
0.8318487250120956,0.4769344115346855,0.9075640295981763,1
0.920171811328337,0.6639322349395325,0.967278501744065,1
0.237012321397409,0.20980564045415517,0.17270168604619665,0
0.2486490711665919,0.23376286413765857,0.19826523142371535,0
0.8958190974736736,0.6053299437776348,0.9888507400719474,1
0.040629965082008515,0.15260646324376148,0.06304077570438599,0
0.010249130940068761,0.21723109994821574,0.09381399840700294,0
0.013469616018111568,0.10712919889979285,0.02321723070748007,0
0.3182089427297227,0.23304589724274952,0.2326331821442103,0
0.22118679768397287,0.19700506508855492,0.21376020917932806,0
0.07486638657956107,0.12126343938029248,0.10253018288198087,0
0.0029803872941146993,0.14569737055782286,0.020321971182909765,0
0.5839396287430219,0.2880249513366328,0.4859756318980185,0
0.09607665574476286,0.12990919510691673,0.10496323848442057,0
0.0013944507549095051,0.07751349380678063,0.002608502035717017,0
0.1697248796468264,0.1883748123197147,0.18013364207426127,1
0.31980672329450505,0.2070357744436993,0.19285791278458553,0
0.01153932449948033,0.08311939550672479,0.017758228526498894,0
0.02853321767619384,0.059037787042697645,0.020731875380199653,0
0.11187986281709782,0.16192216527599135,0.11661782804716124,0
0.9537756568136672,0.6255004499899451,0.992711214545591,1
0.15467064543236717,0.18029976042559226,0.16776457195321495,0
0.021933900575205764,0.12356211732610879,0.03720805807496006,0
0.18578256527455553,0.17876069060878597,0.2215679975848873,0
0.4541774211165246,0.28958897972712644,0.3235965462847266,0
0.04176385285308065,0.08259343303331179,0.04716922627359113,0
0.2801697768909994,0.22909166010033052,0.1881940173525278,0
0.008964097560676789,0.049755362354795725,0.0056695086429733275,0
0.8331074756479268,0.42353186748576915,0.5719218856412546,1
0.05069576801047494,0.1857257669281188,0.17524103130034663,0
0.07313219782164332,0.10727644911699671,0.06077367585134543,0
0.6104951422544931,0.5874492974954918,0.631119030830346,1
0.013039399090913461,0.08949083067294723,0.013421616015176765,0
0.12656691944539655,0.20006528049836544,0.20577644021663594,0
0.5140172507740975,0.28207878585103885,0.30189312447367544,0
0.0003980356922502752,0.0761031164005533,0.003963235182118856,0
0.3636388872162614,0.24705558643150263,0.31801530989751675,0
0.0003056086687366324,0.056876381308262336,0.0032594205036777374,0
0.04347398914250581,0.11377497297249513,0.061844922481864205,0
0.9836219742495321,0.7095809637670203,0.9964177688108123,1
0.12869890688324587,0.17969791221624534,0.1605846335982881,0
0.8971909701857094,0.6266902648476097,0.983883995419796,1
0.0013593887961942921,0.03695871897582813,0.0005536812167630082,0
0.08463528134476082,0.133688927098263,0.08867445804674853,0
0.21731800465094647,0.18769931333616824,0.14657257090258907,1
0.25538718660500903,0.179834170537137,0.17002479931080844,1
0.03227535432118902,0.08511571200910036,0.04821624928904654,0
0.1879275282192897,0.19539758515774117,0.16674089622453456,0
0.03661776770652425,0.13754927190988153,0.08350304914442876,0
0.26132324220607656,0.20748585064145786,0.2579925817189783,0
0.7987003324871985,0.48371002070287256,0.9726621830690098,1
0.006914006661954099,0.05364553461470477,0.003007046468605038,0
0.029139931197270815,0.06842357905024875,0.02079749442483917,0
0.1253054603734176,0.17392921719597954,0.168969083111135,0
0.30784793306453856,0.2051145383382117,0.2194665001650243,0
0.03845810342091945,0.13460675805564623,0.0840256884890978,0
0.10481032950073625,0.15006125124974978,0.12439275853372421,0
0.24967090267218808,0.19607672819331146,0.23826604933194626,0
0.013529526263618872,0.08764448655650145,0.026538412375884498,0
0.07687592985504345,0.16861769832357126,0.11053382279483691,0
0.14470998936997792,0.18297345681775684,0.17298203542865043,0
0.03444325883548472,0.12809362324624685,0.11656104511354433,0
0.014511721820063411,0.08049067976855072,0.015541675512551957,0
0.006070689157361903,0.05986371537425435,0.0026431026685291583,0
0.036596971262482174,0.08453208141863139,0.033340991822361915,0
0.0575184665898519,0.10837106036592051,0.08848380698496511,0
0.09705365626979942,0.16616067336462384,0.0954105483801529,0
0.06938735248214593,0.15907904023511382,0.11840671948093366,0
0.03708427904722457,0.0670509064954211,0.022747115442471422,0
0.9764256869714419,0.7005938216966463,0.9962346577287073,1
0.499990122170482,0.3037792779077644,0.3616866938917792,1
0.8579160712432005,0.515796432445159,0.9581209231543907,1
0.06893774115522205,0.15686591870626226,0.1329460444607298,0
0.2569338319569576,0.21179205059134848,0.21585964531052396,1
0.032082663507114355,0.06572108080979722,0.025481726725523013,0
0.007576230088298044,0.06107269176402133,0.004799013623601904,0
0.037042888679827204,0.09676026787350892,0.05673939754051906,1
0.299733222604764,0.2603347706696347,0.2508234248290869,0
0.010641780556612312,0.044306592341143834,0.011298737441617569,0
0.03346326784975009,0.13733546517122353,0.07484516787680008,0
0.1421432803289837,0.1880160752237002,0.14700959417707932,1
0.01911488544684941,0.057380682668301194,0.04305703942028351,0
0.08589129566024073,0.12059086621685841,0.07445780419657087,0
0.03642444005608309,0.17226635878363566,0.08508722388102184,0
0.0419204408632381,0.10765371658442968,0.056222217355695374,0
0.29457410768733067,0.2367173275239071,0.19340783874967463,0
0.30098756330113463,0.21634955742992046,0.21011830589572733,0
0.26249123742310815,0.22100077557056547,0.19701032366410476,0
0.0028584147025467574,0.04206452573003767,0.001869537724390761,0
0.29337463753562226,0.20600682390735425,0.2130089676142995,1
0.14174884125240556,0.19816049434225905,0.25170193265120977,1
0.11829813578358588,0.17129758834198303,0.1256015924801081,0
0.32879500769873715,0.2208778316118191,0.22781943652938894,1
0.24498431481313374,0.22413467662468592,0.23452018655039447,1
0.1707673883974512,0.19751530508239,0.15438866335383797,0
0.4219833152855786,0.3207280004580858,0.2233494628753594,1
0.2003542206855585,0.19189448923095676,0.2642840214778656,0
0.03212901986520773,0.14214593327998085,0.06520698260620085,0
0.010543763654662553,0.204359921670855,0.046566613441019325,0
0.032084323968847424,0.06514240383084703,0.021548655514550166,0
0.23742327060178897,0.2073722648405491,0.2158655082786445,0
0.17093738823757573,0.17564754555377318,0.1523417134297396,0
0.23458944650003574,0.18249158358036718,0.24214143778892594,0
0.08739049883384972,0.1375815977170105,0.11177449894833526,0
0.05129168401146701,0.11814290912583549,0.07388755589575038,0
0.026223942122983863,0.12717046910431323,0.05233691345471028,0
0.15331231858885327,0.17633820582660206,0.18723047237587276,0
0.18992255791170684,0.20906462633477899,0.25005194382361706,0
0.12053073905942603,0.17275820304391,0.14819421207027103,0
0.0700223812320604,0.09766594965245806,0.063883394958504,0
0.12379130461633994,0.1692640930356141,0.11540332850217548,0
0.04180005383851963,0.1586167420695412,0.09079752410067944,0
0.053087579775764,0.12473730267040911,0.0663900242126924,0
0.06573435098981371,0.12136908666613547,0.07194419975369419,0
0.3264644755385256,0.23750797321345804,0.23486147941512422,1
0.9671927738451801,0.6892237754621966,0.9955968486238209,1
0.024467872532667856,0.11860875567047419,0.042630320052748166,0
0.008373303321893556,0.041820382024541226,0.007406703630862859,0
0.6510236754603516,0.5683489058234718,0.6030348681339809,1
0.0060323474547882856,0.04534980125131165,0.004064736840707166,0
0.08556026873364807,0.12763060531679832,0.10625773191134005,0
0.03194008495253515,0.12657766618721136,0.06402120149090768,0
0.13599963226761377,0.2037026550644201,0.13219806183685878,0
0.915012762616753,0.6122487720884506,0.9811750098110187,1
0.027998463338485807,0.12758685181435592,0.15887332964468814,0
0.126479099119953,0.24436785603215394,0.01107462504759735,0
0.8943812844995599,0.672020696890239,0.9390523769545382,1
0.10978144603756203,0.14809322714753523,0.12317758816771396,0
0.13029117818865438,0.17520365952592337,0.11993055626466809,0
0.029729831179090126,0.12564286113658538,0.055825248230401935,0
0.1858632718992834,0.2078327795788435,0.23434506079067036,1
0.0017801175259578024,0.12821666318183253,0.009511066806226523,0
0.11993528492136588,0.1485431204545671,0.1341496597289742,0
0.0007655065749959105,0.05227032697411884,0.003958079686314788,0
0.07927699871339876,0.18515924302633244,0.10022841255093168,0
0.07787807924030928,0.15658673608837317,0.08905787118995911,0
0.03477417309659162,0.10521033673546404,0.04353217188412314,0
0.007512115142530929,0.057786236642041466,0.014165950046336473,0
0.008609787806167377,0.06842247186219295,0.006064938838071914,0
0.16188302905766913,0.18463104897188218,0.19426959734344942,1
0.009562167998757327,0.06378300207095117,0.0079932930339055,0
0.00815995042747491,0.17330950698372413,0.019450798259312677,0
0.16211177267597063,0.2035517770388733,0.13928610592682564,0
0.981043759698096,0.6850421135199738,0.9965317391329853,1
0.5071517323991384,0.27057850522346427,0.3653314511861933,1
0.012567126340325254,0.0541299949814497,0.007346055176773738,0
0.9165789403434783,0.6235201238930361,0.9898371305801739,1
0.0028597810685633473,0.050942706757955904,0.0023353783225615707,0
0.00035110457469102375,0.06803175232150235,0.0019319584354491996,0
0.1267413277936292,0.17197310928317333,0.1392339562635275,0
0.10082093850299313,0.13054080758066056,0.0837062235625896,0
0.3716095998390288,0.24680488859710495,0.2145913499061504,0
0.3941620894356224,0.23151123720305358,0.2572582019293798,0
0.23525244885772958,0.21081223403326624,0.21739267253569,0
0.19006519740666744,0.19037242778819477,0.18850515690106995,1
0.020724354528850714,0.07786492405871832,0.030336990027787683,0
0.009161050604469324,0.05007573393682043,0.005999909517180408,0
0.0023868830367197373,0.03764593838001695,0.0009198284610077642,0
0.2495986219901659,0.21289293239167678,0.2954624664154253,0
0.06197528919846392,0.12558672613882588,0.08425709926145518,0
0.08192663376212932,0.12772035593906778,0.08649686479673126,0
0.018877577872821506,0.1040105881230064,0.047231870011163135,0
0.020901595405860927,0.06612858072377259,0.0219766597764539,0
0.013016823949873444,0.057877357555299595,0.013148571385531039,0
0.00029118178307600866,0.046480046793866664,0.001554296942566141,0
0.4005571529357277,0.22298645881880985,0.23266290214346974,0
0.04261646008203261,0.0889186046538613,0.027663413139764604,0
0.02948301347933177,0.06242388819948778,0.026570615536058585,0
0.018744084408365565,0.10583008719704969,0.023619178796669547,0
0.7053486088222711,0.5490261894083163,0.7883467390884036,1
0.3100132206045217,0.2303248311382689,0.2343181347953874,1
0.2748570765780039,0.2213503683373053,0.2523395382441616,1
0.14251219789544997,0.17385431922256805,0.15857891238955155,0
0.05363215696715149,0.17895973913781804,0.10453612017711122,0
0.09085955252920969,0.16597093752871037,0.10654040481569729,0
0.07608857702467711,0.14456844238332447,0.08833169275193066,0
0.24651220327337311,0.21537941025810467,0.21455460106292257,0
0.024214025710721704,0.06574189644157356,0.01853141647578621,0
0.021154850015709815,0.13134257218080037,0.027025810464366404,1
0.07531203594464947,0.14341042533896553,0.06129728632271075,0
0.02300693782657222,0.12432310822399598,0.05454856434541557,0
0.3604813957980176,0.2389989331205704,0.2740390493735142,0
0.0364047385644242,0.16416605810960605,0.151973338803275,0
0.004823670390183706,0.0469529141014817,0.002969132203095437,0
0.15096941779216178,0.20427175842521927,0.13697932336878732,1
0.5166350978423672,0.28259655275121887,0.4660857842198011,1
0.007953860288587815,0.1882413477253098,0.005221004252335218,0
0.015925219999509837,0.05133488398031026,0.01373553707830176,0
0.01771375678964742,0.07935838906740579,0.02003518732144336,0
0.4950214411917328,0.25917117558191816,0.32611741074155853,0
0.1472603044407256,0.16245980505660304,0.14311235815381834,0
0.9043423285609656,0.6325139718474783,0.9905899665557073,1
0.04213405906751157,0.16005860832984636,0.10138668624164059,0
0.01960477722226164,0.09275192706775097,0.02339258036666751,0
0.0898653580791693,0.15829822808072563,0.1348249999562461,0
0.00792309605669243,0.06505989969907293,0.004224090548096146,0
0.20646154709430276,0.2665808026453492,0.003832406423013966,0
0.14882558962194525,0.17883878953271284,0.17866169774605561,0
0.15090922475552906,0.18283521746008413,0.15146764717959058,0
0.024460262985385665,0.13335725750681499,0.038404144200993605,0
0.12702037841582023,0.15442539369264724,0.13449641528179826,0
0.04377993278672474,0.09870702915914394,0.04098893533639826,0
0.0032197830770230996,0.04659588719213986,0.0033543838808255746,0
0.13988762639003013,0.19234762582921333,0.20561171384043775,0
0.14265788907105828,0.16912012186990197,0.17221491427071872,0
0.6451828000732104,0.40145371634844457,0.5719366655569218,1
0.3707011385021273,0.26456445609749624,0.29592341632246205,0
0.12337078871167796,0.1838700487386439,0.11402095169554244,0
0.914419642275169,0.5892311000496944,0.9820188854410914,1
0.2760064955034307,0.23713414543093864,0.21860562009101495,0
0.04428824803712659,0.1550170411029572,0.10587560938422515,1
0.12671410296216243,0.1660247498697433,0.14054815273574028,0
0.05426675928734588,0.09372034136212644,0.05127271734486431,0
0.012410733219626283,0.05929190236350169,0.006923288492179163,0
0.0006302862888102277,0.09983645104634449,0.00860303291478853,0
0.19908836573122088,0.23637788019799966,0.013866308195671336,0
0.19287922880736394,0.20888237774028026,0.18993121905237864,0
0.01489367992480918,0.08955493778169928,0.0063941270488664355,0
0.0962651902421233,0.14060447633905357,0.08301562726434061,0
0.14399444676087855,0.17644062468099703,0.1810979114492806,1
0.0007323761070607594,0.056805430258393574,0.00408646430338966,0
0.12798833951838207,0.15977146641873896,0.13388879862807465,0
0.22006872866368668,0.21983948059361588,0.22094426539295325,0
0.03672885918825556,0.12791373080065702,0.09256036372292893,0
0.11653969512043198,0.18305569224114257,0.1523258636788072,0
0.027349898109011506,0.12429799439322312,0.06415311385084707,0
0.9849703408747198,0.7455055205920234,0.9990564105749734,1
0.28065375223441164,0.340582905488001,0.1070746655814153,0
0.0025073650335937538,0.04367922047001244,0.0024028910243469015,0
0.08911642222563208,0.1645063536359861,0.10698933491093784,0
0.12068745992037605,0.15688949587258022,0.1361931060687306,0
0.3043996826533037,0.20626026051147617,0.23888121881805946,0
0.003857957014917678,0.06015973882173124,0.00338285747492943,0
0.5337619741304881,0.30256931352958,0.39461189267117736,0
0.019117680126893077,0.058829663169356575,0.014032445410043608,0
0.863378435308762,0.48882907997603803,0.9896592449006929,1
0.11451971456360165,0.1784236424192137,0.15533303516417687,0
0.0035964420291716604,0.03955128265903723,0.0021795007225604455,0
0.23641436017460304,0.21410870697718404,0.2408496628016646,0
0.011345143320405354,0.05542209983558926,0.020730318604395583,0
0.04880379574104794,0.17489482902315767,0.11325264065217629,0
0.7318992454325711,0.510175553013591,0.7557443684505398,1
0.0040344714483042535,0.04469485782306217,0.003538484568543928,0
0.7077546824319836,0.564403844307097,0.9612603063769842,1
0.010857833943294865,0.04859833294064523,0.019106809451181643,0
0.13546745455439277,0.15862788223479243,0.16301068500060908,0
0.1084765875710327,0.17178510624564822,0.11251066858038142,1
0.25803596639536996,0.19604738226222634,0.2547412630066773,0
0.24788483440928086,0.22696934746159692,0.26541187292330976,0
0.007554766794628564,0.05741244112309841,0.008568973190291238,0
0.32925645342010806,0.21076319985211628,0.2559386015065334,0
0.005140581648032545,0.16579812799786442,0.008844273363442064,0
0.04790550683243764,0.09845343556357612,0.046540155003159875,0
0.0477277055376003,0.08764329869996808,0.03935556786378597,0
0.0076527227111924,0.06112354572540866,0.021063161488981644,0
0.013917882438732385,0.05960958783328063,0.020692491276711675,0
0.1938927680964838,0.19363578655294345,0.2219273670560102,0
0.03071139159057151,0.10272921570247828,0.044533723047479046,0
0.06220305864382016,0.1626951232816989,0.1964134868692116,1
0.016668310683753986,0.10056178507817219,0.03774381674145296,0
0.0628939631412645,0.12604106397321715,0.07679812262719493,0
0.019327646535852408,0.08871935122046774,0.02022705490568969,0
0.20769110156147336,0.18621171530341252,0.16784633885728312,0
0.010192516977527284,0.05879097791691632,0.005819815674932711,0
0.1100170469483442,0.14822082258011357,0.08368920328267745,0
0.1144790530956191,0.2116885102314628,0.16078864928981312,0
0.05670530065006733,0.06909029096388034,0.05550881024520497,0
0.906828299643212,0.6919973482662437,0.958897717444145,1
0.08800845940938531,0.16767770293649306,0.12126069057699702,1
0.058201675397177986,0.08744854656503794,0.04874623458130075,0
0.13015815721549018,0.17443050064433444,0.15862751017951346,0
0.05002613587085761,0.10370818446589981,0.08544190022964104,0
0.4279111067694195,0.2199577037493872,0.29782784711275573,0
0.9427447596859336,0.5798894994996289,0.9875696367919213,1
0.0005223998088807861,0.09882602318138523,0.010576344255504397,0
0.8875168403410681,0.5745952647729524,0.9789898840543476,1
0.15707669200389993,0.17038988542311756,0.17291614995275503,0
0.025321800064248026,0.1312843601715604,0.04101634321332131,0
0.054471055367542244,0.0854040420849676,0.05904418371165537,0
0.04474711113063478,0.13799014555779449,0.11935089827622437,0
0.06757609598193211,0.13192658641750762,0.10356263797765601,1
0.196329329195629,0.19506332464627682,0.2035621399688197,0
0.9243088297722161,0.6688803275710684,0.9871291521905664,1
0.550951368172114,0.3042947893298525,0.4061505771434108,1
0.09090438341915959,0.1234624447266707,0.1124496534251551,0
0.2740606322316709,0.2044160581662077,0.15876187695905944,0
0.92544452482253,0.670995235425978,0.9938454891398313,1
0.06699588908620197,0.12729540680382104,0.059817697312179584,0
0.05145801254345601,0.12235846696914048,0.09076252222439433,0
0.018159884162567697,0.07420275133090917,0.025663212755956226,0
0.0976546521104211,0.1502911550210985,0.1157463874918152,0
0.05934026175239555,0.1412113189300175,0.11838658741396735,0
0.0277752634197656,0.1172492829662437,0.056009613534340516,0
0.5161336534469221,0.28156304584222797,0.38798613713506686,0
0.15122433695009127,0.20543255712842534,0.1916722894016697,0
0.5948565788946585,0.33986722600316155,0.3612029622305678,1
0.25630377944364846,0.23117928713597952,0.2045507640218852,0
0.013887464255019216,0.06202624930160364,0.022453569501295196,0
0.001762957006105124,0.11048882602301172,0.00696554721855989,0
0.248244258916977,0.2031551096096736,0.18258073060029825,1
0.38221529476231236,0.26556313696223044,0.281264103058485,0
0.30050964771218863,0.30398299141442386,0.008707870911520425,0
0.006586683334907938,0.17015549702168814,0.005456512773082698,0
0.002261907671405801,0.03773606144623281,0.0023192828383904024,0
0.2934541635413013,0.23423493917901997,0.22192038930145888,0
0.09412059937888832,0.1666760008944947,0.13590274909680972,0
0.0471960615491149,0.1072825771609645,0.10542944097011407,0
0.02463405835003938,0.130222005264105,0.07830698936196633,0
0.06858625739046496,0.11545258200720432,0.05124258343142264,0
0.23107424885221428,0.21991311084187723,0.16229679817476622,0
0.933444810870141,0.6534320730624554,0.9937230383418371,1
0.08560386836627246,0.1334877034195777,0.13121768384090654,0
0.0096512197647859,0.05881772568247781,0.006281279722197747,0
0.12544966586020415,0.15814938877166718,0.1453859489493911,0
0.9905851673079495,0.7536714647820478,0.9959173572723655,1
0.4240596673010484,0.24177527054961584,0.26212289701566,0
0.200488776130574,0.22998544059852277,0.17222700297054616,0
0.013620834471448968,0.04561480026849244,0.011365045530165398,0
0.17849394826514092,0.2082087681687237,0.16217847239842073,1
0.09729787481902166,0.14741280901266499,0.11595978194911367,0
0.03701233512847595,0.14152247598393106,0.0629312183498344,0
0.11638714323122365,0.1678125767341064,0.18466811515215864,0
0.8010342950324831,0.6006000330235646,0.9185089308942309,1
0.12059757113429705,0.14950737582288193,0.15549755359692347,1
0.17584744699854565,0.18512080032028744,0.21443965367136147,0
0.0185141917250128,0.10959827430763283,0.02255137555576278,0
0.1806025924753739,0.205606798543385,0.12892012047512183,0
0.39716227893780925,0.5303898951942266,0.7562663380145803,0
0.0742852287603298,0.1391817377506622,0.08575760307724929,0
0.05779327355377141,0.09771672334393072,0.07483693377504386,0
0.5284372189872534,0.351767759042539,0.02905060065026384,0
0.007905377637902868,0.0467466770936078,0.006656200170902014,0
0.164684658836276,0.16480893679551975,0.13265806519160458,0
0.15506930818132592,0.18131886475628517,0.15500466091879933,0
0.08700578944813019,0.13121882938373916,0.08044970320738382,0
0.9102965767114292,0.7197217748040776,0.9519655497541912,1
0.11727238239064056,0.15991058391718158,0.15925318102832936,0
0.01041370172113206,0.0592129276035735,0.007491030045505897,0
0.02038400707816448,0.11980450963577316,0.06629599160125638,0
0.41257678458845776,0.26937216692487187,0.29016307060956775,0
0.09378651534400403,0.1727520778271669,0.1448502795768526,0
0.890378245683546,0.6571166997904793,0.9706501722751114,1
0.010581471614137878,0.05812272583197948,0.008062336988230459,0
0.1962211313866384,0.19818774286113824,0.24567972268152233,1
0.000324227873397676,0.05949029072035809,0.0018396703579108575,0
0.0758227011485076,0.12751561618909601,0.08727795576343483,0
0.21567908735529248,0.21271194781280828,0.18614378740287701,0
0.04090637351647593,0.07915363981867458,0.04788197417833133,0
0.9236058713208273,0.6458267516790365,0.9920528429550645,1
0.031150293421314906,0.09176236795421491,0.05181348513096879,0
0.05357379426067275,0.0908017467758371,0.054910663885245015,0
0.1948864245816676,0.19181348139401377,0.18484775797701952,0
0.5925668608195489,0.5303819567326005,0.5237831222574909,0
0.14759099630059494,0.15708269388978183,0.13719889158287227,0
0.16809779848304152,0.17554002057864895,0.1763593396041812,1
0.3138088101932265,0.20897316419944836,0.2134406900046155,0
0.046247163955538476,0.09779206841911178,0.05610201629725669,0
0.3856142628065404,0.23850553228041668,0.3281383579959101,0
0.1236694146771394,0.19577837237442078,0.15762152765936624,1
0.0512931481555294,0.16356874821777542,0.08964987514498507,0
0.02705030576983363,0.0666773903016588,0.019105015042382982,0
0.052033288946645016,0.17313476951319634,0.0989308880874174,0
0.0533227534075673,0.08255799649176182,0.034877774439411764,0
0.06190570729787477,0.09918074415186555,0.06905823236370694,0
0.9470272238674127,0.6652594755821655,0.9924807430029106,1
0.8121491836714416,0.48720667342367835,0.9435205488686949,1
0.4009502992684402,0.2595094851300701,0.2736340827993622,0
0.015226097168418369,0.1176820099152631,0.015780284220899738,0
0.006368808876898323,0.1618786092207218,0.01374742657330362,0
0.01017702638115686,0.05615165355351031,0.004845902932582031,0
0.3326983375725622,0.2153126010354708,0.1999938155394431,1
0.1410991321921605,0.16362968447622056,0.16380022098953856,0
0.7734073563702037,0.6221482270758064,0.8133310618401458,1
0.1849709513275405,0.19333895990446096,0.16672677707060535,0
0.2639372084426459,0.19875025281003364,0.1906593755445581,1
0.6498882815227112,0.40198591435792214,0.5775199629821124,0
0.9856930135916624,0.7023475187339571,0.9930794211252796,1
0.19480452691189315,0.19304866403900617,0.21030666617939442,0
0.0002157791024260729,0.04013498082984637,0.002053421912361719,0
0.4819607055392109,0.3005445424044421,0.36835204668082694,1
0.15565200951951014,0.2043403103744059,0.22226938752916295,0
0.0019519956099689835,0.04114942118698705,0.002529997791963642,0
0.0014067975124044787,0.05754170968469507,0.0027566346488543847,0
0.1800297663906409,0.17123022098363969,0.16363542659125743,0
0.1547370533392282,0.21099508822482385,0.1798920690396103,0
0.08757804213220013,0.13525367499960472,0.09266031763008183,0
0.18822283585618896,0.1923361928269373,0.17982461695925578,0
0.02722601595614453,0.14124330529777768,0.0605610556622223,0
0.23124488170113197,0.20924481270354298,0.28960473067887615,0
0.12406032272400024,0.21621640635237344,0.2222169720811051,0
0.0005276363033463618,0.05315852209799035,0.00404212776757268,0
0.4170312443304759,0.2935610524636149,0.1406435935489244,0
0.31144573858939695,0.2275923176205936,0.269717578941379,0
0.0011844566375712468,0.092143735498174,0.003491056250903911,0
0.001249417176339601,0.08572761553922363,0.0046919604239693295,0
0.2334249164260257,0.24051277414790526,0.19374629422185022,0
0.03199077846087324,0.06402543146713173,0.019946282584843805,0
0.040249145521385754,0.16226768900098149,0.09768410784188696,0
0.0010340680626336738,0.07297033806696275,0.00284365044547646,0
0.31262576274983644,0.2435132360313373,0.21715497669810668,0
0.12425977203929388,0.16883064757750907,0.19675788108138026,0
0.03432766108011671,0.07305497910860148,0.02567959391696421,0
0.1403203865124723,0.16248732208108063,0.17234440150240524,0
0.9320121357575614,0.6537870907193918,0.9942757202461434,1
0.021049808762829865,0.061249798750024745,0.03941401518579685,0
0.08920466225047388,0.15540767054646565,0.09534485510761222,0
0.533674428216906,0.3070249926460964,0.42993422263905745,0
0.2368947470912897,0.19668722057098414,0.14713268892338688,0
0.9331382008492348,0.6582103779688704,0.9934271886020922,1
0.026725239904734827,0.13950324624795227,0.043590308446144824,0
0.03526395157552787,0.1326226284833834,0.047691665226327416,0
0.0016613744060676677,0.08825621627975444,0.0026040138411286056,0
0.04321679324331682,0.1827903938771763,0.09792324010002851,0
0.3075989034171799,0.2180977876750406,0.23903395412095846,1
0.0062373818501266776,0.16306720770541186,0.010753650198682409,0
0.1621573038048683,0.18085247649932443,0.19403700248905953,1
0.004399089868763542,0.1539877821387974,0.004262540248364465,0
0.8187190409915314,0.6315011789490205,0.9148185299455084,1
0.005012951181192557,0.1593660572862749,0.015044635339195176,0
0.40760982353236574,0.24553141294409733,0.2403774765183294,0
0.015884881381006816,0.07941377893533468,0.019848645509994624,0
0.0345444825471584,0.07307015912692182,0.033940099593992676,0
0.012250724044308561,0.05012928579716479,0.01704985149936643,0
0.8872332087807864,0.574407395198533,0.9791928058614217,1
0.00199008487718982,0.1170231885770184,0.004211442094670082,0
0.13021727494463758,0.18060969831742074,0.11475411152929671,0
0.16917791597921605,0.20214821407400183,0.2183308315495281,0
0.031030180575661644,0.0729910266442936,0.033680193313570986,0
0.009347785352089685,0.07017891107338663,0.008124731054525488,0
0.8619689642343114,0.4966406014311654,0.9500013895151683,1
0.6876446012152387,0.45646179379193247,0.9011405788220228,1
0.08991191827939553,0.16709922748095718,0.092224012160537,0
0.38884120701826247,0.46962223928114744,0.5043064644190769,0
0.013755265225033803,0.06586835255345283,0.02578703697911256,0
0.011613571884303306,0.06546521064665982,0.011139424480821895,0
0.08728064804316783,0.15309374286559718,0.08622309510897273,0
0.039601612390744875,0.1418765782625849,0.07387890238490637,0
0.07712134176446966,0.16522264060131503,0.20390688886801858,0
0.13039130254810993,0.21171340345630266,0.18416494142614598,0
0.09712276331407942,0.15407620724844284,0.07823575925372986,1
0.5710208817076675,0.42599591475267984,0.4176801028316222,0
0.06983974291511708,0.15111121612509387,0.16835648300064335,0
0.012533453453645337,0.05816723758403011,0.006254724109786387,0
0.22053760225991173,0.30161512882289676,0.009754616853033167,0
0.05282549129123333,0.09647036417497654,0.04950495611126781,0
0.044922244080039066,0.09578964392935135,0.05702437262733777,0
0.18097111432224955,0.18631310261413864,0.2261439130565522,0
0.033953681869598275,0.0697569680883448,0.03187004029139571,0
0.017075266063464503,0.08548108116241865,0.021116882720573132,0
0.18184262753358163,0.18939890318847685,0.20792573804732972,0
0.00810106657847764,0.050028946538577215,0.006292685927061138,0
0.051115475247716084,0.07905736796906254,0.04801599409305221,0
0.018697194470650505,0.06395200231233768,0.02468658802493843,0
0.9694447941320725,0.7256689966926336,0.9964865689145722,1
0.061244881586942856,0.10940865153698212,0.0942870873993066,0
0.09948320272206809,0.10351379519205986,0.10438649085224509,0
0.12348739901068256,0.1470209651924449,0.11425383513880069,0
0.026889389908912154,0.1339479708049053,0.07591085570117044,0
0.199806668000673,0.19800219951209028,0.208268401913599,0
0.1737698498251734,0.1580488379304574,0.12695519857300083,0
0.03117323371346896,0.14614152260812097,0.06206893515053547,0
0.02301286098901674,0.13844150722629883,0.05998751803774043,0
0.07032251382702959,0.1563363810556848,0.10959548067476045,0
0.0028025826654912915,0.044603188832744875,0.0030068564777311854,0
0.13672591017937605,0.1685233498268437,0.13417851732558184,1
0.45289717921781736,0.27617252647706614,0.27377956427939476,0
0.1401434490610837,0.2041344341762062,0.13843798540423619,0
0.012591971330728379,0.2177150306820889,0.08281252493589479,0
0.17472215220817763,0.1834487131144752,0.22123535220420587,1
0.015927558448734183,0.06322332105182506,0.01626481607860579,0
0.05695365250142761,0.17891827774651395,0.1811161256758182,0
0.07621652755158866,0.09872388068298416,0.08839808300056153,0
0.9261720423584314,0.6778978343537969,0.9944058302516724,1
0.026985811652020887,0.12448854248531592,0.03616048378699491,0
0.04958631037495245,0.17871526695614054,0.12428061177518812,0
0.06385849424929775,0.1335112855865338,0.08607704846602171,1
0.005720665776308746,0.061360608982658854,0.012110867193318877,0
0.012279063263354713,0.05146739350071611,0.017884660921219184,0
0.16502520305601392,0.20588595758266356,0.21311954816139905,0
0.9293811586693538,0.6610547985171746,0.994583067866168,1
0.03558898253041964,0.12198688110756756,0.12088755363794186,0
0.062111590270515715,0.12708822515284096,0.07393926454615811,0
0.023428211766853134,0.119890607534237,0.04441313469032766,0
0.8695084635716622,0.5165865212949007,0.9755855073637381,1
0.014998169336887742,0.0867106006491593,0.02385925502065712,0
0.19346197749202443,0.19041399809053305,0.16651132408171412,0
0.02022723160226311,0.06053864063123876,0.02951752138893663,0
0.17430613568377334,0.18062505533232323,0.17222109135884667,0
0.054409508020608024,0.09257194646404847,0.06670878495305493,0
0.179564863056681,0.20195297169188986,0.15237917554018343,1
0.11046044338670775,0.18369875900150204,0.1268668009468899,0
0.1540231292221116,0.19148824966869132,0.18934972363147268,1
0.005157022803079708,0.1837435856148393,0.00613379690470275,0
0.10388144488842618,0.14631604902657602,0.11819562116255554,0
0.022639940455778152,0.12602222254703863,0.0434772521557843,0
0.020155306702020148,0.06432022002158987,0.023097838088704636,0
0.11857004377067268,0.1488106470988679,0.11299475892811242,0
0.9744313374367731,0.702762675827151,0.9957113435165001,1
0.11735549698327757,0.17496836047054476,0.11223658967401486,0
0.11182906068012849,0.14962877014449175,0.11592857389575761,0
0.11294235119670502,0.18407539757273922,0.10763059836279264,1
0.12270430652308524,0.1570784529784265,0.09559957901388255,0
0.025328603536027713,0.15549649831408371,0.06681289124242247,0
0.1318576233905793,0.16359005065320936,0.13581528157017383,0
0.2156086577379996,0.37033953125456065,0.09145296914079112,0
0.06590418012504971,0.13347238716818094,0.07880154411920308,0
0.05127126649740962,0.1371609201139889,0.09982108532332969,0
0.852022802799858,0.5180142718511628,0.9645226727064833,1
0.030661397643031774,0.07644656204367048,0.025753431292112928,0
0.19981010033190544,0.17051299461106642,0.21239309095558365,0
0.0480157614263186,0.1447727859963583,0.14468328905761987,0
0.3988388306211208,0.5255008132106016,0.6890774998096797,1
0.015422116889719924,0.09521144889521183,0.03070168384605693,0
0.09447818155952294,0.15846265756471295,0.096318473854327,0
0.027078915695868434,0.13587437301435362,0.06462132338079826,0
0.0543070054670755,0.09598925030587453,0.06314707532193437,0
0.030878974001613834,0.08584692797456679,0.022735913247678957,0
0.06367679591349158,0.12252918448806209,0.06131820858341635,0
0.15685190473862268,0.15954341647860146,0.20194188197484367,0
0.20225564998279308,0.21149522667653017,0.20233296148813848,0
0.010562862567033307,0.07520269285270396,0.027185344553857346,0
0.2338518373823746,0.18589517278213458,0.21707451731379823,1
0.3449896399802756,0.23049051646623778,0.2687571767055528,0
0.03654951272222059,0.16325384150232286,0.09264298092048182,0
0.030783615974342718,0.08712744588338749,0.021375032881381314,0
0.008397185049962003,0.06037357515506502,0.004626317306454588,0
0.9143817515240612,0.5450950137999144,0.9745576923387489,1
0.13375115588636166,0.15784591656624034,0.20945245132476895,1
0.22139218003473354,0.19149093096909325,0.2333674960288538,0
0.9610767077058293,0.6465065775900177,0.9969275251691044,1
0.43267901331933367,0.2742822595667385,0.26871773788937375,0
0.451448104284991,0.3156089248329062,0.16252968219041625,0
0.8235930081901343,0.4601086589440975,0.8972560609431429,1
0.035350316190484635,0.17668583120594764,0.07212610539050365,0
0.1309878315497631,0.19302224678792534,0.13764805633369553,0
0.6724661223248726,0.41025034164921387,0.8388557490652361,1
0.08376556176815533,0.15613082956715923,0.11891798332177228,0
0.015805291634818558,0.05083812318433717,0.024551931319943224,0
0.001139993362432498,0.04922832100321265,0.0018418697315778455,0
0.037759996290953404,0.08568168656040269,0.045949800566635966,0
0.032354969832697,0.0682630193998918,0.02468148190616325,0
0.4244544603244209,0.3091850149031212,0.14915546923655174,0
0.07268764717112262,0.08891397071655262,0.0573002033554512,0
0.15037577437411775,0.1621248100117348,0.1846160140704573,0
0.00022091932159558532,0.045451558947252675,0.0008888177962209827,0
0.36993425837991567,0.23182705397199585,0.2822159298188112,0
0.14139969036314046,0.179439669138646,0.15419454240390673,0
0.014234330678583556,0.06494973016396084,0.017026594674960333,0
0.1927168912756778,0.1940674804094832,0.21213990566724975,0
0.09520122128607707,0.15581204491047615,0.13999197079782474,0
0.0243895975110656,0.1457092832641821,0.049768412020488755,0
0.04484518190720181,0.1660123202915506,0.08906136685948962,0
0.062351813003955356,0.08552811837431816,0.05246017158253852,0
0.05801765099687043,0.13737347110574885,0.10532837608574258,0
0.049041346285452744,0.10147085535141395,0.06153591752531767,0
0.05272282271439686,0.1027082593966305,0.05390722253697339,0
0.002466784196271153,0.035590848569548944,0.0010328658226198618,0
0.26062817694758544,0.19818415380652699,0.20341474698119305,0
0.5091995166947151,0.2660192134566546,0.35243022565008303,0
0.011290677697892841,0.07207415679569044,0.005207325528942633,0
0.0064884451610294795,0.05869069698678799,0.005476317805360978,0
0.024266773196215306,0.11082973718821716,0.04550677635735608,0
0.039239439570261034,0.17278657704949602,0.07023798809398579,0
0.012671128803545833,0.08429330923497977,0.017001279359027944,0
0.27888286282991903,0.224266984152658,0.19522615809045418,0
0.020900105957996913,0.12456804794093544,0.05984754644754504,0
0.031222306178524898,0.12130237360629872,0.07222559021136479,1
0.040469175863669,0.15190369752417934,0.052459613905645845,0
0.041583437539927645,0.17215304841886622,0.13070513784291085,0
0.0732544347635704,0.10380028795935334,0.042692925295898326,0
0.13037338450968297,0.16076857920942036,0.12952169112735926,1
0.03903702111460548,0.15947475237635508,0.06768433141501891,0
0.03404987687141018,0.16293716868307412,0.053178594683273434,0
0.7751337461309392,0.46313383779508305,0.9311477579696061,1
0.12993277489822655,0.168075375247085,0.1698530378863481,0
0.19071055866381195,0.18877531960091898,0.29147301139140075,0
0.1563526052507858,0.1896012009254013,0.17752075436713258,0
0.049930728248661446,0.06801561135165367,0.07339790312344437,0
0.00203951547145691,0.05700001953698635,0.0025921099675158847,0
0.12356519159501933,0.15150535448402122,0.10706437409068485,1
0.27327856921691634,0.24542899179716196,0.23562562661647773,0
0.05082195956676041,0.15659743352723066,0.09251721729731481,0
0.025687806292016658,0.2365381319807474,0.0011912253968918045,0
0.163284217091219,0.1721680429624829,0.14229586578192607,0
0.14477905355584425,0.18833664671587733,0.19622225298944795,0
0.18526706980014943,0.19673762939571782,0.1532690845007646,0
0.29379755504393346,0.2511263150504709,0.2391910063322673,0
0.035123261246649086,0.06860585047461956,0.03992319740412161,0
0.0024970518004135836,0.15426654740171847,0.006817897498152594,0
0.34543306757100833,0.4133412287535422,0.20840057137434928,0
0.04683802200749348,0.09398303562809501,0.04814253447172776,0
0.013953448695180974,0.20354336203810872,0.009175703011345024,0
0.4309195670913291,0.2333255031678582,0.32068723390474263,1
0.904182342526966,0.6020722673349271,0.9865939876923426,1
0.1175077507541036,0.154413656618471,0.13410785522098376,0
0.3473426337546861,0.22564800009289243,0.2558338914886477,0
0.009741927561162917,0.08157021329643649,0.01951013507097658,0
0.03933014704549595,0.16671125381750757,0.09825854091984261,0
0.043290479989301994,0.08512285711354828,0.04443994057463826,0
0.5502928207793416,0.4977312332038892,0.46772441637601303,1
0.04552082743287963,0.07278073553227651,0.04509910375176107,0
0.22278756782400494,0.1834798596620225,0.24046818507902695,0
0.04286347788845573,0.09053925098965376,0.03923990489858372,0
0.009874656005371346,0.044409307939054975,0.007724127420736614,0
0.002752925788352363,0.14862130181178296,0.004509987388009146,0
0.06912511550692148,0.14782105126277392,0.09859675479034781,0
0.008842167048914502,0.060946463588329926,0.004259762677339227,0
0.07048340879696485,0.100115663877168,0.06433696677573911,0
0.00450338134303716,0.06799012713700711,0.003735146151396748,0
0.0016216375066082295,0.07292835889377695,0.0025984454844292346,0
0.13021867644705248,0.1785596887641033,0.1782749034336938,0
0.4468640321755596,0.24303644442156608,0.2616696417069777,1
0.02627523463313955,0.15041226650274456,0.094880155910946,0
0.012431163633869808,0.06641783429328262,0.015660566362193325,0
0.0480875739932684,0.16885934067753325,0.10254533016387948,0
0.06402784329366155,0.2049483766102331,0.20589540271789106,0
0.06832778645904511,0.10581217365111772,0.09865634237425398,0
0.006593533658348913,0.048898213699583366,0.005025279947539091,0
0.16980249710320353,0.1780660006452063,0.20808893409836887,0
0.002551488296043055,0.03998820113134171,0.0019500991437589271,0
0.0022412739514721114,0.03858563380312836,0.0021744726888754985,0
0.001991773204944123,0.05693717026116109,0.0026755810476580787,0
0.10720274637565791,0.14718475832945077,0.11147496277995926,0
0.29157584254651214,0.23227529196612726,0.28012784128531293,0
0.263021932720089,0.2061061188842586,0.1861102819713642,0
0.9885995987760405,0.7260315761711695,0.9967727585174618,1
0.03307045651777271,0.06817925412717156,0.020224399801601317,0
0.015582861698035846,0.09214106931216988,0.01877616485261173,0
0.030333276435038904,0.13154589406765144,0.045104295068880876,0
0.17837542001359666,0.1735911605491278,0.1753914776214968,0
0.0001906195623098146,0.050729811712287916,0.001049584205845991,0
0.025596087522928208,0.05667705166106096,0.01634600355098774,0
0.5642606777053719,0.27420708485287804,0.37914315980041735,1
0.005068370349662969,0.043451069070781966,0.0009624625098771835,0
0.9663967525729925,0.7161759708932746,0.9966572758571107,1
0.7165126968011217,0.6093962439188948,0.9493124236551036,1
0.0023753806622830997,0.039623240544188275,0.00045901428933125394,0
0.11646371315216678,0.1698846989864481,0.13117432348191957,0
0.06432960227959864,0.19700933605351104,0.1497891468302117,0
0.39107633331210273,0.35217792996366065,0.098063013642467,0
0.14771147340404256,0.1747703897330838,0.15146079407025675,0
0.019080039697546673,0.14386516988118803,0.06791882216504311,0
0.016964697448117776,0.08634572137594977,0.025657268058974753,0
0.6545227931043118,0.42241220517050093,0.7348666887528438,0
0.10209958387573027,0.18207859765724302,0.1268450772260536,0
0.04141539776046057,0.15540462439515548,0.11578609679833997,0
0.12252086031345426,0.17816829213856336,0.13038122918443557,0
0.05631112380188888,0.12424886469740354,0.1015954425495802,0
0.034083831569636416,0.12719702637513533,0.05836612232751678,0
0.2201592593170455,0.3348738159686427,0.11992630778571543,0
0.13162187910204545,0.16865738321815843,0.14222222780604576,0
0.7427183166387881,0.5816269779200217,0.9727599285883776,1
0.022467949238522043,0.08475729669437264,0.018806601194542572,0
0.32624400713465007,0.2394210991355511,0.25444524382161376,0
0.010188628513633042,0.07125972828856779,0.009266827853990557,0
0.985891880098599,0.720970075328243,0.9960701880262126,1
0.9596593290213247,0.7092980375167345,0.9940493013174483,1
0.8888430502193486,0.5813288387000906,0.9769230387941286,1
0.011239387973816758,0.0748970167190196,0.013768760672813043,0
0.034053786279145216,0.08345671157526124,0.029117817779803924,0
0.011244597003623652,0.07898551290503325,0.008567742454059018,0
0.042536912498628905,0.11523322276160212,0.05939646202801703,0
0.42211255047201107,0.260345237142029,0.3299041233684052,0
0.1037315285405061,0.14061475765453854,0.10278802783285565,1
0.41231178723606565,0.44878128501217635,0.5800905742013079,0
0.7178114434861116,0.5783303519229919,0.8763540394677783,0
0.6144187398241744,0.4066938120282522,0.4332326838588023,0
0.0028142915217054874,0.12674254331766424,0.008693583865567801,0
0.18295922496388334,0.19988150329464352,0.2251400856813415,0
0.22645725754476137,0.20897746138804257,0.20894477492127478,1
0.029752318069928306,0.1516723522791725,0.06540573752475141,0
0.03065535762300352,0.15490988114504242,0.11537304141510664,0
0.7902673173266206,0.4062723414829603,0.6946704416635159,1
0.012660706327424035,0.08307608512274234,0.02154495995347708,0
0.025498772285966365,0.11129633404118847,0.05583794326659733,0
0.1836926491083301,0.20514578949051562,0.17239165811015303,0
0.2958042234706784,0.2138515388149751,0.17674372413998546,0
0.20882304127514204,0.19810782064113322,0.20380778728244062,1
0.011426554939104676,0.05140101549822152,0.01920788787932836,0
0.015663700824117263,0.08647208815578519,0.023883157446210074,0
0.11039537179280376,0.17226292785167288,0.13507989597740586,0
0.03881318359128825,0.17881934994838797,0.10164100980406374,0
0.1383708818417117,0.18011573196596709,0.15793736079139947,0
0.11667189617344437,0.13958851453725937,0.12031450414725893,0
0.17173599145571025,0.17668394249394598,0.2010308533912429,0
0.0030502779335002143,0.040296564127146516,0.0013099624708639076,0
0.1508978363095317,0.18431079641863823,0.13520925692018823,0
0.03300619989890822,0.16026510464568786,0.11000078382233103,0
0.024904259134246882,0.10601000461479648,0.05329429250017892,0
0.038275343989890825,0.1563766625815549,0.0796469891845775,0
0.5621228424523018,0.4504661445829067,0.4118803717879011,0
0.04820967601417774,0.09015410515670164,0.042483820701322346,0
0.3268372391467068,0.22696535455064112,0.24499434693372202,0
0.015123533335064979,0.08744886507184285,0.025673726244983895,0
0.696218292167658,0.543022251209231,0.696994362494503,1
0.17399252715946156,0.17943230488947193,0.1903134872392082,0
0.3110250306251424,0.25923720164491654,0.28865703136819026,1
0.29525982594435035,0.22964663596688278,0.24197775648578557,0
0.04382447767533372,0.14068240149670785,0.11825310669192929,0
0.9879326403563371,0.688002991555749,0.9945794068097248,1
0.0030929881084063187,0.1361495646751912,0.006792166213570831,0
0.12722199183975852,0.16962228079674396,0.16129418899383693,0
0.18628360404543226,0.19668186579700828,0.18805077674921378,0
0.02650100766904285,0.13032707932806417,0.04661791442171843,0
0.025552560413261247,0.0584410110884988,0.02353900238570611,0
0.00017091744368110735,0.052662592625790226,0.0008308490845020561,0
0.2816114692762496,0.20734465765651894,0.2517301578390388,0
0.017965182304634866,0.05421191487717311,0.023549077099822003,0
0.021912217736210892,0.11707461473370862,0.04483550176722804,0
0.046531168096683714,0.0724753779781881,0.04824949093123284,0
0.0003061244383637511,0.07013131170496337,0.0022041508122602445,0
0.4958278050325131,0.36515558563362754,0.04391110152961627,0
0.8400898947467622,0.49404894853691794,0.948604566808121,1
0.010686451829731993,0.07751947999309643,0.014336569304461425,0
0.10631054434444821,0.15615228814777457,0.1803578485282286,0
0.011145705978812115,0.21153008573397447,0.016411340227579216,0
0.14991159975671609,0.175810405992905,0.15606323295485222,1
0.05168623168413315,0.08241697273602017,0.05947055799052714,0
0.1259533291905085,0.1789312497365573,0.09770010897097846,0
0.05805991923107055,0.09788814918952592,0.05180942540975607,0
0.021667105554200164,0.12069363620576386,0.04648509212501661,0
0.028198918382862925,0.12886029387749792,0.05206555923234924,0
0.03216161687934674,0.1256235876197413,0.05953953975023169,0
0.00028429288261031357,0.05724155687868042,0.001116021005702298,0
0.272925013792725,0.21663065201365028,0.1456572960056973,0
0.08760755547224569,0.16787894202170503,0.08932474048003122,1
0.7681881767688389,0.43909419255990595,0.8930320360919038,1
0.10865592789821689,0.1572259880069079,0.10740289351912542,0
0.950398786064275,0.6026645593009462,0.9894731644667504,1
0.003309636951555011,0.043041122604392495,0.002097602801496566,0
0.009855831189203362,0.06616300183637831,0.005627996904872455,0
0.013202729111996147,0.060335793801417174,0.017973039976933766,0
0.1639586372253375,0.36677179553566974,0.04283670500879082,0
0.0010278210807632816,0.09696291505627436,0.006379331260988974,0
0.9606766382764228,0.6287769279649671,0.9930257904740498,1
0.1706142097301829,0.19716659323560787,0.16014596207479898,0
0.22723264298042067,0.2191996731414559,0.26547580321595204,0
0.24379342384690664,0.21130542037327993,0.22712792623721711,0
0.10249336952496277,0.16173246342951053,0.1108382578198272,0
0.22452902741007674,0.21935630118575725,0.22873600738216784,1
0.03552285911779692,0.08051587070837571,0.02301696171365347,0
0.04897300836184355,0.11771477011249763,0.05331982956551324,0
6.626377499636378e-05,0.03968170860318002,0.0006660067407449354,0
0.047816928816132,0.07037249266456644,0.04158799089883479,0
0.1458244397258356,0.20314935664739306,0.1892628520751003,0
0.8652821343864487,0.4853805896498737,0.9672934731929997,1
0.028489283328529055,0.057769013683628655,0.021294496267006555,0
0.917082045467387,0.6389727137835594,0.9940212249932054,1
0.0559606940851741,0.08699916779929362,0.049341419621443665,0
0.29622076774147355,0.20909904883191271,0.21774991705108324,0
0.24894173830352026,0.19184832391644605,0.22281661251356258,0
0.4611724483118883,0.289738179314059,0.33510694249206646,0
0.2242624277749694,0.2015792074129504,0.2046223001805861,0
0.02302683754148803,0.1217767346622363,0.04892216853313539,0
0.007864041778462963,0.1919578213717562,0.009622120141541003,0
0.1604182696485238,0.1725678703986279,0.1434495308396417,0
0.9264120451946666,0.6472515753739337,0.9935231695142406,1
8.07639612029556e-05,0.04949805859784681,0.00034272088565585315,0
0.12378366543856782,0.18020611267634518,0.15484262404700405,0
0.783054937261956,0.4006387711657692,0.5836973083102787,1
0.024775447316199434,0.07255438561350006,0.022403626230903154,0
0.043295325028951566,0.10751347306429454,0.06834208724468767,0
0.5468892326846214,0.3911858338259671,0.40217446350454633,1
0.22628851229295466,0.23315872392654108,0.21217406103429715,0
0.17032064122798646,0.1978097367251554,0.1813043936058704,0
0.9477403161019436,0.635884101885717,0.9883609699111308,1
0.02660638316538466,0.13153787510639664,0.0301190666378341,0
0.0005679024431723268,0.10505925439726536,0.01045618304835491,0
0.07803207196445262,0.1576117793658026,0.11492333091359598,0
0.19146932365554317,0.17488379076675198,0.16855370285482213,0
0.3896287065855937,0.2648680873275417,0.27742712758383115,0
0.2141971363665059,0.22854245256793426,0.23901770399904987,1
0.28449506930294033,0.2357407063930157,0.24163324093123567,0
0.04897794427461053,0.17214715882169432,0.14248843607269449,0
0.04272817485873253,0.10970165643784312,0.06190594506656289,0
0.03425377788771777,0.1357396165362672,0.05294404115146652,0
0.0003507194035269224,0.05849003096431933,0.011313221225040571,0
0.018687617007234227,0.10255231838058747,0.05664045123516736,0
0.039563242247978594,0.1308226617545122,0.09288436401108116,0
0.001088795540186077,0.12404384790436747,0.014482598254362074,0
0.05475520982346057,0.13099019140858373,0.1661884687965067,1
0.0004730989462393959,0.1045856077680639,0.00554207443698582,0
0.048576903882666125,0.08728508562819723,0.05210667613708951,1
0.8920963482124112,0.546391993358553,0.9653837199831209,1
0.25060117854882924,0.18810645377685195,0.20000166618024579,0
0.013743454093040576,0.07885612925577629,0.0061689664016269605,0
0.04910874026209777,0.14974261829849256,0.12287364496244668,0
0.004287175988342797,0.1594219239518419,0.004650170259603618,0
0.21195482606425411,0.20879307987369164,0.22878074910046695,1
0.26650560800127726,0.19308516259715716,0.23155847861122042,0
0.006487754256860821,0.06288015272418207,0.009374458527342843,0
0.03917356604071096,0.14809153237220712,0.08578192369446026,0
0.032004901240940874,0.10388472921818832,0.04760753913701343,0
9.483913105602579e-05,0.04731419151759895,0.001180874731636168,0
0.17984167905777,0.1820740361960743,0.20581359692694953,0
0.04583229248910465,0.08827879320051168,0.0386087624188544,0
0.02986274144153189,0.065280436880575,0.024888968910620837,0
0.8914745627078365,0.6123490035027578,0.9828719558303641,1
0.0646420355717254,0.12011637533600164,0.08268405222882635,0
0.021546869748702683,0.12384822695276938,0.04364239247765624,0
0.002564145262977574,0.04097904598500327,0.0017294170532964274,0
0.0544308142349039,0.12208917474815269,0.06504188610060783,0
0.14601972205461186,0.1746536980599255,0.13771344157544652,0
0.2930133098149605,0.2090393906277817,0.30003905121087326,0
0.11766755627165815,0.17609212440436287,0.1356255238296274,0
0.011721767778470397,0.18721374883300373,0.008725912679311311,0
0.3565182474298194,0.24693963796273585,0.3133443970568164,0
0.055488823846351974,0.1971102509594051,0.14127180903656328,0
0.08889434303819635,0.13815612619414344,0.13675624657276275,1
0.17300435983500834,0.22552744380292047,0.2232666626099086,0
0.01035393979337401,0.0614570572222129,0.005815793219934414,0
0.2818665613626669,0.2519236104349004,0.22721127057384505,0
0.16220694447494122,0.2607441546281387,0.01326577955550375,0
0.03876757360361341,0.16915158657445103,0.09221713971635417,0
0.009004194871952394,0.04913291731746321,0.007914719112870802,0
0.09053744801032908,0.109184042400039,0.1051394586044921,0
0.6584415819058688,0.5098230324869101,0.7253518688016397,1
0.5070460945388673,0.36128715617983664,0.04731167122918814,0
0.6080512179679343,0.4559592580459176,0.6608932213028208,0
0.09810458397465754,0.1419897079254497,0.10845882760646829,0
0.0024353752461385744,0.12541020311227496,0.004264554513692215,0
0.9227313698781933,0.6580381335234895,0.9884769727953716,1
0.05893600171191662,0.07957441227667474,0.04931272114015366,0
0.0192893358228902,0.11509970885750011,0.05916822908891368,0
0.06329381143979726,0.0930477689801986,0.047452284189256684,0
0.11458031320109434,0.15669503686187353,0.1074035915584952,0
0.05226014358941884,0.176569598727248,0.08955182090827633,0
0.02353599983134958,0.11949028556192672,0.038156418564306356,0
0.12344586175300554,0.162674431807882,0.12303051302045699,0
0.0995246969408607,0.15432359615451716,0.12895279670666604,0
0.09424346970169586,0.14971412516059066,0.09435610433297788,0
0.028184791576705507,0.061252712100197046,0.025524620404352542,0
0.0873890125430868,0.13574993059780904,0.09006502003086284,0
0.0038093253204173447,0.048389450926948796,0.0013866702448076397,0
0.21390485283445101,0.18410647575078876,0.21052544235537718,0
0.009122634551707228,0.044882162395275246,0.0035180935452874384,0
0.06721253505562247,0.1241503350523077,0.11243280005211279,0
0.0008211008628393069,0.05267925184187287,0.0019967600641902093,0
0.1294343224861005,0.17081188757712398,0.18563280565313545,0
0.4330493436922408,0.26193408544214675,0.2770190659983138,1
0.04105122994443292,0.09602408696955658,0.0634992251345677,0
0.3251681772315687,0.2325175596386326,0.2722467670123046,0
0.5609837494832309,0.4787690470699027,0.469480511712031,1
0.10112695943906412,0.1664916659828477,0.1127865921594894,0
0.13164802332288514,0.16832695996587954,0.14616244380823848,0
0.04425413321620171,0.09648768794021083,0.05461920533567893,0
0.011894367303263867,0.07346429157800617,0.006592482436950771,0
0.021874903910252423,0.11426700602143346,0.04843910667857104,0
0.12637886674025534,0.16048485605922336,0.14472877345665658,0
0.12367418161452363,0.17096851063554655,0.16615146762678057,0
0.05780778832829556,0.1348315788562026,0.14471006396066324,0
0.12192930385602582,0.15236274696600935,0.12588616155186597,0
0.029775632986082476,0.13463628638788055,0.07910580347998163,0
0.26055663079598795,0.20377042614849528,0.24602226579916503,0
0.015209319202892223,0.06385076710232936,0.023538027714161736,0
0.09351240845778536,0.18266850665361647,0.20576537682618296,0
0.011868808728965832,0.07831073872410788,0.019555930976918587,0
0.2214129284651687,0.19252880546839227,0.22868348404173486,1
0.051285414352779356,0.12847698756039133,0.15831962450554465,1
0.2956670864986409,0.2907704138823521,0.009019454721880782,0
0.22681378386000364,0.3710025265806809,0.03892770216817062,0
0.01509641790998945,0.05624607924555745,0.009703377691950146,0
0.15803497114062973,0.18520061720028527,0.1496544445327545,0
0.2879775554289728,0.21331455373596017,0.20798759327918512,0
0.06950773586318526,0.09443531106455764,0.052303561224073876,0
0.6353803591974493,0.4004559477811022,0.7682197427924636,1
0.006153221992581179,0.15393867747679307,0.009165886742268732,0
0.9348960184113,0.6490109442131988,0.9855675719654491,1
0.03867880953978999,0.07125552870112264,0.027282961597290257,0
0.16516592449337364,0.1885362221065787,0.22281122975710416,1
0.347922044525923,0.2250242559382366,0.35820075346459224,0
0.04558968470634275,0.10181971782486819,0.03809918539505653,0
0.0014714627374526582,0.036404227670818155,0.002237870852416395,0
0.8171227875680023,0.6561055037203677,0.7501089397601782,1
0.047142178461616904,0.17902026960610135,0.13977905653198522,0
0.012685270127133047,0.08146915891949165,0.01875780210223866,0
0.0583605696664485,0.13121916852102133,0.05938979934775242,0
0.013022289058499038,0.0632708628408425,0.007523896020700201,0
0.029797809045714094,0.07258035647789647,0.025020005806831003,0
0.15667186834714816,0.1849474658972947,0.15565936673986502,0
0.025951713300796087,0.10774788979130247,0.03996226942370076,0
0.014713481062409103,0.09147493127746249,0.03289029749449171,0
0.9479916114466367,0.6148799630608469,0.9948178244399136,1
0.651282549303746,0.5385457939121513,0.6321038882127796,0
0.1909848423340778,0.1995732137220858,0.21821794163981975,0
0.8160791516837274,0.582188173704515,0.9526616045936442,1
0.07305720448456172,0.1645307740059014,0.10688231259443338,0
0.16612173740372022,0.1892946483267694,0.230259415993939,0
0.7572227823037293,0.5738256603973744,0.9468581661351707,1
0.2035044298618469,0.22562565827097647,0.2538944600864829,0
0.0010798371444545201,0.15274781171053908,0.01875947691608128,0
0.04473293155585809,0.09188850397939022,0.05065582570369322,0
0.15435244540342605,0.17214256633313624,0.14167612255760723,0
0.019484977943931645,0.09696775529737588,0.052231767244899786,0
0.002819155481458931,0.044730853255421074,0.001960128131366928,0
0.8350833653509179,0.3918428105996988,0.6280971997271378,1
0.08100201932251742,0.15716333948579372,0.09375112724063762,0
0.019260154356248237,0.11204616202510587,0.0323915606063228,0
0.4329699671505632,0.255471853608782,0.41534676608870186,0
0.23213669498094533,0.18756324580802067,0.18919297398790721,0
0.034538176768997814,0.15257618712811866,0.09156634887259685,0
0.9670977922461735,0.7232509308844648,0.9975180105395132,1
0.1184498171511252,0.1329103626195925,0.1048303440441806,1
0.35513006810250913,0.22928592021763278,0.24179333405283285,0
0.8795402514331452,0.5263405713294802,0.9687101405243703,1
0.40782851385580027,0.2728709466894897,0.39802385099176035,0
0.1588063656864785,0.18214786049074586,0.14566533626417605,0
0.08318406900123705,0.14661729711546423,0.10420054587904856,0
0.9146030714514568,0.6189205149017196,0.9908754238540463,1
0.3514772707941404,0.2204563391554945,0.23576453823071652,1
0.0026569926803389015,0.035508870502186485,0.0007933999332553283,0
0.09486403942842045,0.14583483230230324,0.11520349386487293,1
0.0724082338914447,0.1270920231906147,0.1045435578902919,0
0.06686272763326791,0.14353873128451033,0.08877956060809959,0
0.7647368379947984,0.5522747319081313,0.76544626610383,0
0.02545265416860234,0.06625143980381912,0.02762325453048546,0
0.8665606561115755,0.5147564537926717,0.9652837956438267,1
0.005395277713472452,0.18916650385341022,0.006506496927103944,0
0.6995098675038117,0.5542325006712556,0.7325619781667398,1
0.004522235216463151,0.1590180065321715,0.010562397625240943,0
0.009181493965594449,0.05416562919933801,0.019685428587444893,0
0.049735099587889874,0.11531510423501476,0.06721996046746961,0
0.06208478235430985,0.1113753292678349,0.07400827599873502,0
0.011697863321265635,0.08345019893424496,0.010280379606711422,0
0.3690912172863272,0.23656461827174405,0.24330043081405342,0
0.19973868261844194,0.18306159904328909,0.20953648657812943,0
0.022153511095791174,0.10106643856802996,0.05022674920056284,0
0.010096793485373297,0.0818687868235406,0.015544942246717892,0
0.13765524424306272,0.16142154558244895,0.13218697519628075,0
0.029016483954548755,0.0982224406323605,0.044558775882553206,0
0.05217935556332937,0.17030764071272378,0.12066499927174396,0
0.06472251322022315,0.08125710830813553,0.038847723480855086,1
0.12328882299769899,0.15628641593042933,0.12653269760379274,0
0.041566479055327905,0.08970838805157029,0.049358582337614906,0
0.3356828030238858,0.20642826963171648,0.23404065334538132,0
0.9020779117347327,0.623247613249718,0.9776399114694497,1
0.27013763528128226,0.212664104122742,0.19836547794847742,0
0.28058573342380533,0.24025694197338193,0.29808724605592485,0
0.017922808810961095,0.06500807462839787,0.022795434427710266,0
0.045476010009612225,0.10878956640494222,0.05741289755351203,0
0.027289360506207422,0.12372885926462154,0.036014432345109225,0
0.03239235942000464,0.12297941424570022,0.06404488632071377,0
0.17617585321654552,0.18664494713570406,0.1744472575266278,1
0.07445733969007284,0.15470935800224028,0.10637125349190547,0
0.1853381205404281,0.21956171479414244,0.18160866908423962,0
0.013620809846709474,0.056709941311699354,0.007891131775090024,0
0.026233653883092924,0.0748321496526921,0.019551897233184783,0
0.02921273142771206,0.1463197943992355,0.061326900264657876,0
0.11941083062690991,0.18647820308013102,0.14787678187427258,0
0.07514940917533273,0.13922143348459143,0.10947351591562925,0
0.14372071353318053,0.17315587894990872,0.15911274907809148,0
0.32124749954188714,0.25032338922930775,0.23999260779036868,0
0.42170485695224097,0.24287813007384254,0.2610221441005387,0
0.14453077136829698,0.16200458451467234,0.1470057289181906,0
0.0179671549663104,0.04901521836146691,0.015245551166699489,0
0.11207061899264188,0.19249443945879707,0.15366041447944276,0
0.6483228144302171,0.35685096654881693,0.5858323382110121,0
0.008249484561396164,0.06258960383459261,0.003647948535448031,0
0.1044929606145693,0.12324758189174426,0.0848899095238452,0
0.3933429348753343,0.23538421554305625,0.3000750382196209,0
0.055632239285777096,0.08342350523110455,0.041181265369862385,0
0.003780445484935505,0.04224037084876077,0.003400983778614525,0
0.18405630231357856,0.18055689838599784,0.20055985286678363,0
0.10477063501721912,0.15313704746865148,0.12891433066197033,0
0.011914068938591892,0.07416317691963019,0.006905499108300413,0
0.012790154930695512,0.07844650245380869,0.011680677556344509,0
0.026520779809831797,0.14970479549907986,0.05202245558883505,0
0.24354830889552,0.22916776557363194,0.27453150823056327,0
0.020510270797105917,0.11594274532718893,0.022134938027055583,0
0.1079206182154117,0.17441417890010388,0.10476892887061888,0
0.008153257342053718,0.04095779222996882,0.004883534950770072,0
0.06558088065792814,0.1705088350655981,0.08880714278111909,0
0.08674679040195064,0.1508315958194301,0.07968929949313369,0
0.08927438559978576,0.14420841313028254,0.11143375243747207,0
0.07330838195636047,0.12204797275746788,0.09021829478795278,0
0.8911529842941047,0.5638549089574202,0.9758794522551418,1
0.1050258819975497,0.16366831543259733,0.12648093072151198,0
0.1367827750104663,0.1567994180770705,0.13033431946755086,0
0.014987344323377652,0.08185084665261985,0.016693128934198595,0
0.1660552038785925,0.1888933848617256,0.18125051807648054,0
0.14806437214296303,0.29346659750619936,0.010512589240279868,0
0.03736538914654731,0.16296718121160766,0.09010901922641826,0
0.05650067488139942,0.08282254649591854,0.0489878013689118,0
0.10783108846963563,0.15144928563880788,0.13828512269089668,0
0.0008404019623596273,0.08289993040033679,0.006614209069319842,0
0.059348435683699796,0.08719211959911397,0.05538448186481097,1
0.1075054854235155,0.15195038419019669,0.11483068131583384,1
0.22494897711315176,0.20406854151366743,0.19249629436502383,0
0.0024167903565865813,0.05074863911930759,0.00293015046991338,0
0.18674168487108725,0.18560182858698013,0.21926777802767664,0
0.009904663230840926,0.11375346062096339,0.03825485607628152,0
0.06629755047684059,0.13225618828171903,0.08162037948473315,0
0.12417257284352146,0.16614994534818653,0.12140366581134257,0
0.45788181581387466,0.2559127596766423,0.3216064239037366,0
0.05270277182147091,0.07156126209065684,0.03877117896547815,0
0.8995656430894868,0.6031429095498172,0.9907669943922518,1
0.18303345687589712,0.18757028729261033,0.1314603862345062,1
0.1344814629406584,0.16405702162947167,0.17960072904676785,1
0.09546049237625436,0.12224289921868227,0.08495603421100116,0
0.04197317222191347,0.09458869086465609,0.05231503930734575,0
0.43289105535108957,0.24295842780041782,0.31747308267881724,0
0.17029932614705934,0.22042191683015386,0.21026651891358733,0
0.0991555572176489,0.16220245475574863,0.10783368192511714,0
0.7276150282685601,0.5978967226245849,0.9455633951157059,1
0.8173693167649188,0.3954811113189943,0.5444259092842607,1
0.002058789615097318,0.03581805844711421,0.0005750743429208146,0
0.5155681091587785,0.2510314986451112,0.3314661181677775,1
0.030063770833778414,0.13167091524208954,0.06150558958939814,0
0.09242089270058931,0.14833351523937652,0.10433167105299114,1
0.18087420088207362,0.18626979620368456,0.20418519594659532,0
0.4278200859714984,0.2540134845438823,0.3490382739947016,1
0.9309114688017754,0.6944065166868271,0.9647149610780509,1
0.04169598284118063,0.1466005443893759,0.07356770841064533,0
0.05020228461893978,0.18302555203836135,0.1363249776528985,0
0.14459636701739076,0.17573320554288796,0.17956175077226402,0
0.009069129755938737,0.05710946582203791,0.007582428042838362,0
0.2880557440625851,0.20532863462584103,0.263034478291846,0
0.6701500989110832,0.5650671134610392,0.6601482444309457,1
0.10311828224222376,0.13105988854119055,0.13244523242358908,0
0.02736007343381054,0.12798152615621639,0.2039872359973459,0
0.21653840667457228,0.18447739417087308,0.19800930721261342,0
0.9277370682611776,0.6572004800009784,0.9817118332225482,1
0.17183860789952898,0.19632302365809623,0.18683412539350197,1
0.715249407882298,0.4755939450544613,0.7220319560023223,1
0.11948012132906591,0.14878311400513464,0.11648622237854876,0
0.3088080793788103,0.2066827660043786,0.2401135485517253,0
0.1593475417457441,0.15709933234119008,0.17546743098654116,1
0.004694370079388268,0.05037540973807664,0.0028676340913264993,0
0.09526205373271854,0.156523202412061,0.12850204438680946,0
0.01342299707011788,0.08635326217463422,0.02530428039615643,0
0.9495603114070122,0.6778118082802255,0.9963937712450656,1
0.2163063783602351,0.3935005437759839,0.065981705032403,0
0.06447619098610202,0.1399077352091014,0.08412005069479692,0
0.08671194596998545,0.14077297798025004,0.10409023613196622,0
0.8647224278854375,0.47124132842556493,0.9559562530126807,1
0.1804347806146311,0.19564671280231127,0.21488433449471717,0
0.08558641912059374,0.17622042972092813,0.12253369007699323,1
0.17556989234412135,0.18375345070627946,0.1689091353781427,0
0.5367496201668629,0.32218873646346763,0.3802332041902525,0
0.012763669712476071,0.0990312035473992,0.015016999027377815,0
0.024194686516179207,0.11232834477438042,0.0584581568206759,0
0.7052179661310504,0.41952405495420864,0.7304748682370319,0
0.1411118083269578,0.1662249952769221,0.1511464732050061,0
0.0035426166813037844,0.13905426954638028,0.004843567430058912,0
0.010678775489355292,0.06186405384982511,0.02018516724789601,0
0.0013754201765109398,0.03976974608138846,0.0015413024815320985,0
0.2999617763298241,0.20516360070176282,0.2083196923515733,0
0.32321921826047295,0.21447448340690178,0.28102792544112987,0
0.05369701242206657,0.11230271773037731,0.08604166171252282,0
0.26245947299847344,0.216045463650187,0.18837838839959464,0
0.04755552445787492,0.1829132160765018,0.10339401898553614,0
0.14372016141973853,0.1967840936787874,0.21774938105325534,0
0.1514866412035951,0.16426401166377172,0.1774600945116377,0
0.021052691811571326,0.10783201625111136,0.04563147967769757,0
0.40582973667417255,0.2357345999883234,0.25589376210406345,1
0.2194968565753984,0.20715785175327436,0.17106684910296127,1
0.02430694285825195,0.09655165590964263,0.0432935511142874,0
0.16842738629364712,0.17172920157689892,0.20100461481025458,0
0.049266949207125335,0.07739147508883763,0.02594466190761121,0
0.012365783765196568,0.0622210767659749,0.011738032214889272,0
0.09759410877244794,0.15381426204381138,0.1259482760129808,0
0.15812823391737194,0.188051453076443,0.18132828511410506,0
0.16743903784351155,0.17122723916412844,0.18417400691285574,0
0.9527225082532852,0.6690441914829662,0.9924936337893098,1
0.04497805768747909,0.15803227119452282,0.13719236962118822,0
0.13529842462604869,0.19183442414190163,0.19240185491539719,0
0.04267921419398466,0.08505144616100165,0.05060738681703656,0
0.2252047361699131,0.20534576180604844,0.19550419894886842,0
0.008699706740084835,0.07017853390751598,0.005706853461238082,0
0.036191005430702534,0.16363206761872623,0.0921009828047834,0
0.3934007215503838,0.24531227540584916,0.363525162588221,1
0.027824033564276485,0.05847005145289131,0.024295304521045582,0
0.30624701529665804,0.23260588750555647,0.24759227980447773,0
0.44376253114020786,0.4430024247895722,0.4798014518325007,1
0.27804673435565386,0.2290873465115541,0.22608292494177032,0
0.03854840633753002,0.0974168272303045,0.04750754153089729,0
0.025895172436657083,0.17085889984373992,0.10833080831286997,0
0.005015827347577696,0.0460317540973853,0.0026251069283843944,0
0.0030875119346736534,0.03927622499012852,0.0008035579604529898,0
0.001104746461110817,0.12314534314478937,0.009220981576861496,0
0.08914208365140733,0.2455221902982525,0.008361366929322014,0
0.06063986857682728,0.13253513323894747,0.07086678931677673,0
0.41969358664401546,0.2404700516993162,0.23041082619093814,0
0.003117836324850923,0.051686374326362146,0.0030185974640345252,0
0.13205256756372585,0.164169121560261,0.14721750281100382,0
0.03241359623797479,0.07425915270869744,0.02523416866834758,0
0.00043158182507516574,0.09159921364767584,0.008515426348895433,0
0.00985312130570239,0.059573564632036016,0.005938521938842799,0
0.2637205525893557,0.2386034779546514,0.2163808159595384,1
0.2564335075142334,0.1949868422468984,0.23559374873929195,0
0.0481220381034142,0.08963219951354906,0.05290431520564339,0
0.06407782013044455,0.13002764808068337,0.07922256368181971,0
0.853648105469632,0.5950087945100597,0.9800493719329104,1
0.41917195401592844,0.2275016919861903,0.2637462268074331,0
0.0567386636791546,0.0896633328894056,0.038873958064802594,0
0.05643573231705958,0.1607404272911979,0.11857549289701638,0
0.08978243189518416,0.11292076296306967,0.09336079901767366,1
0.0711983881262852,0.1368429989949595,0.11776194977343694,0
0.3377481380999463,0.26802040071833505,0.2975988269613372,0
0.05836064281110025,0.15144795811246659,0.12657574703054733,0
0.10444979764980449,0.18247696422701165,0.1216077629874351,0
0.7565682580395299,0.44265467218554183,0.9802472027803202,1
0.250338742821077,0.2423506747643897,0.22084592475936768,0
0.35037617549672617,0.24996834491988829,0.24367063345495305,1
0.022088483316049793,0.13217440010275108,0.046216502007636884,0
0.10374445392435083,0.16660679362015987,0.13714817599879423,1
0.03814425079124836,0.09501336253285772,0.06626101229467746,0
0.007487770363327686,0.05041595866665139,0.010539907212931798,0
0.018196217566898047,0.08246182160705427,0.02495643608956538,0
0.033593755100287934,0.06960726256281899,0.026401968085474587,0
0.30240045978393587,0.26984710188285943,0.003978759937235375,0
0.3148394294680835,0.22958876513007792,0.22916927352119915,0
0.020583949608374955,0.11813833287099057,0.039311515731190745,0
0.026130307978617377,0.13455493520419046,0.07036602077178492,0
0.01508993978227734,0.07169550975746468,0.01730365480212327,0
0.4263092593601114,0.27241828718850764,0.35802258013932386,0
0.007749115876042822,0.04921383677691724,0.00578282859028389,0
0.0014209898109884508,0.08204609087143976,0.003122709732756316,0
0.00025041865255651325,0.05007620144364606,0.0007860057419399194,0
0.029954423374143092,0.07983926426963094,0.039591019245797485,0
0.08097168874763758,0.11884805231136832,0.10130060654865791,0
0.05986855524299202,0.13617904396610642,0.09898018589449596,0
0.7793392528583027,0.5694828658610689,0.966077232523674,1
0.2512352633439267,0.23091327168216644,0.2225988251055405,0
0.07330109245806228,0.13952771068491862,0.05772485104526357,0
0.9050252808263337,0.6059406855002566,0.9887798207692823,1
0.06929587041255207,0.11113967560172942,0.07832286451630191,0
0.007101472242726523,0.059226097629977985,0.00757206102124153,0
0.11778551686670581,0.17197787781574334,0.13295709027119704,0
0.010439080512856287,0.05691087017283609,0.006005381011552944,0
0.21471464524453093,0.18606066867572482,0.1733796520384327,1
0.0011936550936309548,0.06218431137163096,0.0020763481843910623,0
0.5928005580226622,0.45372421442554717,0.5290194655199476,0
0.9826483883192705,0.7481868701792619,0.9970411673616588,1
0.0003504676518588979,0.07147928751665637,0.002329310855693138,0
0.9052676161193557,0.5758822615005533,0.9768817236167088,1
0.08361623649018969,0.16556799592315008,0.17655713475324783,1
0.1721532551278084,0.15964128333889113,0.18337570366828398,0
0.11723366967632341,0.17038694943872956,0.13275997988818766,0
0.03711640900540893,0.13798113170033555,0.08312246215739251,0
0.0008845896902410389,0.13176865431937,0.004771201855986903,0
0.005297312276923988,0.056437799989529636,0.007116609606046985,0
0.04778274271334442,0.0884248219151055,0.025503445971812644,0
0.291823315453658,0.24542193154662395,0.2389429321509401,0
0.015963336780190716,0.06297723191210838,0.026326218778483665,0
0.6014328886431276,0.4732912188148631,0.47863469870356445,0
0.17974967970964198,0.19267954624183567,0.14200128701107145,0
0.10662116120499157,0.16990167482365168,0.14627013122350455,0
0.003796781659127591,0.04408714774200227,0.002483797108392883,0
0.9216115480501919,0.6280251710143722,0.9851559752577825,1
0.0025977535531264365,0.04341481118546675,0.003002917303659649,0
0.038267045888574165,0.1619298095141108,0.07279162758564979,0
0.7979198671880278,0.6414488368147704,0.7180282970316699,1
0.14663010169301996,0.17658479284496323,0.12565383675770583,0
0.1540174982397387,0.1785990769623082,0.1412998079153435,0
0.10720943122947224,0.15789908825608392,0.16233190537860978,1
0.429370113081768,0.25650011712513643,0.3017424094401042,1
0.025572684712044377,0.1384985118679187,0.05092844345432941,0
0.07075075461848691,0.15154624793666485,0.21156137957251003,1
0.1594126191602574,0.16062310526307338,0.17951837461737088,0
0.1840588987130531,0.1880686959243586,0.19014388106447522,1
0.9724385234175373,0.6673361011607238,0.9976157206941437,1
0.01603930854677189,0.141005547747196,0.050634345924358566,0
0.05648566983114662,0.1612403033017603,0.139028975156803,0
0.3612731655844489,0.26594277236987585,0.021922791080973666,0
0.3264183728148307,0.23954546192641454,0.260711964685802,1
0.22015586575258556,0.22215039401034184,0.22880188512701582,0
0.17578595583740425,0.2020066016430642,0.16345918272522175,0
0.5260209763804481,0.29708584322048365,0.3629181012967811,0
0.7260719418713435,0.5590568165389371,0.7298793919310146,1
0.006351757105136195,0.1629742182865431,0.004059050950438796,0
0.10696508386013391,0.1131469782820315,0.09931454031452999,0
0.19564364151828778,0.18383849670113878,0.14281947034043455,0
0.025389475108685545,0.06070445655289167,0.018022865327613432,0
0.14960287356696325,0.25749372594962916,0.005679129388491056,0
0.012059523929825525,0.08697084226916821,0.023296855822876574,0
0.02814423018140732,0.1605376759849311,0.06591053833067179,0
0.0020692348520827053,0.12425181789409663,0.008070499885947387,0
0.11406799641654239,0.17606891039986028,0.16859297940296075,0
0.024057264580062437,0.12723579038717991,0.03355157951402505,0
0.047152826228485545,0.10579154722201424,0.07232494020453953,0
0.031723735957526124,0.08883860392458999,0.05651158787879269,0
0.015270400957055058,0.06934486745085594,0.03131926041274481,0
0.01886503817268047,0.09957911547013493,0.03524791303242669,0
0.12747185195760183,0.17048232054505155,0.13310137609577508,0
0.015172011072901035,0.07747195132608407,0.02258614800642055,0
0.01423726008789819,0.05095340724896012,0.019888335559503676,0
0.058666073317322286,0.10050098832710287,0.060388124737124405,0
0.021661939764761055,0.06466426201319175,0.02275032961479575,0
0.9641985174039839,0.7249011184015581,0.9934337203681637,1
0.15223552783949196,0.17808174191222592,0.2069999828517811,0
0.6382091452646904,0.5712050786184913,0.6820260215874433,0
0.0003566491258666548,0.08355004389353375,0.0027498051921891202,0
0.06047587870634258,0.1132620991485077,0.06741459868537286,1
0.24754829026027766,0.23031620794590432,0.20805940571923143,1
0.05234807821593996,0.1419144532477492,0.07293869458570815,0
0.06212653004732791,0.14329935279136422,0.10924483963467763,0
0.05173078063813722,0.0969067949926121,0.056531808698674385,0
0.0022398077906936814,0.13239358902830706,0.0066764865722119295,0
0.45068568089209415,0.2854223748451962,0.2691752150326834,0
0.13463946911624275,0.1670016581622463,0.14753638682321013,0
0.049335875463298554,0.09057363270436103,0.04855531829460425,0
0.06824568844241624,0.13462054805492787,0.1030620021585581,0
0.20964553591283347,0.2018882094944829,0.18606490753249436,0
0.12385815983604434,0.16017347713269495,0.14978030161121128,0
0.012024086578178545,0.05394233185441661,0.02067145145428722,0
0.3462667416752672,0.2222427260387879,0.28735312569803606,0
0.3092807464903949,0.2089133156920861,0.22326206045289457,1
0.10989396825765733,0.1560523227543733,0.20271713336933864,1
0.14957464359108166,0.1787790830378048,0.1944543836143801,1
0.04050182253318201,0.11713072866389594,0.07207766324075157,0
0.07243403329852213,0.17391541919064105,0.09882669179586606,0
0.2294823341730314,0.28957023959730993,0.1050512910919901,0
0.028647367383929888,0.06051095933459264,0.023069876156307744,0
0.03513616897648739,0.09198083577702726,0.05317673498983472,0
0.008605403854974625,0.06652450524424393,0.007330337112950275,0
0.47293512434727497,0.3608849265186669,0.023738838558883826,0
0.8670966059406662,0.5792947092561731,0.9434872641616777,1
0.022947281319792925,0.1034836869524938,0.05326372017104471,0
0.9663740112107488,0.7335947915032888,0.9975674624616754,1
0.007313886813973939,0.05697027067140642,0.006853555151482484,0
0.017355155285589945,0.11043786380597453,0.031966435924367154,0
0.0013240944437956717,0.03708208578308491,0.0015972123642505466,0
0.9042965454396131,0.6261664642741244,0.980259142014527,1
0.36658273272395514,0.23463558582964966,0.21965106033222254,0
0.9634174610894515,0.6493193911158766,0.9967418428754616,1
0.05555128900864203,0.10877996428501231,0.09135931009080711,0
0.1362500911870885,0.17043282192761777,0.18344428194268067,0
0.6736452829320216,0.442584797239802,0.4547532530337698,1
0.12683879636951567,0.17998563346382182,0.13973396631926255,0
0.021959430981454486,0.10297351339092789,0.05867938126437104,0
0.00022261967394667661,0.0619309844757984,0.0016125092757262453,0
0.042247567495586544,0.08919581717189326,0.04425360180045473,1
0.3287214471832262,0.2496642402897232,0.2742328530594301,1
0.4695046300581746,0.2849403064867033,0.31019507213224295,0
0.012500649363895758,0.05831279396839017,0.010390530655050913,0
0.2992166843423163,0.2308541184203441,0.17254267390380235,1
0.8463552571920692,0.6060889029166072,0.9616484910247018,1
0.019753390296251144,0.2585697884112078,0.0829347106431516,0
0.021103458612033204,0.12940030484386975,0.11040473268738474,0
0.9464815966048432,0.5974291503404268,0.9891440963053874,1
0.3438620469600649,0.21782877039029336,0.26815534197382757,0
0.010038702292646175,0.17779690581850086,0.00843648230959075,0
0.2105406803200442,0.2118033366320097,0.23662530425257788,1
0.11586157904008945,0.18096749815831928,0.12322833484589055,1
0.09235441436655434,0.12308327630770201,0.0824250119827708,0
0.09082233276634731,0.13005039073355873,0.10572704303269019,0
0.03485189737730866,0.08287733562190931,0.03647965627295991,0
0.05934857056464381,0.14421022478192297,0.09545213537944963,0
0.058280136235815516,0.20013356696220033,0.14380505767489687,1
0.8755253236695288,0.6233792185557112,0.9808721172351578,1
0.9345861081818997,0.5833031360698162,0.9907866360529228,1
0.7626992369549536,0.6306005456459122,0.8353273042161373,1
0.06839332509659679,0.13466768838881907,0.09938944052309948,0
0.7617043881345206,0.4922483359174042,0.9385903633902954,1
0.0023433596186123924,0.03909758889269101,0.001607940337088881,0
0.013941120279784405,0.07047306046639866,0.009142682016626219,0
0.3058450917856379,0.25078729414974826,0.2284274169128668,0
0.012353681055648238,0.0786179873071562,0.02146512541942037,0
0.9881030509576852,0.6812277982555882,0.9956171750368639,1
0.16157255881282853,0.17856847756566072,0.15378438660852023,0
0.5159445325109268,0.35851212927550546,0.2471679533937206,0
0.020271909293285463,0.053110437256245965,0.03484722133733716,0
0.026678504799984362,0.12125476436977217,0.03394622868715864,0
0.006391603807407563,0.047386874413520574,0.005642275525907064,0
0.5945496231872195,0.4180954452960675,0.047017890235293985,0
0.08334993616460931,0.13088866450970246,0.10298391299892767,0
0.9822687392814233,0.7035628241997346,0.9931720333703968,1
0.2415677836593843,0.3316850459545315,0.13019271580953712,0
0.35353521041875474,0.23339121958128453,0.2581854201547894,0
0.07995492409783388,0.1365933060811592,0.10061474152026433,0
0.23357365781345027,0.2331568360939862,0.31881459257799566,0
0.12884948665857351,0.16093703691726025,0.1665861399870528,1
0.7735484921394689,0.47123731006344627,0.9699804774468643,1
0.8670570054176463,0.5131179088494573,0.9406246860518788,1
0.27412425137671315,0.2060186626170716,0.14257042820890933,0
0.0370875789093282,0.15641955376405892,0.07535802734281677,0
0.01276671504326641,0.08997372155407199,0.02980788204691792,0
0.12108313692502778,0.1718582430707349,0.09932487612771397,0
0.4539678004929647,0.3027032363451848,0.3316665632797273,0
0.06699491270535221,0.1380695711424991,0.08811303019993572,0
0.27759681269154096,0.2428009364183442,0.26599116939558154,0
0.051466013258250246,0.09405038124315006,0.04560181212189951,0
0.30985662397454217,0.21665772489536755,0.253170830758835,0
0.07159420270456562,0.13866482687315607,0.075709898121425,0
0.004204810733181094,0.0459100902909531,0.0038116369043145575,0
0.012178500414608936,0.06887486388419355,0.008477161968954728,0
0.022991233809737752,0.13257413647497024,0.05979380703973309,0
0.10437203473147795,0.14297082687654522,0.10871730043809481,0
0.42460146142291905,0.28157076757331007,0.32097678447119105,1
0.9091509099404099,0.6112776896418028,0.9799197115247071,1
0.002090193985100991,0.0491941572864096,0.005745622347300405,0
0.19755606792992542,0.18264353681703233,0.18633039904630305,0
0.012362042955363337,0.06982963038744286,0.016245807408757727,0
0.042821957317677045,0.19290457520761256,0.20358590211494362,0
0.8175051750283893,0.5842514482286332,0.9375352324696863,1
0.41420328129757317,0.2746528130164565,0.2587347911716633,1
0.017180251112538472,0.06381530804105268,0.022364839670736977,0
0.032146200896966806,0.15109504004496166,0.08254510142233179,0
0.012742526768920525,0.05656191556454376,0.019492003971763837,0
0.12509692963942742,0.16362400878636885,0.14518922447796076,0
0.02548573475453836,0.1429199227218013,0.09040234872786657,0
0.020359760973055977,0.10164794823679879,0.05010331469939229,0
0.13099590716773454,0.17052208084774978,0.1375907466083328,0
0.4483391521530767,0.2633156835235963,0.31258309599626866,1
0.09645398286924697,0.14359109429914899,0.11720830647052824,0
0.9508316659122638,0.6348335948330588,0.9974942186515152,1
0.03235832944973771,0.15184605890825828,0.0656648041708621,0
0.017902126809552516,0.10506951548895764,0.02655162931234374,0
0.0012556814880750069,0.07446709336639445,0.0037319140709590015,0
0.28720453145175895,0.1967881302702293,0.2229859099930677,1
0.891068022043646,0.6698894549267932,0.9486695080218482,1
0.009074129452390292,0.07000994784746344,0.004471683996604173,0
0.44476560089319744,0.2628633667190045,0.26592010034779634,1
0.03956291967712219,0.1499239764734262,0.10773896322483557,0
0.1081968628230723,0.15590649549420643,0.11270191030695739,0
0.08253854174455358,0.13444143346212303,0.08173164162543725,0
0.2391432050151407,0.19750488657708778,0.17397083932782179,1
0.05053752695663831,0.09008945510182612,0.06495771385665368,0
0.042616115680808954,0.09511557095252374,0.05842191541520057,0
0.009518831121537794,0.09824770321749306,0.015577605229885803,1
0.06628659727669797,0.1065671793431073,0.0747272984185681,0
0.002577788548965587,0.03642610182429828,0.001554708369741775,0
0.013815432199073092,0.06758345801964932,0.018149751581184134,0
0.01208551693777332,0.06138728095995014,0.006546191952399671,0
0.8565804913225314,0.5341623770511363,0.9754440929429721,1
0.04315425807519352,0.13552982843578285,0.13071847713131576,0
0.09552490222880554,0.15584215190048042,0.11321358464302214,0
0.057084098081930996,0.16500505464370163,0.11273632202726513,0
0.14128455388061323,0.18066481513498073,0.28766204021418257,1
0.01846773141592178,0.10940051360929992,0.0649525542845661,0
0.040821860778253616,0.0806397172394582,0.036954402779716684,0
0.004374602489636947,0.06545841172249355,0.0032663967393538975,0
0.10483809854365352,0.16130112051108125,0.08979485320513451,0
0.05085140887201568,0.0793807466453558,0.037786442007614975,0
0.027827063561109786,0.10284638703152096,0.06401496343433989,0
0.0679420071321668,0.15521405155398393,0.12800760313446854,0
0.36670518617926107,0.22762422247301708,0.2922961069154519,0
0.029610186469223674,0.11486025209098943,0.05151734852201247,0
0.03178370829945398,0.10287947679270039,0.05879231871036287,0
0.31791564720397025,0.24364048893604281,0.2573710096294476,0
0.07593439561597135,0.15322954262249655,0.10585316913393848,0
0.002111488574900582,0.04019306711842469,0.002782983954456599,0
0.03385732525984158,0.141103450857845,0.06115798252930571,0
0.025487367044672624,0.06189742956081519,0.020327887694249074,0
0.0035246658290120103,0.05803224343733527,0.0023571443801356567,0
0.028877002567484624,0.1473183173693012,0.06757783496088886,0
0.05682084849122551,0.1153105477008824,0.05716295280697976,0
0.00023656735892296297,0.04833492331426409,0.0019983278849651648,0
0.07597638572403284,0.1334325151722567,0.07850665217922775,0
0.2795084477507234,0.21532171502579453,0.2499739050404877,0
0.19623090050127587,0.3465466661058836,0.09218922760316199,0
0.013044903362310163,0.06819943071176239,0.02289706067002615,0
0.8878798057923148,0.5040387945901733,0.9681797584771413,1
0.01785415307920515,0.13743432257762433,0.05410974684996703,0
0.910561726311252,0.6043695318078364,0.9894642230717993,1
0.029766840062261025,0.10246392327089325,0.04828664134228959,0
0.17669544579998167,0.19439323056797192,0.11976096129103028,0
0.8689026897488532,0.49028885361221636,0.9723050444889377,1
0.12633615317591504,0.16944139675543046,0.17839790104939443,0
0.06286211479635291,0.0928517621002465,0.04659311324946266,0
0.20978695243469334,0.23441437647932903,0.26382634518635106,0
0.9605343389285984,0.6473702963700787,0.9937058471864236,1
0.9466540831991939,0.6314110480433488,0.9882283882080861,1
0.04343079931714877,0.12419771661691316,0.05244427619827923,0
0.14845703894318857,0.17057383599273884,0.14898098512648586,0
0.024716236386330873,0.06398989335740878,0.01688510104763781,0
0.0018703114842065832,0.1423606452497581,0.02082549476128932,0
0.025297047130472403,0.06421163978203279,0.021545729829880553,0
0.0035069798195847502,0.04937710715514348,0.002211267440664605,0
0.2447308059029003,0.19578942185001494,0.2717304661287577,0
0.8384970319307512,0.5008860242514932,0.9850788305914793,1
0.0033025238648072023,0.17239277804759173,0.008636844120060097,0
0.003100741798233759,0.039720932282386455,0.0030581149697379694,0
0.049222444887277846,0.12599049780967522,0.06779101207020298,0
0.8070361562536446,0.5466763439465072,0.941321436634362,1
0.037217397826556,0.12987887791432726,0.10961294408955422,0
0.6014954137837111,0.30379529018262535,0.36474076803982225,1
6.915195407444303e-05,0.038088954673273,0.0012340372769350505,0
0.3270934930041772,0.19191968459347478,0.2463470664238291,0
0.3745452644122971,0.32569610556322215,0.15161723672934466,0
0.10802026976971343,0.19515316980627923,0.14541935826687483,0
0.6529955703051735,0.6160694122029203,0.6471990184379007,0
0.13230464781276868,0.18874961407113097,0.11204623774640005,0
0.009761923534651508,0.08472548883735252,0.01586102271462964,0
0.964601302191429,0.6738633574199744,0.9957450735996386,1
0.04267048996079712,0.08460828982687314,0.04187600745296126,0
0.010014913184163653,0.2038612604731708,0.07145483329314914,0
0.02136210296680712,0.11446884284465975,0.04098422998294788,0
0.07320162723620283,0.14122520307419523,0.07346312863098102,0
0.055515905769575456,0.11491269948207751,0.06811814278789392,0
0.0348651884473163,0.06923103947278997,0.027333938873842754,0
0.8483361023843506,0.5944225825162899,0.9641775603010067,1
0.35620925943750664,0.22789997016550395,0.2587828968625762,0
0.18924815874831963,0.2072912008203867,0.29057644220219037,0
0.7977634109577362,0.5699813803306122,0.9533270269109295,1
0.01577954411899551,0.07369985110891457,0.007271765893077372,0
0.17397287658064317,0.1812339612254398,0.21455735621874553,0
0.9133590135500291,0.6349341110677356,0.9895153318533706,1
0.2578482532208886,0.20266708077655374,0.2418987911016235,1
0.1766068223400137,0.18429889969880286,0.1369818006061893,0
0.002564262961972553,0.11970139004333562,0.004214910035958511,0
0.759999507744217,0.3960603338561908,0.6736558584105184,1
0.025898152320336723,0.1471429477166515,0.03794902362222422,0
0.8245912307847637,0.4424519328787673,0.9821099707661437,1
0.02999506289194008,0.13460296390741663,0.040227315096071095,0
0.021657201597081385,0.07992663222551477,0.03084014836936852,0
0.11369209709323481,0.17353905146285734,0.12595140123751364,1
0.013134368372083673,0.06729695501323936,0.011758559711624107,0
0.18183681696597517,0.21682477569330819,0.18561860540058242,0
0.041842088552584554,0.1548780405694877,0.10277227657042351,0
0.06356094784183314,0.1472515015126812,0.15733471057870124,0
0.011618883467381177,0.07848511551600523,0.03204965957994301,0
0.9257336432621708,0.580473243525961,0.9943105303413166,1
0.003776208627362725,0.15446048249481428,0.0059500668069569695,0
0.14172308722400143,0.19183912151897214,0.15455396400215476,0
0.19132936561321795,0.18596113764072694,0.18574262665689556,0
0.02858407782541667,0.14083221811712665,0.07656455912266658,0
0.0014468161551469908,0.1810869408174188,0.019797057337394126,0
0.002963901096380308,0.04938151548520661,0.00329565058135849,0
0.03969283683201969,0.10097677801010005,0.05676073886595512,0
0.10436674190979917,0.15401870908680357,0.12706581756296767,0
0.2017179893526924,0.18122717503806127,0.14400808782021826,1
0.0536714043148371,0.10244836740219974,0.05360398688330157,0
0.12087788866258048,0.18194551409298015,0.20161014332183508,0
0.012684617259110036,0.07084869559779733,0.0071654497815846156,0
0.013003115090354149,0.08860093865368894,0.030314254780959733,0
0.009539515458669164,0.05582438630256515,0.0033620076255942623,0
0.12960707587573117,0.175352409294844,0.14299903745863213,0
0.9662115471808884,0.7035966394505976,0.9918856233728469,1
0.10337837141979407,0.15001901589798772,0.13137593534965278,0
0.09563169335711698,0.10398199761165666,0.0948882749782134,0
0.29091190182325977,0.25389908288030666,0.23967562773891304,0
0.024876973774487814,0.1392861842703827,0.07539113311878144,0
0.08697929011790428,0.11605428342521242,0.1021205726515396,0
0.02196252331199349,0.1089541876232131,0.0503601186390982,0
0.07473817210601254,0.11983312185868376,0.12401255878759103,0
0.7578448950145351,0.5526542840304862,0.8190234512894943,1
0.09574907640056521,0.13740442022180174,0.08151731597094065,0
0.09500001014956622,0.19169880420863916,0.11172867016073185,0
0.17964639217465028,0.1882249371716498,0.19304397905329204,0
0.07873880930274843,0.14702096153509028,0.08588372574147993,0
0.1646807013385574,0.17577412889914576,0.1546597683907559,1
0.03676966816917031,0.07999510301331762,0.04941751037271303,0
0.01271252382384869,0.05519458824426818,0.02322641520347093,0
0.09983207903877692,0.14938521165952828,0.11389761305463546,0
0.05440398580060249,0.13178225851922223,0.07085907104769762,0
0.05789197333673766,0.07152462285630352,0.04537604659207064,0
0.19951890222560764,0.218104121779661,0.15796063728459953,0
0.05487514235625416,0.08618029453051408,0.059044665601195916,0
0.5208553706454687,0.32733348682259283,0.03363336562346109,0
0.00866678078524442,0.05311290681766958,0.0031753749271682275,0
0.008928657420504074,0.08433400153596828,0.014065369452099992,0
0.1320645388389373,0.16737244915108826,0.14166163766028708,0
0.12574852291858152,0.1646395608209809,0.11659341009066676,0
0.0024042625166611382,0.15862825478445178,0.02277298537854821,0
0.8665979062888526,0.5677795148145592,0.9546669822100561,1
0.031537725709104625,0.13418869364411476,0.07536153101126075,0
0.00746511630768568,0.046976584088209254,0.006912339867612701,0
0.10283875125497449,0.17648198195439924,0.08299276451240166,0
0.04845288787252333,0.14402070538282674,0.14569114033033462,0
0.8000628560821645,0.42561470075411245,0.6533347225938066,1
0.00029729006358911533,0.040957192370669186,0.001538383446252935,0
0.0025244446821084967,0.03619597678138953,0.0013028151075995772,0
0.14934777944652064,0.1804432812096642,0.1678311413458144,0
0.03257740258124201,0.1525838186029261,0.07716161510888302,0
9.173773350027157e-05,0.03827257131189315,0.0012928707791442166,0
0.027817967569488126,0.061950492201591364,0.02085584963751532,0
0.07766890334248701,0.1177379328839205,0.1052895953383663,0
0.04974806455984842,0.149988028204078,0.10946239820773317,0
0.009417884778868192,0.051162293107222305,0.005039279451833396,0
0.37279710823738693,0.22531054875619627,0.25735217922339443,0
0.02641793939989924,0.12970208428647165,0.04968183775860905,0
0.01467074082909777,0.07873654737950615,0.018048780683769947,0
0.9220310935921638,0.5907613888600949,0.9828444551985642,1
0.33772015895222945,0.2307374258441763,0.259922024688072,1
0.22905042849811738,0.18442691104641878,0.22929015981195416,0
0.07240394784970518,0.15661282186850917,0.09006984022882146,0
0.01592469474247545,0.08536521344874741,0.02451602003783898,0
0.061474989721157586,0.13064271422570778,0.11815039824854985,1
0.15094078410975018,0.20903409618805183,0.17913347601100843,1
0.7610076187743446,0.4566732853651724,0.789675013011789,1
0.08826935008635484,0.14626930547358602,0.10275087010566712,0
0.053947404588643104,0.09622515548331508,0.04840305383421763,0
0.05186165244863866,0.10734516218431252,0.06049865859521961,0
0.023229277974933373,0.14680836867978994,0.08416998723223769,0
0.4622740946517223,0.27932959571387384,0.3039837565048254,1
0.2513276308661308,0.21171274761676742,0.227307581533986,0
0.2946584129148493,0.2094409764017177,0.24306547709570583,0
0.2382469041959051,0.22343855907227933,0.013563562477252556,0
0.011903430446129648,0.057644641764000866,0.006455899939122212,0
0.18295105878221968,0.21174974454709264,0.18764356501242302,0
0.03939551368237876,0.08956863844728825,0.05778777223250939,0
0.1083875059461354,0.1889553870771361,0.16100285941707407,0
0.16605053523688998,0.19865161756576927,0.18092144967669732,0
0.6364684685633266,0.3767891181339866,0.6127793183618406,1
0.04717315683333355,0.09165184715007825,0.04991341479924021,0
0.16444248527504116,0.1889790488159745,0.2054095819743773,0
0.4355438134098983,0.26494618089732536,0.2312704171967907,1
0.07353178472139198,0.15889621827217787,0.0727316213467554,1
0.276850546909384,0.23912974277639593,0.2938319850196231,0
0.1261091214084192,0.1678347570004971,0.10666500174454913,0
0.30686081401479437,0.20825770254192977,0.2465615491973026,1
0.14047253733126341,0.19239657181555744,0.14772327817173705,0
0.027033386582690076,0.06596716481538882,0.02241780313939264,0
0.25020172121817996,0.2145395614361673,0.23587199167652825,0
0.06854256839534549,0.13918552156176464,0.07949128919410899,0
0.05424187925157504,0.11250298104577923,0.07832451122816153,0
0.1504458885437473,0.1678582929771906,0.20582828558773966,0
0.07746979196963981,0.1129000769600989,0.08511299994022822,0
0.0020530838338319716,0.04283093393890835,0.0031922777930083464,0
0.27537578939236407,0.23458133087578004,0.19873176094240674,1
0.19262742792494095,0.2181145435277329,0.18862641633604246,0
0.08355306464988793,0.130864798280575,0.07721969468681812,0
0.030617899001889177,0.1084816554486989,0.04565896287916248,0
0.17940006203434344,0.18937567916971237,0.13505340662052104,0
0.08257933188190905,0.1115257487653329,0.0956779996873717,0
0.8975423383991726,0.5277133519520344,0.9764636964060266,1
0.03741469933090316,0.09031149874936908,0.05728337282964676,0
0.2074589015061594,0.19097923995866437,0.15802664644544798,0
0.031992814569366965,0.13423768152124627,0.058097889935148764,1
0.003933135270385752,0.055073565801600416,0.0013749675062756823,0
0.009631858314448946,0.061547807876115475,0.01052487523744991,0
0.16236029096447022,0.165172788820403,0.20739900764159588,0
0.19068429443501797,0.16949355834303317,0.15435663842281566,0
0.0028364826393843363,0.050715219971196115,0.001880393022986933,0
0.07675507690475118,0.11576425662851454,0.12975270569865519,0
0.8397041404989072,0.6005025177806687,0.9810377586676277,1
0.20878487091497652,0.18793744251428599,0.23005091806288233,0
0.21515794628289714,0.2134971839317638,0.1806310788207919,0
0.02143714739179932,0.06336277775817226,0.011010597713642245,0
0.266445012614781,0.23353271343741475,0.31214234788463574,0
0.052473221734999506,0.17143757649046265,0.11563572597220584,0
0.005606369087413385,0.041120959503095515,0.006884463989472995,0
0.007432320463686274,0.05998153709329441,0.005795076037667101,0
0.12238917027025255,0.16607620090251657,0.1448079638896436,0
0.03087382280387899,0.09826657993043722,0.04449858725529899,0
0.1210473316692554,0.14005226273892737,0.10098284058148596,0
0.04768568211408493,0.1333585548675097,0.07206697608683739,1
0.07864911040641145,0.13488380939940478,0.07847720427382054,0
0.009970079782228572,0.0576603452538796,0.005709517254140031,0
0.034842882565536575,0.10346051843938356,0.04321999530357377,0
0.09310028876911862,0.1714123187679375,0.222630331459023,0
0.20243514896762127,0.22328940474534315,0.19438468541527093,0
0.7025383250986629,0.5592294794737671,0.6502293022321225,0
0.002658623284619625,0.04238981124415041,0.0017860602830850126,0
0.02062487506317234,0.10058787189711922,0.025183544953498803,0
0.1321847237006085,0.15946349900259876,0.1444791223786804,0
0.06690767653113477,0.11911481967189225,0.1156666423445399,0
0.1361734382509043,0.16164714293090604,0.1323878175405243,0
0.14531175332402607,0.168094032200604,0.17157995631034892,0
0.19041306801701938,0.20344854112393138,0.2556062360788513,1
0.0002084313115832562,0.05220075372574109,0.0026466699281245073,0
0.556972514964814,0.4641160277192124,0.9444504584076681,1
0.028475386119945753,0.10172547055910423,0.04684579134266257,0
0.5137789510179681,0.5647545669196528,0.6591998059100251,1
0.02958758281498771,0.09656590481770401,0.030588725912800686,0
0.041232224580229924,0.16482828890894846,0.13357625431034273,0
0.07332666264558026,0.14065810633922488,0.09811052037107154,0
0.02111178872996462,0.11184385833326692,0.014675591182247165,0
0.3710974439855356,0.2588187458385478,0.2640728418301869,0
0.061284130338813345,0.10743026299626646,0.07069952840924375,1
0.2029587481157945,0.1988716321106238,0.1948130442747005,0
0.018901879708740067,0.09640022593954481,0.033121557841912,0
0.7028467564517037,0.6386228357290571,0.9638224679722057,1
0.8072213069355403,0.5761039744006643,0.9562656916093472,1
0.4942765873553767,0.26500429213502874,0.3477653709063104,0
0.0008049155700356562,0.06406334995861644,0.0032165681590380175,0
0.006149119282448202,0.04200737251283441,0.0034372463586401295,0
0.028040826834392303,0.143940884194034,0.05431178805440709,0
0.12423814717241968,0.1859697099619104,0.1824303673865133,0
0.1782910844243913,0.18247296670346824,0.22653202906041975,1
0.03624183608260953,0.08570926973710868,0.026359263006137047,0
0.14077964476457902,0.16719985366954448,0.1108361347676577,0
0.07221144777147107,0.12406378153846356,0.10732007311298968,1
0.02237673138184256,0.12285146201842288,0.03625114934843721,0
0.11011518159712334,0.1646879934152129,0.11323104109898618,0
0.15673435165155622,0.2010774738502898,0.17950841625536598,0
0.9270348355325863,0.6420841294664945,0.9887016303417147,1
0.2172421279176217,0.1872017809144794,0.1902605500867856,0
0.007971361313494164,0.057870250580889064,0.005567919978297314,0
0.036871280928533416,0.1694492947838803,0.1389362670050133,0
0.4732813296906564,0.24371271604855524,0.30056149050739905,1
0.0012633256652232992,0.1367283822336263,0.010602922688024846,0
0.11669137029296679,0.125533097767993,0.09017651349992101,0
0.3177013538233235,0.2313688265982873,0.23527651945474018,0
0.0850203499647632,0.15641674457628954,0.12452606288200445,0
0.23345739114448893,0.18071861609691567,0.25743446959946215,0
0.008597796670766855,0.046256536715559605,0.007302264132776329,0
0.023962777803475298,0.12575297794474513,0.04186437485534077,0
0.014249325425243858,0.07865938941139552,0.020110404871121833,0
0.6646878765098743,0.5242191504283846,0.6632294392026744,1
0.015180766139894592,0.0570273502119131,0.01834800721982484,0
0.0010055704551983184,0.14024877804066296,0.00715677858664173,0
0.13346212192525833,0.16973462257315225,0.1520249790463554,0
0.9516315683248461,0.6815788508420388,0.9936263677452344,1
0.028645910177075767,0.06728286194986786,0.01883934173633192,0
0.017043173201915077,0.07301124554325691,0.02667793296081406,0
0.6858298248771986,0.5242405159816116,0.7066411557183537,1
0.45049866087901713,0.3530203613316092,0.043511780771082864,0
0.20366023928631455,0.21406715052144917,0.20826610545008573,0
0.017776263907324067,0.05515001609615571,0.019552208458125865,0
0.14337631445249202,0.15573912896358394,0.13192027715981147,1
0.02633884767004939,0.06343786174047543,0.02088157049882484,0
0.0005782527010994994,0.10319145961197815,0.007917873006352978,0
0.029917961802244816,0.13245737890628365,0.04416929260823943,0
0.10330589128823033,0.12013017469606897,0.07736361410800771,0
0.8565536707427236,0.5006560375633421,0.9519142081734195,1
0.8176395864921541,0.617964716133547,0.793336415948027,1
0.001121694637132399,0.06747629772719463,0.0030436264495540388,0
0.11121971546289246,0.164406758072257,0.12419125302955576,0
0.0022937966636059604,0.04135521402117169,0.0015047994506066865,0
0.08574695858741574,0.14594906732025348,0.15964339008263317,0
0.007859107964750986,0.05213992823826154,0.006296114655932291,0
0.028065693943807247,0.13489294729191456,0.05903320471224956,0
0.00765036458419875,0.03862599519432801,0.004212604854494858,0
0.9134153276021354,0.5712197449437847,0.9767121662671272,1
0.0008549125913259371,0.06193636427634568,0.004134074097264508,0
0.0981249876299631,0.15373400705429052,0.1306639905679873,0
0.01966235148877776,0.1161320451784022,0.044291216710144576,0
0.008874930115752721,0.05861936292097855,0.004973930959925279,0
0.04555844046420258,0.137139417103032,0.1450019583109595,0
0.000572390628123959,0.055378282082492375,0.0037654930206749136,0
0.17720794196674922,0.18612814043208406,0.2247452458472008,0
0.24330590563803345,0.2285158677576253,0.20193704155680833,0
0.04649131217312098,0.08503882294548809,0.053812156024137255,0
0.0005620138523786136,0.10899511126168761,0.008728761980393043,0
0.007511059797946793,0.05750588645811436,0.007387040164084461,0
0.02670089408482466,0.13066599215262292,0.041677072401645414,0
0.12154382197430727,0.17518495849636784,0.17193714777766034,1
0.056478622082002876,0.10932903617219321,0.08765288864551156,0
0.025981834256159114,0.13748069041693148,0.06672893459924582,0
0.1699112288832873,0.18606543311637153,0.17552758526426018,0
0.3059262396640617,0.21456010918296362,0.20341819163011315,0
0.23754853205067147,0.22903333415841545,0.24907151316050602,0
0.001870517234189787,0.044337038004827016,0.001936658849200977,0
0.012669100540817085,0.05349890296221829,0.008081372717913832,0
0.10259381471705206,0.150610535047775,0.10479429473467136,0
0.02529792074946569,0.05311120552898568,0.03721287995081835,0
0.20335402959913304,0.17926741509483643,0.14807427047066316,0
0.09174441260560472,0.1531468292144312,0.14410339936344987,0
0.22242493821594234,0.20282564068721962,0.2015934822087436,0
0.9201412790858019,0.674457894504115,0.9677236355731218,1
0.03683551289818039,0.16981111870293292,0.07191861908902435,0
0.24208484507544026,0.2105495699119063,0.20714538344366198,1
0.010514478124901265,0.06136745683135408,0.006085873106418394,0
0.18651895923453948,0.17904066145002395,0.15323507470909412,0
0.026535453560789665,0.13453594811474676,0.052966972279211426,0
0.6135098423269675,0.4929205677873628,0.5281502338201887,0
0.18491642946285394,0.20252864813474422,0.23073876051288278,0
0.28644451762639284,0.1991259953685118,0.18625578612039373,0
0.7234215534083968,0.42592004670812494,0.7413144524646113,0
0.1976715173892209,0.20348780486194307,0.15434473990180672,1
0.12809143238549164,0.14925324929626133,0.10519674366660693,0
0.0019999938974233477,0.040132901722773576,0.0027272359301715246,0
0.01283992885141567,0.20646103795074341,0.00887699673800514,0
0.023256454047262485,0.1042699437068831,0.04766810184685314,0
0.17597554595627596,0.18744096265622487,0.21060304073737926,1
0.006590620715457408,0.18007023253255397,0.009305239788826417,0
0.050605189100242046,0.10723115668710644,0.08332386731755502,0
0.02934151299928953,0.11935473853095216,0.057158365331268675,0
0.07296667766121084,0.19415759951251443,0.31710189205735095,0
0.011204782779250034,0.07732810214587796,0.02398112106479743,0
0.03637106807000882,0.0815579312058231,0.030127137063789892,0
0.008258458425536162,0.06971910348776249,0.011300587153296897,0
0.98261451808827,0.706096301251162,0.995313947101635,1
0.016175036748455898,0.07152337319509304,0.007749533370128631,1
0.08763985313913494,0.12304306148093916,0.07940654772947381,0
0.2794136235938386,0.21823550614885343,0.21489362233632642,0
0.05863020980216398,0.10048256109671358,0.06352844079962618,0
0.05241241563720442,0.0828661690209934,0.03550791792810564,0
0.013991249240974729,0.07110234851141198,0.02126124878737146,0
0.31473533493190237,0.20205737996778783,0.2140023871240309,0
0.112411706576108,0.17488139410356254,0.14169063220390207,0
0.12126017085498302,0.1750926584688009,0.19226368456634324,0
0.5021811967897133,0.3740977641291915,0.18887068125042117,0
0.5642422013351489,0.2927415355248615,0.43433339674747573,0
0.983898152539688,0.6588433216465028,0.9981412553643534,1
0.24609132244442158,0.22244929348761122,0.3209129447668138,0
0.3515816221852982,0.23639780963775966,0.2497923996415117,1
0.9729743408342463,0.7131691119420869,0.9974178242182593,1
0.12690852148409246,0.1931565563016205,0.1540079185039573,0
0.06318650856937616,0.12505716281181492,0.0706604023064932,0
0.03625954788991944,0.12353030745343696,0.0826297139720349,0
0.1284920203766735,0.18900696359021835,0.10728288747944471,0
0.04567257506287393,0.18425890341556345,0.17755811729094434,0
0.026406788917929535,0.07181860569587693,0.022493844114563448,0
0.017695154975042468,0.08018284369428956,0.009799079110798796,0
0.005825213250375823,0.08028620681042738,0.005672421723999217,0
0.18524646358974226,0.2004093259705602,0.21278830289060652,1
0.01333045905303813,0.09627095953581168,0.020596849200850458,0
0.37391902926470044,0.23982704324726734,0.2479976834325582,0
0.03971862497961592,0.13099919777008273,0.11039683396493825,0
0.16316023522592243,0.15712056849882527,0.13650550141956183,0
0.48868155584789125,0.22898392539977652,0.25191082215147953,0
0.04132832972852354,0.09286160444538269,0.06205186487886693,0
0.11375074208026312,0.16074643355272536,0.1315596054840009,0
0.022896757243524045,0.23347960448782457,0.03217906806260037,0
0.004950506842117005,0.05008280093749447,0.007766962237842423,0
0.14502212159418235,0.17288271518307963,0.15202602441858915,0
0.049274282246679825,0.13830172810926092,0.07443738380015975,0
0.12027652478065282,0.2705454706239389,0.0014120497363396673,0
0.008376174234268943,0.05053152669451294,0.007290251067993544,0
0.039699664218778075,0.08971335621313166,0.040758485500423894,0
0.1277322566265537,0.16141242376967246,0.12421462322972471,0
0.04969774786060675,0.07744744119722076,0.02331728522271564,0
0.22446780587718823,0.21410083859831308,0.24129307117752224,0
0.07797833625837682,0.13971421524099187,0.08340051208536835,0
0.1700755310041071,0.22375193165463803,0.18722200050818963,0
0.08347475046846119,0.14401334651810485,0.09285711118538516,0
0.02556905695723832,0.1117477630302977,0.06135661841747875,0
0.2991566658584211,0.234005453543394,0.2575892715204509,1
0.0100038365702468,0.06680767012624096,0.0036203522416292677,0
0.05902933542394894,0.17553380050780718,0.11406456328027006,0
0.05398545664735368,0.1562712927114421,0.11615793912600197,0
0.03431255869220948,0.0838087264496705,0.03852840971085528,0
0.822655637318252,0.4108211915147384,0.6282919747090142,1
0.16962481213452868,0.16305653380531204,0.191743985543221,0
0.4382078541751933,0.5651544655784657,0.5070009474300257,1
0.010061480422247457,0.20212143853517311,0.03177848126636877,0
0.25430871229963464,0.2276072021531785,0.2533035759818699,0
0.21397421530116334,0.18017741692874348,0.21423755273932624,0
0.03509763607758473,0.16127610881364565,0.11543671525760218,0
0.33967657873379753,0.23032806681333967,0.25607716870947106,0
0.6054355550126039,0.4962778616250408,0.5095373115476011,1
0.33298668517288876,0.2217381626753625,0.27158487278162474,0
0.9629925478563482,0.6462621767740663,0.9911837051128056,1
0.1931569013774863,0.18152484470619723,0.17441626528129334,0
0.0008970980178146685,0.033109935786001285,0.00041943952064960754,0
0.019612324384474397,0.06791474228696327,0.018595841910719214,0
0.8820073621029624,0.5842387112307214,0.9741182050370534,1
0.08584954002936382,0.11903345472908748,0.10479902580846452,0
0.17717746699219403,0.1934359662851595,0.1608899846790185,0
0.18900689901535642,0.21864374127337022,0.2396484542284207,0
0.402818732448717,0.2616334449131008,0.2979353239599081,1
0.7792144158157379,0.5429595995096319,0.9448849829117955,1
0.05028388398938729,0.1984618055281439,0.13235420885404633,0
0.14711424999796574,0.2036728711846176,0.16688870293828054,0
0.005143525578088366,0.16970564931460067,0.007796498447511593,0
0.005957234035698673,0.1774495454837596,0.006523782017590237,0
0.43468964714198033,0.2621140648036171,0.2752819422169464,1
0.27281383370629697,0.2799689745422095,0.08355327740230424,1
0.08689927425150247,0.14405319735531708,0.09920726694529045,0
0.04364008007397609,0.14953869947915197,0.1296832680064095,0
0.012189353330824514,0.08394050762165589,0.014758952021272002,0
0.7899754530813002,0.5329419271681803,0.9323063004275829,1
0.015541828719077114,0.0559558808669674,0.01994056638080051,0
0.44630331456405237,0.39122126999178053,0.31969470436904285,0
0.005302212555034178,0.05421158722326352,0.003307291418834428,0
0.31495488455430304,0.2491285931300335,0.25579339686671876,0
0.0715492892969529,0.09873328416432879,0.061706670048607574,0
0.012179778506762558,0.046032150598510825,0.00962338672922881,0
0.13073239381691895,0.1765064821628083,0.14620569348779242,0
0.18738357949691054,0.18917674712440258,0.20156439119549815,0
0.08896145406950765,0.16143323796596742,0.08327100129212577,0
0.01717954063918708,0.05905683194727483,0.023389736569354485,0
0.9517741210905623,0.7016973222024314,0.9883504838336702,1
0.0270305015974396,0.16256928912282495,0.0446154769600416,0
0.006728150201973099,0.04013455482964697,0.007370932599576452,0
0.10069182750895818,0.1492688011371177,0.0850947409725097,0
0.8843689810269224,0.6301773327933845,0.9059914939377175,1
0.08141389286128578,0.12186861925265081,0.08965768335039737,0
0.00796008896469707,0.043174016233340544,0.007072218508458061,0
0.0516118140882326,0.18262212518993198,0.11676805183814286,0
0.010569086018975049,0.20191476535361857,0.05229379962740069,0
0.10528359830540326,0.15752537387479795,0.15011813405260582,0
0.07661278766851368,0.15717791160410444,0.10299709878721672,0
0.001083572332403584,0.07158425081311753,0.0028022602369449177,0
0.06422555290156808,0.10367021309291102,0.09496151771545827,0
0.008931265641904428,0.06326096187680659,0.005446195844961453,0
0.043857975801893656,0.17016286138815861,0.12896809011738858,1
0.060583013656234065,0.18151550544594355,0.17554796336893294,0
0.025746942882717148,0.12977235299494624,0.04392971757536772,0
0.03798328823231926,0.09584229635746992,0.05762729301792545,0
0.0543903009058604,0.10087551876789905,0.04732748570494984,0
0.22543753984767997,0.2001192785443587,0.23718536916146554,1
0.15772633811324885,0.17206155909170873,0.13259454840717202,0
0.007649903106638932,0.03904656964734077,0.0044307551875626605,0
0.03657487268557856,0.10379637354920548,0.08155355394912735,0
0.4463652992805775,0.2792263842771018,0.37304191918317126,1
0.33139200247930445,0.2297245120757875,0.2399077471744611,1
0.06752151213249566,0.12653253562943018,0.07060300520323619,0
0.028881066953567184,0.09596922672005495,0.05678049676183269,0
0.0693889860355372,0.15003849330581703,0.07592808110823904,0
0.9861267141630798,0.6961478627166919,0.9955370973737586,1
0.12276111640532325,0.18862271208680653,0.15581464428853037,0
0.04087366314349953,0.07031233812093216,0.021908482593283513,0
0.03305690480386673,0.08368372542609692,0.048348895707762886,0
0.007247509581507981,0.22025579639232717,0.010091612372027875,0
0.044187041253954264,0.10727580824325819,0.0766176531366834,1
0.549763952153806,0.48140632546761464,0.7018646045351409,0
0.20400590203321667,0.20387569379296086,0.1614529887237413,0
0.018164985437256014,0.21000178733774638,0.019370537550025838,0
0.987992599443472,0.716346541157302,0.9952290824062585,1
0.10045675748961606,0.1624753390739748,0.14324820924398604,1
0.11963203801023388,0.1743491537223528,0.12230505036166811,0
0.9340754213709067,0.6508429398047108,0.994319248562708,1
0.00492088620716315,0.1529247213615012,0.0113539123206843,0
0.005902170256737514,0.18858191523162826,0.00832376457047871,0
0.003399455879255892,0.1498730388671679,0.006674092979008023,0
0.17629679827595293,0.19210221122327814,0.20302231098378648,0
0.03351248367925905,0.14812898169768704,0.04330924325334658,0
0.011110341382830204,0.05148417397284709,0.017848430671803462,0
0.9666004259841582,0.6780264536956015,0.9944375202582902,1
0.16589369325470718,0.19141028924107698,0.1863916483598664,0
0.17972190900805143,0.2216188359494396,0.21368452631924267,1
0.6035447573535476,0.4154465262809409,0.49631899669666313,0
0.048510614171891876,0.1400179972460702,0.14588438625425265,0
0.021042586658892658,0.11085540412643265,0.03136764140397651,0
0.9829969158781264,0.7229415370761979,0.9983847410947022,1
0.025485119585266287,0.06879083260844704,0.015708822346781923,0
0.019523446963207867,0.07194665845379655,0.025880194937904753,0
0.006715107488545361,0.05903094610070891,0.005360251639936393,0
0.3161628077201985,0.20246756228264473,0.21015649744086537,0
0.05848878685110815,0.11521288309843235,0.062010307580514366,0
0.9851448813735739,0.7128806860399883,0.9978329671063894,1
0.1775416302590203,0.2127697570226226,0.18454343592496644,0
0.9434821971801991,0.6540970605882948,0.9952590212866231,1
0.003585605371269522,0.03763220804013242,0.004153750098240892,0
0.8851023761073976,0.6481543426407457,0.9801926774922622,1
0.17182771082728637,0.19653560010428742,0.20829196827138077,1
0.0030999122749270987,0.045049448946853365,0.0027074814572105622,0
0.11779588234078842,0.15552433730498655,0.16276573947348813,0
0.033631258045558124,0.14248595805129524,0.10639092053616779,0
3.061104769311417e-05,0.03381082180589018,0.0002600435648432927,0
0.007200148445053863,0.04016774078414418,0.007391947589873031,0
0.008180574501118155,0.05063721611234819,0.010167489620643367,0
0.29492923827138856,0.20164059703565418,0.1788687874629307,0
0.13856170443290933,0.1792893583313721,0.13797076898791785,0
0.13151700046138037,0.15695732889048475,0.13422076061773963,1
0.159112562907678,0.18705775839829494,0.14778519431038795,1
0.03711724140385899,0.07843372669029927,0.02479455082434046,0
0.5280963521427234,0.45621335048214295,0.8603597533246027,1
0.029345323436621492,0.11822326353581822,0.15207038702268033,0
0.7671210110170507,0.5607209122801997,0.9479229148989597,0
0.09467458260759053,0.16022955778815132,0.12923398996969396,0
0.008680387708679078,0.06701983499348048,0.004948121404371897,0
0.14193893410430983,0.1709049853599698,0.14142391331078838,0
0.013312161768678585,0.060720450979927364,0.01771753843898573,0
0.042125115993633076,0.16518424432872578,0.08159842266432372,0
0.012054019402159733,0.09053518839493506,0.006964834895559705,0
0.07309847735726203,0.1341262864945987,0.08069582294786828,0
0.05118729552333976,0.1085575711112871,0.07280742819866136,0
0.003718444224326482,0.14710707184090968,0.003868470649087704,0
0.03793396187339219,0.06626819721427106,0.029463009232993,0
0.01320426381265142,0.050666351140815614,0.011219781107434152,0
0.07183368236108888,0.11791217117267529,0.10238607984656907,0
0.24274282473958828,0.21219312693285464,0.18703805243013058,0
0.037420736039960774,0.07189780184976587,0.02244799970921086,0
0.30510204037046423,0.21805318674242197,0.2568239147571079,0
0.020220855844008397,0.08355483662438062,0.03573633299080912,0
0.05621398172959727,0.09108926788528177,0.04908815754093302,0
0.9478009489091129,0.6481469089075269,0.9959848933280832,1
0.2525616460677918,0.2051247397440257,0.18727510729850874,0
0.26928780439772054,0.20609512214794443,0.18777364540060815,1
0.2155493615653475,0.1937625429879435,0.2320830325742372,0
0.009378020523008245,0.0442618755001543,0.006436456774938592,0
0.49536123258207965,0.36643538383537594,0.03442849160093936,0
0.22759799578122356,0.20801534067959193,0.17124079526366903,0
0.010389716105386046,0.08479646620082656,0.006332548338609348,0
0.13612750340080199,0.1590609733469293,0.13746895866273592,0
0.002946051842988555,0.04792606877073003,0.00234098961781226,0
0.14090164627748214,0.1605414923226288,0.1840826474867761,1
0.007924252512946236,0.054999777721502434,0.0075229934834853554,0
0.0002382929191253895,0.0780793675079248,0.0012391349698452243,0
0.004196081718439829,0.051600760856084706,0.0040297870607251835,0
0.040695184002049085,0.09524424969496258,0.045558353825314986,0
0.10815166972823165,0.13871176095777674,0.11570456696518162,1
0.11168130103113609,0.18740334185357385,0.11354918056977543,0
0.013401419858346987,0.07213803418752485,0.006786029989444666,0
0.09838545947790754,0.15756504375064656,0.11840001082113817,0
0.19042328499780029,0.1903750817287294,0.2143703373158998,0
0.04599751929255004,0.0780524963151282,0.04959497497003438,0
0.10251405908266326,0.16348853833497234,0.09633356424804797,0
0.06881187544776136,0.13663638022736707,0.07582015358903443,0
0.015675225064427638,0.12241973793266332,0.028375370117813048,0
0.18412334118353668,0.19609421549273157,0.20132442964225958,0
0.004831151904741552,0.19440827345158254,0.005158389922733086,0
0.950875009374971,0.6911160610745014,0.9779149018888473,1
0.9455789751015156,0.677170294813779,0.9947830552689839,1
0.0036115455558235207,0.04583797772600353,0.0028775257907218544,0
0.21457855324435338,0.22811101143336926,0.280593877938721,0
0.015929303311034516,0.07643014490850296,0.022987998839510162,0
0.15083432693287005,0.16978415119966336,0.17491468506458474,1
0.12391770575476878,0.18971266567367773,0.26410434173192593,0
0.01278082329218835,0.09256877934220428,0.03250848398208669,0
0.09604075529045004,0.1359984374510489,0.1234728634837652,1
0.011139985883552275,0.047389581619502755,0.008295607889707438,0
0.18535278553393716,0.2224851729875542,0.1983589430278771,1
0.9561506416134581,0.6625337234657485,0.9936024714895779,1
0.16069316180764748,0.1653348536311909,0.12423043597200957,0
0.19552524825526185,0.18891398390710015,0.21334462040783017,0
0.17402738510628074,0.17490722499012404,0.17424474053154745,0
0.12127730090157522,0.15087457855237388,0.12553265937356864,0
0.25263824523218026,0.21919503798945375,0.25634088194624105,0
0.9580303773684884,0.6658114156242244,0.9967411178681658,1
0.03529331111757441,0.1233675512317972,0.07253795519307944,0
0.08300903215921893,0.10222616491556018,0.05811091887759873,0
0.17254241765684952,0.19789266540203893,0.22102136454418628,0
0.0033503716582556006,0.1855179663900649,0.013319676977543608,0
0.12749081210166713,0.19248079475749105,0.19805788411145142,0
0.060451374517036145,0.1011488490794003,0.07652026015619329,1
0.8954480935804305,0.5956737313485612,0.9940987027960208,1
0.1430564204695122,0.20114232103936755,0.22405015595494562,0
0.10474902335009592,0.1568109403308437,0.09252451672290776,0
0.1930856849728043,0.19970154893100456,0.1882284253853499,1
0.7753189626826269,0.586331471377896,0.971003896455886,1
0.012337075775242432,0.09455243774560769,0.022272138046379113,0
0.17619543145299663,0.1847112154480974,0.16491365757151144,0
0.032501294040432026,0.07145001627549236,0.027177461387942522,0
0.006443141275188143,0.05324286874544476,0.004484782283416126,0
0.0007386851433248211,0.10170326025502334,0.011744384880246522,0
0.008384739488524244,0.18975275824130325,0.012423919484978643,0
0.01568777622986303,0.0919950915940525,0.026872167116554633,0
0.06629021968712892,0.13116827047039792,0.0793586529831085,0
0.4768212641523573,0.38806439210587634,0.04750755982283131,0
0.02761190973030897,0.1310081214481108,0.04295792010665641,0
0.9418125156642772,0.6379999377240648,0.9953292420469239,1
0.2567644557983713,0.1851934795605311,0.1520624140776101,0
0.0257949001857601,0.1023234163786896,0.061589254509202225,0
0.039423417500471056,0.09415020652731285,0.03449271170141936,0
0.025642759007230044,0.06754623806149887,0.020386484281984148,0
0.02678286605561683,0.11811014805550996,0.05526907940834329,0
0.4716775646191117,0.3591281066562063,0.19916105413564023,0
0.1424176162714474,0.16081936197010166,0.15416036258303256,0
0.0028386379430324657,0.13433898290375337,0.0034983272860433672,0
0.019357919869403824,0.06919251574402094,0.014828194175935004,0
0.07575387114292412,0.18527649151590378,0.21713915241461046,0
7.353797637605794e-05,0.04321185101855423,0.0006877018942999383,0
0.022876955143625935,0.07160645221895283,0.024678390187983713,0
0.1735062264481522,0.18053203962691236,0.1563337157989232,0
0.001524784547743311,0.07395304684850264,0.004873384591556151,0
0.34294836420539737,0.22348246489800644,0.24676396920024454,0
0.03509306245646333,0.12977277172075966,0.0684033317941268,0
0.02525466552890686,0.05635596209028973,0.015948023878180603,0
0.3104901133994093,0.21794544297302018,0.23540597928112236,0
0.024763495941949175,0.07354490696891161,0.018969824764887597,0
0.04680836615422135,0.12438293227739614,0.07142865632472563,0
0.002996684496910799,0.03692233899817056,0.002261351532062865,0
0.0003546138029056607,0.10661033513565639,0.007929739399686867,0
0.11314779566162549,0.14716082628010843,0.1174499451971891,0
0.1226902634877607,0.17276345432514895,0.16402606263374425,0
0.18099715149786746,0.19685940721759917,0.2628102347027043,0
0.05653821642846511,0.08858037445651429,0.044220825544745615,0
0.13686571302996403,0.1757874116351546,0.12718409763952698,1
0.2112555195340483,0.183422434862482,0.22523040248204923,0
0.5102335198507548,0.40508193492420497,0.05395581740051322,0
0.015211255786800302,0.051332688268016985,0.008374082090689485,0
0.42755444886930016,0.2573833456402319,0.29241601681771145,0
0.043757274808024965,0.14095926464093897,0.14277746878731634,0
0.3101813800390346,0.22252784819339758,0.20810276337168065,0
0.08856227515525121,0.13076119289877813,0.08118463824607888,0
0.21774496256316442,0.21089709312403343,0.25351399470769065,1
0.02463072055499664,0.12500639425990914,0.031880522547051045,0
0.9717562572136628,0.7061382283846089,0.997237341866022,1
0.0491540269605515,0.16521840639762694,0.11434567865553884,0
0.9435660885290857,0.5983726272461203,0.9921832892795636,1
0.2316157295061625,0.18861821953077998,0.15735529133343776,0
0.2320270352992159,0.21641493701329484,0.19698611349240672,0
0.07923826747791204,0.12797880622909535,0.0990835514848951,0
0.8716400476097796,0.4815962657091245,0.9678659852046244,1
0.22484372134014813,0.20592472347794413,0.1698731086439821,0
0.8758126795923832,0.5838546930257661,0.9820920253966765,1
0.8684519370418897,0.5610844998828737,0.9851648154857159,1
0.052623324234064676,0.09928544840562961,0.05575763640183291,0
0.01572715907549219,0.10372589263151766,0.04615743314287083,0
0.2453373683845638,0.2017302243249271,0.2339048090467589,0
0.21329884624669967,0.25466840215362246,0.05739145262096412,0
0.01821408014610089,0.08641746460819771,0.0354064193242641,0
0.16771958511427307,0.25505287683560646,0.0040766170505584865,0
0.06164986208520937,0.12911132487968496,0.07588936287870426,0
0.012674219956291357,0.05560016207872693,0.027178343380032575,0
0.9630600240328325,0.7280488074755231,0.9961715494702624,1
0.20513618362513186,0.186921186394663,0.19680169173931192,0
0.015702129699203166,0.07446740311879607,0.011583355958319481,0
0.08566508156154339,0.1372308156979003,0.08782302670292276,0
0.057277061052308925,0.08995381349481317,0.06650033394426573,0
0.012206730678372238,0.09951034069761903,0.01794749504214944,0
0.003827086683185256,0.05816463638609207,0.003656169182527432,0
0.811951510137017,0.5998735797760244,0.9695880140664842,1
0.4595948954441526,0.25260721249607154,0.2602702153123486,1
0.9870360298340584,0.7143810563666048,0.9980405704159436,1
0.0026102702409933755,0.041313259805336865,0.0022588656386066984,0
0.002272463972678846,0.12879103555239368,0.003981639011444209,0
0.23404080486973744,0.2909542028760903,0.007632214989098633,0
0.07438960176524051,0.12192039893797016,0.09491800632814264,0
0.3228095685420633,0.24473244115901455,0.2473467455504221,0
0.056043035974766994,0.17025410605548685,0.10340366247516873,0
0.003997784910921737,0.04381544290202358,0.0039022851125541072,0
0.053556906175171164,0.1728554006453165,0.20244563560624207,0
0.15577619913533197,0.1842205818774346,0.1470340122846641,0
0.0252790165210164,0.06420898864218054,0.02239753511262234,0
0.19136826109966337,0.18874042946910582,0.15134779960186193,0
0.01109509936011172,0.07452284701386806,0.01179358410682102,1
0.13653333997180903,0.1699878969719759,0.13668310117817115,0
0.017765402366427693,0.10256549154003283,0.03216311718755418,0
0.011681838513886515,0.08614694630330369,0.011873559241505661,0
0.23311727994990397,0.22456897178249066,0.18491958548051687,1
0.34645734846649295,0.24309103123029646,0.2741699671919297,1
0.06956259197551651,0.12991555540956623,0.08097634458210934,0
0.30243330183041556,0.25135237596780324,0.23317327411428584,1
0.1857901948748201,0.30814948258708047,0.0686253086363059,0
0.02557784007017835,0.13867303142224707,0.07003933298442157,0
7.416713308095417e-05,0.039950721614026574,0.0010000769333000695,0
0.9216534641558483,0.5643115636708445,0.9903625875019374,1
0.8760067785313196,0.4384455553932535,0.9180287419807381,1
0.9261438639254876,0.6559008199804829,0.9962235685708525,1
0.09972056133053799,0.1331887420691278,0.10620571875861953,0
0.016478481471725214,0.1186039215708603,0.03858540938033954,0
0.02634505043086922,0.13281351783540596,0.0533606983069743,0
0.3788734947269678,0.23545757505169837,0.26645882359004047,1
0.49742447494175746,0.39516975824561684,0.03610232073767668,0
0.37002579054455476,0.24558567494319813,0.21745680321076005,0
7.125782113225881e-05,0.03670518575389755,0.0002146312805929245,0
0.10950337635001589,0.1352155335814608,0.09659020944413967,0
0.010569381160844991,0.044503350892399325,0.00806321367939327,0
0.05860307067815348,0.08719204669523412,0.04883492117492337,0
0.06691227673428886,0.10548983527228456,0.0808342449186322,0
0.15017832847933132,0.16887071760090705,0.15224686778821406,0
0.2337069165611497,0.2041253116302497,0.21784672115540124,0
0.056735285170815566,0.15331515867861178,0.19813384343283447,0
0.11199071945852215,0.1600568786992168,0.16238389254999053,0
0.10316599489356296,0.13733654462633155,0.09487991793031127,0
0.040103127556609594,0.13425021104884746,0.11265315650222009,0
0.25829705716121915,0.21154865029708333,0.19640873194966071,0
0.29823220276163603,0.19224652721222843,0.18459707928594632,0
0.25785222265161856,0.23229124438553797,0.21131828098410818,1
0.023008368388028427,0.11562452654256836,0.05380899003559296,0
0.21012671504479194,0.20894794101751651,0.23825694836899897,0
0.009350140105421706,0.048684367162994686,0.016349151130251014,0
0.05898188618329515,0.12384828312269272,0.06085472308293357,0
0.04018391197404413,0.15625443586307855,0.08884799241592248,0
0.0008734326220921036,0.0489825825570512,0.0018163804471455444,0
0.26784411828074994,0.196632278650044,0.20799733023451833,0
0.010775275570668826,0.05554517028016183,0.005244959935457527,0
0.41215572625296343,0.2833513852419002,0.28134934740602796,0
0.045985222126711,0.09826299951044726,0.052116257162629256,0
0.1131822283996265,0.1631409393324693,0.15426242686427674,0
0.004062750920863821,0.04539702752988333,0.00340602611861445,0
0.09800385027998564,0.15827954647594544,0.11081796447109574,0
0.26773327237176453,0.24886716821651864,0.19434785333343255,0
0.0008146179992714939,0.05564291638967064,0.004225355702980203,0
0.014675190694118385,0.06328065358092032,0.008012574235806893,0
0.12335646127051761,0.14896849962981595,0.12458429276403295,1
0.29743659078998963,0.23259685437911767,0.2410104533177368,0
0.531588753822956,0.43144128379774693,0.9298597031740098,1
0.11342746432992988,0.15723207128071767,0.13624195389352728,1
0.05407777445738954,0.09291875435312028,0.048055800579542965,1
0.002825438697931946,0.04717074858567344,0.00261825862547048,0
0.19972808901213293,0.20726311212619353,0.18807661860468128,0
0.04592043622969411,0.1351117743735636,0.15968049235609053,0
0.06810712971273848,0.15497377605427473,0.20376420915769908,0
0.02229316861512475,0.05656385753455208,0.015090012648783957,0
0.11563605676408203,0.16398454676758537,0.1285292595815143,0
0.002623428613708709,0.038719171403290745,0.0020251205542873374,0
0.014987199523425034,0.07620296081936827,0.02078165371202853,0
0.03750566169045783,0.09676200241336404,0.062185696905154714,0
0.8616286088753979,0.536679363541684,0.9680123128459222,1
0.11910150519286691,0.1749292976081629,0.13866224124867568,0
0.7476143615421011,0.57868003868304,0.7338655080350583,1
0.07255246367193981,0.12485578825746409,0.11247209700892881,0
0.06560601449403645,0.09697169357901808,0.08553416567713717,0
0.3391560337026079,0.2135422409785501,0.238874587497213,0
0.029580103127067076,0.07152743580459031,0.026148283583927744,0
0.17814442246880313,0.18507916579209446,0.16464623108479057,0
0.3060830361526761,0.2222397288033705,0.2450506044204062,0
0.1839130020081301,0.18549200160988935,0.20490721662703992,0
0.19817415164855093,0.18131319984252572,0.22884341419081558,0
0.12414033544502144,0.20970428793367077,0.1356493783466455,0
0.07214046675294807,0.12732755378109628,0.08212951146424884,0
0.2409605231808724,0.1953372487250987,0.2361573058157929,0
0.030246362307549596,0.1386641728656758,0.06656769787301708,1
0.9013518610544721,0.5739844194754451,0.9856112536004877,1
0.788067956885745,0.5192524542753304,0.931783479139217,1
0.026046239060550525,0.11425464870768653,0.04984104882064268,0
0.037390746786739995,0.06944764572987046,0.022749389643461813,0
0.01740553995132895,0.08201556196816015,0.017972978439134975,0
0.04762258944797242,0.10321113130658525,0.06084497302450584,0
0.052326158362090036,0.1048841119936516,0.08606430626918572,0
0.1391195077895902,0.16655851593271745,0.08376917966459962,0
0.19049993029931644,0.21538400376343061,0.21806772450646494,0
0.11305717208722381,0.19039618680112613,0.11990360107254874,0
0.26086492193899513,0.1963266833929039,0.17261557860001323,0
0.049524844820922426,0.15420901693480182,0.16544296460210234,0
0.05307627979963858,0.1510988963544619,0.1894526250568733,0
0.9704884205168479,0.7009871298348028,0.9963241492895751,1
0.31537946521802146,0.21588231443654105,0.2242983638259097,1
0.5141810706241268,0.35299248220455026,0.05299771923861364,0
0.9272414474532223,0.6453581527807016,0.9921046080287129,1
0.2579911636185786,0.37212650954812465,0.34992750210936213,0
0.0004875455522093337,0.1107330604102185,0.004494461455740342,0
0.3174831443073399,0.2492966517589172,0.24351713357153582,0
0.12393576634014872,0.1696363478197891,0.1753120164743564,0
0.04341134764822301,0.08855323750742193,0.035991563644033775,0
0.8524834067149046,0.5657824439383023,0.9711129188431903,1
0.07947622830536326,0.15294514163561365,0.09567190236395626,0
0.9754176127685705,0.7368131038699931,0.9982010677260617,1
0.1932148798158818,0.21124432252456884,0.22576928620470918,0
0.020524230092853552,0.11036304990089449,0.06448064407861134,0
0.33694953528613286,0.25246256778907056,0.25664717126014314,0
0.12243879616678209,0.16310713525420062,0.11607366559271282,0
0.028170356741419933,0.12315848509335255,0.06192105496407582,0
0.3608463652636251,0.23934396873152836,0.22133071108815625,0
0.3997544625845334,0.2354749259991284,0.24825465971804886,0
0.15625440833671383,0.18152909373874201,0.21416097783817245,1
0.29505026389961,0.21385380114883512,0.23699317309259824,0
0.04612453938059057,0.08939349742477314,0.04381017490448755,0
0.009475530960828754,0.0972457839427567,0.023389351035620072,0
0.403251331429462,0.25695551029952457,0.32340844305150984,1
0.02020872052937773,0.06406951181023553,0.02075050518412254,0
0.1719792342530877,0.17187929419610165,0.12859024835684607,0
0.0024132340110768944,0.13929590395125743,0.004965571945050904,0
0.027698176583764823,0.10252443825464982,0.053195950882341775,0
0.1664247076690207,0.1834617597981164,0.18430897889750375,0
0.9587311421852577,0.6918606380603873,0.9969101894257837,1
0.02730717622916161,0.11545040196089383,0.030541515441401556,0
0.9779781000756146,0.698220311496667,0.9946761531081345,1
0.08721259762242783,0.13011326083425903,0.07834802437800437,0
0.1053457552879088,0.15407876565106865,0.13853186621033545,0
0.42078702937242723,0.23966348695772124,0.33604775918603796,1
0.0033772518284934327,0.04658017900637899,0.0022821556108539886,0
0.0991703754205568,0.14002071077338227,0.0945191873700201,0
0.021976993563447785,0.12476901772833665,0.033064198864839064,0
0.0013468832894015493,0.04431339424766249,0.001290270764332375,0
0.005678232154228765,0.049389698208422414,0.004630701438861537,0
0.14222307441034931,0.14709885800429787,0.13937450987063035,0
0.03371948864275566,0.0954227428031688,0.053182193685375606,0
0.05029787255184123,0.15807413816220034,0.11109181848330682,0
0.11362430545895182,0.1730260718520529,0.1711690736969381,0
0.003689841315726863,0.04273419477340093,0.0030865687338189627,0
0.8105158167525298,0.6185759674729547,0.8266651627773209,1
0.19450165825761376,0.1773147438008702,0.1498407536021542,0
0.05254354685882137,0.12082822959068241,0.07117758857035872,0
0.11027621120242188,0.16348665511563676,0.1190645163555177,0
0.27852995777846,0.20005753954896363,0.21489703465247453,1
0.038921336691046894,0.13384550484876306,0.09624202600133544,0
0.04893896416346876,0.09173139546516391,0.05156032784680379,0
0.13313955874994182,0.161817211044159,0.12830702415908865,0
0.9750190499354364,0.6883086553802472,0.996500228293645,1
0.12415387209434159,0.16044747253433256,0.1251182663334137,0
0.009321979581093215,0.06392215029727971,0.0060691679626234535,0
0.05282180063732538,0.18329420326375137,0.13626349933972187,0
0.8726713667721961,0.5440355677958688,0.9806911883380502,1
0.055438944872658005,0.10667493794973536,0.09195151233709467,0
0.03204182459754462,0.13215290212455935,0.0753834531697892,0
0.04680175675264303,0.10725800214617444,0.043371040176239044,0
0.0005024760776525206,0.05454261540614559,0.002050266500167972,0
0.2689323888734038,0.22914878871048308,0.24779297536639114,1
0.09991656216896914,0.142580213330492,0.10853913381969618,0
0.09035610215350591,0.1333163403797211,0.12475969815295551,0
0.03295819937250847,0.07084775035280229,0.020957388884947827,0
0.1461125560056803,0.16192629656126037,0.1465039658967005,0
0.10114929001201094,0.1521997338865018,0.12485096707317195,0
0.40778073464797016,0.5738802029083687,0.5299016248665744,1
0.041697504906447636,0.1338422373525098,0.12831203559031754,0
0.03342871484455575,0.12470231973453676,0.048244930733254456,0
0.01083418590893404,0.054600670863893606,0.015754580716538884,0
0.03318819960447874,0.06415835703935448,0.02534672498118679,0
0.24197327114853126,0.22802358154158187,0.17943676249122878,0
0.7684872842102188,0.6486347752688874,0.9759113073302319,1
0.07226468563087075,0.12681834628375666,0.07514345422878234,1
0.00018836677669706442,0.0425309996053481,0.0008659063196175709,0
0.47675051800018836,0.2598047080402284,0.3724205471548027,1
0.0019435843641362942,0.13579402359784368,0.006404689151964198,0
0.008075782529116803,0.05702004857036769,0.004667102194082927,0
0.021591350575555102,0.12093135595055164,0.029754384469399892,0
0.05371536631481852,0.10128566714385397,0.08749383189078577,0
0.005965627051481128,0.04532035754934274,0.003530174839500318,0
0.015460218274753888,0.09422519303217369,0.020924663661235732,0
0.13079840880113666,0.16915791076550188,0.17282334681022232,0
0.03558735476568616,0.09614694574506918,0.044740190789377784,0
0.02345055438398817,0.07908173505701574,0.019077188038375964,0
0.002783130424808384,0.04375056126921275,0.002545227518587459,0
0.001970688120824951,0.1172053543895786,0.0036110051104201275,0
0.5130242648129016,0.27182756183939943,0.3550335456324315,0
0.049555737587440016,0.08572138427329526,0.03432491618367024,0
0.9236116961286565,0.5623160229753564,0.9765471354658074,1
0.1219510940486579,0.1875307474202069,0.19098693257542146,0
0.11273375343814193,0.1725943816119518,0.14930941346157672,1
0.79082371529696,0.6038669796685822,0.7798025369411946,1
0.18504090698463252,0.2076567564149265,0.10534117438299781,0
0.1662141687289748,0.30155044967482253,0.020386978945480073,0
0.030779688686719035,0.09577609771775318,0.0537228650327502,1
0.0024299356014471077,0.03966114625849854,0.0015086233306204765,0
0.23078863524720092,0.19448444731630357,0.26118351503726017,1
0.005925268700544106,0.15735605348745704,0.015228892207071963,0
6.943085495021683e-05,0.044336213015446754,0.0024889663739855947,0
0.09793523128407021,0.1612116187789909,0.13364199587963377,0
0.5745107629087975,0.5523783078608909,0.5536482293989846,1
0.012811211428652604,0.09617946351435311,0.023000090461089848,0
0.01294572186158589,0.07946548370223544,0.018878087838952135,0
0.04270998629283615,0.13611094315925595,0.0946862239353774,0
0.10114499152635506,0.1557738656806886,0.1115216187121084,0
0.0025198147035788727,0.04368839972424632,0.0016093651782219448,0
0.03648425058904839,0.140879909298837,0.10131558247011845,0
0.9780443839241209,0.6970893971607576,0.9971688970025887,1
0.05542302398816148,0.11913150129075331,0.06526341882007879,0
0.07073823596013432,0.1418881278027896,0.06625895937013775,0
0.013081331556575537,0.06099822045094911,0.014820374961012739,0
0.1603015815289608,0.19447061216545936,0.18135492215615,1
0.013780100622405965,0.04512636356880104,0.012362763203534407,0
0.21293326187589257,0.1898114152016324,0.22371383154571164,0
0.43051912047729224,0.24799616768390567,0.2529471863779026,0
0.7731756377145099,0.45506251271468773,0.9804198325323829,1
0.007010398529041074,0.04563327543274357,0.005207366956095187,0
0.4861258763294647,0.37788413414663374,0.047513942325984465,0
0.16297971579215997,0.17508649092592166,0.14856891032635558,0
0.02719529952433496,0.14893562490487772,0.05541415382542107,0
0.05237127064441585,0.10213818486917606,0.08802799326486545,0
0.1812354534408284,0.19182746874760168,0.1532670560233233,0
0.7566652115552581,0.44138619977358395,0.932928865852572,0
0.21061828442792618,0.2132214223543844,0.18947849469130634,0
0.16750963184289486,0.18255408459488595,0.16375583972678562,0
0.14565530727616932,0.16226557013413936,0.16783725517574574,0
0.9450767624263811,0.6340406003474104,0.9910701311710292,1
0.014080147219719086,0.06464471899875236,0.015830839862935927,0
0.07723540489891227,0.15206426324502018,0.10178550811367106,1
0.0002257330544187572,0.044291245300826225,0.002032449963476177,0
0.06431131110952035,0.14037499536954412,0.07260432247924992,0
0.2282034339701606,0.1970901684464765,0.26942990793627686,0
0.011429936815543126,0.048457090320879026,0.013870648769656118,0
0.824658909144001,0.6531857825742833,0.9371133598312236,1
0.15997839053895344,0.1996529331616055,0.23971111270187667,1
0.025540733355659696,0.06241109689132972,0.025479609019481504,0
0.846280120221757,0.4939150639439848,0.9511599891051573,1
0.003419366205424922,0.14453666199004986,0.003918565932168661,0
0.6694221539614984,0.5802216152716388,0.6975668859223457,0
0.011400392761214103,0.22119193392713732,0.01979157938952023,0
0.5672843618748225,0.4205376623830657,0.039248615499237006,0
0.05418108900307844,0.17915803115593432,0.11017698927095657,1
0.16039510719188993,0.18489106262259158,0.22648036979016914,0
0.7391742452701046,0.3830538739116847,0.4457967435163002,1
0.0789111187578599,0.12098688350846207,0.10080281706967145,0
0.01078792173841095,0.05749145404138089,0.006638585542958383,0
0.022936562835030472,0.13079814631304806,0.05301661834526581,0
0.15013315088819623,0.19260870309303002,0.1573969104497635,1
0.9323543880338704,0.566630856777377,0.9705805610267517,1
0.07419927367341456,0.12401830703012866,0.07794394591406938,0
0.9794520205226561,0.6882210234926719,0.9962319015705665,1
0.15199200314360153,0.20219535029732616,0.16794914961951143,0
0.14711884481113205,0.18389474392055427,0.17826707430570185,0
0.7256249603207676,0.6222659995798223,0.8552215342366696,0
0.05379716232198933,0.13292643408109917,0.06435255965713975,0
0.9307448587058181,0.6643010252306372,0.99063267604584,1
0.02278566057826725,0.1330945545042918,0.06089558752868174,0
0.3202525966941148,0.23413645658315166,0.3264125267991248,1
0.14570566304061996,0.15930749986876963,0.15313591347726405,0
0.005343714499870184,0.048960459485597414,0.002735382504904074,0
0.057587547095751715,0.10909397628485809,0.10042926619807291,0
0.18251783656626003,0.21583907128388288,0.17719287347652746,0
0.016964545675318327,0.11459399895928256,0.06515290717552852,0
0.03441382739499407,0.1561153308084231,0.07197484693927811,0
0.9074728485271523,0.6694049965608713,0.9023246447344659,1
0.0034371419396307047,0.1565516513015522,0.010693364305088788,0
0.06439403410300122,0.10612185492974703,0.07313263899765868,0
0.06420748261026797,0.11635794251750013,0.055960788675573046,0
0.23861854759668324,0.23349190264753897,0.21748522330727685,0
0.9526490007420554,0.651179258031013,0.9894618061327085,1
0.17127689731222695,0.19145886627521433,0.225949348700137,1
0.03428818216757098,0.06328786012821427,0.022670008087961283,0
0.2348717052426715,0.2336002035112396,0.24196955608978596,0
0.006814221691795512,0.038227171550120995,0.004981315066332119,0
0.03524508189410558,0.14625254586593625,0.06090888162052427,0
0.11339677031641446,0.14354302667305577,0.11924530049854076,0
0.3326338469100678,0.239631842149919,0.28530320380746677,0
0.02422051937261142,0.12557840641152493,0.03796234310400874,0
0.19200888097130295,0.27322974104250347,0.007741542695481439,0
0.008919099340820346,0.05153125688672537,0.007706495205516705,0
0.07402593266082576,0.13807203193564388,0.08154569088887292,0
0.029073066902096847,0.062012996666542065,0.021705106501626582,0
0.04239222739170152,0.17022430025835597,0.13420854020782663,0
0.019000071103087036,0.10563011045196545,0.05097102003072483,0
0.0013671588088456923,0.07462635450381852,0.003406298217904176,0
0.4413967474675387,0.24396338586664726,0.24958736756453823,0
0.07272131115157111,0.12060611004052126,0.11265598866410417,0
0.19572787322907684,0.22786812567429582,0.18975478932744985,0
0.08794249619658799,0.16192540087718232,0.10597825110696635,0
0.049324720803945954,0.13734806549312792,0.11976529814119964,0
0.16556429799782477,0.17660408536598393,0.14630526186091872,0
0.030736997518534898,0.13918894810476584,0.04427020782504178,0
0.020354972221851224,0.10149974265706357,0.05629184532169315,0
0.055963821358560206,0.10890364424961994,0.08352905088414206,0
0.07114420670129332,0.1439892981930221,0.1168286028647631,0
0.7004251553280793,0.5465477565800585,0.8671326362103613,1
0.00402669430133643,0.04327292368837972,0.0030274321224658517,0
0.002697969309835463,0.040773861806700146,0.002609709331885604,0
0.780868967205065,0.615328906984972,0.9396824036778753,1
0.09738750839657663,0.15080027405049157,0.1170237338491248,0
0.19390517855024825,0.21078220888841714,0.24089514264007367,0
0.20283191355470848,0.17985700204152136,0.1446137771317137,0
0.058163031105677616,0.10136366452521783,0.06654256255371702,1
0.37629969341611236,0.2425252099124437,0.24024797726943456,1
0.07711431329464645,0.13827642108584084,0.11526957672760874,1
0.16103861108895182,0.20779019371876115,0.18109925316615294,1
0.1690482348655941,0.18803053414916165,0.17512544814672693,0
0.4761455537165043,0.28487388468943664,0.26797996064243906,1
0.1346366305412023,0.14927369181842862,0.14064020502397254,0
0.11594965444362682,0.15896888220064256,0.15307935740791953,0
0.02193612285490998,0.0894137020254577,0.041926357766389595,0
0.942269372927053,0.6446277057594524,0.9931948507870093,1
0.030678222994451047,0.086139950925449,0.026308762606336095,0
0.0002458159379045587,0.057014172371008996,0.0011462417259601799,0
0.3103422390034933,0.2166520877809924,0.22162864342282884,0
0.032848595239412824,0.08931707753031243,0.032254499278751014,0
0.1317804593752587,0.19472213392974067,0.20858196628610418,1
0.4729749108243697,0.27615566280275683,0.32313489918348587,1
0.13303645955142965,0.19076313745761855,0.20575351678322862,0
0.0028727892246314,0.13413574306917406,0.006271080048493777,0
0.3584109464830936,0.22520302808304846,0.20376615470825124,1
0.029996128849794846,0.17489932388976878,0.09614429200038827,0
0.20376239851939704,0.1725333949814567,0.1857071946692052,1
0.8474115242971468,0.4795105437689621,0.9319743438303861,1
0.08047207382258496,0.14247871690679012,0.06408793546682516,0
0.12376430691301947,0.1650369841473899,0.15632131206435448,0
0.013189353638974855,0.07751016889967245,0.010399827159412976,0
0.2820824686243099,0.25071578595235744,0.20344170058350408,0
0.42584438674392144,0.2430850951164597,0.2892906621282628,1
0.27003512744125513,0.22575900313882746,0.2264792234067583,0
0.13516292309791125,0.18084554595154695,0.14372186302924664,0
0.009904818199950734,0.09536367180108953,0.04629738604836009,0
0.37266024035397277,0.23470332407552671,0.23052385098843026,0
0.12901277970753977,0.16231601485324681,0.1425273024177348,1
0.3922467474686538,0.226203110797305,0.3028501979250247,1
0.0073080684079527315,0.04682405385916454,0.005489826975971096,0
0.004806991271109285,0.05758137821264924,0.008104486251413497,0
0.11079847851919211,0.16577693472282862,0.14665070525836732,1
0.1398440405029135,0.15939571853024723,0.1313778543089941,0
0.06865964972084812,0.12841505380320206,0.1065959831288729,0
0.15258509688441793,0.19355801140902706,0.14843748364178663,0
0.0002287672520790005,0.04884612757879393,0.0008985768950766389,0
0.03538772981145693,0.09462705286748556,0.04918573001314355,0
0.050144024124953473,0.17835236841921911,0.16707879892454766,0
0.11401686283438274,0.1434173261174044,0.09792483236577933,0
0.09801487706810867,0.13661862214093148,0.08389591142098081,0
0.0008807361459433874,0.0996363377451481,0.005159562924441967,0
0.058212652298045384,0.2017721149337143,0.09301281403209422,1
0.11552716453897513,0.1863012208071883,0.20142551546616663,0
0.37862288244707515,0.2385341824673664,0.2570825994588308,0
0.06637607853196277,0.12420690841450632,0.06928774449414087,0
0.05957599845493345,0.12912403550574283,0.06413425791517319,0
0.12770498644181758,0.15372107511007807,0.12973787194233374,0
0.020887317732654117,0.09458467284644266,0.02046874757189147,0
0.07714402019732171,0.13887250005261134,0.09991737310335175,0
0.14430042369676943,0.315843975476853,0.03030213015231899,0
0.014598151223299513,0.06429577386913003,0.02059664672151568,0
0.0012626031395007343,0.12536963724949046,0.014716116828480133,0
0.005619682966110972,0.055597840273736786,0.0034365936212273794,0
0.38310822841262193,0.24277569211201952,0.20855092559509775,0
0.0337912009510701,0.15799083850989368,0.07585177024145613,0
0.024799213236415544,0.1590224076240298,0.054982131148958786,0
0.027045153532227743,0.09034639072141114,0.03631634242054177,0
0.028143551555148957,0.1327056136855846,0.03724451832178029,0
0.01658952162206184,0.08422198380870011,0.025302549714548567,1
0.014047371063614497,0.09010011532622517,0.019516004640653988,0
0.007834080854099784,0.040948619301805884,0.0063530452815637635,0
0.9776558546794978,0.7021490186222782,0.9977509145370164,1
0.8556535241023776,0.5664325598056364,0.9734278988847396,1
0.07510344014721657,0.1059613323859544,0.10684265570628344,0
0.0038646884529539927,0.15502443967614077,0.00914904390035655,0
0.09956345092935202,0.1453229444298697,0.12924220603216463,0
0.08391245315967967,0.1468075765894145,0.08939097073369807,0
0.0020249465264819714,0.13194613455537313,0.023471728042313764,0
0.02503340204437342,0.1597651008961197,0.045695096680571846,0
0.1550328375677202,0.16729945920447425,0.18859762778847092,0
0.013271303087236749,0.0541542619665866,0.013861076627023523,0
0.03557202140340895,0.11276999708441793,0.0624373322372051,0
0.024798733216790436,0.05899163811021554,0.01963563598140596,0
0.07389124536243709,0.10509009742905821,0.08716576277726629,1
0.08068316467974736,0.13754622827594182,0.09892351565130905,0
0.059382212720549984,0.11130374875235706,0.0529552277880556,0
0.5324667196801812,0.46622215030033914,0.4087295957247705,1
0.4069395855621271,0.24172367390839755,0.22586908710690626,0
0.12991820593682568,0.16647697838359723,0.1716951676015733,0
0.030613146415112254,0.06973101373928164,0.02328368266667543,0
0.012713950920132295,0.06461418879145786,0.008225562671859529,0
0.18515386980342327,0.2153703521474208,0.22961701681560226,1
0.04192381400706166,0.07439913997270797,0.04750799528752503,1
0.03472027332599622,0.08557030423825439,0.025490427003458594,0
0.04744364385770259,0.10529884217386168,0.06170981112655641,0
0.03505395809276951,0.15445446395131326,0.07414285733814642,0
0.11236841427935267,0.1595532300905312,0.1300240067695139,0
0.03218060778725899,0.07614120155982064,0.029800888351266996,0
0.030965436195790338,0.11740255561176029,0.06095135795162708,0
0.004700807639867717,0.1554029087029246,0.004240517285187218,0
0.07712715718139275,0.14160678118477604,0.11912529951588283,0
0.3692760534648369,0.22448938667111754,0.25539146311163113,0
0.09973296569419123,0.16350798928906835,0.1817746123469366,1
0.002230581957693054,0.05153852015707502,0.002722182810607549,0
0.06399831082095002,0.1583906891893066,0.20898609631530493,0
0.03469682112077526,0.16121892390134887,0.06575904177300446,0
0.003980656928677256,0.1683536333128816,0.007879128281137139,0
0.1713547609044699,0.1721108020473392,0.1878692957750387,0
0.19620932935360832,0.19594355065021982,0.1437269387834338,0
0.4956907905994706,0.3979183985076791,0.35686746088498483,1
0.012641064086491852,0.06235525710499784,0.005241666921391285,0
0.012571242245212937,0.07422422335631974,0.018091730383820847,0
0.004260470916761798,0.14818900604098645,0.005315722446848218,0
0.45644262486736326,0.22641136925714764,0.3074230676376325,0
0.1291460164647182,0.1841997196698065,0.1527100060246558,0
0.12154791706230339,0.28020763364888673,0.0008937414872950784,0
0.3293008547215383,0.26199188017195624,0.29791990990275796,0
0.012103287831979012,0.08140503649712437,0.024086774169911566,0
0.014631894058351098,0.06322845238629639,0.005093586980278326,0
0.011500392480029445,0.058917721383361835,0.0076431646777685375,0
0.06456780291182772,0.12755220672311826,0.07369610248348911,0
0.033960383478812514,0.13519992401332634,0.09222283456308993,0
0.1795748343692283,0.19170928525046002,0.12774562820311894,0
0.06224373489903908,0.11448513683957957,0.09352863405975732,0
0.7468700761576428,0.5816954096571253,0.9623415639395383,1
0.4001825630213937,0.238330265193428,0.23659736122108085,0
0.001064793273895856,0.06561661604636339,0.0023576739021144233,0
0.568120104868487,0.39432754208860643,0.03519517717440267,0
0.12912557656669943,0.17745775853518272,0.1858633298188201,0
0.03325532553497638,0.0648945753924518,0.02584300665086566,0
0.9574217214720987,0.6386604979772476,0.9976425744343759,1
0.8575674727795591,0.5031974688447322,0.9350508154401409,1
0.004476412149657156,0.06010635123893603,0.004286786256397394,0
0.09907849517032737,0.1434985006423857,0.08171135870643977,1
0.34343327662644674,0.21797823415002915,0.2922780006540183,0
0.06204308961756972,0.13309725912056503,0.07765865338584742,0
0.01008289373460875,0.06360232804742001,0.007173167304028708,0
0.011923470939805862,0.042246289689706125,0.003786539965059629,0
0.0890056606384582,0.11833303018618632,0.07200273119702809,0
0.2603644733095548,0.21918738741252444,0.20559393555003377,0
0.00907892221378726,0.05581034626303206,0.006203942251614678,0
0.010929310038340618,0.06521840864487861,0.0082456580246865,0
0.3355527904744437,0.2107026301218409,0.2312891036377183,0
0.014657475577158277,0.05274316851536464,0.011286176229803144,0
0.15505689891581312,0.16500580119473837,0.16945641325478197,1
0.06271198525720635,0.14676784907570053,0.15512020561096146,0
0.0009081466553527893,0.14747855220755857,0.01945181475543265,0
0.5049928888771483,0.44176700752136805,0.43966777901691184,0
0.7745308551720733,0.6362857403991515,0.9779787519420491,1
0.20155984602938046,0.1924328050263454,0.20054575701608623,0
0.01066142755654609,0.057038829038913344,0.0069426586367491595,0
0.010482121135612619,0.06802899980367366,0.00929651947121041,0
0.029446933272012827,0.08993843036747323,0.04960650117044309,0
0.8145009703183452,0.6358060066446098,0.8600302483262219,1
0.22870286670620507,0.23872769228394744,0.2120185690178439,0
0.09017703443224834,0.1123425883914676,0.10000042868481515,0
0.879120787502118,0.5532053944040892,0.9703306888145721,1
0.1439423456745318,0.167581204379476,0.12977470170549804,0
0.0369532048283327,0.0898019663433423,0.02398230244903955,0
0.2570188916908344,0.20565131241144366,0.20729508833847707,0
0.09525355749077112,0.12314371482483315,0.08715539704885883,0
0.03738182162733348,0.067182364948962,0.02668731972235412,0
0.17534953783961435,0.19832112086420525,0.2266293930335516,1
0.2005931728440661,0.17608228562018508,0.205450036541745,0
0.021888956111193094,0.10138201681104124,0.028009698552146238,0
0.007128888038568257,0.043131098539824074,0.011530141466415471,0
0.01595256537303227,0.05730498616745249,0.011937009977847808,0
0.4357368537530376,0.23712352176409246,0.2922396806387615,1
0.017335383655030127,0.09865379574635535,0.03899068644670409,0
0.9433474038474784,0.6604386479338574,0.9955714354784874,1
0.05668767056226699,0.15006024782154562,0.15917495466732345,0
0.008635272229301,0.06598871136656989,0.005801729227965223,0
0.8906818045432889,0.5946224707303156,0.9926240209502105,1
0.06695038277847816,0.10601548449546232,0.09074758723704006,0
0.841925404211325,0.48918566563905386,0.9572061872202369,1
0.17518481238475792,0.20226003097776948,0.16346246246644366,0
0.1156164877207931,0.16160203813770577,0.11383951240558529,0
0.1798901740715019,0.18547758765289285,0.15327415555379267,0
0.13700164089946062,0.18836965902999978,0.2317056464086154,1
0.8377441536232896,0.4494000041109869,0.9813124400242271,1
0.20533113289677835,0.21542368234944118,0.23300304723805132,0
0.9612912485564087,0.6824003776546382,0.9957859763054283,1
0.1425546940439041,0.16936307080097285,0.2033404596533327,0
0.08796978761266801,0.11940300193002547,0.07846615945665,0
0.9717659367806557,0.6489064451244041,0.9980902834465069,1
0.3503272051891932,0.21107244188711638,0.2600457678838088,1
0.25918713266287735,0.19294201144119022,0.216040238607964,1
0.01715778939548078,0.0765202355822647,0.007188557103611896,0
0.25905639970809835,0.20183691567313525,0.2405833711602415,0
0.01906580461416632,0.09536540579065379,0.05389470269649336,0
0.28676839989937025,0.25627486921898796,0.32382993026414986,0
0.0943486075284233,0.16562883346124227,0.11150410050443528,0
0.02264216523770183,0.09310975536243403,0.03854286326290938,0
0.014017576351298576,0.05286408715313422,0.012415309529478936,0
0.0854773431910608,0.14165824310647626,0.0863938439868184,0
0.12642372754138068,0.17834971416297063,0.1984994564499651,1
0.24575915802729603,0.20406573781890458,0.16931042155542253,0
0.07914771846307302,0.15041310638492492,0.0963121915039087,0
0.16601700559354823,0.18676908004938905,0.21466680313164688,0
0.01669218034221975,0.0701159198141412,0.021133157241946914,0
0.23960630502291475,0.22478946917327236,0.21235922111197308,0
0.072122266804978,0.12221366685028053,0.11356929483443103,1
0.008871458261297337,0.05617842752957115,0.00585638693519185,0
0.6179210817808348,0.5926757434274332,0.6606906250536078,0
0.3596153108361072,0.2423378241211756,0.18914390462914288,0
0.332740061716239,0.3395631879658638,0.16911594824821652,1
0.05090644005040243,0.17431850889046688,0.13189323486780763,0
0.0989495839839404,0.1284219621374087,0.14110524824923854,0
0.12327046588704899,0.13202768826877107,0.0843789212984878,0
0.09201855255622689,0.13017472060735888,0.09442384059545607,0
0.07586103459490592,0.10372928872294682,0.06206155044993675,0
0.014820618708769561,0.052918368731595535,0.02147814179109143,0
0.8358743437929379,0.5361912168491989,0.9284421513900377,1
0.9697844300418973,0.6736259094296118,0.980910483292425,1
0.00022677094296358197,0.041444466154128244,0.0010930911426231399,0
0.8443511750463687,0.506882877635688,0.9391818956957395,1
0.8987975390067034,0.5323725799326251,0.9649851423847329,1
0.004421928722716515,0.04449647415582774,0.0028472902270817576,0
0.9690320947670128,0.7308308472371212,0.9969742422241662,1
0.09326558195607959,0.14709134184775002,0.10325926822135599,1
0.11342192274701716,0.161654774843276,0.13650364079064456,0
0.004574382521234279,0.03965129721284863,0.0037100876949215764,0
0.0008979657322697487,0.08204659305541938,0.0026337528262076293,0
0.46364911508846257,0.26473124111016677,0.2848763719930281,0
0.019515451503996847,0.07155246106547361,0.029707368475467726,0
0.36053236708358843,0.2335309881920657,0.2878514778789976,0
0.20675107302692786,0.19618364504313565,0.20123762971138193,0
0.49593231234798857,0.41481874717678363,0.34735315496303426,0
0.1573898281555449,0.19299698879520308,0.21680108695375772,0
0.06782289814947551,0.15215370082166077,0.0886217910516651,0
0.44044185445047546,0.25900429917683737,0.3274568987266149,0
0.0491812756920679,0.14146783231538448,0.125760669787049,0
0.04740742932661377,0.07903407762635188,0.04290551210567261,0
0.9608103395399262,0.6096402266030236,0.9936391017479509,1
0.03198439477361206,0.17910980445693636,0.07436917655160244,0
0.21879522452716657,0.2083132576285743,0.20875438071445498,0
0.5026037982951531,0.28938397021068185,0.32749488416713224,1
0.043060847363656396,0.10614907274221833,0.05397313995332343,0
0.9042715577547148,0.5784312169041759,0.981634519364002,1
0.07280498875080088,0.14518977221409596,0.07955486447506997,0
0.061244580917187555,0.15806677789497464,0.17008395639527385,0
0.00016123205171523916,0.03969924794689547,0.0015196524976499905,0
0.016195832922641477,0.10950580297338562,0.021003158362860416,0
0.12830810623294722,0.1583545108112341,0.1697199089012846,0
0.08864779701403566,0.1363833228424847,0.07299692470052949,0
0.2690832136481142,0.20271432445013715,0.1886369095940674,0
0.2859316866086274,0.22643307672978957,0.21877728941670468,0
0.24833234916300845,0.20172922055404888,0.19479832898398963,0
0.009698271156637203,0.04194773592824114,0.0050742036390108835,0
0.0004012906379497271,0.07706247168398606,0.0030389684063367025,0
0.025511520320259017,0.11694778615944436,0.026047612292520173,0
0.8747678292903514,0.6351671884391163,0.9608336750776979,1
0.07395913220338167,0.13983635846424408,0.14645084939471095,1
0.05474597104710395,0.07962646475024285,0.034191042096765906,0
0.1692549439477069,0.1980586243433206,0.17169541654155282,0
0.9539144801353906,0.6241787525462706,0.9927667897257632,1
0.13903044391940303,0.1765228479058446,0.14655782364217423,0
0.4832290419378775,0.2591299692982627,0.2881263513157966,0
0.42321218400581045,0.24431736598611475,0.30708035823076296,1
0.06587268754636326,0.1622714719334058,0.20220124863370173,0
0.03920562270309189,0.14323325795117,0.07477116354804657,0
0.006555024132593798,0.1962233762894827,0.009122350120814787,0
0.3799800096206741,0.25352100490718715,0.3104456892694812,1
0.28766951210948766,0.20600833196211651,0.1799022056297105,0
0.03773094403485419,0.11432026179287359,0.0695993889121772,0
0.002144688118501556,0.1413970385916423,0.004229108724912087,0
0.14147085115081193,0.16957319793551004,0.15404463701147264,1
0.15144558908182756,0.16158458730518055,0.16633590578888893,0
0.1035177858699843,0.1671481913700408,0.12677136177995166,0
0.0011465177369832495,0.039996763220661806,0.0005038860192677929,0
0.46519793228825446,0.26831393523848424,0.28769416073185117,0
0.07231001161145292,0.11343469338429511,0.10432948112553701,0
0.37667867183134024,0.24996360316070035,0.2766003428754321,0
0.231334220640394,0.2012820220098525,0.18817087969848348,0
0.05011102826649769,0.1170935668073669,0.08410872074240495,0
0.7997080912564708,0.43660261815265,0.9602954953000764,1
0.1826828017152445,0.2780506035580764,0.0034673363152729294,0
0.04651040763739869,0.1764442957894662,0.11564678998257098,0
0.5936715097198974,0.46554105893144476,0.9059024927277702,1
0.0011426753254555773,0.08546457900219573,0.0055814252629098745,0
0.07989171861357428,0.13859079213068468,0.08745084926296162,0
0.48843000682201654,0.5642059950302809,0.6919495874878518,1
0.16963111275742804,0.1652710439796834,0.18960445472062712,0
0.09201036696860326,0.1313311562370919,0.07628302400123528,0
0.518410914456015,0.3000583226619574,0.35573456747878623,0
0.4464899974467457,0.28672074031610334,0.3363833579813915,0
0.4376859220238604,0.39408832902345287,0.9335769375434839,1
0.13370851907694917,0.18227456807766487,0.19970231293787064,0
0.00012046696205299243,0.04250358102707754,0.001059232566518785,0
0.14023804691261188,0.16609278746603195,0.1847152567651558,1
0.038914337778518056,0.08978232571200094,0.042118802204453694,0
0.9675652355671216,0.7121213727742528,0.9940457251594431,1
0.04026911932226019,0.12900425262370602,0.11363186198030265,0
0.10050735965343766,0.15363056699391028,0.13485808338637625,0
0.7715059458383183,0.5734995855383627,0.9227062454100976,1
0.05972520652325811,0.10149662757345798,0.06151916533957709,0
0.035358546338619554,0.1276933026310669,0.06540638694469217,0
0.001949007212140607,0.1158080047886136,0.004307159998285167,0
0.007526465812346816,0.05222630026055666,0.004154094531463142,0
0.8951381720598168,0.525748440442674,0.9603124776387609,1
0.03418055306178131,0.12711936000005183,0.15262831076904596,0
0.9778094000717382,0.6963861751478736,0.9946742889219737,1
0.14080750000881403,0.1791945026140796,0.20785783057734675,0
0.02991424397966518,0.1177835937155159,0.04706736743288536,0
0.08599602772556057,0.1435499045874544,0.0732118981000196,0
0.8202769118958767,0.44493981741514116,0.5407427367351125,1
0.010501579297794467,0.06679470839852311,0.00909110974478193,0
0.028179917974415075,0.07545871796234666,0.02532742647579618,0
0.3876277964739805,0.24697528826026077,0.2723843129961629,0
0.0446579161845299,0.0992787139869202,0.05324369268792478,0
0.4366005904059117,0.28714884164354953,0.02547381250137409,0
0.21934786379731522,0.2106384251464607,0.2148150670554439,0
0.2961135346566227,0.22575908233286074,0.22823447517569728,0
0.0067243785010091305,0.04823446367373659,0.0034391808117086365,0
0.1634924367408776,0.19467169791230082,0.1938363796531567,1
0.0020632539954611646,0.053601992411495464,0.0030298492305516254,0
0.10079416792870595,0.1630743530285158,0.10233781226034319,0
0.2726117211958661,0.29531993140372553,0.014972105634058746,0
0.05412170635764577,0.07130688678353674,0.04635285002283056,0
0.8497716816092057,0.4977325213489342,0.9479605004250248,1
0.3175567349922,0.3220610382836894,0.1035876418887304,0
0.2169733946506149,0.20957004414694436,0.22526561665109293,1
0.0019011723815476101,0.13363204916749918,0.00793397868625755,0
0.2810647071113393,0.2271193593150267,0.2712550474987786,1
0.0268787291997369,0.061816318063109804,0.034967259153596594,0
0.01555398417755612,0.055637456913634815,0.01960937299697269,0
0.4343658803562728,0.24998889179174172,0.28872261191171245,0
0.051038399352783904,0.07363874237629187,0.04144765056776811,0
0.08336721845009519,0.13229522644994351,0.0827091790120067,0
0.4941148259215747,0.4458070776334799,0.3721149433899429,0
0.10002952165052545,0.14824357031561933,0.10472808548895235,0
0.1689384095813496,0.1837738691038732,0.22627105075972193,1
0.042640975752763134,0.16390111870343665,0.10975659246740256,0
0.5133741091043024,0.35225272152868975,0.03766185918819459,0
0.4046933549780304,0.26076999532734524,0.31518833303031957,1
0.9530752168101787,0.6624798799070714,0.994067712017888,1
0.041438446720543046,0.1924211782929439,0.12045991608396461,0
0.0190064799523662,0.11013697297346019,0.05955810177066442,0
0.0028817360850693966,0.15160117136101883,0.004197383028452232,0
0.028102073775903236,0.14131492845560714,0.05227345854538136,0
0.08496708660513448,0.14959263556636035,0.09594733756451274,0
0.01961127197394129,0.11001642477697596,0.03634886532541506,0
0.08761726726097042,0.15868881239264643,0.12033708901404198,0
0.22158649800503538,0.2900289426709989,0.007022438143729475,0
0.0023522611231752673,0.12258935733979123,0.0029037224488007852,0
0.9871698097472801,0.7029164995211296,0.9945258262543786,1
0.02770053864044085,0.13390571599827408,0.04765149259837162,0
0.36081993472413576,0.23832651197366642,0.21844133752369146,0
0.1903730929003473,0.19335188222763425,0.18299233549060626,0
0.013484145647922779,0.08586180646872434,0.03069302597656947,0
0.042662201669207526,0.09090242789498149,0.05981458656066409,0
0.1728844858118398,0.19614808530154051,0.14379718661233512,0
0.024067399975554054,0.12086671362158438,0.03570586579421323,0
0.47678433206996457,0.2683435319396786,0.318226946242702,1
0.011274078692464828,0.20167835420687638,0.06260772131495392,0
0.021387509301344983,0.08062990711632723,0.038484350553204656,0
0.9832443630558363,0.712215707299043,0.9965726547796446,1
0.26348382449691066,0.20636697265917842,0.2047273882453264,0
0.05341672420732715,0.1561638316776516,0.1355225216911987,0
0.17468773628071754,0.19086135068648366,0.19949507700009955,0
0.0020237536847162473,0.035652705869055466,0.001312253530678151,0
0.028894057212896476,0.06422236205489726,0.01582616058371719,0
0.014179751868346678,0.07858566386285082,0.03260021599224493,0
0.14924224260725136,0.16641197050419737,0.12609362989893103,0
0.19927705881983665,0.20816518247474822,0.20085272664454715,0
0.08857953610106051,0.1783669208565879,0.12492936667183398,0
0.02846518339907243,0.13140348384184203,0.040280664690256034,1
0.809108706454407,0.6081364288210835,0.8522670582961538,1
0.9575910182575564,0.5497816581890843,0.9885571557000822,1
0.21521611371028093,0.17090232961001992,0.22834778291251182,0
0.001096887601868841,0.037095737195168635,0.0007372976764817437,0
0.038452961317137074,0.10542937662859585,0.04997541232741655,0
0.01720345415813769,0.052057507234802645,0.013819246187459193,0
0.00932258671728347,0.04890441470641993,0.006076188046713432,0
0.013622384586349224,0.05689796882951025,0.01627735349830501,0
0.06384690342970978,0.08825533548438869,0.06429884133235594,0
0.27279591786196716,0.4151906026830358,0.5039009213167717,1
0.12998692406655288,0.16648031754453402,0.12784446760332532,0
0.14524584539037935,0.18741379604736863,0.15998758741503288,0
0.0958599289655467,0.11993131072645094,0.0796735514799265,0
0.1978392447810014,0.18674174589304762,0.21266858170185365,1
0.0003266911881396629,0.06052626102623987,0.00257057142966101,0
0.20835809072735517,0.17670092313836747,0.15859472643887804,0
0.010035562728657701,0.06918526482213935,0.009748177241693044,0
0.14664813469685067,0.19298344536999942,0.16289370103149475,0
0.9175117100306804,0.5239121872215224,0.9883025969593999,1
0.615697636516208,0.4624593888526211,0.47404475581203487,0
0.0657165041823105,0.13881688534368056,0.08515361188216046,0
0.09978637463200098,0.14292239313491895,0.11872595255254917,0
0.061507961406189283,0.12359306339254418,0.05918374045024579,0
0.21362974205281324,0.21746330513678588,0.20835980768659185,0
0.03929552590191987,0.30272650141668533,0.1440221959897976,0
0.9773808484567476,0.6995738727443901,0.9931791736505513,1
0.8443052033973447,0.4790176193584365,0.9452416269967205,1
0.90416085749866,0.6305572793213929,0.9904412504243525,1
0.0208341294515283,0.06990701873361248,0.021235333013709695,0
0.09376048095239103,0.17807360057365662,0.12342166571695941,0
0.46197284966185437,0.25960571352358747,0.2827197826958177,1
0.9432198704699168,0.6641376549387861,0.995339443200747,1
0.005378015129091727,0.06077342754838841,0.0029648610790805425,0
0.1844383326008156,0.19973489380155093,0.18395238718824952,0
0.050093798990469826,0.10858235305848114,0.06901391062012559,1
0.09678153192533055,0.1507939187221009,0.12639587705164582,0
0.12146935677526087,0.16154350991323968,0.15098869931172218,0
0.0085957868246621,0.055093764952014304,0.008100217454093589,0
0.0007376171914377825,0.1079758718063958,0.012846024884415684,0
0.4648197505090455,0.28125703874829705,0.32864676326431375,0
0.22226375623462225,0.18152626791792545,0.23746692474026804,1
0.006594028957335138,0.056001612494802275,0.0052060737538340935,0
0.029647898189331987,0.07375955913646388,0.02313051593756432,0
0.013069585152345116,0.08434926771783226,0.01518418018021687,0
0.04017722580567615,0.11214074189262897,0.0524700972822933,0
0.03677286538063919,0.09769305368781753,0.056869359772507976,0
0.056511902116483034,0.18006569447307924,0.10747807442111856,0
0.21957299210754638,0.20332667827758913,0.2413454904106182,0
0.2247361013073398,0.22009378404886615,0.173903085465255,1
0.06263923848687823,0.1453555232523879,0.08691617767690903,0
0.4734294209198459,0.25031310614050223,0.3430594455830862,1
0.03612186323437614,0.16298056295366176,0.09579405561506883,0
0.00645655026580139,0.1764701894919237,0.008703224216906195,0
0.0034181065690525336,0.04888926330014698,0.0026011998615858766,0
0.057277888639879565,0.13611440371957204,0.07819536346080953,0
0.016209275907340885,0.2483263646178993,0.04414492911259005,0
0.08769036132756756,0.1276563394960551,0.12162062825579253,1
0.4916684823832524,0.2535222353129867,0.30431358558540145,0
0.23673304073286824,0.19932343144587955,0.20024785012993657,0
0.3406779113253884,0.21796174787979614,0.224491574234792,0
0.5825707552736262,0.4689792587444812,0.3493115281746288,0
0.033825618575510925,0.07386080046858207,0.02346377855688226,0
0.02939899624890404,0.1326395325954066,0.07157647065689021,0
0.036161055126957636,0.1467253489667068,0.0748136289871819,0
0.007943146752982678,0.19222621539247825,0.03902037388728685,0
0.02184871342986722,0.05743489706421412,0.01921122411213185,0
0.016523570429355858,0.05546348297578086,0.03322021950968467,0
0.002149748592254799,0.043271043823603784,0.0011003807749940069,0
0.02674136278182808,0.13420625885761173,0.057838601320079994,0
0.11152057857952632,0.15140671644265144,0.1102269888556653,0
0.16680983787418338,0.21518415850107,0.21916370745429423,0
0.019234985790640854,0.1025705371793427,0.029598018105822316,0
0.044548702636928,0.19478492715406567,0.12366591857812248,0
0.20656070918078465,0.21833487390178927,0.24597670097603988,0
0.04120412011255742,0.14208129598440902,0.07824019933842151,0
0.8148254027693496,0.46919869964401595,0.9153995220724607,1
0.21168776749818294,0.20894908043592564,0.23686406607065266,0
0.35526401557524795,0.24857144061808623,0.27714640501653326,0
0.011227260270081824,0.0554684766219825,0.005089876988834766,0
0.00960213425468848,0.05984161308783326,0.006261189899105484,0
0.1610586843011467,0.16742867881679735,0.19331096088481844,0
0.3691047603664341,0.20779704354380515,0.2216929948936775,0
0.6532286036574178,0.45565049641626165,0.8159546513247282,0
0.0005260359791135587,0.10260074339381402,0.010494217230477814,0
0.035601441852777735,0.06409622201020794,0.02703437376184156,0
0.0020099685981057316,0.03964964832094928,0.0022138260089223437,0
0.013493883859763524,0.07737130149180707,0.01896502931372113,0
0.2918445544621189,0.25605637708604617,0.2312895883175195,1
0.0010289470929764819,0.14593754943026965,0.014645095468947543,0
0.10944780192946034,0.1399778301399407,0.08943002166120934,0
0.2162450439985828,0.1854614906588854,0.24140210104813023,0
0.0934657234914672,0.16206356055877819,0.11824439418340514,0
0.010096377968979723,0.0647747451865185,0.019360095549553685,0
0.29142888194439864,0.2064968170300319,0.18779233517037947,0
0.11407323131008244,0.15665399870156174,0.13012528907495147,0
0.1395967650939957,0.15240831253666756,0.13020345436092803,0
6.326490753553286e-05,0.03664712118786931,0.000521411637191924,0
0.047734284278577385,0.08919427099492266,0.04669673014885266,0
0.22771823854285825,0.1805255078910334,0.2311727694001614,0
0.16797997892913913,0.19280192342456776,0.24206083293500422,0
0.007412573126848752,0.07630378655536543,0.01849490033020192,0
0.07757446930815831,0.194433389996052,0.21469652590432287,0
0.0037884607643982543,0.05398032733271914,0.0030751015569009973,0
0.048453371546087066,0.0980901559385729,0.07668582962891354,0
0.8482885147162204,0.6030162639080625,0.9478604064948369,1
0.15102738889636888,0.20467271152724664,0.18927713950101538,0
0.04412948874672898,0.10450220562157697,0.07007430322191696,0
0.0211544954024786,0.06863456962364636,0.027960825174430604,0
0.16283289993995215,0.1874794121546747,0.1442112255005654,0
0.050407301098627684,0.1551748239701352,0.14051954089768776,0
0.10958691466774989,0.15603046616794075,0.13801229599516526,0
0.09241159605533547,0.1254998549873876,0.0875591575985408,1
0.15024903319223143,0.16974515967231021,0.14463817686402358,0
0.15365266040594341,0.17054163186385898,0.21202066175246911,0
0.2085657347878955,0.21760152816530226,0.25805891119152274,1
0.6341216792340075,0.5698584761419028,0.6268090144991973,1
0.2610690388736247,0.20225355995846606,0.1448552286209853,0
0.2217278361373842,0.21147053111102235,0.18270036406030113,0
0.061497361746352244,0.13350883491665758,0.07714891364681661,0
0.17925362443176013,0.18289558658317964,0.20402264698428152,0
0.07490819740617771,0.09713036077803434,0.05697272081826132,1
0.4757912203677682,0.2882391982580946,0.02924836267234352,0
0.005568674123178666,0.05921644361065593,0.00405594773715091,0
0.34549198059772335,0.21891406384829776,0.22237219990283824,1
0.01213635063766482,0.06859473204097273,0.02013385600854398,0
0.8898470285122907,0.6376081243338236,0.9805062038788133,1
0.3325799036163292,0.23690277110066907,0.23164712963076672,1
0.2915085432441815,0.2425775070852202,0.286866517136855,0
0.022153749595320738,0.10547968645107014,0.06014402864356018,0
0.07980902291339402,0.12556129876008942,0.10797626064113255,0
0.031213500294843592,0.09872988966984574,0.05415439307642783,0
0.08660851059055127,0.15770985144239832,0.1049429813178979,0
0.15990328419423486,0.16873334106832433,0.17812252376585877,1
0.11131582685237487,0.16869050062432797,0.10865780877862091,1
0.0033493983082400836,0.05724476545650802,0.003861581341673135,0
0.09133275514432332,0.1632003250563486,0.1199887893551993,0
0.1624945891284031,0.18794659148210216,0.20629770186333407,0
0.08381831154883929,0.17658099192729368,0.12084128725399972,0
0.208352830491316,0.17862725449727668,0.186975810238872,0
0.013337387297631436,0.05568538166023669,0.01700458475395196,0
0.05087090789757344,0.1099313279133543,0.10296012762837183,0
0.07993513052335655,0.16513566697021623,0.11903728553753619,0
0.12710861814692534,0.16523211742083124,0.12916025322374908,0
0.3512676498466333,0.21539710945540028,0.2530644719340078,0
0.017959079259459984,0.09592564910043612,0.018866370773272766,0
0.07434122020964466,0.15861877722006337,0.1800787099868836,0
0.008770470309621638,0.053671918592683776,0.009067859567058962,0
0.3369609021769499,0.23103966770222406,0.24610119503856442,0
0.002846755513377754,0.13756638915932565,0.01034098058804109,0
0.8510791429935651,0.504715145373181,0.96091962267011,1
0.10097369424799826,0.1333063610505272,0.14372079850037597,0
0.012538277277175354,0.08316586475372277,0.007093523078698291,0
0.21153852267462345,0.20146397021648998,0.1981454656957154,1
0.022963190736101247,0.11918711364684194,0.049919724888118994,0
0.038258436144891717,0.0954165650250925,0.03502219562754152,0
0.037503033469865915,0.1360167409393026,0.122498237929304,0
0.02026198736366183,0.0555159055364195,0.03290285271194574,0
0.011564053850561638,0.053422516306144016,0.01541677169725606,0
0.9268550487813049,0.6385023442671915,0.989657036175223,1
0.08166638111070017,0.16391795252001348,0.10927671157482506,0
0.04726183077245764,0.1658257422269023,0.12002800982952003,1
0.17274943460688538,0.17929447857318206,0.15643127289740832,0
0.019152304756017206,0.11965809067148983,0.04178281587868324,0
0.33459394499625117,0.23389229654554025,0.22265723139546856,0
0.03943202522165274,0.09179522403186637,0.04898902431078384,0
0.06017308826435859,0.17584651330942216,0.14010711346856075,0
0.7240530862579724,0.5957318108424723,0.846686419942041,0
0.05142201588435174,0.1881597967257888,0.11151822097847051,1
0.32627814812712874,0.2274129074855916,0.24755943543752293,0
0.31334429529720814,0.23005136660352046,0.2266792802074057,0
0.22346338523803663,0.20883992335695575,0.24473682072994102,0
0.0312883044902076,0.14344578814094994,0.07806923641426444,0
0.13629416843877923,0.15074033928706185,0.1365254152735548,0
0.449699268233956,0.2550119950555754,0.31888896812931844,0
0.10376271215866698,0.15318833195707032,0.10349752993020678,0
0.04519745650809773,0.16915191010396888,0.13950805215008255,1
0.012213809305227084,0.048671059481639994,0.004934134743732795,0
0.00017644285882204,0.037070898934271256,0.0011790549443647092,0
0.08382269612233322,0.16704635238536655,0.1517065919220498,0
0.0018369731170108964,0.1765722103570577,0.03281179931684906,0
0.309871802710421,0.2307089477587422,0.22320973407823816,1
0.0013704404911175875,0.15835137303213523,0.014104228073952714,0
0.05819645038746014,0.06696445454602296,0.04357339627420237,0
0.002690592220542441,0.04414284872970084,0.0018428389626478619,0
0.045395107194680345,0.1389782737298748,0.1084513089138859,0
9.051189348020001e-05,0.040665854552680444,0.000532175226491893,0
0.05836884846752748,0.15585861331155812,0.17988910274915984,0
0.21692329830332577,0.2007524483847072,0.17442007655489833,0
0.011491389600549226,0.04752213467238118,0.014363968283143463,0
0.04418414189646516,0.08577472759116679,0.02532447823778163,0
0.7126451951508771,0.39018511376916304,0.5472338580210568,0
0.050433754568685735,0.1407578217637147,0.104272759508223,0
0.11203191343594145,0.15822727005678947,0.12493615272527772,1
0.062009143338105505,0.09444624000433371,0.058597255566479274,0
0.038135888937861365,0.08749421543707829,0.05908438991644481,0
0.14438905308986102,0.17736192990046895,0.14725693440347387,0
0.5772858788124481,0.3377102174791708,0.4338329809065624,0
0.0907469268044566,0.15274661776856738,0.1419360425572309,0
0.002622607844238239,0.19038670513114167,0.010254229107351237,0
0.4605744178233475,0.2829537568327303,0.3785021592509488,1
0.45043509742748145,0.282254005898776,0.047663391762791135,0
0.08111962139191045,0.12948627291092113,0.08000126521535086,1
0.2199317456945254,0.19953852899279126,0.2285268932625522,1
0.019985223791618684,0.0951090290319939,0.05461642947287531,0
0.6826170076703773,0.48995278057486075,0.7335472617184694,0
0.058186393119915074,0.0859815977410108,0.027536162392993363,0
0.04632097936179075,0.07013829209555783,0.026164542296561746,0
0.9256924132235191,0.6799375497623236,0.9742336925920492,1
0.01875703911568269,0.08318251610228938,0.02730644543964475,0
0.46706491611527506,0.4027325320749153,0.051442353440710555,0
0.1794837518449217,0.20732556581260472,0.1394790535882735,0
0.0562344850630936,0.08945434230688581,0.04627395988647903,0
0.10112059145583768,0.15301233952175358,0.11025360895358474,0
0.0107721112065698,0.07434172719135503,0.018714679065969266,0
0.002513609270273234,0.13850265174357218,0.006103062547003398,0
0.05741588320898736,0.10250121741130576,0.09503802723222135,0
0.008546945250814364,0.2169437314790271,0.02243135642838191,0
0.0652234058025927,0.13333981365766057,0.09954777662070802,0
0.0268626456597134,0.12425316690092883,0.04627643538414427,0
0.9888195779668734,0.7270977945182983,0.9966082476728121,1
0.29308508227169067,0.20202392971390679,0.23897000406842261,0
0.07257196569454358,0.1217158911970894,0.07752359269188104,1
0.7793573037745657,0.4997194861161618,0.9473295325844969,1
0.2853261289551634,0.20438378332990054,0.19099766596153128,1
0.07637728032359278,0.1251321395125566,0.10357501169542717,0
0.15170383120915515,0.15605841258283226,0.17241326534587753,0
0.002395766476165567,0.03569470159539195,0.0032830150695657328,0
0.01511482622859448,0.08034352404018302,0.022368868504517057,0
0.11193482510119955,0.1671242411226099,0.13611841538612207,0
0.07064998204694797,0.1472561053726649,0.13322104681763622,0
0.02743901218760435,0.13553610996104284,0.036510021943515214,0
0.024323895974656565,0.13305652212246805,0.05978013632106524,0
0.9691488254438829,0.643448443507536,0.9958240201076989,1
0.01296259869281695,0.08414130232818834,0.006951541553435683,0
0.9511810920901654,0.6844138564907893,0.9964563739870415,1
0.002639918331292702,0.04761097740976227,0.003698627127447857,0
0.006152967684671026,0.19379470810490845,0.03025298706365054,0
0.004320352591627728,0.16330000911797282,0.008501376000569973,0
0.03401605352184535,0.13959215756917162,0.044511097573505076,0
0.027606171486994506,0.12988223284224776,0.06548744077954856,0
0.16291194922373664,0.1613752708262646,0.1458151064803956,0
0.03313534102892192,0.13344732268018003,0.08408771899139539,0
0.02274608059398727,0.10832364568250695,0.028887326981650457,0
0.5182016530744609,0.2649276487598042,0.3216992843914731,0
0.03341824660958726,0.14356054796978499,0.07353251234456123,0
0.31879033054971645,0.23650028180026325,0.2367209615891902,1
0.005507610896339505,0.1793369454035586,0.008614599251306703,0
0.016007470161515904,0.07578403721865537,0.02414548190355215,0
0.20904182307120472,0.1900888155468228,0.1943645833262197,0
0.44079015510734015,0.2476557055548848,0.3839889535639046,0
0.03785237088934656,0.09067500760885636,0.042622704244654204,0
0.13941017022251462,0.18508799968950862,0.2273049829450639,1
0.25294637181843527,0.2238304755556453,0.18835776583891403,0
0.9717121193270101,0.6531409803378557,0.9964482699319984,1
0.16081175165464429,0.1699623676331032,0.1382487719113477,0
0.26581929468508086,0.19253867211217854,0.16054602440367247,0
0.04956696029576212,0.09689116021925592,0.05074328096796904,0
0.022742440602942882,0.057703209005864876,0.02657565205388448,0
0.0014789932598454761,0.08057260093083429,0.0045438671848122385,0
0.06348298159311733,0.11120454508602148,0.07484419532387795,0
0.9362187563822749,0.6121414827803284,0.995365469515636,1
0.2352221728425245,0.19491766244820422,0.20482094040701496,0
0.04238819024791877,0.1287480135153793,0.10621806662914074,1
0.005177932205854215,0.0440500365956629,0.005040360150414694,0
0.07311944581057317,0.1909816504575646,0.1606892242251172,0
0.009002430273968208,0.04613753981667109,0.008433416842473373,0
0.06694098185466416,0.11567192195525491,0.09521077676430356,1
0.003160102007268116,0.04247088283485366,0.0032454507913188563,0
0.013364346964811815,0.0649171127047866,0.008677179535690145,0
0.00779965464422299,0.047554886402198474,0.005704704387081249,0
0.25229575657665365,0.22661020055934583,0.19278226498479506,0
0.8675625145379472,0.5882482476122377,0.9753219031953384,1
0.0419857826878584,0.08200364017060434,0.05827740946649436,0
0.0011084923555691345,0.03980979426859156,0.001736256048503158,0
0.49356856560334966,0.2947233980098378,0.37287631172950664,1
0.3902544973445495,0.2039989324462913,0.19597129503252875,1
0.02414450526350113,0.13163150996035045,0.036712763905175944,0
0.03709739936655508,0.13444526609269858,0.09268728564886725,1
0.24197417249603542,0.21199723136113424,0.25058453365095296,0
0.9895269622985332,0.7333124761382576,0.9975052035057738,1
0.017621936508256452,0.08840704879460191,0.022329421471336694,0
0.14061605152591874,0.2040746034609133,0.17344753015292888,0
0.03205289904547111,0.11035912943231763,0.05201308989843839,0
0.16352079512662665,0.27080405426642645,0.014961649609502328,0
0.19320722763799544,0.18619610078252907,0.17799019485920728,0
0.11125471075682622,0.15647447843544768,0.12542901969553205,0
0.9369997621895031,0.6726096007137662,0.9939048995777657,1
0.353695330225538,0.2209703576243267,0.21553140505815524,0
0.0480433818478978,0.09962347727378183,0.06123818992547182,0
0.13728151779101996,0.1537295402870745,0.11660859339465092,0
0.9559339790492635,0.7298116459816143,0.9955757936057491,1
0.7809663325926075,0.4482424446310613,0.444668481513348,1
0.8652033653071735,0.5339456645595201,0.9551244365961502,1
0.7843924288300607,0.494628166253546,0.9282543793270948,1
0.05839554490703088,0.09797638266495196,0.049780407761747386,0
0.05076706015312553,0.09171392620725863,0.0514576535927888,0
0.11576524738082655,0.17745376626179318,0.13153344513796159,0
0.056761344585063274,0.1321837680489606,0.06435083596399929,0
0.033955163875153724,0.12127659899473071,0.07586287698093128,0
0.05805504304812914,0.09710910613148518,0.07368618603230144,0
0.07006828747163002,0.15403865665734576,0.190266732688739,0
0.001991845115313534,0.03851309475351657,0.0016314650940027658,0
0.3536461538620199,0.2493754102435954,0.24392786883908055,0
0.038318234977604136,0.1537552380923886,0.09759438192261223,0
0.8524007419099057,0.5827854036419919,0.9442082358897114,1
0.06680605872418283,0.12903901594880646,0.10994768401575608,0
0.13533334278886855,0.1660098832730812,0.14369690953480269,0
0.02372315212685929,0.13888147618426816,0.05017473274934871,0
0.4719822004644486,0.29624708409325184,0.3043505415931435,0
0.4807871323616258,0.24423821123512712,0.26524321224662534,1
0.01991077932304696,0.06676975189437145,0.027764428536164804,0
0.015566255042462288,0.054174755454325256,0.019576808927540462,0
0.17192079036889288,0.16804491050283074,0.13157216031722513,0
0.33859772283858497,0.25833004041006047,0.20274582164606006,0
0.0011025381049248324,0.15322828617823253,0.007091472701450822,0
0.1717320574186949,0.20315501499331395,0.14390120075727408,0
0.35710033532527935,0.22130049326221915,0.2120450008816539,0
0.9675411553132814,0.7195073839920381,0.9980840058971143,1
0.0009599805094154492,0.06950750472238271,0.0028280341538528247,0
0.20130773522647213,0.2062628752760059,0.2173725220605345,1
0.028405302780569974,0.05857195414369777,0.025098931511310842,0
0.029666498751171194,0.07224585137916933,0.02601745637268092,0
0.061134065008031424,0.1504330348240228,0.1245765471533453,0
0.10052348328367186,0.12170977383467196,0.1280068073708144,0
0.0730003472780542,0.11313048952306624,0.09221995164505911,0
0.09876608822283264,0.15045676894451998,0.11094802055788756,1
0.17203845752159225,0.16523403078397225,0.19267891690701056,0
0.6806792504537166,0.4932062541031274,0.498846081542602,1
0.47627413090381404,0.2544209031553291,0.3285688750692419,0
0.10745393123694236,0.17293648132394812,0.1404786357833362,0
0.08279933782571593,0.11693172761977226,0.07195881516839593,0
0.28767182325837387,0.21965978825419644,0.18938812185653836,0
0.28536983102783625,0.2211207554436263,0.266424874689517,0
0.0036088908549039346,0.1363497895512183,0.017549635845353486,0
0.0017241262689043058,0.043232002573180925,0.002104998951730479,0
0.5129769886845947,0.3619487410818504,0.09261488295403456,0
0.025907338940425923,0.12772662217308134,0.05762395089391295,0
0.11251342458389889,0.1524359130888594,0.16839971790191322,0
0.01834148747815638,0.0886254776900951,0.02876376923105186,0
0.8529866638771606,0.6512970190235826,0.898732006699081,1
0.10973379976077045,0.15416777795096548,0.1073919218243231,0
0.022179650281497876,0.0602473217050177,0.023746680221832437,0
0.3694982999437711,0.24322331101999298,0.296774129943668,0
0.32597110965597537,0.2377180104843536,0.2529771681316617,0
0.20373843853635365,0.2615453487691658,0.007479391554892503,0
0.060772421999394546,0.07076943149900373,0.0480432653144409,0
0.028195029509892215,0.13880986903829234,0.07266631149515652,0
0.5049619439323505,0.4340633565388183,0.4098365944264431,0
0.4500590428641135,0.27016049618144156,0.29455160281221926,0
0.10879289493137077,0.1651022237778408,0.10573037073300336,0
0.05101699682011855,0.0827349989793249,0.04679406139251829,0
0.01017569613586544,0.05040452349753971,0.014201855986388325,0
0.003997749787068801,0.16327855499267385,0.008807680831838657,0
0.0845304158516926,0.15839737113745028,0.08498807885082793,0
0.0024922959366034027,0.037451720073672604,0.002701935169669187,0
0.39498159435730534,0.2659362130753169,0.29423288672303555,0
0.0028732531436867275,0.043166215088319713,0.0020780340626239883,0
0.4551579739745876,0.24122319847626258,0.2868626632115344,0
0.5322286091327574,0.3801976790196318,0.03149432168650517,0
0.3264607504085631,0.2200673735290069,0.23310569211205817,0
0.08295301827340217,0.140686384657431,0.10683878812442252,0
0.12300757677867426,0.1765490783384609,0.17354971492127289,0
0.11990434599895557,0.16720845724830932,0.15216353277638608,0
0.1864127815332995,0.1911106321243406,0.22591152461660927,0
0.16565760080709274,0.2224013942813918,0.010737063440358583,0
0.05755943381543524,0.0797455081291627,0.035829212399127876,0
0.13004577056698782,0.1587892416130816,0.1923714349720093,1
0.9344813524665424,0.7106124882389485,0.976298631177042,1
0.24596804869067376,0.2319699593331542,0.1939231020773296,0
0.03299243465043156,0.09096480922696647,0.04551963426108111,0
0.023467061362012574,0.07160330396678945,0.02275799436893354,0
0.06667138068866023,0.09181306336179931,0.05427748272964251,0
0.3618880569559499,0.43993263357541873,0.2582185506903564,0
0.004274260004113595,0.17019381862336377,0.010669271933174665,0
0.11706702572401152,0.16739602683403146,0.0971669482555363,0
0.1628135865646367,0.16084199998644005,0.1741323418585393,0
0.10766674248065522,0.1556418256318902,0.11300771927052418,0
0.014365764564547145,0.10461846811025485,0.021218741555632876,0
0.021546608684029814,0.07154063057943709,0.026860841032520406,0
0.2791121976851766,0.22269644059554072,0.25108808095527996,1
0.034891365619250186,0.14674993055562674,0.07736161078509085,0
0.12149570912491758,0.1807624475512702,0.13024419133464826,0
0.0005986099549050339,0.11761805645543574,0.004495994548565579,0
0.0005159582801175471,0.09446035938408945,0.009266000074809239,0
0.002784605709710099,0.03991557563285519,0.001381466981039188,0
0.047920586275664846,0.11542934370909753,0.071766070504882,0
0.020895491434433214,0.10551849172181375,0.04490883930881154,0
0.1444960933321265,0.18921934802343268,0.2150745055011699,0
0.0018565893749228376,0.03539204667717295,0.0023984782206564735,0
0.10721721091828292,0.16262167230814212,0.2176147812943582,0
0.018921334839681805,0.10749681037098874,0.026162533831695183,0
0.22653238566368344,0.18173523124951835,0.14469468664146617,0
0.0677129899655186,0.20376298848583102,0.13171659228169522,0
0.0250432224318873,0.08509125927277252,0.019327173037993913,0
0.009139605457490436,0.0704509937153603,0.005827857037051938,0
0.29083165831329155,0.23966447295322774,0.26187687448828423,1
0.2749511174975046,0.20461585992675307,0.21361237829962385,0
0.0033097189365236326,0.04282975765879579,0.003209505264826685,0
0.8851373155965825,0.5122555462461598,0.9859748763363456,1
0.1239100944952535,0.15372372226900619,0.1268746779586273,0
0.15698392432669092,0.17828066942968293,0.14329822824395108,0
0.056846131285267595,0.10186634385110678,0.08918765111540204,0
0.15212567133874616,0.16824894539371799,0.14923070979826045,0
0.1353372282946646,0.18566640272159493,0.1584629481429502,0
0.058123079745318974,0.0856954866661443,0.051044263669973194,0
0.03176541933945118,0.13654589700120853,0.08852149397349453,0
0.9218932804029303,0.6135503002434008,0.9919601936638087,1
0.011391889243690027,0.04567440899097958,0.005767216712887894,0
0.16455532846437887,0.20004953173979245,0.1672156527034305,0
0.034643421465895406,0.12879538094092624,0.043748552529394365,0
0.03118402109435613,0.16028587382204051,0.06893549570168982,1
0.8970448749425087,0.6238835889423934,0.990475864396727,1
0.901428089504327,0.6331075493576891,0.9813780858453653,1
0.07234498567465096,0.13196157040233775,0.06978718662585391,0
0.216567919332417,0.22069259056755874,0.1837906986737601,0
0.07634381383526953,0.13485605735747525,0.0888914217197849,0
0.01843410996221434,0.08532033766815278,0.029805589558297794,0
0.17958138801358076,0.18263518649512486,0.16946145701200668,0
0.04817834675353805,0.11890078627115619,0.07337242809025332,0
0.01149116622614558,0.17748980079298193,0.007604118980381014,0
0.6626658724333647,0.5678966340326519,0.5642282587336823,1
0.017078908032899066,0.10563810444422567,0.030195155416843023,0
0.3029892261686984,0.22008528197984104,0.23214974347460002,0
0.9686819021007423,0.699735957347468,0.9958744536208431,1
0.06284241678218774,0.11214165558144258,0.062233073913406795,0
0.010106740434126881,0.04691086102485285,0.0089643225510952,0
0.00727462404851571,0.0570251993946313,0.005975591463323257,0
0.9415508984824051,0.6757886474071809,0.9903752357682609,1
0.011738506825198369,0.05233831677636695,0.01788827880001377,0
0.12268718544370223,0.18613364585264797,0.1365923296197886,0
0.37640867125654565,0.22494940933353066,0.2629339230452516,0
0.07164757465756373,0.11491748538251995,0.07070425279494358,0
0.12788107372901966,0.16976169603422053,0.17885681880639026,1
0.027488028049187214,0.16310705364951303,0.08492314513505117,0
0.06858375973295316,0.10108431641585815,0.05748156660771924,0
0.08553621623172901,0.15650833630342198,0.14559506079101342,1
0.012582721709008928,0.061224085602348065,0.00836952224452725,0
0.03415415656666237,0.09735249777418568,0.047283026684947486,0
0.16717429463201075,0.18478047403324468,0.1929709649442094,0
0.14419895054697957,0.18085562600798408,0.1791857055542197,0
0.8483751624022772,0.652747564977874,0.96830563403038,1
0.07065594718494939,0.16912506999166227,0.08318663743119693,0
0.8900282706566389,0.5683487430102415,0.9697340983124207,1
0.18506357600671894,0.18001473317420877,0.22612861334963716,0
0.7838335451484698,0.6420294024143279,0.7258724434974314,1
0.040500735846672506,0.1637442719891758,0.07268039696866427,0
0.0027508514706593916,0.044674731127850656,0.002544392507030511,0
0.6508572109782161,0.4157731810855897,0.6646239823443649,0
0.011251548309929131,0.09193226467876524,0.020472410165378707,0
0.006570672281285713,0.17960516765179832,0.00907239396679846,0
0.3655715380767559,0.3357916880075646,0.0098236786446723,0
0.027865373304016332,0.07989452346841101,0.021866812184244418,0
0.2616510807959345,0.229571036828656,0.24501215668676393,1
0.03457369893433321,0.08333769803411804,0.037002311684781096,0
0.013099196490013208,0.08244887455459614,0.006708585645610864,0
0.030642661721554706,0.11953744398608973,0.08172677165187835,1
0.028027228792351314,0.13013563003237252,0.07856742224325498,0
0.034389561888265655,0.08912231972863598,0.041696490572297844,0
0.24109921196756015,0.19818228530567408,0.18539134629985585,0
0.06532527643025436,0.15202254566229478,0.16877926242865657,0
0.07328365617248545,0.14900733908331154,0.1250231376303892,0
0.4667858229945238,0.2829453837161317,0.402805149559716,0
0.15814605561110442,0.19446258271510733,0.17834609235781174,0
0.029684742565622254,0.15690644585820157,0.1881321349888492,0
0.3762220634297723,0.22049986427022572,0.230691191832187,0
0.04263577934658099,0.1772899879977724,0.1322762731411237,0
0.04218608176531196,0.077918190801567,0.0365885241687917,0
0.00799517358319513,0.06261358709918062,0.007533927352786366,0
0.5120949297630233,0.4364572092933534,0.36660865958186634,1
0.08350780944803823,0.12456178840634456,0.11107639200440494,0
0.011799113811664817,0.05867051211715176,0.019176505310325696,0
0.13915424160171902,0.16979538246707684,0.13922993129954583,0
0.018159129935766422,0.06301634623314228,0.010919915339829766,0
0.07683829191566537,0.1058845921748894,0.0741890691855021,0
0.058717214460615355,0.12665390417011604,0.07227544504637444,0
0.005110131242930068,0.16317335393164803,0.008391886804804119,0
0.019810087234032492,0.13641132763138697,0.0982865206210088,0
0.008214843474705316,0.056725308866242774,0.005055477406103379,0
0.02343327950664807,0.09496526874538785,0.03372847517391685,0
0.0019896025933945284,0.04503336404572552,0.0025770785191452958,0
0.5145383050319459,0.2881145213368897,0.36028211995814513,1
0.07174192542363145,0.1454203431763933,0.10317845615509313,0
0.03912985415892859,0.07318880864929855,0.026317627373900192,0
0.07398800320078575,0.1341632922134313,0.0908914704429411,0
0.002637436581595989,0.039202620758048666,0.0032529978896141737,0
0.48302543327803776,0.26307981559103816,0.31779243256487133,1
0.41417580866568315,0.27689672798406273,0.23906497662224196,0
0.05593082766020907,0.1735719813666652,0.11027275045762554,0
0.7993029932695244,0.4743086025882207,0.9810028955418973,1
0.48723015365516587,0.3565195461317963,0.034434505318291876,0
0.1893608862603333,0.20353350451063795,0.16335815747121196,0
0.05183714051969651,0.1482834199615744,0.08646048542000728,0
0.1727987667173482,0.24378380207626954,0.011907601301930724,0
0.037016480699486515,0.09027557794389197,0.04855082011055861,0
0.43987568053510956,0.28014440899263804,0.31041715056050284,0
0.002027541599405143,0.11135581332455234,0.00370035901044428,0
0.24717417322062019,0.20862300695347674,0.20162728405438554,0
0.2591074916107824,0.1978047820556131,0.2214516641070393,0
0.14959915607322463,0.20092838586897893,0.15019365736616674,0
0.08516851271506837,0.12089742838444688,0.11258556456415389,0
0.9802983302071184,0.718636063813735,0.9945275969800411,1
0.9194969771243732,0.6170947935834359,0.994850246502439,1
0.15970858022132525,0.18907798275598114,0.16874745673565092,0
0.03093434331309969,0.09665776276229256,0.06357501524774381,1
0.003097876547014806,0.053776741682539736,0.0014644627292499223,0
0.09395720614376063,0.1669843848929797,0.13276052613355993,0
0.3690977037173318,0.2029364940545178,0.24481298081594324,0
0.3843746557476084,0.2730987265543455,0.28559421084517805,0
0.0335785176177827,0.05796463666032861,0.02214910474910389,0
0.0978337736619857,0.16600532530727258,0.1504063356959913,0
0.10698926874853915,0.1437122014403261,0.12480113429019059,0
0.014476876301529438,0.10918892364695272,0.044365098643680274,0
0.015156918544408534,0.09290867816774215,0.027394077704292072,0
0.44028317956049806,0.26538443267528383,0.2764164662444659,0
0.3567858289315282,0.2356895872461699,0.3102243665969094,0
0.8635344829883539,0.6756162060569041,0.9487673428438974,1
0.3015884718192721,0.21216307310206667,0.22352441919742524,1
0.10711125715567361,0.16199880925422408,0.11205216549691788,1
0.1405706468699169,0.15845616301778112,0.1431650781846772,0
0.18307570631424588,0.20571289256796263,0.20761786397379361,0
0.01539170291100887,0.11000978287624236,0.03660438072803415,1
0.5368455273060859,0.5015380282019448,0.43233353969054983,0
0.3496786369808409,0.2200017996651006,0.27363417463682765,0
0.8995434278079565,0.6633687363803099,0.9181121103912647,1
0.8115381457894224,0.6065292780774326,0.8302168081784672,1
0.16876366965535955,0.18871225409210057,0.17197557045800593,1
0.07821095504903758,0.16830628530269792,0.09392584169818052,0
0.0016551459652141107,0.10057810040584599,0.006155354702188846,0
0.004291255725559058,0.1407456049679889,0.004068095939335461,0
0.030253565486118305,0.07065857077489136,0.024655620106938045,0
0.1943202797837486,0.17419612959020783,0.22087938852218858,0
0.30243728792594,0.2240219679179992,0.2592994864439299,1
0.8042024036680486,0.40242095543178297,0.5240631354412257,1
0.010645846831704829,0.20540295810897924,0.012548251708531974,0
0.150855595508742,0.18480708294318354,0.21664764269811757,1
0.2529071491766853,0.2413914054184597,0.26358594078412007,0
0.0595590322603357,0.10663473471946698,0.08440386444209069,0
0.8553571164126607,0.4376634697249988,0.9516061030583034,1
0.1306709356691917,0.15470887410149872,0.13325608380182985,0
0.033019679977793384,0.07342845214403804,0.02414247746643001,0
0.17324783467348023,0.1752215348681106,0.1537696733261059,0
0.08069649424021166,0.14167718866861942,0.10965057913250768,0
0.1624618836172461,0.18791082149796495,0.15697307328199164,0
0.11361449327880804,0.1588231919082715,0.18127049846978366,1
0.19402327350524626,0.18118921923540324,0.10296424276019843,0
0.9720446256548705,0.7050913835014645,0.9974788089559731,1
0.3144702491257223,0.3992746375879796,0.37812509744630507,0
0.01786798023347417,0.07185377563157536,0.02684108937180984,0
0.017471366602920792,0.10943600079112582,0.05499886975087012,0
0.019303760816149693,0.1358346108409822,0.03532346592576166,0
0.01164884392651957,0.06703704356825531,0.006227189863613584,0
0.005098128885663712,0.0380140059189963,0.002832605658919648,0
0.2006400529028476,0.26711631407516656,0.013573435210829,0
0.10615626949365428,0.16103836623963647,0.09809889080346003,0
0.014567846679781737,0.07076882016304334,0.009266628531077577,0
0.12321500031073246,0.15824163809764683,0.15280892385419706,0
0.038326510788970904,0.15813786938993823,0.11012633475242237,0
0.011593607581023374,0.057889393333964506,0.02077464677753854,0
0.13101260116029115,0.1782410360579147,0.16476405632911656,0
0.8116924124651508,0.6507109845557459,0.9156124330592542,1
0.0028889598155288614,0.055053235983125004,0.0035832287645468784,0
0.9436655424355511,0.6565682378055174,0.994979257874321,1
0.21482345536693578,0.2244578099267135,0.17779855836146796,1
0.010147853956252211,0.04656284563182177,0.0054022182884285175,0
0.003661199238358672,0.05346848053971754,0.003768872407636351,0
0.008019261613839259,0.10787258957886017,0.06302801120626872,0
0.12643668475898887,0.16201268832618299,0.1479622657380813,0
0.12744079614407428,0.15851469739782287,0.14337115765885494,0
0.07358695000033416,0.12116488228954271,0.10598309548490736,1
0.004477152765968385,0.04420477175348832,0.0027899056820503906,0
0.23965843468009754,0.20125772852431775,0.19332974443759823,0
0.07540396229508635,0.14147527135976992,0.08307513045297628,0
0.08735255387641648,0.2457055555424339,0.00761211487182301,0
0.04102857738461431,0.07595206135512815,0.034580401372209614,0
0.37757977275229654,0.2558698109972154,0.27593930911997283,0
0.3311598082874279,0.22980242349114852,0.17222137711698057,0
0.17688844828082523,0.18932498485035598,0.1649649338069245,0
0.31167464537972317,0.2631143552516345,0.328292578221786,0
0.05397231841971763,0.0980924772558389,0.032589446466801196,0
0.021825231562791713,0.07809521224607203,0.03375153038766117,0
0.11786526156182932,0.1678492727135441,0.11256795076131255,0
0.00695726239758962,0.05281350297656019,0.0037402185809323365,0
0.8455196230812743,0.5788816415842225,0.9682304190080987,1
0.16630795566851939,0.17926333746299908,0.13511326922344996,1
0.9570971897069621,0.6738034828356297,0.9925421565585888,1
0.15649463686594037,0.17529888508828662,0.1943636119821446,0
0.044963407798138566,0.10669330273009203,0.05201283072480754,0
0.010596117509503565,0.06527569035043652,0.004650010398901105,0
0.028173369269734197,0.07948632451731953,0.03903143457285692,0
0.03803438606116403,0.09519937086855255,0.048787257717902516,0
0.0597792201715841,0.10711775227909191,0.07183915730851595,0
0.06735487892471212,0.14950096208037622,0.1611244486630033,0
0.06865090563495338,0.1372007880716429,0.06393281250394983,0
0.42405202984834783,0.2770112446790381,0.3041937444626691,0
0.33809079518264074,0.24242956488764505,0.2003032408015788,0
0.16790564950131512,0.1813675714134903,0.14837767813645178,0
0.011616813774804866,0.04828457448629521,0.0057031265254250734,0
0.04666126546743878,0.18736568505774323,0.1980533164079485,1
0.10803113746284927,0.14480451229761157,0.11014924655674475,0
0.37784854537726,0.2457850065941176,0.2793384912227465,0
0.0630650107738885,0.12807043283382555,0.056148226840480764,0
0.0031434543257665808,0.047671924677114834,0.0021910891941392167,0
0.14762007800044852,0.21208538483855938,0.14610486983575394,0
0.9330785638971637,0.6368341832748401,0.9883722060927268,1
0.02171123254542632,0.06228730220467121,0.03349491068182249,0
0.021584374094505334,0.08993704401890783,0.020500552511620355,0
0.16534165304005027,0.17637944095528832,0.19188134550834865,1
0.009474114715337389,0.059442697582744446,0.006321823877208692,0
0.2967894753119052,0.2073114535748707,0.20383187743457662,0
0.010401285536759767,0.06597479197597941,0.01059107301335612,0
0.0006501977687688147,0.1318056915673075,0.008440393289749085,0
0.8773660230524676,0.4857711445783047,0.9423926761499164,1
0.3877322700369545,0.23224586197758154,0.2618954451939957,0
0.10622964528503012,0.16226193132499053,0.12395762183294028,0
0.7130645612591301,0.46275142873621167,0.537870784065466,0
0.041978036958162226,0.14624026496154371,0.10144308436909015,0
0.6928913921574554,0.43926194808778085,0.8481119803077988,1
0.32859050009405494,0.20813828465105896,0.24582712345095334,1
0.017540623223074425,0.0491174896409934,0.013498877308172707,0
0.041889245637259556,0.12322056973231356,0.08429115481132379,0
0.9417390459192112,0.6071277217251546,0.9875872945322219,1
0.030063176635402918,0.1292421841927264,0.024628486250769886,0
0.18461181361320186,0.17922091631288578,0.17088418686821275,0
0.9654022878025641,0.6804255913245533,0.9979570810766111,1
0.12092800475134349,0.1632728705453953,0.16841257424930736,0
0.0870092672558119,0.16583866526461932,0.10768627059129705,0
0.12784690325878217,0.1842008581895243,0.13843523256945695,0
0.4093040528674885,0.2733647229437386,0.31990911512361275,0
0.04999165023861077,0.1897677367659046,0.20155571215664111,0
0.0010469415273519276,0.08695910173707257,0.0048205045010362955,0
0.13914767828032204,0.16088054333885812,0.1600838047805998,0
0.0035614710771140726,0.049373996478434025,0.002614806907642074,0
0.012184783670932715,0.050974755486460084,0.005637517055654843,0
0.7411057207078678,0.6230136143016634,0.8319209171231928,1
0.20222799847048492,0.1890424447472031,0.1608548145501104,1
0.1031895630122278,0.15031457260103123,0.11061437673305403,0
0.01558367727799951,0.05714466887466713,0.013028939604396755,0
0.018927457176047716,0.07223115578346717,0.03460940721929982,0
0.030914038091437338,0.15216039181441832,0.08711133122000111,0
0.04590831790240086,0.17502934216395838,0.18475004139043905,0
0.036334009895313095,0.07300924186790457,0.027971863057875652,0
0.018998898976089695,0.12601183700690616,0.019025559923862612,0
0.41154976470197757,0.3774923076308215,0.029285686080912466,0
0.11990494140790724,0.14048494780941131,0.07177611342695843,0
0.011198195369015023,0.11051201507816374,0.013465293319953988,0
0.038236782297030536,0.06378651364010693,0.030322186210319638,0
0.2727041587284486,0.20376320006493356,0.20067147407403002,0
0.02435767487868401,0.1314862231965834,0.07110949987186653,0
0.14954870684435823,0.16313022987518128,0.14118561185347472,0
0.011836612417318208,0.051807833135419236,0.007428318620328756,0
0.012747593120264354,0.09864995020669577,0.04791091839958853,0
0.049372584760236336,0.14020636448167503,0.10608018364479166,0
0.027714472163177576,0.11125217594958518,0.06342717778375767,0
0.13153389642545832,0.18620807967690758,0.13367196507125984,0
0.010682812296953314,0.0806830755713226,0.026850934564566723,0
0.08178674309374272,0.15687419674805822,0.12960516121979598,0
0.09695981479069068,0.14990561164113259,0.09321327063676325,0
0.06373479533375684,0.11414089903217173,0.09008271770388783,1
0.009783669574402043,0.06481471401525775,0.0037537028284271644,0
0.02156601717434618,0.08456842747787463,0.04142013040387504,0
0.9046293324778247,0.6051509725701552,0.9849489722692224,1
0.011561273044309343,0.08148447331681556,0.01886707957121616,0
0.04304981097788959,0.09236614711536655,0.03715384597594892,0
0.15909518576184017,0.17886660018308104,0.15629591014352345,0
0.3521017310847032,0.2525244787578609,0.19040569774420577,0
0.04353256335753725,0.14924951086690866,0.13835701898012442,0
0.18711703241551297,0.18866239317513173,0.23864839671255045,0
0.3343096398330251,0.3091679282698586,0.17465753787408597,0
0.0007558816194989678,0.12248196817878546,0.006265523705738432,0
0.17833672296947234,0.2078024592223559,0.14995630512077765,0
0.21892654922593466,0.1856161236927146,0.1564763892464596,0
0.9313055152015781,0.6651990275891956,0.9937503728880787,1
0.0053249500275691355,0.1878890887556618,0.016689497781912914,0
0.3306330031979409,0.22761573344621103,0.2049558699438188,0
0.0025022453693727313,0.136442556379199,0.007238371615614133,0
0.9684631174549169,0.6737584588098079,0.9983365287631091,1
0.024573149696213836,0.11078315377381855,0.0691585016582053,0
0.08222695948076442,0.1479623675000213,0.09915395385428126,0
0.3267678981965915,0.2575462275728815,0.23283291224449587,0
0.0129027788400319,0.09293073067581413,0.026647768281376265,0
0.04309117663979646,0.0936302906228847,0.04180178944982204,0
0.19571666839150406,0.1864178133117515,0.21504926118014062,0
0.1473730426694263,0.17134487242573812,0.17366487937935582,0
0.00408872470459239,0.1590254096904113,0.008531684791270467,0
0.001046022213245142,0.06305090095201307,0.0025294424637338575,0
0.0004967986154901919,0.06393432764662284,0.003772006507378901,0
0.04791121395397333,0.12820686205615092,0.06304899975382167,0
0.10876131391795518,0.1763726156513985,0.13232554622696446,0
0.03539249240600036,0.157287987127962,0.07784874331827883,0
0.053466212517801544,0.12176237425128537,0.07695210810074657,0
0.006437253558473356,0.05036644007820046,0.004776845111118061,0
0.8386740010640644,0.47381548105957333,0.9360888458549794,1
0.015126707992556852,0.0716287927885647,0.0074420009251172856,0
0.16943899524128603,0.19601368632699054,0.22419138391608662,0
0.057701120131654494,0.10088449052206362,0.08602596270211949,1
0.899044969795405,0.6951769320566822,0.9624835095506981,1
0.00029281382017037276,0.048352541252244904,0.0017114811656856108,0
0.9566608525836854,0.7089332470686648,0.9769196727957898,1
0.008051259265880992,0.04221936015272302,0.006623419609456376,0
0.850379821869526,0.5111840616913363,0.9468921518082393,1
0.07558472167669937,0.12094431270781628,0.11106326058572316,0
0.39600848575716024,0.270920982843814,0.35660601944404957,0
0.2901077912019587,0.23089496788099317,0.27288564403912735,1
0.22762693337352044,0.1906950423218133,0.2063142877795277,0
0.0034712650275264007,0.05838050392691329,0.004655630376189291,0
0.24752354608446847,0.21966114204572185,0.19567794178376074,0
0.0012591574042139801,0.04235037605947522,0.0016050613936876134,0
0.4319562427932947,0.2570088855446573,0.3195821208644942,0
0.3815408718716322,0.27325857307423507,0.2973429028903406,1
0.008088258783355687,0.04301145609090859,0.007159962077871947,0
0.011533848881362052,0.05373723453112322,0.01301373768109569,0
0.3591549581233391,0.24269467525676108,0.27230870820950437,1
0.4448391434279609,0.2592738513167293,0.3332342977847586,0
0.2001582864882078,0.18794850994757084,0.20835933425083297,1
0.8821095680593023,0.6031426583849383,0.9873460085537907,1
0.012854623000299112,0.05162506984412909,0.017777511948169598,0
0.0031828536678886973,0.15088994641455056,0.008279369453959,0
0.009699861781172556,0.04623642012832988,0.007759290521228174,0
0.03615589997622734,0.1337860907319132,0.11411262632102204,0
0.10093722900674205,0.1626717799873153,0.10280070974784414,1
0.015994794470921867,0.05679673148486115,0.015382786745697555,0
0.035508800577226156,0.09164783723472418,0.053690795811710545,0
0.0576383230648554,0.10100525387150477,0.045936483973012594,0
0.0088332216754624,0.05256857517284136,0.006347957650719012,0
0.11961208871104471,0.13235248775692976,0.10368975602766597,0
0.03490252029964178,0.16121637163877947,0.07001105779822332,0
0.08126953802388516,0.15350857228347586,0.10409824051303061,0
0.4014249756341667,0.22618071848514976,0.26126223688356603,0
0.9550403742948371,0.6316721885894866,0.9956868726276286,1
0.7959298581944002,0.4313235177344448,0.8244096188710327,0
0.0306406823111284,0.14372893103009898,0.04997218920322323,0
0.10012964728170773,0.14742613845053207,0.09178840989798542,0
0.006716376750527212,0.1842677316532746,0.007760985000466043,0
0.7779251903524096,0.4699798326086105,0.8654167719959547,1
0.19103996862935055,0.21217390282729517,0.15606726656198244,0
0.005755199282967679,0.06821909776804597,0.00229651219575636,0
0.12235155986402149,0.19028450107264755,0.15238784922090032,0
0.06665013114603659,0.0981922711319835,0.04339501956812815,0
0.008996802350247655,0.042962222653982,0.0072604586714382965,0
0.04845977666307831,0.17149079942099874,0.1764328728304049,0
0.020999370804103294,0.11475599362339572,0.03214973510640976,0
0.14412481436625987,0.2232967660317631,0.20306581827982334,0
0.7882336080069275,0.4338347146918354,0.9514667304424769,1
0.04781209174291837,0.0924184338157205,0.042860854954022885,0
0.03135224678111286,0.1025758676657532,0.04714900025290957,0
0.40798787417144716,0.2577174305435725,0.3298829538276985,0
0.02126424553458315,0.11717200564065224,0.03922899763755251,0
0.03790298028575099,0.16202405774367104,0.12401450633588657,0
0.04525103866871709,0.09146768509776165,0.060171518397343346,0
0.015584967549339268,0.08212498257457504,0.020268219026455366,0
0.1795362982758227,0.18175767735955772,0.24432080068620707,0
0.05915925226076491,0.11963169613410088,0.06546249308087664,0
0.7642255930372692,0.5796837840174095,0.6185776859962105,1
0.11334333409215679,0.20100601599663775,0.13363821642929058,0
0.07338687255798865,0.18356075443027584,0.11646502741341583,0
0.09036864070010507,0.17236039954935886,0.09287170284736355,0
0.1691429292047652,0.1847349472396447,0.18527306053432238,0
0.0009725668164297641,0.06774222770334402,0.0028680370426794645,0
0.04963092140473759,0.07893030220602906,0.02519618220960796,0
0.05837078610795618,0.13044794406176893,0.06547240812038316,0
0.007969348091246645,0.19291750664412768,0.00631739172188945,0
0.055497016724038874,0.11346806922533573,0.06852722899096839,0
0.034521393110306615,0.06775637949758403,0.026102389479002782,0
0.00572126777179594,0.18512449334568193,0.00714415185507285,0
0.21829460475660067,0.18850973769168858,0.15079239878172954,0
0.003467466118047914,0.1504362263298204,0.00554210473117872,0
0.12013078782139162,0.16770287825476135,0.11984635018064266,0
0.07604786896227972,0.1475901581975705,0.08542692417415484,0
0.001823885695456417,0.04740843303456551,0.0010168639359673065,0
0.030534337504613537,0.1380693538617036,0.0636909154046573,0
0.2105387354872605,0.2819315644801913,0.10951923949146519,0
0.12222149551330952,0.1628642648030891,0.1755811127021563,0
0.27230037986662314,0.2301238052132727,0.24967935588603482,0
0.04811446700907825,0.1575435691774411,0.07761764583355309,0
0.9588073585804041,0.7151359185702704,0.9667497793274201,1
0.11651964871216133,0.15900379341855383,0.1594393200565471,1
0.7820676437288545,0.6427047994469122,0.9548893428723381,1
0.03405281698147998,0.08387595198807064,0.04623280737608785,0
0.016975611314908857,0.10633910022016758,0.025618569148484316,0
0.086551429856401,0.17678082763194536,0.11816941466863756,0
0.037867978583012316,0.07634700848047767,0.0510963083083287,0
0.38012906907322414,0.25982741038669566,0.26945840407187976,0
0.4120726799930132,0.22262561870279737,0.2580288737605842,1
0.39003756455185723,0.25643214831165023,0.2646074390630921,0
0.04008233018332224,0.09650600617433712,0.03705663535000582,0
0.016865462488397084,0.07430056164449225,0.008379563012113482,0
0.002681276088273769,0.1399819589911154,0.005934617619201952,0
0.00048808104066498713,0.09240568123110092,0.0018950613867597082,0
0.031047017228974183,0.08193006913766215,0.031234344052511107,0
0.132410702396434,0.18100107511027871,0.16950200238385435,0
0.0400569364572076,0.08836517781694166,0.02310053615609034,0
0.1286602356360343,0.1933429769856654,0.16647963335651944,0
0.0425651648382579,0.16786137350931707,0.10687730642729716,0
0.011072418310252085,0.11958940256200948,0.01713811219548832,0
0.013472901428163287,0.0637235102157731,0.013676240856755102,0
0.037073722781043296,0.16187641263018204,0.06406354769640964,0
0.13085904727853942,0.1940463896249189,0.18284886540753192,0
0.006983100734064166,0.043150064207406136,0.005050062033183272,0
0.027972486973421085,0.13348473068762698,0.05103587050624291,0
0.06179236204675417,0.1397584899741181,0.07289751679167597,0
0.05931278796233765,0.09759169226820807,0.04988138401891748,0
0.012056786555993368,0.059813010646920475,0.008575073017811269,0
0.0010970620201647002,0.07341009555181106,0.006083476278991233,0
0.009324565720821177,0.0517454151371421,0.004735808057571253,0
0.012989719418271895,0.2095460664337238,0.10772393247503526,0
0.9526353676205515,0.6615084403727226,0.9942395794848023,1
0.009305276312439895,0.05685851598772254,0.005304202777890945,0
0.026966011997345957,0.05893219805460652,0.014977980384228793,0
0.008835127649370732,0.06792862815768344,0.0071892566043368425,0
0.8565454082448779,0.6500780253471452,0.8933073155276673,1
0.1978317665266574,0.19768634051098793,0.13548379135860814,0
0.9649575652805327,0.6713454910412213,0.9942297414375921,1
0.40182364440426677,0.2634871799662268,0.3779275370706371,0
0.036925208197720064,0.06661977710727136,0.030603347201235073,0
0.021426882008526084,0.16577415302649867,0.03618614111441275,0
0.18019822008076392,0.19655800479025168,0.1683664439000263,0
0.10295210879643678,0.13383579641394863,0.08682917543916185,0
0.20534660559898907,0.18322495115004803,0.18589336885777777,0
0.31282334379298876,0.24345753364436387,0.22144242555791424,0
0.11458093171462579,0.16933547859585232,0.12926207231149686,1
0.15729065754665938,0.17531367143079915,0.1864230662877867,0
0.00343500221594197,0.07298430859793235,0.004169332900055196,0
0.5304153029140991,0.3105239872654985,0.32602416732195855,0
0.00512249375642484,0.2023126060053914,0.005741506598200069,0
0.037527449679225014,0.11963285162585616,0.12213795805119429,0
0.16006941196392102,0.31691286272942243,0.021117866421948708,0
0.23124132737605332,0.22507588797683784,0.20698115816548182,0
0.020966467349024583,0.08001333479502169,0.026474088869656166,0
0.003679536579003015,0.13799165150143824,0.004581956125290618,0
0.00027054979340512635,0.0502328177337567,0.0007257399340431377,0
0.1631790416855383,0.17085018534943233,0.21943700969745678,0
0.0357786743360087,0.1466662085690112,0.06493921206733447,0
0.29169208071514874,0.21330869338222533,0.20314345137019965,0
0.09423733288546372,0.14763198933178903,0.08776065804216035,0
0.03152326572425894,0.07556754933722924,0.01783974533993539,0
0.5880521359857654,0.33592278459775265,0.38501316404196795,1
0.9000305375472707,0.6614594889514881,0.9264232023110649,1
0.016310904313272197,0.23138750620900334,0.025717966276867062,0
0.9365322398784676,0.7310203614352153,0.9752200221743361,1
0.05668239184374913,0.11154908869489898,0.059849129377453354,0
0.14017219583332405,0.1434858168261339,0.11771581815923737,0
0.0633016357744184,0.1647421203206142,0.08067018361422479,1
0.06511651783018205,0.08877030712641015,0.04805088693151673,0
0.9456323082773493,0.6671947477593896,0.9931802440881676,1
0.2556238958962228,0.18328198884553012,0.19597072008189492,1
0.009233027582373526,0.07160089865345083,0.013645831755795302,0
8.337043978060322e-05,0.04147530953478614,0.0006435448110154256,0
0.18624640868491407,0.21599480911528696,0.23529858083336727,1
0.4430814527623808,0.2806028930268415,0.27362695122440167,0
0.016962054211070738,0.1126518213929571,0.05091840556451752,0
0.23344898497571198,0.20888932178098182,0.18079417279653884,0
0.13350381342233936,0.194289395265824,0.18663584958578414,0
0.26956431077643,0.2514426587951353,0.262921114747546,0
0.01307192067072571,0.07866615095645135,0.013334945191126461,1
0.01096167061234951,0.049172255595553944,0.009377830865452071,0
0.2274130743392119,0.21043769676556234,0.24517974307847903,0
0.00022456200052554533,0.04586525894837329,0.00082278524955015,0
0.0181934293612132,0.10090790156737495,0.02808331742601465,0
0.05696312555521248,0.13476424341326376,0.0949913419916298,0
0.25041402197663704,0.2183939963791235,0.21673272139231053,0
0.028176369522981626,0.060605419273096414,0.020527130194466454,0
0.6679195335301773,0.47448214340161676,0.8209364503958188,0
0.006969669499848691,0.06990094352287601,0.010233109472134858,0
0.029284118967863634,0.09076744238920488,0.03170705955666875,0
0.12191781264177885,0.16109012708531792,0.1855153788691122,0
0.09867911897363095,0.15115005385797403,0.10843618276385347,0
0.04795217931891059,0.16853616871966015,0.13196783879427748,0
0.030669654531841176,0.15576939241607768,0.09735949515975462,0
0.021108496758262044,0.058553201802055345,0.020564292299787876,0
0.00423308561125526,0.05665341051547589,0.003858374283427425,0
0.007377817266514978,0.04838394404006985,0.007219563783293554,0
0.5499720468035598,0.30527694180696946,0.3566766379716105,1
0.13217726259785564,0.1713065934507949,0.16251918680014066,0
0.2815034063005751,0.21029264403909306,0.17849983430272587,0
0.040324335888786436,0.10933723559587263,0.05684724253340594,1
0.014570254396226757,0.05474763304912598,0.019671445401771105,0
0.04000877777435057,0.09982822708397744,0.05668827921190074,0
0.01742152455816844,0.09491042868777239,0.030504248439738885,0
0.0024678593756416872,0.05432493758006647,0.0028012679354464678,0
0.0005630809867179069,0.11953682412767633,0.008565155952338543,0
0.38063714828908124,0.24338282204881184,0.22721919797914614,1
0.045091969371730566,0.16426750191227948,0.07293564610985971,0
0.03299389421136625,0.14533126996952664,0.052328230057667825,0
0.011667682359686989,0.04526875097113161,0.01115534076156527,0
0.09452234632098593,0.12984301982160817,0.10594107596572278,0
0.032702835474710375,0.1411361810352097,0.07948495151424959,1
0.012748712585808106,0.06045071976998868,0.007126174406719375,0
0.04443259598484778,0.07734091966395891,0.04688576616770792,0
0.08695159813951679,0.12892625653225387,0.08160370505075273,0
0.003973196610750701,0.15232617578106225,0.006830990518631418,0
0.1948362800059635,0.21696225068138872,0.22006723670303333,0
0.009840724017988384,0.06380277694230452,0.008072392787897028,0
0.18243585888858183,0.19568035914944906,0.15553492451419,1
0.17400835592952815,0.17716577129183775,0.19538280445544814,0
0.10719788595538883,0.1576545552361446,0.1501774417036416,0
0.04729406535645784,0.10132041763911562,0.04899877432601452,0
0.2335422020611602,0.20199386112544981,0.24411231026841027,1
0.04244987877662672,0.13721753897062242,0.05148000757357651,0
0.013840497868215902,0.058362298149074635,0.019897967651765033,0
0.9486165210878136,0.6156284351994962,0.992719802196566,1
0.11320169396423402,0.15551832418042227,0.14241893085942975,0
0.0873490457395615,0.15852490844368974,0.12140170809544529,1
0.011135453978402678,0.04704867028183736,0.011038085482989778,0
0.20222591304540957,0.2154795875416843,0.17098562191625816,0
0.8773091324645104,0.633168912500432,0.9770480888556202,1
0.03113997351279053,0.07737540578293546,0.028648335325307858,0
0.1345253959789378,0.1820518358308508,0.1365797950826305,0
0.010469329258986908,0.10545493412347794,0.02232115590036264,0
0.8515540439837613,0.6788865438902909,0.869928696948752,1
0.01911364805690444,0.11143648892531137,0.05405211907155009,0
0.00756215340322671,0.19276104246485196,0.05072977391953333,0
0.5430164315875499,0.3688508983059502,0.04429894895148307,0
0.9247314723991876,0.5875541141858126,0.9920072778545483,1
0.16473521291904855,0.17595617857269286,0.19502676939209018,1
0.10959033201231032,0.15965771460667894,0.1362863821943697,0
0.00919777086420869,0.049976106633198,0.004187129533232221,0
0.09492065781444436,0.13555348881570253,0.11926881694251734,0
0.29769901158243667,0.31382404188056573,0.11599895615605667,0
0.30465841458113496,0.2696085251347487,0.3209535226718665,0
0.9765762435434409,0.7166457219565181,0.994500773164231,1
0.05577579667075377,0.09252456672133949,0.043160845358346245,1
0.014213036487327954,0.086938640576745,0.029938097911238554,0
0.9795935841435057,0.7096593681235173,0.9961194081437352,1
0.7630785900495108,0.5646414126670904,0.9299825493677085,1
0.20900620089857042,0.2060380496913525,0.17503963210044987,0
0.0264138066771716,0.05974765955155009,0.01931437476222863,0
0.2073738580533858,0.22056538389768532,0.2117292126404141,0
0.08673787395339465,0.13614214467635757,0.07923175183535197,0
0.024892531483271186,0.12948471950294804,0.08632434320058041,0
0.2319488313920511,0.20651970580780957,0.22418552294586105,0
0.7972175891670322,0.6312923134466131,0.8812156489516577,1
0.09995993784673789,0.16590209334899286,0.11719890545493887,1
0.06402518679044977,0.1308831124282717,0.07408964852284425,0
0.9531726375215971,0.6787678624152247,0.9865090325718914,1
0.1045365685703105,0.16195142548678673,0.11383149875162882,0
0.0008422336100581415,0.14385349063378813,0.011322027461165207,0
0.01123173477825601,0.08516179587313637,0.025339116291671914,0
0.09801885869384286,0.11377420358994718,0.08057001883066023,0
0.05277432128920613,0.1413942343059545,0.090513155595591,0
0.20412742425705394,0.19063066889939095,0.19939265352821237,0
0.0684564777513812,0.10116259755994711,0.06891000779224835,0
0.012766782072380689,0.17739455590229766,0.01914420844426636,0
0.2333730683798034,0.20768370586606807,0.3065000378334795,0
0.15339886749611067,0.1693531948341657,0.1572854619770609,0
0.08941895603476424,0.13216389316650762,0.08579577140158326,0
0.002261493565247183,0.04342335313702912,0.002966889002249,0
0.1928665839591506,0.17894473611044276,0.2230691690927906,1
0.05166596081732287,0.0953018191035199,0.0490682111971054,0
0.14725390673321734,0.16305640642697208,0.13359904993799535,0
0.031243055132595964,0.06954672164960889,0.02379871192305609,0
0.04839037773780757,0.10850976473243014,0.057495092174219976,0
0.5767290987153691,0.45976059328223773,0.5889111595994084,1
0.2297450816982526,0.17775130405779863,0.2549227662203015,0
0.033503916365617364,0.15663623648635353,0.08904473150534559,0
0.9149934259804242,0.6270268994069413,0.9956162371784393,1
0.02859215039314608,0.10444893787249142,0.06756195708042721,0
0.006716099957224555,0.17921312324537747,0.007304870806208146,0
0.03075158740141017,0.14110068525496436,0.08076525406046071,0
0.003654996843999821,0.04314530123610964,0.0017891536530903237,0
0.1687227942915834,0.1692567306971903,0.18979502353095526,0
0.1890152627960208,0.1772284242202983,0.14827116292924344,0
0.008767034253012939,0.05764293475001921,0.006492268614751492,0
0.03624829508854361,0.06483588132706236,0.029552080355733187,0
0.1251911367184628,0.1560715755744204,0.12874432874535313,0
0.035457327588571876,0.06710596021761357,0.02462873639419637,0
0.010639191827503745,0.06139552892201475,0.017765650747769746,0
0.03998730154860248,0.16535580340820902,0.11570584830611513,0
0.2441999032195663,0.22551297173860013,0.23807919482199422,0
0.012406813778438098,0.05386524653324427,0.016579673760534815,1
0.003014204669101096,0.14618373260551062,0.00597114330881792,0
0.042583688377031685,0.08413813508906688,0.03432491618367024,0
0.6937495216770385,0.6012519495414219,0.9646437799518609,1
0.44422588891506265,0.2795116565739087,0.3239331637039526,0
0.3239089029494935,0.2230250475256585,0.22823885790491757,0
0.05938329584034091,0.1331484162300132,0.06316264274108688,0
0.07929169470810486,0.13982180015547716,0.11621336056216659,0
0.22890763474474657,0.21928472042150854,0.24136192864198489,1
0.8053288173320071,0.61673823122847,0.9649617952613081,1
0.4195983208236859,0.5465048433827343,0.6092122290284776,1
0.03619087554085993,0.09042999848485049,0.04193906959921061,0
0.03246128650633085,0.14733621999015406,0.06532735546221773,0
0.6141037411795323,0.49852843606184544,0.7157193416746671,1
0.011352212775178637,0.050302964211926184,0.010427652938751378,0
0.04541246584149371,0.07007031434936713,0.030134676777389385,0
0.007188841679101373,0.045985787053982534,0.004988255354276855,0
0.03871955326764064,0.14698605583265453,0.07893503206233453,0
0.10697205388118872,0.15600225898999065,0.09950407856675902,0
0.9249724106333772,0.6385962356161942,0.9918877213483672,1
0.08177188494777646,0.17926698949353456,0.10160505772071532,0
0.00042855666534713196,0.052508135869425904,0.0031635632879348148,0
0.05822234435702404,0.1262482426566775,0.08272972938817529,0
0.29462107850359975,0.23022138385969423,0.1837562116569854,0
0.06763985466569654,0.11515955070061666,0.06968852833686892,0
0.06767871531007812,0.14294276652049248,0.08346512528898622,1
0.969786432673775,0.6821135677715032,0.9944658476478582,1
0.002182206609702126,0.04023651665011959,0.0027865066334827847,0
0.002959021907794697,0.03908566857145517,0.0027204383199729842,0
0.036437376759248366,0.13688949474320525,0.10675429067713675,0
0.1465258101073109,0.18884923224710576,0.12889186300348182,1
0.05066476642777629,0.15176221594555953,0.12103698279995824,0
0.498880384236102,0.2827983080140603,0.3545224316503869,1
0.07575906209266628,0.08871928077638723,0.0638652089211828,0
0.14211184097923252,0.15183494554816615,0.1534378257164789,0
0.25544905701192544,0.19980471475416706,0.16723003007509474,1
0.00030673475963039095,0.06193072683338031,0.004934133780569233,0
0.029893684053861388,0.13626158381162656,0.05900413220088777,0
0.19998868944768838,0.21415897554374283,0.21717862498205773,0
0.36279630237973326,0.2528944045547486,0.27037299542053844,0
0.03415345104338621,0.07025061751768283,0.0270791105559658,0
0.9098734971567762,0.6235220399263787,0.9901249044142165,1
0.8847438720330529,0.6773318973372525,0.8808179764523485,1
0.1326987742404856,0.1759421625417459,0.15496690370426539,0
0.19710168256451507,0.18160682429354918,0.16373483105811582,0
0.07479301673653793,0.15598106447958476,0.11523900589570293,0
0.021532740518307506,0.09138957748994635,0.038812519200772604,0
0.009501489267958432,0.04450268785301019,0.014728435954545293,0
0.2247499989512756,0.21302356566026812,0.1974544139406917,0
0.009631244825624663,0.047473855632915264,0.005450631852621456,0
0.6287816350279612,0.4315053456756206,0.509649907867837,1
0.11687749704481601,0.18903143253993987,0.16810318017999568,0
0.08299422418511385,0.11226440306402634,0.06956998367542046,0
0.029690488824395105,0.06727255521732277,0.030430331194126102,0
0.40214083924715305,0.3696937166741396,0.018980484390441338,0
0.04618333078144587,0.09122256990830348,0.04728100696700911,0
0.39248192347999444,0.26478051337425634,0.24562323961760094,0
0.01856325563681962,0.05077567799877423,0.01569222033480297,0
0.16739990115931236,0.20616819548603532,0.1905075685340424,0
0.973552596354331,0.6975998329428549,0.9967988900649933,1
0.03280360331346483,0.15306267443051125,0.1162261127590163,0
0.02789738754845584,0.1340716206512872,0.08147042604466992,0
0.9330657242438295,0.6460847030435637,0.9900444495347881,1
0.027270843437750863,0.13905688318870882,0.04099819393144548,0
0.8683050645068616,0.622675644000292,0.9886577035047307,1
0.9703464063933732,0.6546214989887336,0.9931384790090635,1
0.9218606461913135,0.6681032939713153,0.9792707955588832,1
0.08774391738222222,0.1425226157961255,0.0916742082688629,0
0.0006682265548080627,0.0535555124720903,0.0018347232198917512,0
0.004254169864438312,0.1649817968951127,0.011045183364688141,0
0.366649785203732,0.21933977164139404,0.23772732812837585,0
0.00013639470079094982,0.04195854427289211,0.0008986550119947861,0
0.17061774056045134,0.19831646850861398,0.2013828919973802,0
0.019909172499639086,0.13115505709060993,0.05039336505783954,0
0.0015411304441393995,0.056450799621535944,0.0017517344219674744,0
0.7065226852065868,0.5529021407669309,0.8098033840696284,1
0.046720516669121664,0.08634908217403842,0.049357646983507676,0
0.14621611365537737,0.1894661775978211,0.17890355667339788,0
0.009382803371068608,0.046729843804683036,0.006541471121904722,0
0.06236069082312869,0.07260393879493647,0.047277664260002863,0
0.0008525122843661655,0.13592453229947923,0.009520780715506287,0
0.2010233548872724,0.18897519628392462,0.18420727813364138,0
0.38938360361906305,0.3475267494641552,0.12454555076028122,0
0.21951818845431004,0.19166492982944014,0.20711539008927043,0
0.1647667676061198,0.18133602494931766,0.1934988581382173,0
0.45730174091455444,0.27394923987952696,0.2598390252164,0
0.10017129977607175,0.14578788054185368,0.13232320376147558,0
0.009425570929405647,0.06025923078534392,0.007164605227392821,0
0.14642429996718156,0.1694583988855369,0.1380307670314747,0
0.27265430747768743,0.1951478530467743,0.1828227153182595,0
0.02437309470901112,0.13972803402348344,0.11054435087154414,0
0.059757126681756464,0.11695399497105513,0.0827690739063455,0
0.457825059981437,0.25649326637201564,0.3269845766499643,1
0.13778024286440654,0.1936328281567685,0.14067265121445932,1
0.04543044765686636,0.11693245324277281,0.06910067979274757,0
0.5154616277756902,0.3726172922952574,0.03497925230595345,0
0.8271298752333441,0.5934872540122623,0.9321112900726518,1
0.14716380880930716,0.30787429244957154,0.001980739174580022,0
0.004183981136275367,0.05423002097835422,0.002787107350719013,0
0.034212772413820765,0.07314671797956562,0.028063874412608898,0
0.10798770348046158,0.15584094974556825,0.12384303276672008,1
0.03419133064073257,0.15652316925827797,0.16059392500423691,0
0.04482475860004995,0.12153896224532044,0.08188575966191891,0
0.02644098896031679,0.122885506416373,0.06996902388672559,0
0.09570549885631972,0.14498465618861264,0.09605193909776981,0
0.5799167903118448,0.38289623387740157,0.5260736990580754,1
0.08475678289386145,0.1543009980042088,0.09689097362299745,0
0.19959552719640153,0.18664817867061095,0.1602635677035174,0
0.9738224896553865,0.7116334054309553,0.9945045636930304,1
0.3232863225715847,0.21092035916899438,0.22358592172394806,0
0.05632434707765559,0.14955808992304137,0.154045008002055,1
0.07519277229573432,0.10541777206545282,0.07238510736359151,0
0.0004995484042001868,0.11127199053262797,0.007618147195479459,0
0.07555307100332372,0.13489564836515755,0.06311794595956896,0
0.7943384203203462,0.43490430629485005,0.6919126400904015,1
0.7667014335638661,0.568486093600246,0.970812363869026,1
0.22635736175853846,0.30777236646703143,0.007108794444691361,0
0.8740263224308704,0.637798405734064,0.9903043933121363,1
0.09739758004599895,0.14113323894136626,0.07415185013845353,0
0.17655141228814883,0.17640873541077606,0.13642125562426236,0
0.021404360220887857,0.08926358898598846,0.031231998557767992,0
0.15440367171645195,0.19648298653146454,0.17351873038032134,0
0.12362537129712597,0.1602863706047981,0.14923075966460353,0
0.49274489010543776,0.25464704037782954,0.3334599066196626,0
0.040751638091709404,0.11099670284650606,0.0606736445843196,0
0.33953971003578154,0.20629543964398953,0.22704462994954244,0
0.09887068272599035,0.15612089189174,0.13222550401854227,0
0.20955609441185774,0.1661178170662875,0.1953870367518913,0
0.8141050114966214,0.5289131346960148,0.9342971626463825,1
0.02492620588748682,0.14221978698942409,0.049100210804139864,0
0.10061893040736426,0.1631682283450198,0.11980371355377203,0
0.24284472890876208,0.20367454637725146,0.1568342102975097,0
0.001272737422677325,0.0881843876966728,0.0040669960683022074,0
0.1349564244388425,0.15947978650559144,0.15115638958895994,0
0.15513654236268465,0.17271475115186488,0.12717531278100427,0
0.24622308471432514,0.2217639991535642,0.21824040107741383,0
0.15924059717761815,0.17299126719052788,0.14311044173943235,0
0.556268766917171,0.335064613545522,0.038937487962851174,0
0.09773410559858094,0.16889532784592115,0.13271132767194974,0
0.011394699489744106,0.053191638585511195,0.007843009685391165,0
0.2969411344183221,0.22286287923769466,0.25666746900575427,0
0.08232839602781097,0.12193185822752035,0.09943062848532293,0
0.046118695177639286,0.1410435541687976,0.11812054557403341,0
0.026727744770333114,0.12136122702981246,0.031350778799402235,0
0.0014914083709143544,0.04129837241743067,0.0009269823716549469,0
0.11427832242739273,0.15943422150976588,0.11075752430415223,0
0.013596617302439646,0.07764360710777371,0.030709128820218597,0
0.3594241027840767,0.2765446099466308,0.23755575290462574,0
0.3002887986365412,0.23574911684592045,0.2153675938966098,0
0.28512513445871873,0.22751549052427955,0.23088809287432788,0
0.1158830404603589,0.20410476551867346,0.1421190213026922,0
0.016797230369798164,0.06618591249499785,0.016777278669464296,0
0.06088166362293043,0.10198251501487461,0.09093335389574318,0
0.06062230319502287,0.10011546651431724,0.05824372138099207,0
0.04162795981957705,0.08438004289200629,0.04226779065335645,0
0.23080810886847278,0.18595450302474287,0.17052202291976193,0
0.1996189917433386,0.19535109284698488,0.17996280940071213,0
0.05984588458705167,0.09586471598301244,0.04537077784256956,0
0.9086603203857566,0.6067302465365461,0.9865662666433803,1
0.011067018370604483,0.057678808803439195,0.004645266283807718,0
0.18223974459703512,0.16826484353570623,0.23344098673820188,0
0.04022477401771475,0.09944945724719714,0.0661680172732799,0
0.14866363683791659,0.19377820357532746,0.23366099175966631,0
0.10739922211143788,0.19337446799308036,0.1582388348935931,1
0.0009797882816959095,0.11616709711374289,0.005726237622078986,0
0.5463246391172834,0.26813648902448456,0.4039259271418249,0
0.0012140914369907123,0.08312015211189022,0.0036956759842223866,0
0.36385157261440465,0.2551492476871881,0.3174241216403906,0
0.03512318654737048,0.09423851906257913,0.06025456341896436,0
0.8302979201876043,0.5122061513823666,0.9520860647410068,1
0.27172388535497644,0.21650104075745355,0.2647621076456946,1
0.019322350718455263,0.0795702561713646,0.027254475631771923,0
0.41288888613994273,0.24177837229149055,0.249733801151814,1
0.0031313874446291085,0.04526621380477549,0.0030873675348027227,0
0.006958042854682196,0.040490111396351884,0.0045463952765737465,0
0.13839853481797898,0.16270301127876607,0.11839159299761252,0
0.0005144294074174406,0.1149628374878487,0.0072021161036941814,0
0.002957168549997417,0.03737680530150992,0.001137494169640097,0
0.04444031482546946,0.16592674556749165,0.11515865150258077,0
0.028375711937827345,0.1423134043889557,0.05435036612970445,0
0.03630394154137758,0.08827490974659301,0.04567473913652251,0
0.031327383549443644,0.17194408912816617,0.07798830546425488,0
0.09772824042935939,0.1464170206945989,0.12127481571084392,0
0.06729187829744501,0.08467404395372655,0.046597600276196846,0
0.02794007807409186,0.06212559466674091,0.022030670508748913,0
0.031030795215794174,0.10269706824408667,0.035017067845844324,0
0.05618055755212619,0.17784476504822228,0.1529348462352028,0
0.04862706802290573,0.14392508802773069,0.14406376370712937,1
0.03197831073891061,0.14434506372034464,0.06701986617341919,0
0.1267041180268861,0.17172844475086832,0.13609209184156842,0
0.13460295723748508,0.17468919229665592,0.12794669446849863,0
0.005070694978177382,0.21367594606279527,0.00651338187685451,0
0.06363320745476284,0.149793778365984,0.15722267674088897,0
0.634766984656329,0.4224202628723192,0.6037636062423034,1
0.9509646779253417,0.6152625223356337,0.9953806153245497,1
0.07562275447178822,0.1381298957450693,0.09427159315903803,0
0.47758606736887665,0.3808805488094734,0.13691330623865094,0
0.11573781561825354,0.17574577231023067,0.11666412026854872,0
0.06057552464974792,0.12698803234602724,0.06797804988148753,0
0.7606741932516328,0.4162936825150851,0.4119894926906938,1
0.16395844036573953,0.20760526139594887,0.13370267871585714,0
0.00018514711519000587,0.0598930249847966,0.003783876104669994,0
0.026215033556524263,0.13123787517436056,0.15075885181352625,0
0.9437275231585102,0.6773449635411559,0.9955935491375507,1
0.9433684786809526,0.6170039951505528,0.9940704581388143,1
0.11133352334833961,0.1554511821706392,0.11279073444619067,0
0.9924364340751483,0.7192822635844031,0.9951165783609912,1
0.36520141523539673,0.2645763975509103,0.2503910478339955,0
0.11906849955589079,0.1314195168003465,0.08090292840591193,0
0.026719094715022998,0.12415639165995605,0.03749213346024937,0
0.3525794444895829,0.22242268884484684,0.2316086417395279,0
0.0008216724080131929,0.13141253497457958,0.00577919419057056,0
0.1547189687265481,0.17910267520948545,0.23797679099508576,0
0.07607809437890493,0.12797581586671516,0.08051929677764759,0
0.07483862534651385,0.12937436567508942,0.12039863003206748,0
0.082582471042293,0.13455391540605635,0.09394686647534563,0
0.027644005013142656,0.14934595598466105,0.0678191995743565,0
0.18338535276678383,0.18979395394900747,0.17647921391065602,0
0.13270595302372706,0.1687660675563692,0.12385957803491357,1
0.002976901322795108,0.04228510445325384,0.0017622888777809721,0
0.059725127917874654,0.13308345095547267,0.06722713299175286,0
0.1609474564975204,0.1930447670480421,0.200321841995639,0
0.10841498878798513,0.16457713173708496,0.13892751442407408,0
0.19475311462071646,0.20185034017576786,0.17588878480267575,0
0.8016562670262526,0.5896642520811803,0.9637632638443204,1
0.12175250178156208,0.18223961218313958,0.14788670220298158,1
0.010005332834704271,0.06588608648811697,0.006602348619529563,0
0.0351415439815374,0.07153709209334383,0.02141572770474052,0
0.21472493729010755,0.19440981006392388,0.1746208856873745,0
0.7751425671840526,0.6022651884717408,0.8333959410894509,1
0.2715747183285823,0.2044298476121258,0.27058829652195154,0
0.11938624751016602,0.13103483099139462,0.07732480736142705,0
0.030917896329761527,0.07124094678225945,0.030162300641193237,0
0.3700023101636783,0.2834241792294169,0.013955757521282416,0
0.012042589676472723,0.07117529301940093,0.008794456466383873,0
0.1678711229232025,0.18558749407590283,0.21810026069669852,0
0.8829632962058619,0.6074520548557437,0.9875380260069198,1
0.0010007493532104503,0.14673945492855975,0.012850852223282578,0
0.007438128386483432,0.06643784175504279,0.006441141185212138,0
0.1193642852569747,0.19357754821599868,0.19168546017083257,0
0.04530676001805585,0.19567391449137028,0.2628036792239938,1
0.04429479860616945,0.09885542179169778,0.030768782806374857,0
0.32459852158753155,0.2165412162082127,0.21644010140170503,1
0.17337034639717502,0.18762061414595502,0.19718356540618892,0
0.030957246906330196,0.06198726288550879,0.02747979345759818,0
0.18718362399451033,0.18643685522577183,0.18412623158691055,0
0.00206352714771216,0.044135849512385646,0.0037593784796059386,0
0.10949908851788481,0.15290447168849633,0.11378552730119165,0
0.011064444450751599,0.06390614278346317,0.00740216162982612,0
0.007062699375157116,0.05334009866316732,0.004488564522875598,0
0.019227231798726777,0.05938971457095535,0.03475997573684973,0
0.0965511595759366,0.1608043840075516,0.10446774988363923,1
0.058583330313047105,0.10519876031894572,0.09745995598392755,0
0.07823625586904262,0.1371453065487361,0.0929262795066811,0
0.12994539904540806,0.17098841266614973,0.11288470039978729,0
0.7327346048773616,0.48770668406419837,0.9749259302673455,1
0.00886854488778968,0.06907374420465003,0.007579102566737488,0
0.010869317610591985,0.05836640008775491,0.006247535434950542,0
0.0016973859024821932,0.14223242939455932,0.013302382113775211,0
0.028426291437579375,0.14579979950821279,0.07829330879730499,0
0.2367145041261732,0.21131259861148535,0.1533654280074815,0
0.009469048290067745,0.19019986411779657,0.007718707708804667,0
0.8696809380230854,0.5714753272913548,0.979212794797373,1
0.178283717728655,0.22292151060511106,0.22895424700703246,1
0.04562255339566069,0.17167540433904044,0.08153216827074343,0
0.07978182393108438,0.12592406026987782,0.10928170535367523,0
0.007569684289110185,0.07357261027950864,0.01793126949299483,0
0.24992099048487096,0.20191998175562648,0.18898223746147103,1
0.01629354578361959,0.06717252037577037,0.015359764634641076,0
0.01560526115459517,0.07904753382819793,0.02158033640179536,0
0.284009962265683,0.23090857734050427,0.26727124971621324,1
0.0033335464616488317,0.03944148249453151,0.004451900383318287,0
0.14341666433030592,0.16967849371626517,0.13451750237105778,0
0.8172739675532594,0.6488783308309599,0.8530539777203495,1
0.11655726761761209,0.15056606273709253,0.1300430001916741,0
0.126823657874619,0.17442079602742286,0.17460834227916908,1
0.2867276781760846,0.2180742241799526,0.2396592107256328,0
0.0006205743130709215,0.06433186622087729,0.0021005280171749715,0
0.008774519042074878,0.059381624577752375,0.01719265974411108,0
0.06074202316639934,0.10728523173892875,0.045933857256954674,1
0.0065796603058596356,0.04177566251201137,0.0017791109309285686,0
0.0917674754204521,0.14166621033845872,0.09178418183194485,0
0.11612816340073019,0.16950921536689537,0.1182108914518833,0
0.9355143622853668,0.5945164012228638,0.9855960649982457,1
0.031111570950782753,0.0638071202173008,0.025311001344405587,0
0.02756103107254716,0.12184816214774966,0.03699992898980987,0
0.05743521944543656,0.13017874422950385,0.07754151819922428,0
0.029313458826491307,0.11152646414554843,0.06812416674163196,0
0.0002472213486905702,0.05098419582885495,0.0009380373419245789,0
0.20020929190722486,0.1911540900209845,0.20132054360089247,1
0.18606584680330807,0.2148662238424395,0.19846994490582143,0
0.0914812570836458,0.18137919266815197,0.1145852828134986,0
0.9278690559962846,0.6507064584999196,0.9638836494687215,1
0.012112264876421643,0.07438667788090257,0.015205730573445179,0
0.05994071970259324,0.2395792409341211,0.0029339550053245765,0
0.8474070617828389,0.4661770811471436,0.9908760162572403,1
0.016335314203785818,0.1020589937689545,0.018046737121641374,0
0.29754575385923365,0.21480387550140992,0.19752429346549338,0
0.01032572985779103,0.18533509348780738,0.018867814968725475,0
0.007198217290427847,0.07552484249082783,0.016190282870316906,0
0.7577299006943803,0.4042233085457604,0.5642225928344512,1
0.452523828340273,0.27953630677833285,0.033835537451526,0
0.9234640297592644,0.5955354474848698,0.9846650274907554,1
0.010484056605174017,0.05604321770931739,0.008864963579127154,0
0.06541228056686356,0.11094844676000634,0.1163029945401805,1
0.31307912767178747,0.24174552500670726,0.2516184711026428,0
0.24116059821223387,0.20807296014861884,0.1985080322097498,0
0.0015020768786764946,0.03742544089443991,0.0013087718118101124,0
0.059025468115116865,0.13515484720841298,0.09668792595169205,0
0.01072360902944063,0.060250079507806475,0.005674026102234638,0
0.09053888122160232,0.11832090728975035,0.07555220959140244,0
0.7995816499646071,0.6375551599892484,0.9568374514536309,1
0.26950662180916496,0.21693405667605586,0.25849120947684645,0
0.03459515919588808,0.1556634580821425,0.05520861964500119,0
0.9263225699551735,0.6359086767585637,0.9909209699746544,1
0.45791319508679784,0.26024555237502006,0.30851437906395873,0
0.10015121458109268,0.164672905724896,0.12089555442653485,1
0.9805597226310635,0.7064421571493377,0.9952087708963421,1
0.19846716554512295,0.20055718872139325,0.2217350414303716,1
0.06950406135317184,0.13098121733175452,0.0799170814376257,1
0.012908172062891608,0.09151883924109486,0.024165821812609952,0
0.08116668899662288,0.12396496185389236,0.07131589903282042,0
0.0387599593564407,0.13933998982247436,0.06477778281849372,0
0.3207398147230628,0.30728441376094645,0.004960482039507853,0
0.1280825656912461,0.15954683305448736,0.1566011494708492,0
0.06479848477930505,0.1525601840410261,0.07641987068788607,0
0.02061784498135757,0.12215965864948596,0.05134351053219088,0
0.055675612641069856,0.11361571604503075,0.0640848022761555,0
0.1111726669440867,0.16415767197800638,0.11933723680024182,0
0.08351801920831366,0.13573970743514754,0.0942412465561505,0
0.33482391434382286,0.22185625752354918,0.2639648448389671,0
0.029748725052056675,0.06435225384504586,0.024920152645170973,0
0.05762477510579032,0.13830522976904833,0.1573723470299195,1
0.23334972931302234,0.2010144280138735,0.20148096894523324,0
0.19963224119291786,0.22179110659942955,0.15390325632715746,1
0.850107730285917,0.5620210704866819,0.9418083587862042,1
0.47690326202968714,0.2971204166978148,0.030661468421303184,0
0.031191711062717918,0.14111853954237527,0.07562951691696627,0
0.043066018242128454,0.08078681578230099,0.04338822859508596,0
0.8118054152789991,0.5478685727394936,0.9471873505414337,1
0.04210705328666156,0.16746466193357482,0.14734034589831527,0
0.01071040448667619,0.09125502094639762,0.028540898166411463,0
0.013551200029425866,0.0730324350593894,0.006975632842903204,0
0.18863071533433234,0.18292513183814044,0.22960044524850834,0
0.052331761068229635,0.16731976689612027,0.11101301522308248,0
0.046653716208823595,0.17868408813503278,0.10468970861689617,0
0.058369203182473635,0.21601325788234288,0.2508237751956856,0
0.0001549471928010057,0.04518964165196831,0.0027031590212761693,0
0.6670497902059199,0.6070885684180151,0.686324990643671,1
0.051746812693804975,0.10278360362236062,0.06080720688878738,0
0.009578726714689728,0.05792470345376641,0.005341710645317924,0
0.08793198336420303,0.14513254237419002,0.1318451869553936,0
0.01190770830194094,0.08732001341302255,0.01762787317888158,0
0.017720563627083265,0.09987634600100449,0.0368839414816036,0
0.03090266264996852,0.10049617295903487,0.06077897627867603,0
0.009152150204583001,0.058236819750246194,0.00834964735724376,0
0.11736699509161509,0.15079469464404852,0.10508959289327359,0
0.7729795981766864,0.5206450374658587,0.936422485720005,1
0.02181403909791529,0.0576228893826681,0.02651598335370774,0
0.08652078888698583,0.12008242607748629,0.10347585967981263,0
0.7105394885866848,0.5616803925926868,0.8796807646589702,1
0.016055017068037126,0.0948382700983048,0.031010033740363534,0
0.35510872695379125,0.2310056450906472,0.2497966986584389,0
0.2868256856477696,0.19460055466453696,0.18233845985647462,0
0.9090050546631708,0.6344546803348943,0.9913394642241866,1
0.22387951407679954,0.19369245610418798,0.16589154523256913,0
0.03841806761025921,0.1346023711785531,0.1483248647336546,0
0.08235921987714212,0.14097293976419736,0.10910419574461681,0
0.32154138621742606,0.24385354696986813,0.21981276976921232,0
0.11719113254105282,0.15311500227992308,0.09928763026979771,0
0.015421971807009117,0.09474066750886612,0.024028364950505223,0
0.46753705336949464,0.2481835505287649,0.29451005984760087,1
0.025379996596929244,0.09909894053647475,0.034418532626805526,1
0.021184687989125907,0.12261527599150059,0.03338060296999534,0
0.25189561626590967,0.19567428800197814,0.23866193244753112,1
0.38999847650320874,0.27209181121969195,0.3323441995843516,0
0.08594912342893325,0.15176562820668224,0.09340379605466881,0
0.2635004229367644,0.19481561543250978,0.17319477015370702,0
0.023768903139329913,0.09483754149246748,0.06810906234346799,0
0.26742167752927276,0.20729654567471112,0.28185303702958026,0
0.18699063612534209,0.3463085572749234,0.016157357331690988,0
0.9831947268053636,0.6704130602346482,0.9966079964941491,1
0.013150371895564218,0.05541460469120536,0.009000892168390602,0
0.21637913862602157,0.2214381464446065,0.20727450555542107,0
0.9514183317118787,0.698786485480488,0.9950823571322389,1
0.13118024568365666,0.16079878793824948,0.11636393146429061,0
0.4017088610472814,0.2374296615030077,0.2998553139269939,0
0.22253138335257322,0.19916296983465015,0.13534018859956315,0
0.017106442838769918,0.0690303544248604,0.026154751102757237,0
0.15173106662884786,0.18340634914788004,0.14867329635621207,0
0.007804196622600188,0.05839399519161309,0.004614871137758559,0
0.07165187968241696,0.14151217715532918,0.08214989314628547,0
0.062300717773905834,0.11807972036730749,0.08748573799890297,0
0.04827973927396862,0.14882133706019363,0.10315005223432677,1
0.13257227477674585,0.182319216952397,0.19298302436520542,0
0.26431215184481993,0.20261670594143533,0.23272885644979607,1
0.009934913643427043,0.06856754940507367,0.006992984287918861,0
0.017168311030271974,0.07217655676003767,0.023205649326401293,0
0.0036071362511628366,0.044127217952289535,0.0036541815169057945,0
0.39477809004097336,0.2712837581430964,0.2951443760990099,0
0.2972040331880144,0.22977518218305729,0.2729761893910217,0
0.009948444976882327,0.08250535366380814,0.01661112800388216,0
0.10144915519857714,0.12931365814124915,0.11503710317798281,0
0.0027955569259525866,0.038296001004504594,0.001152904813424679,0
0.8240367727273463,0.5753334101751753,0.9239066300292648,1
0.07808946386714974,0.16308326727870875,0.0790506258972158,0
0.1709720369813724,0.17477387674206735,0.20886424963827926,0
0.0669251358752759,0.09277082860468547,0.05525385629034931,0
0.313718021286665,0.24537649373008566,0.24444595961760035,0
0.006090572960562574,0.040750408718205136,0.006364268771793266,0
0.14203093357264665,0.1851982653014098,0.15682160056795044,0
0.13694805418579875,0.16638406314952742,0.18608343717453704,0
0.10578621349426527,0.15631619291182222,0.1249496245632006,0
0.19521021248461473,0.1740592741016652,0.1638708700936597,1
0.09542358979116791,0.1471301533539404,0.09740211436343248,0
0.5218266974077832,0.40957794053963364,0.4650390380178547,1
0.010534383644491387,0.0642671576084459,0.006299712057264768,0
0.11740383943128212,0.17886683848866722,0.14042550067669496,0
0.9195176713611859,0.5988159210517018,0.9664125490738984,1
0.2790337482157522,0.1982545256189352,0.18270547686920216,1
0.8339737088112251,0.547740195510195,0.9644246571375539,1
0.19780271279725375,0.1700559797727603,0.13175060206559905,0
0.03776698626767629,0.07585893221254242,0.04555713141265437,0
0.046252798805469744,0.1220368874627742,0.0735708420104704,0
0.5921544580430754,0.4362653030823775,0.3329802512992942,1
0.5034147419252551,0.27152523542763046,0.3977002205119803,0
0.010175279235931324,0.045702406218512875,0.007761682484983908,0
0.0009770273035032005,0.139901533877186,0.0059768158145181135,0
0.2955994553178055,0.20584610664826358,0.23586050798759395,0
0.024631220708312983,0.1380035742680477,0.04523165419689825,0
0.001661849270872726,0.12175959460014221,0.012306753460541959,0
0.31983703165571475,0.23670532534696104,0.2897317139060473,0
0.11025825482974332,0.16621439407151103,0.1390787220784307,0
0.4881258934533378,0.27656444358333615,0.3195868044329143,0
0.006043865867241568,0.17171653841528256,0.007417402035582821,0
0.3449108563943036,0.230877170732106,0.19874044230105464,1
0.07996218896931696,0.1946453653323389,0.2076599306641811,0
0.02741951941823352,0.07728282638777077,0.025938408818168796,0
0.01814964845816404,0.11471389545238116,0.027471181330762512,0
0.28047868063520376,0.2048014004440416,0.1824917572703148,0
0.13862349428736245,0.16578123824891947,0.13791153406360376,0
0.005470323384944515,0.19259161027591298,0.006904638886307469,0
0.39766476613885426,0.226059699845546,0.27354312430534244,0
0.07234340752437865,0.15851860822565927,0.0722940825080035,0
0.05987325528293092,0.10123057924789716,0.07416487259157237,0
0.2920085915604575,0.23268722957387047,0.23189563086784593,0
0.27018617424324703,0.1975939080382183,0.21476198307930863,0
0.0011548791243524874,0.1459242069614143,0.00820925096347208,0
0.0205813030441817,0.10496432024197186,0.026875234072325706,0
0.047247488666932194,0.08761434804825545,0.05437252839933655,0
0.1074548720660249,0.15959067970380497,0.13752813074914155,0
0.014749457301471636,0.0698759461523869,0.035178947467742305,0
0.03456440940603156,0.17472616047932163,0.12325403336657016,0
0.014516258839062306,0.06222571808972054,0.007090009952413229,0
0.30226249352846013,0.24369047344510242,0.2816329954357846,0
0.013807712587456174,0.0833406710994464,0.013995359598730436,0
0.9489103220326889,0.6134717058235786,0.9910781511905528,1
0.042261589684552195,0.1720662901432404,0.06114131966963446,1
0.07639468671352558,0.10988900269096831,0.08262542641947832,0
0.4988993771354128,0.4308178602846518,0.2911888270121,0
0.006822059624961187,0.03891081447555493,0.006406718763212989,0
0.2297351929934902,0.24183452055978236,0.2541229727682003,0
0.0008144062472512257,0.05586294320837762,0.003908943037266062,0
0.0705181901482455,0.2052923686296778,0.17553023343610666,0
0.026315370039895293,0.05755326594008502,0.01945856533281537,0
0.7878406172436431,0.6335320788088225,0.9725602204016602,1
0.04953371171548361,0.14925379197489178,0.1097349182483005,0
0.009811544766132387,0.18357116601265003,0.007912294834106581,0
0.027416496429505662,0.14816905864948954,0.05846474467110009,1
0.023438738263268397,0.11714399795806221,0.03705468797622033,0
0.00954114723514316,0.059691167797315016,0.006462001710594848,0
0.014652663372249214,0.06754618645002344,0.00765565203131137,0
0.045440431052213126,0.14546478308618147,0.1211662683140205,0
0.11702109515437625,0.1759829888788996,0.14123231172951595,0
0.34257113794414634,0.2541928900339804,0.23456312918023176,0
0.02761882980655348,0.06418466033690598,0.01623398507291076,0
0.03142443859254171,0.06473042766058147,0.018521274196666278,0
0.06920161922215728,0.14473157302262143,0.19164664687183647,1
0.031114901269882946,0.13599972856861697,0.04932164527955386,0
0.07053642361349953,0.11774365555150287,0.0920298263499659,1
0.0721545618245652,0.09020466154484555,0.08642489138181521,0
0.017664734891277817,0.11631256579564439,0.03078517993996307,0
0.0008443703940418364,0.10896355903353604,0.011608734648473151,0
0.1261825105990845,0.156288563855451,0.1591091414614372,0
0.0883332733164829,0.1459038419610566,0.10264351991844818,1
0.012660969103755308,0.07330654985028609,0.015479661268556025,0
0.03476309282601058,0.14612829379126357,0.0727119450602746,0
0.24657275570331866,0.21249554465025597,0.30437747524841413,0
0.9746183909084238,0.6845729346445614,0.9942287567257059,1
0.11038716558264963,0.12727114740627016,0.12745332840233078,0
0.008364683661442615,0.18761771621982629,0.031683671831371565,0
0.04657897809829347,0.16000605927486433,0.1025697097226434,0
0.9072917493576417,0.596710964436625,0.9890905652970385,1
0.08901516849310197,0.11705529791177348,0.11281093834694379,0
0.03829520551106116,0.15279271804797717,0.06722514498153037,0
0.17438588181594708,0.1957250210311122,0.15859504984363385,0
0.22085083713550113,0.1770815000806804,0.20843294815459865,0
0.7772016476895115,0.5773353048149286,0.9349583137476899,1
0.4837631380293492,0.3466492738318632,0.034077314317609936,0
0.4077415494926314,0.2621967493270104,0.2745109645946578,0
0.06254942428305746,0.19280727014650342,0.18165473614857464,1
0.15378788456175418,0.178396850538528,0.30623219535489093,0
0.026133570754804235,0.13626744539334296,0.08623689131826966,0
0.08387045131610506,0.15171339520731034,0.10984569379057241,0
0.0026112637816874443,0.040091438475295144,0.00306770082469251,0
0.075374583283329,0.1253983479456894,0.07025693424780508,0
0.014595498063323751,0.10380784401228942,0.03725745261689146,0
0.00046604512292586935,0.10197588770897494,0.0023545012861448246,0
0.0001926435236143048,0.0478373924526761,0.0010189729978906693,0
0.2186079326358029,0.19481147815941557,0.190688860150733,0
0.28718962069976967,0.24485130917055464,0.2360263679749011,0
0.04503948582555193,0.16506201575787438,0.08135238355788277,0
0.6391139654662249,0.44069337245244533,0.4705672912473993,0
0.06455318892459387,0.1417220398643394,0.15400982877493694,0
0.06680949716541651,0.11402708994120887,0.06216016897300344,0
0.03412465475329328,0.181006224802106,0.11925786286105172,0
0.00023816728186564572,0.06360266507506923,0.0010060493317992658,0
0.006971488951664429,0.06047132924288482,0.006070787653796661,0
0.08899588774529751,0.12944142518980026,0.1408703738922975,0
0.984707812675284,0.6889271376481944,0.9979681989636754,1
0.23788162679596273,0.2193137773378768,0.18539068316437482,0
0.009349623521169834,0.05935045881443841,0.005464536811618121,0
0.0015639653603295842,0.1073654053235774,0.00537699480059929,0
0.4528500330068459,0.3754701875321014,0.1990908431264092,0
0.17560895418451117,0.18564517025823354,0.1725881128645783,0
0.1513369754796476,0.1793136715744543,0.20259068247429754,0
0.0007548589080681883,0.06475732117450399,0.0042238022756928865,0
0.010835143643357529,0.07346779460893121,0.020035795584812235,0
0.006541884230256592,0.04656510536935066,0.005439379741919286,0
0.003628295039722317,0.045360410155776285,0.0036776708876483035,0
0.042941174750999705,0.16891429169814864,0.1396483029444924,0
0.036764494384551975,0.08642125837824699,0.039847122895986936,1
0.9114096727291812,0.6459870216522989,0.983448077306415,1
0.060934625486111726,0.08964917583495535,0.059198441571183036,0
0.042919021457890685,0.10088657083111806,0.04591364614981107,0
0.14284243639753766,0.18186624565690862,0.16903076741573397,0
0.10522447611750076,0.14605756618897023,0.09421775562495387,0
0.09288854985223333,0.14721737657401598,0.10395704181728592,0
0.05764194923329512,0.10596180585149746,0.10022134515386434,0
0.2251821852867796,0.21110369796422998,0.13646625622740796,0
0.016832574911407855,0.0885921123894802,0.018966026399021892,0
0.0020729665575246825,0.11628633464773881,0.008381091865426744,0
0.011447884685311882,0.07696275177768679,0.01931267178012714,0
0.07008287880749826,0.13986714459052013,0.0538344222182136,0
0.020297527853466103,0.09081167648404678,0.03440822333499318,0
0.006834716203727532,0.06018596455957397,0.005481297783068799,0
0.012112186121866323,0.05826140818343268,0.020957981826571364,0
0.010198002656215009,0.04199034728075619,0.007670219880155521,0
0.2506882648711665,0.20437042655645232,0.18518275572175372,0
0.4257202614622936,0.2607360929560072,0.2615565020964698,0
0.16236675062976463,0.19030919518228523,0.17629383612203622,0
0.21530403568208942,0.19165479562127263,0.18556964166089235,0
0.874049208045066,0.7165020799198002,0.9347313214619305,1
0.0031383863466434756,0.0440426556384504,0.0028761022531009683,0
0.5650546920157192,0.34652365990763023,0.3889008492015276,1
0.4079163073806543,0.271250950297363,0.32495755879910154,0
0.11676896475662361,0.19935325331460815,0.1663634880118453,1
0.22119879469032475,0.20418248258360677,0.1711322569176503,0
0.055380022569715734,0.09479713542317478,0.060711337752247616,0
0.0027067634502862983,0.04402315021282228,0.003147530121477612,0
0.1435452838324638,0.19343167928883792,0.18638192390666944,0
0.17804959516434662,0.16850378574944086,0.17185962197559448,0
0.07771191192238798,0.15695829165081898,0.08194849658512487,0
0.014008637115580157,0.0841070703831342,0.022279700225167183,0
0.23561303455684826,0.22633963350170752,0.22321464433846136,0
0.009248391341047142,0.09131909756472127,0.015354125224505313,0
0.012156511552505926,0.07957490173594732,0.014076120815944317,0
0.9303352920630529,0.6618269122187215,0.9960396709953431,1
0.07293633682633047,0.22324852088542968,0.1984119623780037,0
0.010143142773373628,0.10519872008528758,0.017810329160543523,0
0.008550114581824236,0.057649167810522525,0.007437168231395816,0
0.48384510955257903,0.35807532626921723,0.02694379770247365,0
0.8196518994087961,0.43534145409073094,0.9799413144837372,1
0.8130938562884474,0.6085264224582494,0.9530871645343697,1
0.08945353706169727,0.1294679150355945,0.07840363920933693,0
0.23299022206746844,0.2289017510925922,0.2507536961153352,0
0.6077753561669892,0.36625350764863335,0.6117652835868376,0
0.0030185168866987766,0.05715176096363369,0.0033428573550566758,0
0.11941939611031341,0.15709312875546136,0.16446159182949577,0
0.15595011064892653,0.16609259225166667,0.11464622173343561,1
0.0004553698114221507,0.052900717644140574,0.0037427420611308966,0
0.23325913206716886,0.2310355279034304,0.191917046324189,0
0.00029099100731121006,0.05937288842522753,0.002835910208363344,0
0.10583274781025864,0.16103205809986512,0.11694540664849828,0
0.012923067875431675,0.045144452039258445,0.01586677916729004,0
0.2017951934179582,0.18830469459820845,0.2302534721371151,0
0.028278609828977518,0.0887678966532702,0.04710326916344092,0
0.1635808122881244,0.1795135412466176,0.16274664274595946,0
0.03942580406350489,0.14055466178848353,0.07395194880449106,0
0.012951010286166872,0.07128341932626434,0.009215002226283048,0
0.2527791000524973,0.21242763888934219,0.2346296997875405,1
0.04437330231840393,0.07853626886721889,0.04052111091079725,0
0.03203488358771288,0.13994922597834633,0.06846287475603759,0
0.05454026626817516,0.15259495934163012,0.16883363484676422,0
0.05355096395493143,0.10898883730212468,0.04889517161207455,0
0.10244921552786532,0.13983480765295356,0.09873509217618279,0
0.008301946531816616,0.04096424187369075,0.005762988020497712,0
0.010637917322486227,0.04484453232766973,0.007229449561242988,0
0.9018579480160194,0.6610213796111083,0.9762012411550465,1
0.503121653619618,0.4022160864716235,0.29799371107956857,1
0.0007649677247926333,0.15445194400079457,0.00596330534328906,0
0.003677907745587439,0.04257823608554218,0.001431310433654151,0
0.05436421717091532,0.10038491303209245,0.07449779184391064,0
0.2042484562882673,0.195499556308676,0.23659080896129894,0
0.22159851162763072,0.2253832412474495,0.2169536853381012,0
0.01389084519867069,0.08217340877299724,0.01833714815523834,0
0.9639100248768568,0.6507843784811521,0.9924840868078332,1
0.012230684925587449,0.07958995169920458,0.013211065112145558,0
0.21657462422197596,0.23126400702172978,0.23852751264305938,0
0.017507216733860617,0.06280257272151972,0.031606072842442136,0
0.16878829757319547,0.208493043102561,0.17195146339682266,0
0.013165692869395458,0.05880524339991309,0.02113260975426725,0
0.45882288772306784,0.555811741311836,0.7162036841118339,0
0.032038338087720594,0.059068365025979744,0.022635544388188645,0
0.4968958456919271,0.2757238393827258,0.41357354606665647,0
0.7340985818272855,0.444841637548245,0.9413917918119558,1
0.8299751459135701,0.6439313913052886,0.8895337183622624,1
0.09935840690828973,0.17146217758996893,0.11091512019165932,0
0.7437744502930869,0.6183626767299475,0.7710294057638675,1
0.025900050932817543,0.12385225207216884,0.06279381299023304,0
0.021357121952258744,0.10376673900584288,0.02602430719779412,0
0.08302606183864945,0.15310098651989232,0.09275466433509245,0
0.14212367732507541,0.18739034165180726,0.21573417679661822,0
0.9360155931467927,0.6645629079789499,0.9952521642142518,1
0.9640721089162217,0.6530033135752674,0.9971426305809321,1
0.1890860958754506,0.18769971808017025,0.17843455232786182,1
0.1826532134701177,0.20118313327227885,0.15580737222497665,1
0.9834361892840402,0.6970812165393088,0.9985378684877491,1
0.09597219944775015,0.14704517496068797,0.09332520004667869,0
0.07055368200319784,0.13329507057061568,0.07332718632376449,1
0.22358114658168843,0.23060130342734114,0.2505890301514019,1
0.8202710516353565,0.6206422259087178,0.9808137002364531,1
0.00022737817654208727,0.058901905344605494,0.0017032359720623432,0
0.1667096384058653,0.26330645755052084,0.0037702558846560864,0
0.14375475014192748,0.16628690471593174,0.1755566581430965,0
0.08246681049255833,0.13499642327147268,0.09286386062430474,0
0.009200410091742266,0.06575033284229174,0.004628074756910794,0
0.07993215563981375,0.1407970654284198,0.08149540776833318,0
0.08975020199357525,0.12525826138044613,0.08237026206313998,1
0.015956788019448723,0.06973084715779798,0.008189459304290181,0
0.01145033734529905,0.0780907310591746,0.013337401552168933,0
0.1518910193173205,0.1693868773620455,0.16592751587400206,0
0.04952552074067742,0.07726195420169417,0.029694721420258034,0
0.08707058625448126,0.14379607640246805,0.06805093278398365,0
0.025094820472330043,0.1149044517421346,0.05823339949468881,0
0.29435784319713043,0.20125291853969338,0.20546097776354277,0
0.05003948991160186,0.0789134352900808,0.050901810096127126,0
0.013729510852414011,0.08994444495369373,0.02694684200377143,0
0.10285765283187762,0.1525153489284123,0.09923697309412778,1
0.03210350568484496,0.06612402655373388,0.030524835100096438,0
0.45691674280259675,0.2590785305988523,0.3211796487789371,1
0.002073703898930923,0.09521163897804064,0.00392831270602477,0
0.02568393406866814,0.11101822612731846,0.058285382304266484,0
0.5717865883962479,0.5589075360694882,0.6848757654066003,1
0.37451268850935826,0.2313774965911431,0.2724037912835878,0
0.2787617549602332,0.21620815422603298,0.2180919649651105,0
0.3408849593219455,0.2172549248627562,0.21801170625082347,0
0.013072242334822216,0.07940181021552059,0.008319272903494395,0
0.12951040349998938,0.16204160647227275,0.14879845866862607,0
0.9823855409278422,0.6990918166496406,0.9979729536563938,1
0.17606053640790187,0.17509934521961637,0.21314034719020294,0
0.31758960400546055,0.23833248528586237,0.22633891788593888,0
0.027337252657931143,0.15777761756011802,0.09536105120378092,0
0.9864662326133526,0.6872204058332522,0.9963261288681255,1
0.5335435546025967,0.30032469177020127,0.056209929657940826,0
0.048934738115476925,0.17206799224149982,0.11796754520728271,0
0.01063807622851707,0.06443453743761772,0.0070988419314333955,0
0.5076424524541341,0.26795440658596276,0.0308226909014563,0
0.3980187790883847,0.2842797528259372,0.23731280950152406,0
0.015103214465447821,0.08580093161954769,0.01686029547981057,0
0.1896004102756798,0.22775784931978396,0.1842341974087947,0
0.9398633141168394,0.6344981964568459,0.9936543730505655,1
0.716912119555247,0.5661653569213598,0.7191946960087184,1
0.4617696086820475,0.37406923713338514,0.02365157755707815,0
0.36108453949648756,0.2567385314506917,0.3037657535213821,1
0.34767573809630836,0.2504901742519471,0.2251693553026255,1
0.0553594544494708,0.17174843935791478,0.15741559699201627,1
0.9147994557184432,0.6823048096940599,0.9532489199219921,1
0.3999822696331817,0.24551096713352472,0.2849717046658114,0
0.05890599807941229,0.10776076240552877,0.0754234965626767,0
0.024310660790780658,0.12336918924309126,0.04695440415370923,0
0.038724798627322365,0.1508398552887068,0.07015082911401292,0
0.012597908724262212,0.08603961306353336,0.026498838511633135,0
0.0038048219561685123,0.17709070871571697,0.010066339339741269,0
0.14490651510078592,0.1776634211199266,0.21053322192151078,0
0.11784067149157995,0.17289625266816516,0.1386179092472935,0
0.9586673112718977,0.6696199958475211,0.9952828847843438,1
0.02685775259544239,0.12618914196981523,0.08091197721615014,0
0.05915276763993761,0.11310127417588894,0.1002035141025391,0
0.05728688680182537,0.0872449871372474,0.04241539282958614,0
0.3217361571302417,0.4231672553173022,0.1260237208983235,0
0.05813598063829313,0.09048453592335916,0.04631707620823381,0
0.013390490598265244,0.05535553869711623,0.015130562986338395,0
0.03861835144704366,0.07913079366540879,0.04724937025676632,0
0.0729502671319161,0.1352062630756824,0.07859734606642389,0
0.9196744006726432,0.5795523431139579,0.9924352143693558,1
0.00019672510718384326,0.053997922075823795,0.0011859086820635411,0
0.011188801307616238,0.10345116271972457,0.045095510512072924,0
0.014062437224441898,0.049792736814982315,0.005593438282146989,0
0.006134154176126321,0.1954899317146689,0.029576820899883345,0
0.078782318570202,0.12643180467161885,0.11154825339967893,0
0.11698146746507315,0.18467482676249236,0.12392307306219366,0
0.06117259556728098,0.10225999322103523,0.07758187913807733,0
0.001370535809905814,0.09896434804750232,0.004413618695345978,0
0.22382576353641273,0.2959046360600968,0.024373903819815128,0
0.20597825994966737,0.21855769590261712,0.17696851682049433,0
0.05261481804368311,0.10912431248796006,0.10080833949483425,0
0.02918169392578345,0.10191977563221205,0.04394626145448897,0
0.3002284666784931,0.2595536382392692,0.25539012230634517,0
0.01752001452275291,0.10986337767272415,0.04774026225872032,0
0.038675053490789486,0.08098932877619236,0.04577191911127113,0
0.9248173533407099,0.7020835433741053,0.9663123435753863,1
0.13200883241093153,0.17156316126141805,0.1453943307729367,0
0.024271133062723473,0.05709610737090275,0.01974304507827565,0
0.150436369260394,0.2129869384328709,0.24747081395769646,0
0.008113936793181672,0.05899616897526122,0.005932175624062171,0
0.039906742144611845,0.08606608454062017,0.0346363001171872,0
0.09974896927313644,0.1574022540789459,0.12200823647955804,0
0.2784704180876805,0.20792408170476465,0.23223465379693578,0
0.056652713752460095,0.07270448897573818,0.04884479496059696,0
0.007717177079684075,0.04414040144425769,0.005307041466784436,0
0.01274919940446204,0.05241497153091397,0.021541705614158517,0
0.06094854289775468,0.10613259739545348,0.059380232976204456,0
0.13397108954605716,0.18291145587391403,0.12680724360131965,0
0.01291941408410549,0.08183458301311784,0.017341479899855308,0
0.009400455518564369,0.060626881876940666,0.0060629750511132915,0
0.13388150710670021,0.16705867387809867,0.20925299794502164,0
0.004631449713232795,0.16008180105513517,0.011358512991062757,0
0.15481096620727602,0.21780642584063564,0.20001368517696783,1
0.7484017205632576,0.6676398792309555,0.8452188415402607,1
0.0004186322089818591,0.06422195086332587,0.003107720802850486,0
0.22643662436750162,0.18091020219458187,0.15908476205474126,0
0.22109505215060832,0.18731319915545733,0.15697765788093182,0
0.05407398750503408,0.09301971535456467,0.04691685032530378,0
0.10209189998862175,0.14896730016127308,0.11508960258965018,0
0.049781855444938794,0.07500935950866436,0.04773656236037905,0
0.060370690423592804,0.13710251790108854,0.06895917920292095,0
0.030492490498586634,0.09940912366107474,0.06087165492575572,0
0.1896703783477835,0.19773269218736622,0.2582192233247114,0
0.07849436427062054,0.13889400233549754,0.07604668823641589,0
0.1691614577081976,0.17926429623136036,0.15610773082663243,0
0.13193735552087274,0.17065838438360692,0.1784668192659402,1
0.1202806934820697,0.1596500389085895,0.14158320306331887,0
0.12778917160112652,0.16314220728420042,0.07615599963008346,0
0.007589898826010116,0.06572970087854058,0.005492772161952523,0
0.013096022111501985,0.06591544946320169,0.017748767519901457,0
0.14917977792075646,0.1856028334874498,0.19469585068966538,1
0.11954510124568668,0.17300852687405077,0.11851435248345005,1
0.006121046445640232,0.05057074809695141,0.005622944703216298,0
0.0030617221674266093,0.04222956260304691,0.002606422226918941,0
0.18273953961748954,0.17824081416231688,0.1339713242129844,0
0.007108692161475436,0.04886891771082936,0.006466012912138045,0
0.21705489968667482,0.20357588673801338,0.24193405324652376,0
0.038180822387511394,0.13869283566077933,0.03785290249517674,0
0.2119882319435949,0.19726749303956548,0.1651196976925289,0
0.9210680595537484,0.523730933384014,0.985296131778255,1
0.006272035687327293,0.05331397376870204,0.0075086430721388485,0
0.008137676051007715,0.055610647257532266,0.004075130630453464,0
0.3031098402618369,0.2699263957874894,0.2216172721388224,0
0.1262026054501699,0.18522099043749313,0.18383125428644884,0
0.2839852346269189,0.22839164987592214,0.19879746218308555,0
0.003516935051590499,0.1886993273506239,0.009340551603704315,0
0.08553672869704494,0.1027895800528943,0.07419441856394669,1
0.05172866606154002,0.10404636288440369,0.0990251073666401,0
0.15765584266366142,0.19227849678857842,0.2181277602438461,0
0.00013519150935683078,0.04111772703513696,0.0019386076646187612,0
0.3700155141063733,0.24719734048612524,0.2504928876511159,0
0.0023683050852378387,0.03565941147268878,0.0012202521273179888,0
0.9378602292777561,0.614948969341945,0.9925893819788294,1
0.9709471984855306,0.6628063743797308,0.9934814944588483,1
0.00033923913923011287,0.049879149019434535,0.0019256669196403816,0
0.9779810609065928,0.7064104700626608,0.9976454094253562,1
0.020110192479056,0.13023352836567514,0.039610888911072076,0
0.039633884425869084,0.07606283296711334,0.03522076058586102,0
0.04500971528723745,0.12145918883546106,0.06492978074026844,0
0.772623060449505,0.6194818815618636,0.9593385572986639,1
0.1339666854457751,0.14991110851402667,0.12617517473639475,0
0.01326182720002219,0.049900545289794124,0.01119247638493219,0
0.010159847625640204,0.05165801872535958,0.00846351985206881,0
0.3578769885305193,0.2226585151000824,0.24390408737082123,0
0.24006372471242168,0.20396306006868875,0.1989141211636796,0
0.020475311187899987,0.107935713793679,0.029263505999654504,0
0.07909803897132359,0.12801079809210464,0.11430140871719764,0
0.007979036856616625,0.040880838651047885,0.005035456498791558,0
0.24496718869918835,0.2348686686024789,0.1468129558090987,0
0.048715872052924186,0.075279109139838,0.04341909260940621,0
0.037421914979084314,0.06968212383739561,0.027360151225562,0
0.009035975585369659,0.06291015316574919,0.006030863370714123,0
0.00877045742162163,0.06046719268888141,0.005230171339222604,0
0.1955436154943041,0.205736201132681,0.2060517025325628,0
0.19781478812749395,0.18597775372722797,0.17176859207314596,0
0.03220223138669004,0.07312823547529373,0.027219587558753446,0
0.04683389485794337,0.10303033056803672,0.06791676890363875,0
0.7533302207284547,0.6313613862499683,0.9658134896955631,1
0.1119593969477418,0.17217387063962536,0.13985604800939225,0
0.04823512984251844,0.16125987432120698,0.12766057142423592,0
0.06945202352940694,0.1436508623229602,0.08253651948662848,0
0.14599898419102444,0.16226098325627536,0.1782909232497917,1
0.05364256209432363,0.10908355618298514,0.05846337327541115,0
0.06840645257135079,0.13622615046844164,0.09470856521445413,0
0.012454165854759542,0.08940455376311518,0.03045739354439579,0
0.042745447483559795,0.09600834016529701,0.04679518436980988,0
0.06946591022125478,0.11595317130291372,0.08602515865323543,0
0.19038229814502308,0.1664061540760471,0.18227004976637237,1
0.04649813863543619,0.17836161792570268,0.12933965262389488,0
0.06517915769957211,0.1029062598201147,0.09604332480192602,0
0.022162820831819138,0.09111135133066453,0.033499960922174575,0
0.06799198946158201,0.14778536196930342,0.10057691240598095,0
0.12061379064231544,0.13043601008456318,0.09946771248819565,0
0.29042232119141426,0.21589431305435672,0.21161285620779546,0
0.1967760482315391,0.20401771312246336,0.1720360361643409,0
0.01496240781028781,0.08551880083230005,0.015525303890014922,0
0.3592716430524282,0.24287301717852783,0.2421692386096752,1
0.026681452117193954,0.12951746548791138,0.06589955957296807,0
0.9573926339645994,0.6938587212418561,0.9942823593623847,1
0.04703392658087053,0.1735876400058138,0.09304815332553279,0
0.17323419417402755,0.18885450556033656,0.1386096709334444,0
0.01417611952613277,0.05425821889043949,0.023056766267194717,0
0.2395768733464662,0.18872992792444632,0.2230550190467098,0
0.06364499849484952,0.13215956119137767,0.10811984669610841,0
0.9329693518192134,0.6823893382501498,0.9836977994394236,1
0.07869623467695049,0.1384958154272043,0.0895163717385927,0
0.3210412908967084,0.23318865804301075,0.26137044290209227,0
0.25572558805761464,0.2203386509771292,0.30820905059566034,1
0.04703585029624576,0.10531884497120382,0.04788964096016144,0
0.16764497389960462,0.19128104358881118,0.16090468677596786,1
0.3134181686211175,0.24809986078814283,0.1972584130778198,0
0.21970788008232275,0.18819292824715592,0.1620967111045627,0
0.12784368065632243,0.1584727379993723,0.11475244721146051,0
0.00018241042030412246,0.0546296133126347,0.0018222521660869679,0
0.544040585929336,0.2754109530029463,0.3617837136841235,1
0.11977971477159646,0.1719919870432069,0.13073078238635794,0
0.906566412405499,0.6732944419634553,0.9570774364916539,1
0.12157773734066997,0.1924293734913343,0.1593485649910576,1
0.20508781479802374,0.1822419811653487,0.22765025709537426,0
0.234690608147642,0.23802815623641793,0.26843099178021407,0
0.11119671515831006,0.19506495202976232,0.12490910735486302,1
0.001391607848989879,0.10541596371077207,0.00448543341088903,0
0.12210698597296939,0.16402217472029976,0.10318830517284466,0
0.5826302123255326,0.507819927452182,0.5911426224811985,0
0.18507464210146743,0.22369386921130432,0.21552204182981657,0
0.11609720657226427,0.19678936428418597,0.14531774111540113,1
0.12688714367512552,0.1730034981699685,0.12918478384421417,1
0.27212270109988596,0.22165805089177987,0.29458655751634066,0
0.03618699263531943,0.1197028720263907,0.060035355734541225,0
0.7465298956193539,0.5991033486443773,0.9763217457901746,1
0.15062615525093678,0.18007752049593212,0.16260690444512593,1
0.1828476581168371,0.1838837655123724,0.21691979052183322,0
0.02909464999336464,0.06820182792728209,0.041759453224365674,0
0.07312743035899062,0.1105196925648573,0.062094153433675595,1
0.3540857834897187,0.23672047958799033,0.2072786949605538,1
0.013325131551609134,0.053935477740739105,0.012115288110313985,0
0.22438634791588685,0.19913697193694807,0.17418222432998343,0
0.8531183293943491,0.49207842952766573,0.9596358131486706,1
0.015179039398369319,0.0879359839628293,0.021135755857728464,0
0.12115808981886393,0.17347580226542042,0.16020883371361386,0
0.042989667510003285,0.07680307889834075,0.03540203169582182,0
0.015102497391742725,0.0680121649158194,0.007140277733516771,0
0.4462090070648978,0.2604387815335771,0.3081159595504268,0
0.017344097454216653,0.09449628721171997,0.03396756194423306,0
0.046068418297567,0.15441028706527404,0.17216206445500887,0
0.27129302412683565,0.23244854725433836,0.23448713318841555,0
0.9635812587404827,0.6557905814173823,0.9912381071960588,1
0.18257611621602252,0.17975290283737883,0.1613987099535117,0
0.17817951626998288,0.1875564776164418,0.20122019332813795,0
0.06188968885520367,0.1139407797660743,0.0807548765467027,0
0.13418844805308516,0.17692293818238033,0.13159244833923195,0
0.009046362510098164,0.059730773537316824,0.005817007999157414,0
0.00013111200851303732,0.06262280371806535,0.0034340448251026084,0
0.01180580934922702,0.08076786741172044,0.026450142325342273,0
8.422284341039023e-05,0.049375886174945725,0.0007571786567036055,0
0.08054270737043213,0.11068999913831212,0.0868775906738951,0
0.0010919882565450145,0.0474051938728739,0.0006794015377363323,0
0.8673984946451047,0.5808392143631349,0.9842137731131689,1
0.16379864735812358,0.18071589303202576,0.15272255633746784,0
0.03948134965004452,0.07731532102222784,0.031422360885246005,0
0.018909116021844554,0.10862886233829053,0.032891473155236196,0
0.15465695811930255,0.18581477121713869,0.23038129204922023,0
0.03378108436802357,0.06980871124967171,0.023178811927875884,0
0.06913972840887041,0.1386644685595468,0.07733500007983672,0
0.06096599163437281,0.1477204584772537,0.11082186681183372,0
0.03159505954222384,0.05944742982104625,0.025931797290497147,0
0.00126881761738316,0.03435421474450033,0.001336280183722629,0
0.41445453815533495,0.26003307113879426,0.24935753790913381,0
0.15806087113593337,0.19741658169505563,0.19953282361696112,1
0.0011096803438565266,0.07226711645489205,0.002559804625259412,0
0.21052245308364242,0.21911966702013352,0.23504659663114075,0
0.08021433236610848,0.10569859336101468,0.076813042141512,1
0.0014779257079873466,0.04137889769166201,0.0027614848418248718,0
0.4071791667966224,0.23494322030330822,0.26114099845620914,0
0.0331392819931511,0.14824234411422701,0.07398504771289435,0
0.034425914202907616,0.09785585827063703,0.046383016330676125,0
0.23534841978946283,0.251101315210512,0.05614014310636583,0
0.0033576519225619298,0.04229101320540335,0.0028468795069364777,0
0.1586463105961436,0.19421525007660217,0.22487636330604438,0
0.012071285814398687,0.04478872394266643,0.004024632671975302,0
0.0013820081012299883,0.06947796060549619,0.002616842104278398,0
0.10491981016116886,0.17339791986161943,0.11476215472126343,0
0.002868085971558042,0.14802298905017097,0.004545878934466851,0
0.006968805543744954,0.04636238267827971,0.004989036029298728,0
0.05910700946565642,0.09974628765672208,0.06504107639475111,0
0.0031692158557543727,0.04168058419895965,0.0033699420987121295,0
0.01134214647998085,0.05410315836339408,0.0139399753510518,0
0.0034642181893333557,0.04492652831164064,0.003220990242656204,0
0.41024470102295807,0.3197841799183787,0.158770460748407,1
0.775257775424531,0.5107726856058274,0.9208524139594065,1
0.042253914074340454,0.13940925616917338,0.14468497555252158,1
0.050161770232228474,0.1252356128399664,0.08769474903460356,0
0.9796817381601728,0.6879883229103345,0.9943004761807768,1
0.11206863570894932,0.17438663880650407,0.10336256280952674,0
0.1598186865887803,0.17223205623149382,0.158101636642513,0
0.27411773891231117,0.22490239574861873,0.22058079129579644,0
0.0309404745138827,0.06664441771175235,0.026251124119965285,0
0.2903518013554685,0.21802419921507543,0.2711407513951226,0
0.35388711434537423,0.23845745874393878,0.26369168377210433,0
0.22619544507958025,0.2143728587693873,0.24717854356777377,1
0.0042176396215207095,0.04828279781185092,0.0032066586260076206,0
0.16435530378255886,0.17267817981693295,0.13831625107678136,0
0.10606548184407867,0.17801980503937742,0.11265666459812386,0
0.02076714919646785,0.08673086366104586,0.02694379809983444,0
0.8434530126050344,0.5032436762583398,0.9555151493905713,1
0.49401832728760814,0.2977249291801871,0.3506364295257406,0
0.11918137354321783,0.16697719053199966,0.12772086976504965,0
0.2835311246259586,0.2534173232329298,0.30028274151922224,0
0.0023783454496637143,0.1331260005473358,0.00952147764729583,0
0.03040404868730541,0.0673629912796576,0.020062949258114665,0
0.05808827885137494,0.151152440214008,0.14666947692760016,1
0.013621841133910144,0.06881343933212751,0.007894744363017379,0
0.014590152471027363,0.21281171325363962,0.0671727296191596,0
0.23947878124586833,0.19799608614585898,0.21052357397059532,0
0.0007574707214705581,0.12589675928521288,0.006750520520281072,0
0.012070096677878625,0.0983933728389489,0.02560593644633874,0
0.029523981531793034,0.14540540232318996,0.04596877057589652,0
0.046235314458188556,0.1653852988978578,0.12250245667831962,1
0.061545196261699464,0.11079063585027336,0.06025933338164671,0
0.31162094889068137,0.21531847099237747,0.22158431880035043,0
0.13148343687399958,0.17837244697417565,0.13159787190374672,0
0.0002976134647273532,0.0628119495812643,0.0020602515015017524,0
0.9504382578280774,0.649986111911832,0.9905942668774171,1
0.030888937188109564,0.11702248878068937,0.05596918659813574,0
0.04894581986783443,0.17430623181070706,0.10965870775073289,0
0.2872078620505192,0.25907452950922516,0.40446891579241673,0
0.010589533683541064,0.06837606836933985,0.01857602867664,0
0.10801191471276167,0.15780520499290282,0.14172472671813408,0
0.019557681628236574,0.2413745860969987,0.08956644075098405,0
0.06963078909248399,0.1558496678069254,0.061952350605403966,0
0.013755412325766315,0.09360813806390733,0.029451756341778854,0
0.0550697126382495,0.08672967144785605,0.04193079754129117,0
0.04368917810288808,0.13083621812518964,0.09824894576669232,0
0.07422552825887004,0.1426017338507309,0.07768813992513265,0
0.026993728725377253,0.1363982345181419,0.048270485338433124,0
0.025665828724512483,0.05810278565702572,0.02310349821839855,0
0.07757880853235216,0.12562460113903098,0.07931916449660535,0
0.01596684786056868,0.061048172554648825,0.013875824052037295,0
0.058911339383622585,0.102916630519123,0.06440961107029979,0
0.10657021311912612,0.14955522141245656,0.1361347498900469,1
0.010304989321295623,0.057505674221213755,0.006303978205154007,0
0.9779712644356982,0.6855484633955217,0.9967646798362197,1
0.019842990117189933,0.257499909986888,0.0639506474477325,0
0.07149427474120303,0.1431824577893214,0.09710879801773957,0
0.04246207004265515,0.08723189219452575,0.040112879596847194,0
0.8608790251429088,0.5028831466101897,0.9699076959646563,1
0.33452030657183535,0.2533790198527304,0.2740921449810163,0
0.16727134212080372,0.17916212758546943,0.17396890079005825,1
0.09208344188814277,0.15938909042262855,0.10911148367709854,0
0.06948224680983459,0.13757508941697896,0.08702660427214096,0
0.10372526478333158,0.13528157265775734,0.09795814711831552,0
0.4262144350972234,0.2821826004077467,0.31875362690754305,0
0.10401904840703516,0.1337334429839751,0.09081237732756553,0
0.28463942956620536,0.2146485140842051,0.20736337685607342,0
0.0281169405366957,0.09771849864633306,0.03671619337611622,1
0.18371251786828288,0.19321120657187538,0.16669419942370645,0
0.06377832816990138,0.1514891912798004,0.09045323436409933,0
0.02665577868545061,0.08238885791875712,0.03557956451198879,0
0.00944353938939572,0.0586981213048905,0.0053012655564822556,0
0.1529133018538491,0.1977718977065629,0.1445855655075808,1
0.3532179752781696,0.3492174927723958,0.01748693496422721,0
0.043585020218560824,0.17596937394483292,0.09664344825832907,0
0.011904932759517753,0.21305856974954948,0.016917999075301445,0
0.9540326388996716,0.6321825284591887,0.9935870195606301,1
0.003131794982767555,0.040314108848275784,0.0014899470523740503,0
0.09026094747788124,0.14759370484809858,0.1078568672171562,0
0.15868917008527234,0.18952298799376108,0.14259591627047843,0
0.3502578917571828,0.24691874033412756,0.22847078184915218,0
0.3846480280481515,0.21590476391884666,0.22302570542945915,0
0.016498398937551156,0.06189851510485037,0.02240684383668127,0
0.014220697544581632,0.08212839140472857,0.034414810874756584,0
0.1541672558578039,0.16484688662846333,0.13983814200879655,0
0.01628860292143053,0.10160490612518483,0.0196741992053411,0
0.09998910215745221,0.15925480296239997,0.14127684361179127,0
0.002114532968322253,0.113832421840127,0.005002873933640717,0
0.9911060229107912,0.7201910704608293,0.99833114363932,1
0.32699522287258054,0.21896527176577804,0.20622030380375353,0
0.0008384081650316643,0.03867894008473263,0.0010971863472504296,0
0.021762981133737765,0.09427310061238679,0.042056733901062085,0
0.09779315389738692,0.1465019294447863,0.10642303156392723,0
0.25293520926411234,0.22926371273253957,0.19330547110117724,0
0.8121022604110859,0.46982509320449833,0.9053320337609638,1
0.18437863466995658,0.16860084085988888,0.20931300713928808,0
0.9478136371664078,0.6689658557578567,0.9895601440139834,1
0.11377306463639006,0.19193372886389423,0.15697779546752633,0
0.19316655575202027,0.19309514530468563,0.2239019128437906,0
0.22927399307045132,0.21504403266214075,0.24856386663629917,0
0.11266734618445207,0.18120854782875698,0.15633210856243435,0
0.18389227395461866,0.20544805365576133,0.18083298641800918,0
0.03222324617725525,0.11831951951418179,0.03869261170142355,0
0.035356510608506315,0.08741472180138693,0.04921422639045736,0
0.014040050522495358,0.09065140269817892,0.028824004605012055,0
0.9885754760663517,0.7165808665974236,0.9953269172484596,1
0.03991289041377605,0.10151662514434216,0.06467828036217126,0
0.12375561090651441,0.15303014096254938,0.16458718043170711,1
0.09145157731939699,0.16699410234863862,0.10502274525018106,0
0.01745389399221914,0.08345015669091461,0.020363562884437744,0
0.1916169981932069,0.17382299561755452,0.1807599695861817,0
0.011710556585033288,0.06716622794167908,0.008992354648384734,0
0.038216993584877464,0.161984517634282,0.1711586044209741,0
0.10315073839292498,0.14727854316309436,0.17094731306069605,0
0.21485266376780912,0.1823344007246658,0.21011637070181036,0
0.15236121349515974,0.18067414642072988,0.17102604099194157,0
0.02452772970732889,0.14462001241273195,0.05028850195939621,0
0.11591550244047741,0.1581764651932856,0.12449936044144735,0
0.08322186355732832,0.14665441397385273,0.10675169210845617,0
0.9427341812763066,0.557532381821192,0.9854200067111366,1
0.0866508522416849,0.15370659217857432,0.10428398853126154,0
0.9223213246449671,0.561426051822359,0.9882360753778523,1
0.09183918725506746,0.1398884262729917,0.12166744461680037,0
0.1734792245534818,0.1774778528608325,0.137765824819804,0
0.02007390397489296,0.11016585412748015,0.0633839009617418,0
0.010217542491827995,0.057246993969167034,0.005081224540312846,0
0.7410162701536781,0.4666421794188485,0.9257560763122706,1
0.03977568608630873,0.13800693767643132,0.07491272652488233,0
0.052937608730174245,0.10361355624592594,0.0745650975165148,0
0.086042066515578,0.11782503079134837,0.10404665579296839,0
0.11274315031505266,0.16642946887012253,0.15328582122781478,0
0.15705804606669763,0.16954858284224353,0.19275895637693402,0
0.9352741051920697,0.673267301922423,0.9700991054664921,1
0.06838591875830712,0.10407570494497541,0.09251011307333602,0
0.14657486317989502,0.16939574181200923,0.1351397619365387,0
0.06483180107948568,0.10839742530362076,0.10250258901025591,0
0.2844639900496113,0.19926663729936153,0.23024210136053513,1
0.034076943594074614,0.11546227496722362,0.05067577181237852,0
0.07380182275049005,0.14180257005514288,0.06448358263621909,0
0.013411257108621382,0.042537362543812504,0.007630215293624548,0
0.3114038707895094,0.21372412454900347,0.18555091054312448,0
0.7725087010334306,0.5484247364798737,0.9367757476466751,1
0.017923342837873668,0.062439171092964735,0.01731132326844117,0
0.013806362752115291,0.10988094481956723,0.03315368240608677,0
0.028270055055842874,0.1293124743886313,0.0602753747758895,0
0.15967764632279524,0.25057594935222705,0.01496785947518283,0
0.10029629894197307,0.16598117941609258,0.11690304363734182,0
0.14450084064602434,0.19254885580800776,0.15407960436952883,1
0.009005326536853481,0.07585197922381308,0.026150766898289404,0
0.24159986010908271,0.19498954261655974,0.2580331978123395,1
0.7120183452288082,0.60615529777314,0.8232019517597237,1
0.06433344614992972,0.16085502168137755,0.18272176557580794,0
0.002805607068432322,0.04729005975474414,0.0025172475048375904,0
0.12510611094656168,0.1696692330307172,0.15174182402094508,0
0.9262477753881443,0.5922014190040102,0.9866038018299852,1
0.22148964484653663,0.19551163714808864,0.21714274193392974,1
0.4556472036810615,0.3127237610964116,0.19475130838904298,0
0.08545509870186054,0.1464555721222725,0.12051983403236247,0
0.007148098649897104,0.062250200370956826,0.01314538182812929,0
0.007522976550119039,0.046685887762334746,0.00486166955104696,0
0.037739948279620364,0.07001377116086795,0.030081059630754803,1
0.07702665366849475,0.14812861096431437,0.09924640371580354,1
0.5099083206655095,0.30056296440606006,0.3680131496382848,0
0.011407163867035122,0.08299042324610442,0.01568244152500704,0
0.971005469795631,0.6751357589424173,0.9943177041996744,1
0.6981854382364447,0.46540603411382125,0.8858370510590721,1
0.17830611045806585,0.22981583051840362,0.3236823126177698,0
0.277696022699891,0.2075988835912608,0.19306719184053248,1
0.04701694069112988,0.08975433500909803,0.0498510679730816,0
0.3192676174640694,0.20974431794125784,0.19878014644780245,0
0.9368582125082036,0.6315005535273941,0.9865597650343837,1
0.07263697257814225,0.11127832171251474,0.10103955186455836,0
0.007141058184386756,0.04014797407445151,0.0030936631562414217,0
0.21364539350884568,0.2017524040493737,0.19941904039586106,0
0.20048919047808272,0.21108643071664193,0.20168611452385285,1
0.21335122209854923,0.18667060776919442,0.23482709590417516,0
0.011900123823370067,0.06406478802964617,0.007519553759095738,0
0.0109156455678522,0.09432535291934951,0.013381262871826912,0
0.043166305064803956,0.08448970372018837,0.03658288456104147,0
0.03027376482380989,0.1498521353276902,0.08239739571597385,0
0.03445271930304645,0.16270528172803309,0.08063074428133324,0
0.024848147964269658,0.10414494671593418,0.04039251803193039,0
0.012448449924818437,0.0534324878352994,0.017283397997587383,0
0.23654407440461608,0.20250282821296617,0.1506971928373005,1
0.21115147349718436,0.1927225951328715,0.15627212682408032,0
0.056525579277974414,0.09173888416236056,0.04551395563878836,0
0.9780441511144804,0.7084482879214329,0.997055421008878,1
0.8325088944066666,0.5921674787004371,0.9877762120174757,1
0.0030636795405758433,0.04171895269709768,0.002707081898115462,0
0.05379463441872092,0.07463296279042994,0.047051294017986973,0
0.12020052102687818,0.1653498136833715,0.12697357259692957,0
0.9602859649995015,0.6817739784655248,0.9946749821052348,1
0.005869476652825966,0.1745652294421276,0.026276165673046026,0
0.03667918774983107,0.1293387121624088,0.09190838801956491,0
0.03487867679623596,0.07128816095946418,0.039552216639442646,0
0.1653670595229841,0.17436007269825193,0.22310502459050074,1
0.9723793569466641,0.7232668228958027,0.9980577806144759,1
0.42023328200033305,0.2861910002066744,0.34301344074203405,1
0.36316917131664134,0.25760191222263956,0.26310663108181515,1
0.12121123416339115,0.1557619220166528,0.1123123506845405,0
0.0016239723899236955,0.09554817944889374,0.00602166695635755,0
0.9696190865112628,0.7020095302393476,0.9967496732626322,1
0.00013320307412303438,0.04825866044023672,0.0010552353635330356,0
0.03681858886402699,0.11396513806535377,0.05553676146874462,0
0.36938916577559533,0.22750353639668708,0.23544199719790582,0
0.34628229403164607,0.22104846748571308,0.23214980861108925,0
0.21491322567248164,0.19559389752323195,0.2293249442125634,0
0.04359871214071653,0.06929452827890717,0.0242521217009866,0
0.3351793652644568,0.2652186207226225,0.24302912720741993,1
0.8538703860312635,0.6276923915199653,0.8564348045998255,1
0.08126180755403804,0.125569899986773,0.09099485019086406,0
0.09059153987852989,0.14904948786410552,0.10366550245317634,0
0.15806555877510212,0.20014916219192685,0.23413147338130944,0
0.22209882470200998,0.22857744714418432,0.2504185592375749,0
0.13937590123143923,0.17511094620252976,0.18195694228555734,0
0.966452877984107,0.6718185691722801,0.9955997100334981,1
0.0604439092161599,0.09454598332778776,0.04327970112437549,0
0.12899444876349267,0.1395276278996212,0.0942982569062644,0
0.03297621597288795,0.10754656594306859,0.04903688618328711,0
0.00694830411669509,0.07788190916735462,0.01311429118802061,0
0.9576251516807118,0.684556455419267,0.9951454482268867,1
0.014869808302174475,0.09167374462894097,0.016516748666390895,0
0.9334212880269503,0.6351546052285205,0.9878809181731227,1
0.030825127423073723,0.12743211541729674,0.07086337338488782,0
0.18797590279700715,0.17276280701503496,0.20222180484415408,0
0.021454249688652907,0.05745120113354667,0.02399702596605982,0
0.24457453582529431,0.22044417079420695,0.27132300337747967,0
0.1757514047351277,0.2007633702708968,0.23451545993086578,0
0.025994576309731773,0.11041358289395695,0.022243071561327418,0
0.9527589483121065,0.7064125679514074,0.9955753469749694,1
0.014448824408014406,0.1166944050825649,0.018887941887161044,0
0.8420842199801751,0.4859578006936899,0.896041902452199,1
0.7708289581953941,0.6157063443308829,0.9699274073767205,1
0.8329288803241103,0.5474953880801063,0.9312361828906035,1
0.05043580393135024,0.10042451629587545,0.070783318465726,0
0.023497355303714967,0.12101557207994368,0.043440920012430974,0
0.0451450389582294,0.17316136503645357,0.1553044207513685,0
0.09173731801048021,0.148838682329392,0.0846426479580833,0
0.27262263328502345,0.2077993795203604,0.23231331221180113,0
0.014185008971871853,0.08780686332768861,0.03442610689556669,0
0.03927869906968953,0.07350475324539127,0.0331291907559351,0
0.3612616636512783,0.24561548253213938,0.26879816210300317,0
0.015426441842565005,0.059813370564366496,0.02032138947437015,0
0.027715402071783028,0.14048795424408353,0.05249591071732278,0
0.009643097758601773,0.05711959242422215,0.006179980243874231,0
0.004909685535764479,0.17705853324691942,0.010157996488902303,0
8.188287040155484e-05,0.03445840625750076,0.0004595543643060316,0
0.00738404826140856,0.04975772518360194,0.004224516995580156,0
0.09135038157211618,0.17009721373580955,0.10555026012479371,1
0.11963236882578349,0.14434552934735462,0.09640565426709441,0
0.07851988347786269,0.156556439359628,0.08983629736520693,0
0.4970883195544567,0.26333574431164497,0.31143732481393127,1
0.09535822760614497,0.1458626366039854,0.08080062654253323,1
0.9533607118495424,0.6963732184395899,0.9681956620143074,1
0.012860450637356451,0.07953772947955973,0.029223469357301874,0
0.03016252269138618,0.08197554534607863,0.03809014462345628,0
0.040199418917057035,0.09695868295177254,0.050590037155711046,0
0.24676612248046254,0.22659228896598732,0.23713417326266967,1
0.22957853185031774,0.19089510677870702,0.19418228701945126,0
0.9735860094789691,0.7126507081683944,0.9957321108798688,1
0.18239911061630107,0.16752893045356365,0.1286457842499156,0
0.029681687760279112,0.06013466691738543,0.023507819407996386,0
0.05750400442723417,0.08408839860398887,0.045906932626039204,0
0.9400185172045727,0.6132565581999866,0.9957316388392681,1
0.16537812718453257,0.21016820253096932,0.13441113888735337,0
0.2992280797183051,0.2347463747775202,0.2500432380840651,0
0.3591530901910654,0.23525463575746713,0.26573131986395004,1
0.14449712846893806,0.19115052071102265,0.14352944700131984,1
0.1965690657668585,0.20302920417571782,0.20601398119987957,1
0.00088024110670664,0.08263118752247658,0.004314721501238594,0
0.18923406048074756,0.1906608397487969,0.14500608609700566,1
0.8236252390540321,0.5873104991549052,0.9634086591765061,0
0.33481284800056366,0.26105919807240757,0.23791511775775304,0
0.025255053074641518,0.13816948965467812,0.047849862437434255,0
0.013595868960337387,0.055755707170828464,0.017458351281454003,0
0.08116375637820611,0.1473882761868152,0.10317329048478013,0
0.887667425438287,0.5831997837134679,0.9796963472207276,1
0.009550888562529456,0.06726442982996968,0.006562748018415896,0
0.013567825591524396,0.09266445596973594,0.02772023463950597,0
0.0008160032577701839,0.09845553455950153,0.006219564887196995,0
0.12968861164259504,0.15687248065762593,0.1393824840905232,0
0.9419076129412417,0.6957476889050047,0.967142259060897,1
0.14893844279606738,0.17827149393340602,0.13568536891296468,0
0.24894995719487678,0.2138019373375305,0.23681016850687134,0
0.003696708594801644,0.14888514799142377,0.010651864350648708,0
0.06769166027968034,0.11447207759790749,0.06625821093152919,0
0.038850521954513516,0.17621524906012848,0.11396825355913888,1
0.073485768884619,0.11330629713738707,0.06845416580737977,0
0.11016200918138414,0.1775480399702481,0.10027663683065735,0
0.0218075962025929,0.11932595101585267,0.030444436684597183,0
0.34967375014361934,0.2204639827191416,0.27584890479607305,0
0.10223154918339451,0.17963599294616953,0.10505252346366238,0
0.038920779747367455,0.08229788957252522,0.04709843885015823,0
0.09318004401063411,0.14067525065453232,0.1039667006124286,0
0.029928331115107187,0.09401159023741641,0.04926938110298493,0
0.37838743997215685,0.223195643931019,0.2566902185700994,0
0.020581171545744407,0.09295305272588134,0.04500771934650988,0
0.06560601859393854,0.14685746130158295,0.07216099194734928,0
0.26877307423399166,0.24654453213562225,0.28245289571980825,0
0.05135096840364577,0.07262821142307914,0.04332580596394922,0
0.1572399042066413,0.1877352588850304,0.20593697499766886,0
0.002312534922046114,0.03677150811349907,0.0013888311873708602,0
0.0024018160890554186,0.14317615360523675,0.005273962713968609,0
0.5228779940474781,0.3345062731642062,0.03964559612831178,0
0.09045503210654895,0.1542366477525862,0.10622644132733271,0
0.05621093805623327,0.16175599994411555,0.13497200707849888,0
0.0048167949090081735,0.06620705286522714,0.012849526161418962,0
0.403525989521522,0.5653732451969082,0.5350951074219564,0
0.5965398623352125,0.5093045091980026,0.4707758944869389,0
0.1910771542739815,0.1913180015194378,0.21494036428744212,0
0.28704949207297753,0.23177971631133118,0.20515070302178104,0
0.006420804118437853,0.06026106748920067,0.005392757879859554,0
0.9179460759458009,0.6471159483602127,0.9830707420925016,1
0.13169626820282723,0.18559488627378345,0.18642713561860294,0
0.03769307687193084,0.07387305978038794,0.024909795636849457,0
0.8761200539249127,0.5088601843820778,0.9494070718261444,1
0.004970622562153208,0.16137929523054786,0.00540658021573772,0
0.16529365585601527,0.19651485930697132,0.15223061851432002,0
0.008245260419249353,0.05270119299569339,0.003676183798651248,0
0.03505159964649316,0.09947372673198247,0.050897393025328884,0
0.3776050666034719,0.2514852358005071,0.2674500545030397,1
0.1311686976427024,0.16938065196696264,0.1290929583797834,0
0.10809612015085407,0.1474983604390789,0.13490406433103944,0
0.005686400960394666,0.04941780424172594,0.004854966206304872,0
0.20152820205848354,0.22162190522517633,0.17488029962038174,1
0.014474417141596993,0.08605385856723893,0.03115480647670473,0
0.010789954775303524,0.06972830742884994,0.013536585934504807,0
0.9850499840142863,0.7455216483116344,0.9968357064003412,1
0.061762448316757444,0.10288413327150003,0.09051831248816196,0
0.050124273098899705,0.1291004114907252,0.0662083828636621,0
0.00324620834615324,0.15034241710430582,0.005733316127039237,0
0.042420072997031016,0.10180348792008324,0.060188446876359,0
0.06612720929520993,0.12225855155779618,0.09672406960361145,1
0.7051554080366401,0.4543431599685144,0.7166236114838669,1
0.11504155724588461,0.1483038828502347,0.10164458669612993,0
0.0015239432976477912,0.1498583551528574,0.012659200622636065,0
0.26904082342992897,0.2632206614417816,0.0049286432731895915,0
0.13346438963434248,0.1817892446594591,0.14383953981256223,0
0.3039398547261273,0.22142002786639264,0.20311635681025095,0
0.009875656558573809,0.05681716253203108,0.0075341611582245465,0
0.04465987170952279,0.1455600651528927,0.13438450753640285,0
0.9869114838898295,0.7151108623916167,0.9969786143311523,1
0.0030627051918418295,0.046746616263562336,0.00236190326300013,0
0.025853066910446965,0.12809708221800245,0.05459351222033032,0
0.7541304500175094,0.400608949818565,0.49466292302339016,1
0.12990705820106213,0.1838985520523726,0.1708966096307595,0
0.9407027402952335,0.6381302356885883,0.9928877659954977,1
0.019010161170113973,0.08897432001149805,0.02944577932486829,0
0.006012888798134171,0.157513771518069,0.007441571694606995,0
0.02389643371589088,0.11860278393161947,0.05576857497226717,0
0.04423895797969661,0.10425054446408427,0.08930448284257686,0
0.032619298879882755,0.2902251204384972,0.08126226255588469,0
0.040585765043290485,0.08802432186515564,0.05084072979678835,0
0.011526816133087368,0.19368233497643816,0.00773127434619044,0
0.0346686640245672,0.11107646553081374,0.06679407658325874,0
0.27098741043450986,0.2074373168645802,0.19709761964195863,1
0.04241007875169931,0.06958215684486983,0.02952869056553409,0
0.020963775759127588,0.13279609813463694,0.04218481328830096,0
0.19279032305194482,0.20735404900124324,0.21435949737221466,0
0.2777277485786887,0.23493906695212954,0.22623064455097522,0
0.6283916241269347,0.35237706178845724,0.5917136534694307,0
0.02523778750540063,0.06054832522383114,0.02416168593627793,0
0.03587828287623326,0.0732532839551914,0.025262542163423208,0
0.23860651623596404,0.20228465397054218,0.24707626753620793,0
0.9659473814893885,0.6641442549611872,0.9973097247713174,1
0.0013344184741095738,0.10146348523880667,0.004629480128254003,0
0.03212626872226628,0.056810164681777596,0.018005178671100616,0
0.0031721044570954416,0.15781983565114366,0.006562891191189043,0
0.05333666073020358,0.13855034331321828,0.09727462326480311,1
0.1659234804697926,0.17292718131717377,0.2229198694126681,0
0.22720216759188833,0.2136765465440804,0.19909458335857394,0
0.04370777368614575,0.0961067452169566,0.04708317083378799,0
0.01668905901970189,0.09221292860880044,0.022013229677308514,0
0.027970319119143723,0.11855307393942102,0.03397994381778023,0
0.8549251118229654,0.4909511856019659,0.9438097367448489,1
0.017290642420951473,0.09795335328959785,0.03480109704252293,0
0.012248660104630512,0.10629711881536894,0.024855540978712357,0
0.07660783841059084,0.1566872416998437,0.11586189569781881,0
0.04148640047336631,0.09071443534181199,0.03759019300099856,0
0.020641506762245996,0.09372674527064889,0.039141156161809125,1
0.28722811664986414,0.20825987273014043,0.2142462049736345,0
0.88607879978278,0.5609060986406061,0.9813325067723443,1
0.031081913347619512,0.13220098947233133,0.06571143359395043,0
0.09889670421126273,0.1474377182247221,0.08675862855535059,0
0.1556027107623927,0.18811808071306224,0.16673506015989759,0
0.012851423932164803,0.0783093978260252,0.013839788301831347,0
0.030615869587775194,0.13112719250697907,0.09990073703066181,0
0.005135445016700869,0.04410264488655025,0.006935885545803986,0
0.025220484420087372,0.06004151562867155,0.02301942937048525,1
0.0024770758457216126,0.0399776452526002,0.0026693502149915315,0
0.01252004556252761,0.06345238588454011,0.009101853374869162,0
0.0860884349885535,0.14621188428735796,0.122818061173262,1
0.6399943006728992,0.4327072569764469,0.5441664857740225,1
0.044832588316483825,0.10301830793179476,0.04931333389015764,0
0.018666509832529748,0.06176512694419368,0.022327761345599034,0
0.04724668313965963,0.08269391763132483,0.03108911430183738,0
0.11315996830931614,0.14653786566620683,0.10751293822476025,0
0.0032221146424299195,0.04705121311320991,0.0028693581442365305,0
0.012851466608456385,0.06805666509894152,0.012969155700476595,0
0.043765962855798514,0.1692204515455787,0.13564345749459256,0
0.0006547215925509188,0.11168927472288905,0.0032792353377702342,0
0.1274633384165025,0.16618735878571594,0.14441467931461974,0
0.06395090882226213,0.1787822747233101,0.1424914139442643,0
0.0293781061398917,0.14589878470545128,0.06389188260372983,0
0.3259850735867242,0.23064109142925082,0.21217446605783366,0
0.5365807697330596,0.3401499475983581,0.03317302768501369,0
0.13115599534642702,0.17207890405947981,0.18639781103278863,0
0.04958404623361154,0.1287228476642354,0.10700864024424588,0
0.01929588052187891,0.06743348651317434,0.02265235227593112,0
0.21362053594765024,0.18968088879328937,0.17473426207541362,0
0.4289574336763257,0.26495924719650443,0.29811100687614395,0
0.00346217300557759,0.04374562200116185,0.00205525832366558,0
0.8621953952933711,0.6542040776869287,0.8854359754701937,1
0.016503237816178767,0.061799750336251125,0.010919915339829766,0
0.9352847475005617,0.6423788391930364,0.9848023707654401,1
0.9486258613879878,0.6940820800747747,0.9659557361790982,1
0.061325814705946786,0.1430858780427757,0.08144337485086649,0
0.9055377529675414,0.5793956630155312,0.9872437236427342,1
0.19194458514594706,0.17079434802503893,0.16091715623072342,0
0.011735355827458396,0.06578680932941772,0.007561875353238395,0
0.3661040634339707,0.2346793928229888,0.2537955829453577,0
0.00858608595042923,0.18937404414449538,0.015886332581929057,0
0.4607983443782373,0.25468945791337005,0.253011164700832,1
0.2771568652915998,0.21049231233019536,0.25247385519479126,0
0.02524560342477827,0.1544338462612727,0.07549666891733989,0
0.07165317510645508,0.13450538881161672,0.09294457290621384,1
0.004466551737968235,0.047811832834299746,0.003716405130563005,0
0.04775055306106201,0.15722112029495186,0.11045276885822432,1
0.07548259519710014,0.11491731799734566,0.07156534452292083,0
0.006201681472408384,0.17483239106882056,0.009543327401504384,0
0.36129565497995525,0.2632895051698093,0.3095517304286184,0
0.05023989331678549,0.18766877578885355,0.10119626437195209,0
0.3857229907504096,0.4397722746909663,0.5792618819706183,1
0.3049878981703625,0.24224162764678714,0.24797710835886802,1
0.05685549181189417,0.08654845561389478,0.02550935983760809,0
0.9433025660393599,0.6747751109272389,0.9945759180512046,1
0.013589217565594572,0.06504565144967617,0.016587329754814712,0
0.7325860750592433,0.6373040878295957,0.8382230871327745,0
0.05062194237683914,0.15720997066384992,0.09341795673201506,0
0.1069920275008872,0.1473035219274884,0.14392151149423232,0
0.2546848563465126,0.2247747171369336,0.20443555571225583,1
0.010846423962301491,0.07443463928779155,0.012109705060097982,0
0.04658145133828768,0.10657528442248734,0.06020785353339189,0
0.6992915611542676,0.46847283950840446,0.9271357493288082,1
0.505752905282543,0.46423997602673334,0.35599623740711434,0
0.6305480671888387,0.28385526034321756,0.4069762716929578,0
0.2164959197206755,0.22492644451881036,0.3190787464425763,0
0.020343528387564654,0.10468705049356848,0.05069664002519337,0
0.2860688211403972,0.22795464569268484,0.273058375422198,0
0.0180649030226699,0.055557391278910226,0.01823271716011932,0
0.05516941655073698,0.12081665187032602,0.07302267240327931,0
0.14287180723887025,0.17283642387765075,0.15221353989627256,0
0.795074233800025,0.6171127674815137,0.9681336146091176,1
0.03589039434043278,0.07113607343587731,0.03125295925484945,0
0.003966584856439372,0.04126887028811875,0.0017666445153511848,0
0.1771577955601572,0.17646930980782757,0.14517960944560931,0
0.06605456632232393,0.12487430201330636,0.0804679849935581,0
0.09358752279951742,0.15690020416446532,0.10464895693795068,0
0.29340378228807096,0.22961437951065544,0.22914591102637125,0
0.022018568137252205,0.12932414994574576,0.04973525600337377,0
0.013039015420758408,0.06197619282109641,0.007472462351322909,0
0.04754775630896333,0.18603525324163764,0.09377419934583939,0
0.21095390048002352,0.19191202184050146,0.2017085435640851,1
0.1220228884988009,0.16558326218809757,0.14163614620664325,0
0.04987225230981982,0.0810358989416598,0.02468717143985378,0
0.3320307834830616,0.25868606926927257,0.25996074049296614,0
0.14804106328693667,0.19077580690964882,0.14264730060317501,0
0.3631959757057544,0.27133026457223663,0.17866675741357654,0
0.1745829435130799,0.1835881510412895,0.16050654847470763,0
0.7498981236697684,0.48395360181396113,0.9071544226842156,1
0.019835708610163292,0.09068180780937209,0.03269373717927592,0
0.15683496784384668,0.20237287698592343,0.16636580957622632,0
0.0011763969295198596,0.12045740713370619,0.02479702447861668,0
0.037324785946090566,0.14624616912204008,0.0565892839754927,1
0.023668154474880833,0.12839710309927205,0.037882840737629465,1
0.043017786920198565,0.1918542318819404,0.10627934095737293,0
0.0200801220063741,0.1358630351678498,0.039226718718199854,0
0.0036167800874027994,0.04721326381069914,0.0038355033891978364,0
0.0024466208980318265,0.03917235256831628,0.0026617043027988667,0
0.001635376148193317,0.09822636052151468,0.00580547468750545,0
0.1622094229663482,0.18679810145832398,0.2116413041649993,0
0.3807907649456351,0.24998474996842623,0.3102447886387352,1
0.971745385602209,0.6811363076592962,0.996774586668249,1
0.27689792214692666,0.21868338935509463,0.20073834042102456,0
0.18286890373009057,0.20816340599290525,0.19908544130412506,1
0.518645302660456,0.49824937675615977,0.3904603027886909,0
0.0019259019946941938,0.04515174707332302,0.002211436484942461,0
0.02404674083557952,0.14081188695594804,0.036262653081251144,0
0.011679344218348127,0.07644694408030624,0.023965312722282993,0
0.18064790899942276,0.16902888456901274,0.2153045509496683,1
0.041486276675948515,0.15317159983737877,0.11236660063539261,0
0.02708222400010207,0.1354771820021246,0.044770405452973165,0
0.0002949200218452567,0.04868626435275905,0.0031327982721550216,0
0.24779251845765823,0.20083862666670912,0.19444226850544422,0
0.24494394890169402,0.292595512252494,0.011974670403639642,0
0.16493157584549206,0.19128958264776033,0.2037000371067651,0
0.10175562922447957,0.1570541944714094,0.12360764945481048,0
0.02327850106803417,0.06081756320651055,0.02455190571292421,0
0.10200496450077075,0.13260320767925426,0.09823427738658656,0
0.010453847087102217,0.04520679971065306,0.006789551643031876,0
0.06912978696109695,0.16226439860804676,0.16755380224866698,0
0.04239793351020366,0.07352103378807258,0.03747173602709128,0
0.9619514888068258,0.6817912553661595,0.984365612072597,1
0.015042557284650551,0.0895674149273425,0.02618754701692518,0
0.8814375005809002,0.5729244258433495,0.9832316877420427,1
0.20562651576430405,0.19622450813900644,0.20616673448854628,0
0.16924054176057257,0.18510722967459906,0.20689486862473339,0
0.01598933496878397,0.0809912696753553,0.03526168976258595,0
0.04231160636998273,0.09830515377186068,0.05226489835321984,0
0.09923035221854462,0.1456531731196185,0.11260703899531871,1
0.4645886068926202,0.25605969871647954,0.2855386710153724,0
0.08667915124459569,0.16125716247160823,0.08960737900858305,0
0.13465282573447812,0.1657294861042685,0.12357972170829211,0
0.9133861470024551,0.6353931328139168,0.9899354140260613,1
0.010297773510020886,0.0673252096305582,0.00585761808856778,0
0.14105679875542584,0.17292343680637298,0.18924845729243048,0
0.13494084194582706,0.1577018403905985,0.12355294595350318,0
0.012882088848989389,0.06517528056319474,0.03695084952418106,0
0.10623620569010275,0.16980151116389042,0.10838060243556284,0
0.04465052212771961,0.10886736821916539,0.056404789234038695,0
0.03501591905515011,0.10943940924697029,0.049485783518380566,0
0.8209975269691675,0.676738114215923,0.8669857072089634,1
0.13825639954700497,0.15691169812982753,0.15086734644088598,0
0.22132280353735231,0.2860405430637656,0.1132633184824648,0
0.029465647768739337,0.13602255082578726,0.0636195037575301,0
0.10489901441965946,0.1503408080069161,0.1269758679473193,0
0.003161502328956277,0.12701341824986045,0.004603108571158664,0
0.012789344677929951,0.09195717282986575,0.01848899477773781,0
0.14306035845885384,0.19038752078290658,0.1809380135079181,0
0.027955340920656095,0.07258577994447384,0.024215878640759497,0
0.045270749305494865,0.1566238766516871,0.06733242268242491,0
0.01982883443177114,0.12952262150045346,0.04071874673668499,0
0.025471464082807847,0.14697636106245737,0.09662601323368776,0
0.027381594795230786,0.16117316796426612,0.06487832031251359,0
0.040321591117388186,0.08863813075520902,0.035110835241980096,0
0.3091606871151684,0.25996767760336714,0.24266150950750803,0
0.005981912535989117,0.0402704123767945,0.0033792690505807287,0
0.0003868092234613324,0.0777105501666912,0.005365888144401754,0
0.6979101408094838,0.533850082403842,0.691707119566469,1
0.19086853978565435,0.1853322415101729,0.171646804965137,0
0.09399800002360936,0.15205086067114537,0.09549033026948105,0
0.27358031565600255,0.22920914242610355,0.25586042735958453,0
0.05682581689204917,0.10468227173275489,0.04334577929424292,0
0.006732516613143608,0.20872255438949197,0.0421633415575307,0
0.9046854721515021,0.5958762909089276,0.9778187517808199,1
0.10446273529246883,0.15145515666887416,0.10734118973094331,0
0.8953862411968355,0.6117381835616127,0.988019795429051,1
0.045362406194996624,0.08090987193698027,0.04857949852160151,0
0.2960696101585831,0.22666101437097513,0.18870126145703808,0
0.009522136074326549,0.16559191804668869,0.009098897679470965,0
0.003152449483114748,0.045798847082031954,0.001652798573209519,0
0.00816859409432339,0.05231243544402233,0.006902623199921322,0
0.016795515751909358,0.05656873057240726,0.01888798646496308,0
0.07989960164458325,0.1580334823492005,0.16002988768585993,0
0.001753594401680574,0.10324153438835484,0.007514573557326428,0
0.18053850082889675,0.28663989809978035,0.0070640319510034055,0
0.10475563585179307,0.16926186434311177,0.15944707042399922,0
0.08037441006001875,0.13197594860374987,0.12336786467866642,0
0.1635715137351673,0.18682852782621787,0.15028075525615578,0
0.05640244563545911,0.11656593040602371,0.0676718832198982,0
0.011638064379801987,0.04900431630514319,0.006111445715604786,0
0.0019907444452987606,0.04531038349949343,0.0008628713299986868,0
0.3336605424890189,0.2517877084911454,0.22937606936330726,0
0.0013525126185779748,0.0405280461803797,0.0003867927597220802,0
0.0014218757355949252,0.07375973898120868,0.0037207893204470057,0
0.00026054530275112185,0.04395141003952916,0.0010378484331154485,0
0.9434030277204809,0.6356867272503093,0.9890456883968494,1
0.043757722413722965,0.10450670498565916,0.04486319072575128,1
0.3830673466011877,0.23987696833671285,0.23959917888041882,0
0.2021360539892921,0.17914725312729363,0.24457395178765806,0
0.0029483930352846447,0.03952143297875302,0.0014115340432930123,0
0.20595411426506166,0.19798364844886474,0.17205342097453846,0
0.9882146635696922,0.708781462076,0.9986595432957788,1
0.0013710195828892506,0.03859080194156359,0.0006616896046010623,0
0.00794135188733948,0.04545195462775817,0.006695784007248829,0
0.6613464176392863,0.3980471020009642,0.5874005202689623,1
0.0021587160724132206,0.03782923514493339,0.0026128005565440545,0
0.15078802052204945,0.15855681506106847,0.155109520064351,0
0.20739826404667883,0.1746866367275664,0.20197109515383296,1
0.11642971817148816,0.15512847844269886,0.13241582206513974,0
0.1590826848215845,0.17997120128855432,0.19908436674558205,0
0.01905511411228885,0.09211862425348276,0.018907836823469287,0
0.9730946731283536,0.6837331236107268,0.9935985067057552,1
0.5425121487391146,0.2571156426721602,0.3217665385759791,1
0.09144667579916511,0.13318466459461528,0.07725104585372403,0
0.02303551767748766,0.10001525795231275,0.041271420096565724,0
0.12968692240802285,0.1714905503697114,0.14085096531451566,0
0.00029113374339145127,0.039655084750275696,0.0017195498188950318,0
0.06723790694902183,0.11110485421265229,0.06684015348077982,0
0.07116532835599518,0.12979228484220745,0.07382640371724893,0
0.07186643179814463,0.13258487592649226,0.08063703821781171,0
0.1342218369872972,0.17232819833672608,0.13762488842053475,1
0.008606226552886448,0.04361678629344174,0.005601074063659232,0
0.002433371738912856,0.04134814459007885,0.002878775045257756,0
0.01603073714776536,0.08849974551637216,0.0189179810240592,0
0.005002256622931253,0.047113859717388455,0.0029805301495569774,0
0.042321079941429425,0.06891837208675024,0.03767569207468208,0
0.3275422501340945,0.21366089629624427,0.21922281505507218,0
0.21466278682540074,0.18304375596829808,0.16562812941452312,0
0.003522004754396908,0.0434169983262805,0.0021790253896601967,0
0.0035034093003878278,0.05061099167588202,0.0028457195443239293,0
0.3563644769935078,0.27296528438089673,0.2766824285934945,0
0.12689703255437657,0.16261654820378485,0.14080794131540275,0
0.00711302027674325,0.050322858012396963,0.003521715535607766,0
0.0036456681783744336,0.046583977658912985,0.0011042272166307237,0
0.031556979128248605,0.06407157190591971,0.02047162677834128,0
0.5031764916787016,0.2502385997168537,0.3121184928311421,0
0.03791539279979541,0.07418067417173922,0.03949812792959142,0
0.18978410189884024,0.19947037705103687,0.1433633472014965,0
0.9852889394422015,0.6974615888442375,0.9947772992844776,1
0.17159173204179948,0.1768719842419692,0.15807493756547017,0
0.16360198388650043,0.16107672028317924,0.19882509820005925,0
0.0030732530144995103,0.04812904499860409,0.001391046600513306,0
0.016548812870391384,0.08994991682077616,0.01365816527249159,0
0.04948674070205239,0.08533121678196202,0.03367964509118609,0
0.333350899623759,0.23099773424754427,0.2714083645114759,0
0.0018237772886217894,0.03699790989949179,0.0026128005565440545,0
0.2924500868983679,0.25277056375462625,0.24743193728972643,0
0.38021393373055734,0.23643389751391192,0.2561728472188333,0
0.06681969930845505,0.13136798490719048,0.10530209652924484,1
0.9361324284517396,0.6467116064261478,0.9915790295777317,1
0.03257633428160691,0.06281228010765946,0.023431419153345765,0
0.09101399737255948,0.1609966418776066,0.10560609793154838,0
0.003991319069859246,0.04176111250403586,0.003027101424427316,0
0.7797778541187975,0.6332244528728734,0.9563138549499025,1
0.04620719019030805,0.18273910205492053,0.12949546632196643,0
0.008081418684371901,0.041539863701783655,0.003638466194047623,0
0.1359619403748374,0.15184892383279883,0.09719102988991378,0
0.039149938661806785,0.15171983701923772,0.08687928678058947,0
0.003609049183241797,0.04557441106495421,0.0018981418316351055,0
0.10482469058690704,0.16142641696033808,0.10996289841596218,0
0.009530581595895671,0.04435986345799988,0.006891419023830888,0
0.36232150310498273,0.22074440921801253,0.2641922720760239,0
0.04893325112350798,0.07749544351463745,0.04700658360778235,0
0.07450942180568,0.14705111691059655,0.079268309382626,0
0.07236833607241364,0.12011313101023388,0.10765475390586768,0
0.0466357068925739,0.07993907492332859,0.04504526579327194,0
0.4550264007935384,0.25356549291414643,0.28139904304907265,1
0.0013821748496724263,0.038468730910950766,0.0014284595260684744,0
0.06833494935622102,0.14742658955918703,0.09266322564865812,0
0.03841728800795105,0.13902304939479507,0.11015796975520385,0
0.1527124672410806,0.16038824768526583,0.15002956957391336,0
0.05771806928195431,0.14781617222403878,0.06673768424753518,0
